{
  "type" : "FeatureCollection",
  "features" : [{"type":"Feature","id":0,"geometry":{"type":"Point","coordinates":[-92.183299999999988,25.8583]},"properties":{"FID":0,"NAME":"1","KML_FOLDER":"1","Hole":"DSDP 1-1"}},{"type":"Feature","id":1,"geometry":{"type":"Point","coordinates":[-92.058700000000002,23.045500000000001]},"properties":{"FID":1,"NAME":"2","KML_FOLDER":"1","Hole":"DSDP 1-2"}},{"type":"Feature","id":2,"geometry":{"type":"Point","coordinates":[-92.043300000000002,23.030000000000001]},"properties":{"FID":2,"NAME":"3","KML_FOLDER":"1","Hole":"DSDP 1-3"}},{"type":"Feature","id":3,"geometry":{"type":"Point","coordinates":[-73.792000000000002,24.478000000000009]},"properties":{"FID":3,"NAME":"4","KML_FOLDER":"1","Hole":"DSDP 1-4"}},{"type":"Feature","id":4,"geometry":{"type":"Point","coordinates":[-73.792000000000002,24.478000000000009]},"properties":{"FID":4,"NAME":"4A","KML_FOLDER":"1","Hole":"DSDP 1-4-A"}},{"type":"Feature","id":5,"geometry":{"type":"Point","coordinates":[-73.641000000000005,24.726500000000001]},"properties":{"FID":5,"NAME":"5","KML_FOLDER":"1","Hole":"DSDP 1-5"}},{"type":"Feature","id":6,"geometry":{"type":"Point","coordinates":[-73.641000000000005,24.726500000000001]},"properties":{"FID":6,"NAME":"5A","KML_FOLDER":"1","Hole":"DSDP 1-5-A"}},{"type":"Feature","id":7,"geometry":{"type":"Point","coordinates":[-67.6477,30.8398]},"properties":{"FID":7,"NAME":"6","KML_FOLDER":"1","Hole":"DSDP 1-6"}},{"type":"Feature","id":8,"geometry":{"type":"Point","coordinates":[-67.6477,30.8398]},"properties":{"FID":8,"NAME":"6A","KML_FOLDER":"1","Hole":"DSDP 1-6-A"}},{"type":"Feature","id":9,"geometry":{"type":"Point","coordinates":[-68.296700000000001,30.134]},"properties":{"FID":9,"NAME":"7","KML_FOLDER":"1","Hole":"DSDP 1-7"}},{"type":"Feature","id":10,"geometry":{"type":"Point","coordinates":[-68.296700000000001,30.134]},"properties":{"FID":10,"NAME":"7A","KML_FOLDER":"1","Hole":"DSDP 1-7-A"}},{"type":"Feature","id":11,"geometry":{"type":"Point","coordinates":[-52.215299999999999,32.862200000000001]},"properties":{"FID":11,"NAME":"10","KML_FOLDER":"2","Hole":"DSDP 2-10"}},{"type":"Feature","id":12,"geometry":{"type":"Point","coordinates":[-44.746699999999997,29.943000000000001]},"properties":{"FID":12,"NAME":"11","KML_FOLDER":"2","Hole":"DSDP 2-11"}},{"type":"Feature","id":13,"geometry":{"type":"Point","coordinates":[-44.746699999999997,29.943300000000001]},"properties":{"FID":13,"NAME":"11A","KML_FOLDER":"2","Hole":"DSDP 2-11-A"}},{"type":"Feature","id":14,"geometry":{"type":"Point","coordinates":[-26.000499999999999,19.695499999999999]},"properties":{"FID":14,"NAME":"12","KML_FOLDER":"2","Hole":"DSDP 2-12"}},{"type":"Feature","id":15,"geometry":{"type":"Point","coordinates":[-26.000499999999999,19.695499999999999]},"properties":{"FID":15,"NAME":"12A","KML_FOLDER":"2","Hole":"DSDP 2-12-A"}},{"type":"Feature","id":16,"geometry":{"type":"Point","coordinates":[-26.000499999999999,19.695499999999999]},"properties":{"FID":16,"NAME":"12B","KML_FOLDER":"2","Hole":"DSDP 2-12-B"}},{"type":"Feature","id":17,"geometry":{"type":"Point","coordinates":[-26,19.695]},"properties":{"FID":17,"NAME":"12C","KML_FOLDER":"2","Hole":"DSDP 2-12-C"}},{"type":"Feature","id":18,"geometry":{"type":"Point","coordinates":[-26,19.695]},"properties":{"FID":18,"NAME":"12D","KML_FOLDER":"2","Hole":"DSDP 2-12-D"}},{"type":"Feature","id":19,"geometry":{"type":"Point","coordinates":[-67.553299999999993,35.383299999999998]},"properties":{"FID":19,"NAME":"8","KML_FOLDER":"2","Hole":"DSDP 2-8"}},{"type":"Feature","id":20,"geometry":{"type":"Point","coordinates":[-67.553299999999993,35.383299999999998]},"properties":{"FID":20,"NAME":"8A","KML_FOLDER":"2","Hole":"DSDP 2-8-A"}},{"type":"Feature","id":21,"geometry":{"type":"Point","coordinates":[-59.195,32.773299999999999]},"properties":{"FID":21,"NAME":"9","KML_FOLDER":"2","Hole":"DSDP 2-9"}},{"type":"Feature","id":22,"geometry":{"type":"Point","coordinates":[-59.195,32.773299999999999]},"properties":{"FID":22,"NAME":"9A","KML_FOLDER":"2","Hole":"DSDP 2-9-A"}},{"type":"Feature","id":23,"geometry":{"type":"Point","coordinates":[-18.2285,6.04]},"properties":{"FID":23,"NAME":"13","KML_FOLDER":"3","Hole":"DSDP 3-13"}},{"type":"Feature","id":24,"geometry":{"type":"Point","coordinates":[-18.2285,6.04]},"properties":{"FID":24,"NAME":"13A","KML_FOLDER":"3","Hole":"DSDP 3-13-A"}},{"type":"Feature","id":25,"geometry":{"type":"Point","coordinates":[-20.940999999999999,-28.331499999999998]},"properties":{"FID":25,"NAME":"14","KML_FOLDER":"3","Hole":"DSDP 3-14"}},{"type":"Feature","id":26,"geometry":{"type":"Point","coordinates":[-17.9832,-30.889700000000001]},"properties":{"FID":26,"NAME":"15","KML_FOLDER":"3","Hole":"DSDP 3-15"}},{"type":"Feature","id":27,"geometry":{"type":"Point","coordinates":[-15.713200000000001,-30.335799999999999]},"properties":{"FID":27,"NAME":"16","KML_FOLDER":"3","Hole":"DSDP 3-16"}},{"type":"Feature","id":28,"geometry":{"type":"Point","coordinates":[-6.6025,-28.0457]},"properties":{"FID":28,"NAME":"17","KML_FOLDER":"3","Hole":"DSDP 3-17"}},{"type":"Feature","id":29,"geometry":{"type":"Point","coordinates":[-6.6025,-28.0457]},"properties":{"FID":29,"NAME":"17A","KML_FOLDER":"3","Hole":"DSDP 3-17-A"}},{"type":"Feature","id":30,"geometry":{"type":"Point","coordinates":[-6.6025,-28.0457]},"properties":{"FID":30,"NAME":"17B","KML_FOLDER":"3","Hole":"DSDP 3-17-B"}},{"type":"Feature","id":31,"geometry":{"type":"Point","coordinates":[-8.0116999999999994,-27.9787]},"properties":{"FID":31,"NAME":"18","KML_FOLDER":"3","Hole":"DSDP 3-18"}},{"type":"Feature","id":32,"geometry":{"type":"Point","coordinates":[-23.677199999999999,-28.534700000000001]},"properties":{"FID":32,"NAME":"19","KML_FOLDER":"3","Hole":"DSDP 3-19"}},{"type":"Feature","id":33,"geometry":{"type":"Point","coordinates":[-26.843,-28.526199999999999]},"properties":{"FID":33,"NAME":"20","KML_FOLDER":"3","Hole":"DSDP 3-20"}},{"type":"Feature","id":34,"geometry":{"type":"Point","coordinates":[-26.845500000000001,-28.5245]},"properties":{"FID":34,"NAME":"20A","KML_FOLDER":"3","Hole":"DSDP 3-20-A"}},{"type":"Feature","id":35,"geometry":{"type":"Point","coordinates":[-26.845500000000001,-28.5245]},"properties":{"FID":35,"NAME":"20B","KML_FOLDER":"3","Hole":"DSDP 3-20-B"}},{"type":"Feature","id":36,"geometry":{"type":"Point","coordinates":[-26.845500000000001,-28.5245]},"properties":{"FID":36,"NAME":"20C","KML_FOLDER":"3","Hole":"DSDP 3-20-C"}},{"type":"Feature","id":37,"geometry":{"type":"Point","coordinates":[-30.5975,-28.585000000000001]},"properties":{"FID":37,"NAME":"21","KML_FOLDER":"3","Hole":"DSDP 3-21"}},{"type":"Feature","id":38,"geometry":{"type":"Point","coordinates":[-30.5975,-28.585000000000001]},"properties":{"FID":38,"NAME":"21A","KML_FOLDER":"3","Hole":"DSDP 3-21-A"}},{"type":"Feature","id":39,"geometry":{"type":"Point","coordinates":[-35.25,-30.005199999999999]},"properties":{"FID":39,"NAME":"22","KML_FOLDER":"3","Hole":"DSDP 3-22"}},{"type":"Feature","id":40,"geometry":{"type":"Point","coordinates":[-31.043299999999999,-6.1458000000000013]},"properties":{"FID":40,"NAME":"23","KML_FOLDER":"4","Hole":"DSDP 4-23"}},{"type":"Feature","id":41,"geometry":{"type":"Point","coordinates":[-30.892199999999999,-6.2717000000000001]},"properties":{"FID":41,"NAME":"24","KML_FOLDER":"4","Hole":"DSDP 4-24"}},{"type":"Feature","id":42,"geometry":{"type":"Point","coordinates":[-30.890999999999998,-6.2763]},"properties":{"FID":42,"NAME":"24A","KML_FOLDER":"4","Hole":"DSDP 4-24-A"}},{"type":"Feature","id":43,"geometry":{"type":"Point","coordinates":[-39.240000000000002,-0.51670000000000005]},"properties":{"FID":43,"NAME":"25","KML_FOLDER":"4","Hole":"DSDP 4-25"}},{"type":"Feature","id":44,"geometry":{"type":"Point","coordinates":[-39.240000000000002,-0.51670000000000005]},"properties":{"FID":44,"NAME":"25A","KML_FOLDER":"4","Hole":"DSDP 4-25-A"}},{"type":"Feature","id":45,"geometry":{"type":"Point","coordinates":[-44.0428,10.8925]},"properties":{"FID":45,"NAME":"26","KML_FOLDER":"4","Hole":"DSDP 4-26"}},{"type":"Feature","id":46,"geometry":{"type":"Point","coordinates":[-44.0428,10.8925]},"properties":{"FID":46,"NAME":"26A","KML_FOLDER":"4","Hole":"DSDP 4-26-A"}},{"type":"Feature","id":47,"geometry":{"type":"Point","coordinates":[-56.879299999999994,15.8565]},"properties":{"FID":47,"NAME":"27","KML_FOLDER":"4","Hole":"DSDP 4-27"}},{"type":"Feature","id":48,"geometry":{"type":"Point","coordinates":[-56.879299999999994,15.8565]},"properties":{"FID":48,"NAME":"27A","KML_FOLDER":"4","Hole":"DSDP 4-27-A"}},{"type":"Feature","id":49,"geometry":{"type":"Point","coordinates":[-65.622200000000007,20.586500000000001]},"properties":{"FID":49,"NAME":"28","KML_FOLDER":"4","Hole":"DSDP 4-28"}},{"type":"Feature","id":50,"geometry":{"type":"Point","coordinates":[-69.322699999999998,14.7852]},"properties":{"FID":50,"NAME":"29","KML_FOLDER":"4","Hole":"DSDP 4-29"}},{"type":"Feature","id":51,"geometry":{"type":"Point","coordinates":[-69.322699999999998,14.7852]},"properties":{"FID":51,"NAME":"29A","KML_FOLDER":"4","Hole":"DSDP 4-29-A"}},{"type":"Feature","id":52,"geometry":{"type":"Point","coordinates":[-69.322699999999998,14.7852]},"properties":{"FID":52,"NAME":"29B","KML_FOLDER":"4","Hole":"DSDP 4-29-B"}},{"type":"Feature","id":53,"geometry":{"type":"Point","coordinates":[-69.322699999999998,14.7852]},"properties":{"FID":53,"NAME":"29C","KML_FOLDER":"4","Hole":"DSDP 4-29-C"}},{"type":"Feature","id":54,"geometry":{"type":"Point","coordinates":[-63.383299999999998,12.882]},"properties":{"FID":54,"NAME":"30","KML_FOLDER":"4","Hole":"DSDP 4-30"}},{"type":"Feature","id":55,"geometry":{"type":"Point","coordinates":[-72.027199999999993,14.943300000000001]},"properties":{"FID":55,"NAME":"31","KML_FOLDER":"4","Hole":"DSDP 4-31"}},{"type":"Feature","id":56,"geometry":{"type":"Point","coordinates":[-127.556,37.127200000000002]},"properties":{"FID":56,"NAME":"32","KML_FOLDER":"5","Hole":"DSDP 5-32"}},{"type":"Feature","id":57,"geometry":{"type":"Point","coordinates":[-127.497,39.474699999999999]},"properties":{"FID":57,"NAME":"33","KML_FOLDER":"5","Hole":"DSDP 5-33"}},{"type":"Feature","id":58,"geometry":{"type":"Point","coordinates":[-127.276,39.470199999999998]},"properties":{"FID":58,"NAME":"34","KML_FOLDER":"5","Hole":"DSDP 5-34"}},{"type":"Feature","id":59,"geometry":{"type":"Point","coordinates":[-127.47499999999999,40.673699999999997]},"properties":{"FID":59,"NAME":"35","KML_FOLDER":"5","Hole":"DSDP 5-35"}},{"type":"Feature","id":60,"geometry":{"type":"Point","coordinates":[-127.52,40.839199999999998]},"properties":{"FID":60,"NAME":"35A","KML_FOLDER":"5","Hole":"DSDP 5-35-A"}},{"type":"Feature","id":61,"geometry":{"type":"Point","coordinates":[-130.11000000000001,40.984699999999997]},"properties":{"FID":61,"NAME":"36","KML_FOLDER":"5","Hole":"DSDP 5-36"}},{"type":"Feature","id":62,"geometry":{"type":"Point","coordinates":[-140.71899999999999,40.978999999999999]},"properties":{"FID":62,"NAME":"37","KML_FOLDER":"5","Hole":"DSDP 5-37"}},{"type":"Feature","id":63,"geometry":{"type":"Point","coordinates":[-140.35499999999999,38.701999999999998]},"properties":{"FID":63,"NAME":"38","KML_FOLDER":"5","Hole":"DSDP 5-38"}},{"type":"Feature","id":64,"geometry":{"type":"Point","coordinates":[-139.572,32.804699999999997]},"properties":{"FID":64,"NAME":"39","KML_FOLDER":"5","Hole":"DSDP 5-39"}},{"type":"Feature","id":65,"geometry":{"type":"Point","coordinates":[-139.90100000000001,19.7928]},"properties":{"FID":65,"NAME":"40","KML_FOLDER":"5","Hole":"DSDP 5-40"}},{"type":"Feature","id":66,"geometry":{"type":"Point","coordinates":[-140.048,19.854199999999999]},"properties":{"FID":66,"NAME":"41","KML_FOLDER":"5","Hole":"DSDP 5-41"}},{"type":"Feature","id":67,"geometry":{"type":"Point","coordinates":[-140.18899999999999,13.842700000000001]},"properties":{"FID":67,"NAME":"42","KML_FOLDER":"5","Hole":"DSDP 5-42"}},{"type":"Feature","id":68,"geometry":{"type":"Point","coordinates":[-140.18899999999999,13.842700000000001]},"properties":{"FID":68,"NAME":"42A","KML_FOLDER":"5","Hole":"DSDP 5-42-A"}},{"type":"Feature","id":69,"geometry":{"type":"Point","coordinates":[-151.375,17.1098]},"properties":{"FID":69,"NAME":"43","KML_FOLDER":"5","Hole":"DSDP 5-43"}},{"type":"Feature","id":70,"geometry":{"type":"Point","coordinates":[-169.01499999999999,19.308299999999999]},"properties":{"FID":70,"NAME":"44","KML_FOLDER":"6","Hole":"DSDP 6-44"}},{"type":"Feature","id":71,"geometry":{"type":"Point","coordinates":[-178.50800000000001,24.265000000000001]},"properties":{"FID":71,"NAME":"45","KML_FOLDER":"6","Hole":"DSDP 6-45"}},{"type":"Feature","id":72,"geometry":{"type":"Point","coordinates":[-178.50800000000001,24.265000000000001]},"properties":{"FID":72,"NAME":"45A","KML_FOLDER":"6","Hole":"DSDP 6-45-A"}},{"type":"Feature","id":73,"geometry":{"type":"Point","coordinates":[171.43799999999999,27.883299999999998]},"properties":{"FID":73,"NAME":"46","KML_FOLDER":"6","Hole":"DSDP 6-46"}},{"type":"Feature","id":74,"geometry":{"type":"Point","coordinates":[157.71199999999999,32.448300000000003]},"properties":{"FID":74,"NAME":"47","KML_FOLDER":"6","Hole":"DSDP 6-47"}},{"type":"Feature","id":75,"geometry":{"type":"Point","coordinates":[157.71199999999999,32.448300000000003]},"properties":{"FID":75,"NAME":"47A","KML_FOLDER":"6","Hole":"DSDP 6-47-A"}},{"type":"Feature","id":76,"geometry":{"type":"Point","coordinates":[157.71199999999999,32.448300000000003]},"properties":{"FID":76,"NAME":"47B","KML_FOLDER":"6","Hole":"DSDP 6-47-B"}},{"type":"Feature","id":77,"geometry":{"type":"Point","coordinates":[158.02199999999999,32.408299999999997]},"properties":{"FID":77,"NAME":"48","KML_FOLDER":"6","Hole":"DSDP 6-48"}},{"type":"Feature","id":78,"geometry":{"type":"Point","coordinates":[158.02199999999999,32.408299999999997]},"properties":{"FID":78,"NAME":"48A","KML_FOLDER":"6","Hole":"DSDP 6-48-A"}},{"type":"Feature","id":79,"geometry":{"type":"Point","coordinates":[158.02199999999999,32.408299999999997]},"properties":{"FID":79,"NAME":"48B","KML_FOLDER":"6","Hole":"DSDP 6-48-B"}},{"type":"Feature","id":80,"geometry":{"type":"Point","coordinates":[156.59999999999999,32.401699999999998]},"properties":{"FID":80,"NAME":"49","KML_FOLDER":"6","Hole":"DSDP 6-49"}},{"type":"Feature","id":81,"geometry":{"type":"Point","coordinates":[156.59999999999999,32.401699999999998]},"properties":{"FID":81,"NAME":"49A","KML_FOLDER":"6","Hole":"DSDP 6-49-A"}},{"type":"Feature","id":82,"geometry":{"type":"Point","coordinates":[156.572,32.403300000000002]},"properties":{"FID":82,"NAME":"50","KML_FOLDER":"6","Hole":"DSDP 6-50"}},{"type":"Feature","id":83,"geometry":{"type":"Point","coordinates":[156.572,32.403300000000002]},"properties":{"FID":83,"NAME":"50A","KML_FOLDER":"6","Hole":"DSDP 6-50-A"}},{"type":"Feature","id":84,"geometry":{"type":"Point","coordinates":[153.405,33.475000000000001]},"properties":{"FID":84,"NAME":"51","KML_FOLDER":"6","Hole":"DSDP 6-51"}},{"type":"Feature","id":85,"geometry":{"type":"Point","coordinates":[153.405,33.475000000000001]},"properties":{"FID":85,"NAME":"51A","KML_FOLDER":"6","Hole":"DSDP 6-51-A"}},{"type":"Feature","id":86,"geometry":{"type":"Point","coordinates":[147.13,27.771699999999999]},"properties":{"FID":86,"NAME":"52","KML_FOLDER":"6","Hole":"DSDP 6-52"}},{"type":"Feature","id":87,"geometry":{"type":"Point","coordinates":[141.19200000000001,18.033300000000001]},"properties":{"FID":87,"NAME":"53","KML_FOLDER":"6","Hole":"DSDP 6-53"}},{"type":"Feature","id":88,"geometry":{"type":"Point","coordinates":[141.19200000000001,18.033300000000001]},"properties":{"FID":88,"NAME":"53A","KML_FOLDER":"6","Hole":"DSDP 6-53-A"}},{"type":"Feature","id":89,"geometry":{"type":"Point","coordinates":[141.19200000000001,18.033300000000001]},"properties":{"FID":89,"NAME":"53B","KML_FOLDER":"6","Hole":"DSDP 6-53-B"}},{"type":"Feature","id":90,"geometry":{"type":"Point","coordinates":[140.30199999999999,15.609999999999999]},"properties":{"FID":90,"NAME":"54","KML_FOLDER":"6","Hole":"DSDP 6-54"}},{"type":"Feature","id":91,"geometry":{"type":"Point","coordinates":[142.535,9.3017000000000003]},"properties":{"FID":91,"NAME":"55","KML_FOLDER":"6","Hole":"DSDP 6-55"}},{"type":"Feature","id":92,"geometry":{"type":"Point","coordinates":[143.56,8.3733000000000004]},"properties":{"FID":92,"NAME":"56","KML_FOLDER":"6","Hole":"DSDP 6-56"}},{"type":"Feature","id":93,"geometry":{"type":"Point","coordinates":[143.56,8.3733000000000004]},"properties":{"FID":93,"NAME":"56A","KML_FOLDER":"6","Hole":"DSDP 6-56-A"}},{"type":"Feature","id":94,"geometry":{"type":"Point","coordinates":[143.56,8.3733000000000004]},"properties":{"FID":94,"NAME":"56B","KML_FOLDER":"6","Hole":"DSDP 6-56-B"}},{"type":"Feature","id":95,"geometry":{"type":"Point","coordinates":[143.53299999999999,8.6816999999999993]},"properties":{"FID":95,"NAME":"57","KML_FOLDER":"6","Hole":"DSDP 6-57"}},{"type":"Feature","id":96,"geometry":{"type":"Point","coordinates":[143.53299999999999,8.6816999999999993]},"properties":{"FID":96,"NAME":"57A","KML_FOLDER":"6","Hole":"DSDP 6-57-A"}},{"type":"Feature","id":97,"geometry":{"type":"Point","coordinates":[143.53299999999999,8.6816999999999993]},"properties":{"FID":97,"NAME":"57B","KML_FOLDER":"6","Hole":"DSDP 6-57-B"}},{"type":"Feature","id":98,"geometry":{"type":"Point","coordinates":[144.41800000000001,9.2349999999999994]},"properties":{"FID":98,"NAME":"58","KML_FOLDER":"6","Hole":"DSDP 6-58"}},{"type":"Feature","id":99,"geometry":{"type":"Point","coordinates":[144.41800000000001,9.2349999999999994]},"properties":{"FID":99,"NAME":"58A","KML_FOLDER":"6","Hole":"DSDP 6-58-A"}},{"type":"Feature","id":100,"geometry":{"type":"Point","coordinates":[144.41800000000001,9.2349999999999994]},"properties":{"FID":100,"NAME":"58B","KML_FOLDER":"6","Hole":"DSDP 6-58-B"}},{"type":"Feature","id":101,"geometry":{"type":"Point","coordinates":[147.58199999999999,11.779999999999999]},"properties":{"FID":101,"NAME":"59","KML_FOLDER":"6","Hole":"DSDP 6-59"}},{"type":"Feature","id":102,"geometry":{"type":"Point","coordinates":[147.58199999999999,11.779999999999999]},"properties":{"FID":102,"NAME":"59A","KML_FOLDER":"6","Hole":"DSDP 6-59-A"}},{"type":"Feature","id":103,"geometry":{"type":"Point","coordinates":[147.58199999999999,11.779999999999999]},"properties":{"FID":103,"NAME":"59B","KML_FOLDER":"6","Hole":"DSDP 6-59-B"}},{"type":"Feature","id":104,"geometry":{"type":"Point","coordinates":[145.69800000000001,13.666700000000001]},"properties":{"FID":104,"NAME":"60","KML_FOLDER":"6","Hole":"DSDP 6-60"}},{"type":"Feature","id":105,"geometry":{"type":"Point","coordinates":[147.06200000000001,12.0837]},"properties":{"FID":105,"NAME":"61","KML_FOLDER":"7","Hole":"DSDP 7-61"}},{"type":"Feature","id":106,"geometry":{"type":"Point","coordinates":[147.06200000000001,12.0837]},"properties":{"FID":106,"NAME":"61A","KML_FOLDER":"7","Hole":"DSDP 7-61-A"}},{"type":"Feature","id":107,"geometry":{"type":"Point","coordinates":[141.93799999999999,1.8700000000000001]},"properties":{"FID":107,"NAME":"62","KML_FOLDER":"7","Hole":"DSDP 7-62"}},{"type":"Feature","id":108,"geometry":{"type":"Point","coordinates":[141.93799999999999,1.8700000000000001]},"properties":{"FID":108,"NAME":"62A","KML_FOLDER":"7","Hole":"DSDP 7-62-A"}},{"type":"Feature","id":109,"geometry":{"type":"Point","coordinates":[147.88999999999999,0.83550000000000013]},"properties":{"FID":109,"NAME":"63","KML_FOLDER":"7","Hole":"DSDP 7-63"}},{"type":"Feature","id":110,"geometry":{"type":"Point","coordinates":[147.88999999999999,0.83550000000000013]},"properties":{"FID":110,"NAME":"63A","KML_FOLDER":"7","Hole":"DSDP 7-63-A"}},{"type":"Feature","id":111,"geometry":{"type":"Point","coordinates":[147.88999999999999,0.83550000000000013]},"properties":{"FID":111,"NAME":"63B","KML_FOLDER":"7","Hole":"DSDP 7-63-B"}},{"type":"Feature","id":112,"geometry":{"type":"Point","coordinates":[158.61000000000001,-1.7422]},"properties":{"FID":112,"NAME":"64","KML_FOLDER":"7","Hole":"DSDP 7-64"}},{"type":"Feature","id":113,"geometry":{"type":"Point","coordinates":[158.61000000000001,-1.7422]},"properties":{"FID":113,"NAME":"64A","KML_FOLDER":"7","Hole":"DSDP 7-64-A"}},{"type":"Feature","id":114,"geometry":{"type":"Point","coordinates":[176.98599999999999,4.3535000000000004]},"properties":{"FID":114,"NAME":"65","KML_FOLDER":"7","Hole":"DSDP 7-65"}},{"type":"Feature","id":115,"geometry":{"type":"Point","coordinates":[176.98599999999999,4.3535000000000004]},"properties":{"FID":115,"NAME":"65A","KML_FOLDER":"7","Hole":"DSDP 7-65-A"}},{"type":"Feature","id":116,"geometry":{"type":"Point","coordinates":[-166.12200000000001,2.3935]},"properties":{"FID":116,"NAME":"66","KML_FOLDER":"7","Hole":"DSDP 7-66"}},{"type":"Feature","id":117,"geometry":{"type":"Point","coordinates":[-166.12200000000001,2.3767999999999998]},"properties":{"FID":117,"NAME":"66A","KML_FOLDER":"7","Hole":"DSDP 7-66-A"}},{"type":"Feature","id":118,"geometry":{"type":"Point","coordinates":[-157.648,24.376000000000001]},"properties":{"FID":118,"NAME":"67","KML_FOLDER":"7","Hole":"DSDP 7-67"}},{"type":"Feature","id":119,"geometry":{"type":"Point","coordinates":[-157.648,24.376000000000001]},"properties":{"FID":119,"NAME":"67A","KML_FOLDER":"7","Hole":"DSDP 7-67-A"}},{"type":"Feature","id":120,"geometry":{"type":"Point","coordinates":[-164.173,16.722000000000001]},"properties":{"FID":120,"NAME":"68","KML_FOLDER":"8","Hole":"DSDP 8-68"}},{"type":"Feature","id":121,"geometry":{"type":"Point","coordinates":[-164.173,16.722000000000001]},"properties":{"FID":121,"NAME":"68A","KML_FOLDER":"8","Hole":"DSDP 8-68-A"}},{"type":"Feature","id":122,"geometry":{"type":"Point","coordinates":[-152.86500000000001,6]},"properties":{"FID":122,"NAME":"69","KML_FOLDER":"8","Hole":"DSDP 8-69"}},{"type":"Feature","id":123,"geometry":{"type":"Point","coordinates":[-152.86500000000001,6]},"properties":{"FID":123,"NAME":"69A","KML_FOLDER":"8","Hole":"DSDP 8-69-A"}},{"type":"Feature","id":124,"geometry":{"type":"Point","coordinates":[-140.36199999999999,6.3346999999999998]},"properties":{"FID":124,"NAME":"70","KML_FOLDER":"8","Hole":"DSDP 8-70"}},{"type":"Feature","id":125,"geometry":{"type":"Point","coordinates":[-140.36199999999999,6.3346999999999998]},"properties":{"FID":125,"NAME":"70A","KML_FOLDER":"8","Hole":"DSDP 8-70-A"}},{"type":"Feature","id":126,"geometry":{"type":"Point","coordinates":[-140.36199999999999,6.3346999999999998]},"properties":{"FID":126,"NAME":"70B","KML_FOLDER":"8","Hole":"DSDP 8-70-B"}},{"type":"Feature","id":127,"geometry":{"type":"Point","coordinates":[-140.315,4.4713000000000003]},"properties":{"FID":127,"NAME":"71","KML_FOLDER":"8","Hole":"DSDP 8-71"}},{"type":"Feature","id":128,"geometry":{"type":"Point","coordinates":[-140.315,4.4713000000000003]},"properties":{"FID":128,"NAME":"71A","KML_FOLDER":"8","Hole":"DSDP 8-71-A"}},{"type":"Feature","id":129,"geometry":{"type":"Point","coordinates":[-138.86699999999999,0.4415]},"properties":{"FID":129,"NAME":"72","KML_FOLDER":"8","Hole":"DSDP 8-72"}},{"type":"Feature","id":130,"geometry":{"type":"Point","coordinates":[-138.86699999999999,0.4415]},"properties":{"FID":130,"NAME":"72A","KML_FOLDER":"8","Hole":"DSDP 8-72-A"}},{"type":"Feature","id":131,"geometry":{"type":"Point","coordinates":[-137.46899999999999,-1.9097]},"properties":{"FID":131,"NAME":"73","KML_FOLDER":"8","Hole":"DSDP 8-73"}},{"type":"Feature","id":132,"geometry":{"type":"Point","coordinates":[-136.09700000000001,-6.236699999999999]},"properties":{"FID":132,"NAME":"74","KML_FOLDER":"8","Hole":"DSDP 8-74"}},{"type":"Feature","id":133,"geometry":{"type":"Point","coordinates":[-134.267,-12.5167]},"properties":{"FID":133,"NAME":"75","KML_FOLDER":"8","Hole":"DSDP 8-75"}},{"type":"Feature","id":134,"geometry":{"type":"Point","coordinates":[-134.267,-12.5167]},"properties":{"FID":134,"NAME":"75A","KML_FOLDER":"8","Hole":"DSDP 8-75-A"}},{"type":"Feature","id":135,"geometry":{"type":"Point","coordinates":[-145.661,-14.0983]},"properties":{"FID":135,"NAME":"76","KML_FOLDER":"9","Hole":"DSDP 9-76"}},{"type":"Feature","id":136,"geometry":{"type":"Point","coordinates":[-145.661,-14.0983]},"properties":{"FID":136,"NAME":"76A","KML_FOLDER":"9","Hole":"DSDP 9-76-A"}},{"type":"Feature","id":137,"geometry":{"type":"Point","coordinates":[-133.22800000000001,0.48170000000000002]},"properties":{"FID":137,"NAME":"77","KML_FOLDER":"9","Hole":"DSDP 9-77"}},{"type":"Feature","id":138,"geometry":{"type":"Point","coordinates":[-133.22800000000001,0.48170000000000002]},"properties":{"FID":138,"NAME":"77A","KML_FOLDER":"9","Hole":"DSDP 9-77-A"}},{"type":"Feature","id":139,"geometry":{"type":"Point","coordinates":[-133.22800000000001,0.48170000000000002]},"properties":{"FID":139,"NAME":"77B","KML_FOLDER":"9","Hole":"DSDP 9-77-B"}},{"type":"Feature","id":140,"geometry":{"type":"Point","coordinates":[-133.22800000000001,0.48170000000000002]},"properties":{"FID":140,"NAME":"77C","KML_FOLDER":"9","Hole":"DSDP 9-77-C"}},{"type":"Feature","id":141,"geometry":{"type":"Point","coordinates":[-127.35599999999999,7.9500000000000002]},"properties":{"FID":141,"NAME":"78","KML_FOLDER":"9","Hole":"DSDP 9-78"}},{"type":"Feature","id":142,"geometry":{"type":"Point","coordinates":[-121.56699999999999,2.5503]},"properties":{"FID":142,"NAME":"79","KML_FOLDER":"9","Hole":"DSDP 9-79"}},{"type":"Feature","id":143,"geometry":{"type":"Point","coordinates":[-121.56699999999999,2.5503]},"properties":{"FID":143,"NAME":"79A","KML_FOLDER":"9","Hole":"DSDP 9-79-A"}},{"type":"Feature","id":144,"geometry":{"type":"Point","coordinates":[-121.554,-0.96199999999999997]},"properties":{"FID":144,"NAME":"80","KML_FOLDER":"9","Hole":"DSDP 9-80"}},{"type":"Feature","id":145,"geometry":{"type":"Point","coordinates":[-121.554,-0.96199999999999997]},"properties":{"FID":145,"NAME":"80A","KML_FOLDER":"9","Hole":"DSDP 9-80-A"}},{"type":"Feature","id":146,"geometry":{"type":"Point","coordinates":[-113.809,1.4415]},"properties":{"FID":146,"NAME":"81","KML_FOLDER":"9","Hole":"DSDP 9-81"}},{"type":"Feature","id":147,"geometry":{"type":"Point","coordinates":[-106.94199999999999,2.5912999999999999]},"properties":{"FID":147,"NAME":"82","KML_FOLDER":"9","Hole":"DSDP 9-82"}},{"type":"Feature","id":148,"geometry":{"type":"Point","coordinates":[-106.94199999999999,2.5912999999999999]},"properties":{"FID":148,"NAME":"82A","KML_FOLDER":"9","Hole":"DSDP 9-82-A"}},{"type":"Feature","id":149,"geometry":{"type":"Point","coordinates":[-95.737499999999997,4.0467000000000004]},"properties":{"FID":149,"NAME":"83","KML_FOLDER":"9","Hole":"DSDP 9-83"}},{"type":"Feature","id":150,"geometry":{"type":"Point","coordinates":[-95.737499999999997,4.0467000000000004]},"properties":{"FID":150,"NAME":"83A","KML_FOLDER":"9","Hole":"DSDP 9-83-A"}},{"type":"Feature","id":151,"geometry":{"type":"Point","coordinates":[-82.888199999999998,5.7487000000000004]},"properties":{"FID":151,"NAME":"84","KML_FOLDER":"9","Hole":"DSDP 9-84"}},{"type":"Feature","id":152,"geometry":{"type":"Point","coordinates":[-91.422799999999995,22.8415]},"properties":{"FID":152,"NAME":"85","KML_FOLDER":"10","Hole":"DSDP 10-85"}},{"type":"Feature","id":153,"geometry":{"type":"Point","coordinates":[-91.422799999999995,22.8415]},"properties":{"FID":153,"NAME":"85A","KML_FOLDER":"10","Hole":"DSDP 10-85-A"}},{"type":"Feature","id":154,"geometry":{"type":"Point","coordinates":[-90.962500000000006,22.874700000000001]},"properties":{"FID":154,"NAME":"86","KML_FOLDER":"10","Hole":"DSDP 10-86"}},{"type":"Feature","id":155,"geometry":{"type":"Point","coordinates":[-92.085999999999999,23.015000000000001]},"properties":{"FID":155,"NAME":"87","KML_FOLDER":"10","Hole":"DSDP 10-87"}},{"type":"Feature","id":156,"geometry":{"type":"Point","coordinates":[-94.003500000000003,21.382200000000001]},"properties":{"FID":156,"NAME":"88","KML_FOLDER":"10","Hole":"DSDP 10-88"}},{"type":"Feature","id":157,"geometry":{"type":"Point","coordinates":[-95.112200000000001,20.8902]},"properties":{"FID":157,"NAME":"89","KML_FOLDER":"10","Hole":"DSDP 10-89"}},{"type":"Feature","id":158,"geometry":{"type":"Point","coordinates":[-94.768200000000007,23.796700000000001]},"properties":{"FID":158,"NAME":"90","KML_FOLDER":"10","Hole":"DSDP 10-90"}},{"type":"Feature","id":159,"geometry":{"type":"Point","coordinates":[-93.346199999999996,23.773299999999999]},"properties":{"FID":159,"NAME":"91","KML_FOLDER":"10","Hole":"DSDP 10-91"}},{"type":"Feature","id":160,"geometry":{"type":"Point","coordinates":[-91.8215,25.844799999999999]},"properties":{"FID":160,"NAME":"92","KML_FOLDER":"10","Hole":"DSDP 10-92"}},{"type":"Feature","id":161,"geometry":{"type":"Point","coordinates":[-91.479700000000008,22.620799999999999]},"properties":{"FID":161,"NAME":"93","KML_FOLDER":"10","Hole":"DSDP 10-93"}},{"type":"Feature","id":162,"geometry":{"type":"Point","coordinates":[-88.469300000000004,24.5273]},"properties":{"FID":162,"NAME":"94","KML_FOLDER":"10","Hole":"DSDP 10-94"}},{"type":"Feature","id":163,"geometry":{"type":"Point","coordinates":[-86.397499999999994,24.149999999999999]},"properties":{"FID":163,"NAME":"95","KML_FOLDER":"10","Hole":"DSDP 10-95"}},{"type":"Feature","id":164,"geometry":{"type":"Point","coordinates":[-85.763300000000001,23.742699999999999]},"properties":{"FID":164,"NAME":"96","KML_FOLDER":"10","Hole":"DSDP 10-96"}},{"type":"Feature","id":165,"geometry":{"type":"Point","coordinates":[-84.445700000000002,23.8842]},"properties":{"FID":165,"NAME":"97","KML_FOLDER":"10","Hole":"DSDP 10-97"}},{"type":"Feature","id":166,"geometry":{"type":"Point","coordinates":[-73.799700000000001,24.687799999999999]},"properties":{"FID":166,"NAME":"100","KML_FOLDER":"11","Hole":"DSDP 11-100"}},{"type":"Feature","id":167,"geometry":{"type":"Point","coordinates":[-74.438500000000005,25.198799999999999]},"properties":{"FID":167,"NAME":"101","KML_FOLDER":"11","Hole":"DSDP 11-101"}},{"type":"Feature","id":168,"geometry":{"type":"Point","coordinates":[-74.438500000000005,25.198799999999999]},"properties":{"FID":168,"NAME":"101A","KML_FOLDER":"11","Hole":"DSDP 11-101-A"}},{"type":"Feature","id":169,"geometry":{"type":"Point","coordinates":[-74.452299999999994,30.732199999999999]},"properties":{"FID":169,"NAME":"102","KML_FOLDER":"11","Hole":"DSDP 11-102"}},{"type":"Feature","id":170,"geometry":{"type":"Point","coordinates":[-74.583200000000005,30.4513]},"properties":{"FID":170,"NAME":"103","KML_FOLDER":"11","Hole":"DSDP 11-103"}},{"type":"Feature","id":171,"geometry":{"type":"Point","coordinates":[-74.327299999999994,30.827500000000001]},"properties":{"FID":171,"NAME":"104","KML_FOLDER":"11","Hole":"DSDP 11-104"}},{"type":"Feature","id":172,"geometry":{"type":"Point","coordinates":[-69.173299999999998,34.895299999999999]},"properties":{"FID":172,"NAME":"105","KML_FOLDER":"11","Hole":"DSDP 11-105"}},{"type":"Feature","id":173,"geometry":{"type":"Point","coordinates":[-69.461500000000001,36.433500000000002]},"properties":{"FID":173,"NAME":"106","KML_FOLDER":"11","Hole":"DSDP 11-106"}},{"type":"Feature","id":174,"geometry":{"type":"Point","coordinates":[-69.461500000000001,36.433500000000002]},"properties":{"FID":174,"NAME":"106A","KML_FOLDER":"11","Hole":"DSDP 11-106-A"}},{"type":"Feature","id":175,"geometry":{"type":"Point","coordinates":[-69.430199999999999,36.421300000000002]},"properties":{"FID":175,"NAME":"106B","KML_FOLDER":"11","Hole":"DSDP 11-106-B"}},{"type":"Feature","id":176,"geometry":{"type":"Point","coordinates":[-72.475300000000004,38.659799999999997]},"properties":{"FID":176,"NAME":"107","KML_FOLDER":"11","Hole":"DSDP 11-107"}},{"type":"Feature","id":177,"geometry":{"type":"Point","coordinates":[-72.653499999999994,38.804499999999997]},"properties":{"FID":177,"NAME":"108","KML_FOLDER":"11","Hole":"DSDP 11-108"}},{"type":"Feature","id":178,"geometry":{"type":"Point","coordinates":[-77.311300000000003,25.3825]},"properties":{"FID":178,"NAME":"98","KML_FOLDER":"11","Hole":"DSDP 11-98"}},{"type":"Feature","id":179,"geometry":{"type":"Point","coordinates":[-73.849800000000002,23.685700000000001]},"properties":{"FID":179,"NAME":"99","KML_FOLDER":"11","Hole":"DSDP 11-99"}},{"type":"Feature","id":180,"geometry":{"type":"Point","coordinates":[-73.849800000000002,23.685700000000001]},"properties":{"FID":180,"NAME":"99A","KML_FOLDER":"11","Hole":"DSDP 11-99-A"}},{"type":"Feature","id":181,"geometry":{"type":"Point","coordinates":[-46.367499999999993,50.426199999999987]},"properties":{"FID":181,"NAME":"111","KML_FOLDER":"12","Hole":"DSDP 12-111"}},{"type":"Feature","id":182,"geometry":{"type":"Point","coordinates":[-46.367499999999993,50.426199999999987]},"properties":{"FID":182,"NAME":"111A","KML_FOLDER":"12","Hole":"DSDP 12-111-A"}},{"type":"Feature","id":183,"geometry":{"type":"Point","coordinates":[-46.603999999999999,54.0167]},"properties":{"FID":183,"NAME":"112","KML_FOLDER":"12","Hole":"DSDP 12-112"}},{"type":"Feature","id":184,"geometry":{"type":"Point","coordinates":[-46.603999999999999,54.0167]},"properties":{"FID":184,"NAME":"112A","KML_FOLDER":"12","Hole":"DSDP 12-112-A"}},{"type":"Feature","id":185,"geometry":{"type":"Point","coordinates":[-48.331800000000001,56.789999999999999]},"properties":{"FID":185,"NAME":"113","KML_FOLDER":"12","Hole":"DSDP 12-113"}},{"type":"Feature","id":186,"geometry":{"type":"Point","coordinates":[-26.800000000000001,59.933300000000003]},"properties":{"FID":186,"NAME":"114","KML_FOLDER":"12","Hole":"DSDP 12-114"}},{"type":"Feature","id":187,"geometry":{"type":"Point","coordinates":[-21.116700000000002,58.906700000000001]},"properties":{"FID":187,"NAME":"115","KML_FOLDER":"12","Hole":"DSDP 12-115"}},{"type":"Feature","id":188,"geometry":{"type":"Point","coordinates":[-15.924300000000001,57.496000000000002]},"properties":{"FID":188,"NAME":"116","KML_FOLDER":"12","Hole":"DSDP 12-116"}},{"type":"Feature","id":189,"geometry":{"type":"Point","coordinates":[-15.924300000000001,57.496000000000002]},"properties":{"FID":189,"NAME":"116A","KML_FOLDER":"12","Hole":"DSDP 12-116-A"}},{"type":"Feature","id":190,"geometry":{"type":"Point","coordinates":[-15.3995,57.336200000000012]},"properties":{"FID":190,"NAME":"117","KML_FOLDER":"12","Hole":"DSDP 12-117"}},{"type":"Feature","id":191,"geometry":{"type":"Point","coordinates":[-15.3995,57.336200000000012]},"properties":{"FID":191,"NAME":"117A","KML_FOLDER":"12","Hole":"DSDP 12-117-A"}},{"type":"Feature","id":192,"geometry":{"type":"Point","coordinates":[-9.0105000000000004,45.044199999999996]},"properties":{"FID":192,"NAME":"118","KML_FOLDER":"12","Hole":"DSDP 12-118"}},{"type":"Feature","id":193,"geometry":{"type":"Point","coordinates":[-7.9748000000000001,45.031700000000001]},"properties":{"FID":193,"NAME":"119","KML_FOLDER":"12","Hole":"DSDP 12-119"}},{"type":"Feature","id":194,"geometry":{"type":"Point","coordinates":[-11.4323,36.689799999999998]},"properties":{"FID":194,"NAME":"120","KML_FOLDER":"13","Hole":"DSDP 13-120"}},{"type":"Feature","id":195,"geometry":{"type":"Point","coordinates":[-4.3738000000000001,36.160800000000002]},"properties":{"FID":195,"NAME":"121","KML_FOLDER":"13","Hole":"DSDP 13-121"}},{"type":"Feature","id":196,"geometry":{"type":"Point","coordinates":[2.6242999999999999,40.447800000000001]},"properties":{"FID":196,"NAME":"122","KML_FOLDER":"13","Hole":"DSDP 13-122"}},{"type":"Feature","id":197,"geometry":{"type":"Point","coordinates":[2.8378000000000001,40.630499999999998]},"properties":{"FID":197,"NAME":"123","KML_FOLDER":"13","Hole":"DSDP 13-123"}},{"type":"Feature","id":198,"geometry":{"type":"Point","coordinates":[4.9947999999999997,38.872999999999998]},"properties":{"FID":198,"NAME":"124","KML_FOLDER":"13","Hole":"DSDP 13-124"}},{"type":"Feature","id":199,"geometry":{"type":"Point","coordinates":[20.429300000000001,34.6248]},"properties":{"FID":199,"NAME":"125","KML_FOLDER":"13","Hole":"DSDP 13-125"}},{"type":"Feature","id":200,"geometry":{"type":"Point","coordinates":[20.429300000000001,34.6248]},"properties":{"FID":200,"NAME":"125A","KML_FOLDER":"13","Hole":"DSDP 13-125-A"}},{"type":"Feature","id":201,"geometry":{"type":"Point","coordinates":[21.427199999999999,35.161999999999999]},"properties":{"FID":201,"NAME":"126","KML_FOLDER":"13","Hole":"DSDP 13-126"}},{"type":"Feature","id":202,"geometry":{"type":"Point","coordinates":[21.427199999999999,35.161999999999999]},"properties":{"FID":202,"NAME":"126A","KML_FOLDER":"13","Hole":"DSDP 13-126-A"}},{"type":"Feature","id":203,"geometry":{"type":"Point","coordinates":[22.4968,35.731699999999996]},"properties":{"FID":203,"NAME":"127","KML_FOLDER":"13","Hole":"DSDP 13-127"}},{"type":"Feature","id":204,"geometry":{"type":"Point","coordinates":[22.4968,35.731699999999996]},"properties":{"FID":204,"NAME":"127A","KML_FOLDER":"13","Hole":"DSDP 13-127-A"}},{"type":"Feature","id":205,"geometry":{"type":"Point","coordinates":[22.4968,35.731699999999996]},"properties":{"FID":205,"NAME":"127B","KML_FOLDER":"13","Hole":"DSDP 13-127-B"}},{"type":"Feature","id":206,"geometry":{"type":"Point","coordinates":[22.468299999999999,35.709699999999998]},"properties":{"FID":206,"NAME":"128","KML_FOLDER":"13","Hole":"DSDP 13-128"}},{"type":"Feature","id":207,"geometry":{"type":"Point","coordinates":[27.082000000000001,34.349299999999999]},"properties":{"FID":207,"NAME":"129","KML_FOLDER":"13","Hole":"DSDP 13-129"}},{"type":"Feature","id":208,"geometry":{"type":"Point","coordinates":[27.082000000000001,34.349299999999999]},"properties":{"FID":208,"NAME":"129A","KML_FOLDER":"13","Hole":"DSDP 13-129-A"}},{"type":"Feature","id":209,"geometry":{"type":"Point","coordinates":[27.082000000000001,34.349299999999999]},"properties":{"FID":209,"NAME":"129B","KML_FOLDER":"13","Hole":"DSDP 13-129-B"}},{"type":"Feature","id":210,"geometry":{"type":"Point","coordinates":[27.866499999999998,33.605200000000004]},"properties":{"FID":210,"NAME":"130","KML_FOLDER":"13","Hole":"DSDP 13-130"}},{"type":"Feature","id":211,"geometry":{"type":"Point","coordinates":[27.866499999999998,33.605200000000004]},"properties":{"FID":211,"NAME":"130A","KML_FOLDER":"13","Hole":"DSDP 13-130-A"}},{"type":"Feature","id":212,"geometry":{"type":"Point","coordinates":[28.511500000000009,33.106499999999997]},"properties":{"FID":212,"NAME":"131","KML_FOLDER":"13","Hole":"DSDP 13-131"}},{"type":"Feature","id":213,"geometry":{"type":"Point","coordinates":[28.511500000000009,33.106499999999997]},"properties":{"FID":213,"NAME":"131A","KML_FOLDER":"13","Hole":"DSDP 13-131-A"}},{"type":"Feature","id":214,"geometry":{"type":"Point","coordinates":[11.4412,40.261699999999998]},"properties":{"FID":214,"NAME":"132","KML_FOLDER":"13","Hole":"DSDP 13-132"}},{"type":"Feature","id":215,"geometry":{"type":"Point","coordinates":[7.3354999999999997,39.199800000000003]},"properties":{"FID":215,"NAME":"133","KML_FOLDER":"13","Hole":"DSDP 13-133"}},{"type":"Feature","id":216,"geometry":{"type":"Point","coordinates":[7.3041999999999998,39.195]},"properties":{"FID":216,"NAME":"134","KML_FOLDER":"13","Hole":"DSDP 13-134"}},{"type":"Feature","id":217,"geometry":{"type":"Point","coordinates":[7.3041999999999998,39.195]},"properties":{"FID":217,"NAME":"134A","KML_FOLDER":"13","Hole":"DSDP 13-134-A"}},{"type":"Feature","id":218,"geometry":{"type":"Point","coordinates":[7.3041999999999998,39.195]},"properties":{"FID":218,"NAME":"134B","KML_FOLDER":"13","Hole":"DSDP 13-134-B"}},{"type":"Feature","id":219,"geometry":{"type":"Point","coordinates":[7.3041999999999998,39.195]},"properties":{"FID":219,"NAME":"134C","KML_FOLDER":"13","Hole":"DSDP 13-134-C"}},{"type":"Feature","id":220,"geometry":{"type":"Point","coordinates":[7.3041999999999998,39.195]},"properties":{"FID":220,"NAME":"134D","KML_FOLDER":"13","Hole":"DSDP 13-134-D"}},{"type":"Feature","id":221,"geometry":{"type":"Point","coordinates":[7.3041999999999998,39.195]},"properties":{"FID":221,"NAME":"134E","KML_FOLDER":"13","Hole":"DSDP 13-134-E"}},{"type":"Feature","id":222,"geometry":{"type":"Point","coordinates":[-10.424300000000001,35.346699999999998]},"properties":{"FID":222,"NAME":"135","KML_FOLDER":"14","Hole":"DSDP 14-135"}},{"type":"Feature","id":223,"geometry":{"type":"Point","coordinates":[-16.3032,34.168799999999997]},"properties":{"FID":223,"NAME":"136","KML_FOLDER":"14","Hole":"DSDP 14-136"}},{"type":"Feature","id":224,"geometry":{"type":"Point","coordinates":[-27.060700000000001,25.9255]},"properties":{"FID":224,"NAME":"137","KML_FOLDER":"14","Hole":"DSDP 14-137"}},{"type":"Feature","id":225,"geometry":{"type":"Point","coordinates":[-25.563199999999998,25.922799999999999]},"properties":{"FID":225,"NAME":"138","KML_FOLDER":"14","Hole":"DSDP 14-138"}},{"type":"Feature","id":226,"geometry":{"type":"Point","coordinates":[-18.7043,23.518999999999998]},"properties":{"FID":226,"NAME":"139","KML_FOLDER":"14","Hole":"DSDP 14-139"}},{"type":"Feature","id":227,"geometry":{"type":"Point","coordinates":[-21.792000000000002,21.749500000000001]},"properties":{"FID":227,"NAME":"140","KML_FOLDER":"14","Hole":"DSDP 14-140"}},{"type":"Feature","id":228,"geometry":{"type":"Point","coordinates":[-21.792000000000002,21.749500000000001]},"properties":{"FID":228,"NAME":"140A","KML_FOLDER":"14","Hole":"DSDP 14-140-A"}},{"type":"Feature","id":229,"geometry":{"type":"Point","coordinates":[-23.9985,19.4193]},"properties":{"FID":229,"NAME":"141","KML_FOLDER":"14","Hole":"DSDP 14-141"}},{"type":"Feature","id":230,"geometry":{"type":"Point","coordinates":[-42.391500000000001,3.3692000000000002]},"properties":{"FID":230,"NAME":"142","KML_FOLDER":"14","Hole":"DSDP 14-142"}},{"type":"Feature","id":231,"geometry":{"type":"Point","coordinates":[-54.311800000000012,9.4741999999999997]},"properties":{"FID":231,"NAME":"143","KML_FOLDER":"14","Hole":"DSDP 14-143"}},{"type":"Feature","id":232,"geometry":{"type":"Point","coordinates":[-54.311800000000012,9.4741999999999997]},"properties":{"FID":232,"NAME":"143A","KML_FOLDER":"14","Hole":"DSDP 14-143-A"}},{"type":"Feature","id":233,"geometry":{"type":"Point","coordinates":[-54.311800000000012,9.4741999999999997]},"properties":{"FID":233,"NAME":"143B","KML_FOLDER":"14","Hole":"DSDP 14-143-B"}},{"type":"Feature","id":234,"geometry":{"type":"Point","coordinates":[-54.311800000000012,9.4741999999999997]},"properties":{"FID":234,"NAME":"143C","KML_FOLDER":"14","Hole":"DSDP 14-143-C"}},{"type":"Feature","id":235,"geometry":{"type":"Point","coordinates":[-54.311800000000012,9.4741999999999997]},"properties":{"FID":235,"NAME":"143D","KML_FOLDER":"14","Hole":"DSDP 14-143-D"}},{"type":"Feature","id":236,"geometry":{"type":"Point","coordinates":[-54.341999999999999,9.4537999999999993]},"properties":{"FID":236,"NAME":"144","KML_FOLDER":"14","Hole":"DSDP 14-144"}},{"type":"Feature","id":237,"geometry":{"type":"Point","coordinates":[-54.341999999999999,9.4537999999999993]},"properties":{"FID":237,"NAME":"144A","KML_FOLDER":"14","Hole":"DSDP 14-144-A"}},{"type":"Feature","id":238,"geometry":{"type":"Point","coordinates":[-54.341999999999999,9.4537999999999993]},"properties":{"FID":238,"NAME":"144B","KML_FOLDER":"14","Hole":"DSDP 14-144-B"}},{"type":"Feature","id":239,"geometry":{"type":"Point","coordinates":[-68.056200000000004,16.579000000000001]},"properties":{"FID":239,"NAME":"145","KML_FOLDER":"15","Hole":"DSDP 15-145"}},{"type":"Feature","id":240,"geometry":{"type":"Point","coordinates":[-69.377799999999993,15.1165]},"properties":{"FID":240,"NAME":"146","KML_FOLDER":"15","Hole":"DSDP 15-146"}},{"type":"Feature","id":241,"geometry":{"type":"Point","coordinates":[-69.377799999999993,15.1165]},"properties":{"FID":241,"NAME":"146A","KML_FOLDER":"15","Hole":"DSDP 15-146-A"}},{"type":"Feature","id":242,"geometry":{"type":"Point","coordinates":[-65.174700000000001,10.708]},"properties":{"FID":242,"NAME":"147","KML_FOLDER":"15","Hole":"DSDP 15-147"}},{"type":"Feature","id":243,"geometry":{"type":"Point","coordinates":[-65.174199999999999,10.7113]},"properties":{"FID":243,"NAME":"147A","KML_FOLDER":"15","Hole":"DSDP 15-147-A"}},{"type":"Feature","id":244,"geometry":{"type":"Point","coordinates":[-65.174199999999999,10.7113]},"properties":{"FID":244,"NAME":"147B","KML_FOLDER":"15","Hole":"DSDP 15-147-B"}},{"type":"Feature","id":245,"geometry":{"type":"Point","coordinates":[-65.174199999999999,10.7113]},"properties":{"FID":245,"NAME":"147C","KML_FOLDER":"15","Hole":"DSDP 15-147-C"}},{"type":"Feature","id":246,"geometry":{"type":"Point","coordinates":[-63.720799999999997,13.418699999999999]},"properties":{"FID":246,"NAME":"148","KML_FOLDER":"15","Hole":"DSDP 15-148"}},{"type":"Feature","id":247,"geometry":{"type":"Point","coordinates":[-69.364199999999997,15.104200000000001]},"properties":{"FID":247,"NAME":"149","KML_FOLDER":"15","Hole":"DSDP 15-149"}},{"type":"Feature","id":248,"geometry":{"type":"Point","coordinates":[-69.355800000000002,14.5115]},"properties":{"FID":248,"NAME":"150","KML_FOLDER":"15","Hole":"DSDP 15-150"}},{"type":"Feature","id":249,"geometry":{"type":"Point","coordinates":[-69.355800000000002,14.5115]},"properties":{"FID":249,"NAME":"150A","KML_FOLDER":"15","Hole":"DSDP 15-150-A"}},{"type":"Feature","id":250,"geometry":{"type":"Point","coordinates":[-73.409700000000001,15.016999999999999]},"properties":{"FID":250,"NAME":"151","KML_FOLDER":"15","Hole":"DSDP 15-151"}},{"type":"Feature","id":251,"geometry":{"type":"Point","coordinates":[-74.607799999999997,15.8787]},"properties":{"FID":251,"NAME":"152","KML_FOLDER":"15","Hole":"DSDP 15-152"}},{"type":"Feature","id":252,"geometry":{"type":"Point","coordinates":[-72.434700000000007,13.972200000000001]},"properties":{"FID":252,"NAME":"153","KML_FOLDER":"15","Hole":"DSDP 15-153"}},{"type":"Feature","id":253,"geometry":{"type":"Point","coordinates":[-80.379199999999997,11.0852]},"properties":{"FID":253,"NAME":"154","KML_FOLDER":"15","Hole":"DSDP 15-154"}},{"type":"Feature","id":254,"geometry":{"type":"Point","coordinates":[-80.380300000000005,11.0845]},"properties":{"FID":254,"NAME":"154A","KML_FOLDER":"15","Hole":"DSDP 15-154-A"}},{"type":"Feature","id":255,"geometry":{"type":"Point","coordinates":[-81.043700000000001,6.1230000000000002]},"properties":{"FID":255,"NAME":"155","KML_FOLDER":"16","Hole":"DSDP 16-155"}},{"type":"Feature","id":256,"geometry":{"type":"Point","coordinates":[-85.400999999999996,-1.6799999999999999]},"properties":{"FID":256,"NAME":"156","KML_FOLDER":"16","Hole":"DSDP 16-156"}},{"type":"Feature","id":257,"geometry":{"type":"Point","coordinates":[-85.902799999999999,-1.7617]},"properties":{"FID":257,"NAME":"157","KML_FOLDER":"16","Hole":"DSDP 16-157"}},{"type":"Feature","id":258,"geometry":{"type":"Point","coordinates":[-85.902799999999999,-1.7617]},"properties":{"FID":258,"NAME":"157A","KML_FOLDER":"16","Hole":"DSDP 16-157-A"}},{"type":"Feature","id":259,"geometry":{"type":"Point","coordinates":[-85.236000000000004,6.6227]},"properties":{"FID":259,"NAME":"158","KML_FOLDER":"16","Hole":"DSDP 16-158"}},{"type":"Feature","id":260,"geometry":{"type":"Point","coordinates":[-122.288,12.332000000000001]},"properties":{"FID":260,"NAME":"159","KML_FOLDER":"16","Hole":"DSDP 16-159"}},{"type":"Feature","id":261,"geometry":{"type":"Point","coordinates":[-130.88,11.704499999999999]},"properties":{"FID":261,"NAME":"160","KML_FOLDER":"16","Hole":"DSDP 16-160"}},{"type":"Feature","id":262,"geometry":{"type":"Point","coordinates":[-139.95400000000001,10.6708]},"properties":{"FID":262,"NAME":"161","KML_FOLDER":"16","Hole":"DSDP 16-161"}},{"type":"Feature","id":263,"geometry":{"type":"Point","coordinates":[-139.95400000000001,10.671200000000001]},"properties":{"FID":263,"NAME":"161A","KML_FOLDER":"16","Hole":"DSDP 16-161-A"}},{"type":"Feature","id":264,"geometry":{"type":"Point","coordinates":[-140.04400000000001,14.8698]},"properties":{"FID":264,"NAME":"162","KML_FOLDER":"16","Hole":"DSDP 16-162"}},{"type":"Feature","id":265,"geometry":{"type":"Point","coordinates":[-150.292,11.244300000000001]},"properties":{"FID":265,"NAME":"163","KML_FOLDER":"16","Hole":"DSDP 16-163"}},{"type":"Feature","id":266,"geometry":{"type":"Point","coordinates":[-150.292,11.244300000000001]},"properties":{"FID":266,"NAME":"163A","KML_FOLDER":"16","Hole":"DSDP 16-163-A"}},{"type":"Feature","id":267,"geometry":{"type":"Point","coordinates":[-161.517,13.201700000000001]},"properties":{"FID":267,"NAME":"164","KML_FOLDER":"17","Hole":"DSDP 17-164"}},{"type":"Feature","id":268,"geometry":{"type":"Point","coordinates":[-164.86000000000001,8.1783000000000001]},"properties":{"FID":268,"NAME":"165","KML_FOLDER":"17","Hole":"DSDP 17-165"}},{"type":"Feature","id":269,"geometry":{"type":"Point","coordinates":[-164.86000000000001,8.1783000000000001]},"properties":{"FID":269,"NAME":"165A","KML_FOLDER":"17","Hole":"DSDP 17-165-A"}},{"type":"Feature","id":270,"geometry":{"type":"Point","coordinates":[-175.08000000000001,3.7616999999999998]},"properties":{"FID":270,"NAME":"166","KML_FOLDER":"17","Hole":"DSDP 17-166"}},{"type":"Feature","id":271,"geometry":{"type":"Point","coordinates":[-175.08000000000001,3.7616999999999998]},"properties":{"FID":271,"NAME":"166A","KML_FOLDER":"17","Hole":"DSDP 17-166-A"}},{"type":"Feature","id":272,"geometry":{"type":"Point","coordinates":[-176.82499999999999,7.0683000000000007]},"properties":{"FID":272,"NAME":"167","KML_FOLDER":"17","Hole":"DSDP 17-167"}},{"type":"Feature","id":273,"geometry":{"type":"Point","coordinates":[173.59800000000001,10.7033]},"properties":{"FID":273,"NAME":"168","KML_FOLDER":"17","Hole":"DSDP 17-168"}},{"type":"Feature","id":274,"geometry":{"type":"Point","coordinates":[173.55000000000001,10.67]},"properties":{"FID":274,"NAME":"169","KML_FOLDER":"17","Hole":"DSDP 17-169"}},{"type":"Feature","id":275,"geometry":{"type":"Point","coordinates":[177.61699999999999,11.800000000000001]},"properties":{"FID":275,"NAME":"170","KML_FOLDER":"17","Hole":"DSDP 17-170"}},{"type":"Feature","id":276,"geometry":{"type":"Point","coordinates":[-169.46000000000001,19.131699999999999]},"properties":{"FID":276,"NAME":"171","KML_FOLDER":"17","Hole":"DSDP 17-171"}},{"type":"Feature","id":277,"geometry":{"type":"Point","coordinates":[-133.37299999999999,31.537199999999999]},"properties":{"FID":277,"NAME":"172","KML_FOLDER":"18","Hole":"DSDP 18-172"}},{"type":"Feature","id":278,"geometry":{"type":"Point","coordinates":[-133.37299999999999,31.537199999999999]},"properties":{"FID":278,"NAME":"172A","KML_FOLDER":"18","Hole":"DSDP 18-172-A"}},{"type":"Feature","id":279,"geometry":{"type":"Point","coordinates":[-125.452,39.961799999999997]},"properties":{"FID":279,"NAME":"173","KML_FOLDER":"18","Hole":"DSDP 18-173"}},{"type":"Feature","id":280,"geometry":{"type":"Point","coordinates":[-126.34699999999999,44.889699999999998]},"properties":{"FID":280,"NAME":"174","KML_FOLDER":"18","Hole":"DSDP 18-174"}},{"type":"Feature","id":281,"geometry":{"type":"Point","coordinates":[-126.357,44.889699999999998]},"properties":{"FID":281,"NAME":"174A","KML_FOLDER":"18","Hole":"DSDP 18-174-A"}},{"type":"Feature","id":282,"geometry":{"type":"Point","coordinates":[-125.242,44.8367]},"properties":{"FID":282,"NAME":"175","KML_FOLDER":"18","Hole":"DSDP 18-175"}},{"type":"Feature","id":283,"geometry":{"type":"Point","coordinates":[-124.617,45.933300000000003]},"properties":{"FID":283,"NAME":"176","KML_FOLDER":"18","Hole":"DSDP 18-176"}},{"type":"Feature","id":284,"geometry":{"type":"Point","coordinates":[-130.20500000000001,50.469700000000003]},"properties":{"FID":284,"NAME":"177","KML_FOLDER":"18","Hole":"DSDP 18-177"}},{"type":"Feature","id":285,"geometry":{"type":"Point","coordinates":[-130.20500000000001,50.469700000000003]},"properties":{"FID":285,"NAME":"177A","KML_FOLDER":"18","Hole":"DSDP 18-177-A"}},{"type":"Feature","id":286,"geometry":{"type":"Point","coordinates":[-147.131,56.956299999999999]},"properties":{"FID":286,"NAME":"178","KML_FOLDER":"18","Hole":"DSDP 18-178"}},{"type":"Feature","id":287,"geometry":{"type":"Point","coordinates":[-145.989,56.409000000000013]},"properties":{"FID":287,"NAME":"179","KML_FOLDER":"18","Hole":"DSDP 18-179"}},{"type":"Feature","id":288,"geometry":{"type":"Point","coordinates":[-147.85599999999999,57.362699999999997]},"properties":{"FID":288,"NAME":"180","KML_FOLDER":"18","Hole":"DSDP 18-180"}},{"type":"Feature","id":289,"geometry":{"type":"Point","coordinates":[-148.465,57.438299999999998]},"properties":{"FID":289,"NAME":"181","KML_FOLDER":"18","Hole":"DSDP 18-181"}},{"type":"Feature","id":290,"geometry":{"type":"Point","coordinates":[-148.71700000000001,57.882700000000007]},"properties":{"FID":290,"NAME":"182","KML_FOLDER":"18","Hole":"DSDP 18-182"}},{"type":"Feature","id":291,"geometry":{"type":"Point","coordinates":[-148.72300000000001,57.881300000000003]},"properties":{"FID":291,"NAME":"182A","KML_FOLDER":"18","Hole":"DSDP 18-182-A"}},{"type":"Feature","id":292,"geometry":{"type":"Point","coordinates":[-161.20599999999999,52.571700000000007]},"properties":{"FID":292,"NAME":"183","KML_FOLDER":"19","Hole":"DSDP 19-183"}},{"type":"Feature","id":293,"geometry":{"type":"Point","coordinates":[-170.923,53.710700000000003]},"properties":{"FID":293,"NAME":"184","KML_FOLDER":"19","Hole":"DSDP 19-184"}},{"type":"Feature","id":294,"geometry":{"type":"Point","coordinates":[-170.923,53.710700000000003]},"properties":{"FID":294,"NAME":"184A","KML_FOLDER":"19","Hole":"DSDP 19-184-A"}},{"type":"Feature","id":295,"geometry":{"type":"Point","coordinates":[-170.923,53.710700000000003]},"properties":{"FID":295,"NAME":"184B","KML_FOLDER":"19","Hole":"DSDP 19-184-B"}},{"type":"Feature","id":296,"geometry":{"type":"Point","coordinates":[-169.24299999999999,54.428800000000003]},"properties":{"FID":296,"NAME":"185","KML_FOLDER":"19","Hole":"DSDP 19-185"}},{"type":"Feature","id":297,"geometry":{"type":"Point","coordinates":[-174.006,51.130200000000002]},"properties":{"FID":297,"NAME":"186","KML_FOLDER":"19","Hole":"DSDP 19-186"}},{"type":"Feature","id":298,"geometry":{"type":"Point","coordinates":[-173.953,51.109999999999999]},"properties":{"FID":298,"NAME":"187","KML_FOLDER":"19","Hole":"DSDP 19-187"}},{"type":"Feature","id":299,"geometry":{"type":"Point","coordinates":[178.65899999999999,53.753500000000003]},"properties":{"FID":299,"NAME":"188","KML_FOLDER":"19","Hole":"DSDP 19-188"}},{"type":"Feature","id":300,"geometry":{"type":"Point","coordinates":[170.22300000000001,54.035700000000013]},"properties":{"FID":300,"NAME":"189","KML_FOLDER":"19","Hole":"DSDP 19-189"}},{"type":"Feature","id":301,"geometry":{"type":"Point","coordinates":[171.63999999999999,55.559199999999997]},"properties":{"FID":301,"NAME":"190","KML_FOLDER":"19","Hole":"DSDP 19-190"}},{"type":"Feature","id":302,"geometry":{"type":"Point","coordinates":[168.179,56.944999999999993]},"properties":{"FID":302,"NAME":"191","KML_FOLDER":"19","Hole":"DSDP 19-191"}},{"type":"Feature","id":303,"geometry":{"type":"Point","coordinates":[168.179,56.944999999999993]},"properties":{"FID":303,"NAME":"191A","KML_FOLDER":"19","Hole":"DSDP 19-191-A"}},{"type":"Feature","id":304,"geometry":{"type":"Point","coordinates":[168.179,56.944999999999993]},"properties":{"FID":304,"NAME":"191B","KML_FOLDER":"19","Hole":"DSDP 19-191-B"}},{"type":"Feature","id":305,"geometry":{"type":"Point","coordinates":[164.714,53.009500000000003]},"properties":{"FID":305,"NAME":"192","KML_FOLDER":"19","Hole":"DSDP 19-192"}},{"type":"Feature","id":306,"geometry":{"type":"Point","coordinates":[164.714,53.009500000000003]},"properties":{"FID":306,"NAME":"192A","KML_FOLDER":"19","Hole":"DSDP 19-192-A"}},{"type":"Feature","id":307,"geometry":{"type":"Point","coordinates":[155.87100000000001,45.8033]},"properties":{"FID":307,"NAME":"193","KML_FOLDER":"19","Hole":"DSDP 19-193"}},{"type":"Feature","id":308,"geometry":{"type":"Point","coordinates":[148.81100000000001,33.978000000000002]},"properties":{"FID":308,"NAME":"194","KML_FOLDER":"20","Hole":"DSDP 20-194"}},{"type":"Feature","id":309,"geometry":{"type":"Point","coordinates":[146.97900000000001,32.773299999999999]},"properties":{"FID":309,"NAME":"195","KML_FOLDER":"20","Hole":"DSDP 20-195"}},{"type":"Feature","id":310,"geometry":{"type":"Point","coordinates":[146.97900000000001,32.773299999999999]},"properties":{"FID":310,"NAME":"195A","KML_FOLDER":"20","Hole":"DSDP 20-195-A"}},{"type":"Feature","id":311,"geometry":{"type":"Point","coordinates":[146.97900000000001,32.773299999999999]},"properties":{"FID":311,"NAME":"195B","KML_FOLDER":"20","Hole":"DSDP 20-195-B"}},{"type":"Feature","id":312,"geometry":{"type":"Point","coordinates":[148.57499999999999,30.116199999999999]},"properties":{"FID":312,"NAME":"196","KML_FOLDER":"20","Hole":"DSDP 20-196"}},{"type":"Feature","id":313,"geometry":{"type":"Point","coordinates":[147.67400000000001,30.290700000000001]},"properties":{"FID":313,"NAME":"197","KML_FOLDER":"20","Hole":"DSDP 20-197"}},{"type":"Feature","id":314,"geometry":{"type":"Point","coordinates":[154.584,25.825700000000001]},"properties":{"FID":314,"NAME":"198","KML_FOLDER":"20","Hole":"DSDP 20-198"}},{"type":"Feature","id":315,"geometry":{"type":"Point","coordinates":[154.584,25.825700000000001]},"properties":{"FID":315,"NAME":"198A","KML_FOLDER":"20","Hole":"DSDP 20-198-A"}},{"type":"Feature","id":316,"geometry":{"type":"Point","coordinates":[156.172,13.513]},"properties":{"FID":316,"NAME":"199","KML_FOLDER":"20","Hole":"DSDP 20-199"}},{"type":"Feature","id":317,"geometry":{"type":"Point","coordinates":[156.78299999999999,12.8367]},"properties":{"FID":317,"NAME":"200","KML_FOLDER":"20","Hole":"DSDP 20-200"}},{"type":"Feature","id":318,"geometry":{"type":"Point","coordinates":[156.78299999999999,12.8367]},"properties":{"FID":318,"NAME":"200A","KML_FOLDER":"20","Hole":"DSDP 20-200-A"}},{"type":"Feature","id":319,"geometry":{"type":"Point","coordinates":[156.74299999999999,12.8315]},"properties":{"FID":319,"NAME":"201","KML_FOLDER":"20","Hole":"DSDP 20-201"}},{"type":"Feature","id":320,"geometry":{"type":"Point","coordinates":[156.952,12.815]},"properties":{"FID":320,"NAME":"202","KML_FOLDER":"20","Hole":"DSDP 20-202"}},{"type":"Feature","id":321,"geometry":{"type":"Point","coordinates":[-177.54599999999999,-22.153700000000001]},"properties":{"FID":321,"NAME":"203","KML_FOLDER":"21","Hole":"DSDP 21-203"}},{"type":"Feature","id":322,"geometry":{"type":"Point","coordinates":[-174.11099999999999,-24.954499999999999]},"properties":{"FID":322,"NAME":"204","KML_FOLDER":"21","Hole":"DSDP 21-204"}},{"type":"Feature","id":323,"geometry":{"type":"Point","coordinates":[-174.11099999999999,-24.954499999999999]},"properties":{"FID":323,"NAME":"204A","KML_FOLDER":"21","Hole":"DSDP 21-204-A"}},{"type":"Feature","id":324,"geometry":{"type":"Point","coordinates":[177.899,-25.516500000000001]},"properties":{"FID":324,"NAME":"205","KML_FOLDER":"21","Hole":"DSDP 21-205"}},{"type":"Feature","id":325,"geometry":{"type":"Point","coordinates":[165.452,-32.012500000000003]},"properties":{"FID":325,"NAME":"206","KML_FOLDER":"21","Hole":"DSDP 21-206"}},{"type":"Feature","id":326,"geometry":{"type":"Point","coordinates":[165.452,-32.012500000000003]},"properties":{"FID":326,"NAME":"206A","KML_FOLDER":"21","Hole":"DSDP 21-206-A"}},{"type":"Feature","id":327,"geometry":{"type":"Point","coordinates":[165.452,-32.012500000000003]},"properties":{"FID":327,"NAME":"206B","KML_FOLDER":"21","Hole":"DSDP 21-206-B"}},{"type":"Feature","id":328,"geometry":{"type":"Point","coordinates":[165.452,-32.012500000000003]},"properties":{"FID":328,"NAME":"206C","KML_FOLDER":"21","Hole":"DSDP 21-206-C"}},{"type":"Feature","id":329,"geometry":{"type":"Point","coordinates":[165.434,-36.962499999999999]},"properties":{"FID":329,"NAME":"207","KML_FOLDER":"21","Hole":"DSDP 21-207"}},{"type":"Feature","id":330,"geometry":{"type":"Point","coordinates":[165.434,-36.962499999999999]},"properties":{"FID":330,"NAME":"207A","KML_FOLDER":"21","Hole":"DSDP 21-207-A"}},{"type":"Feature","id":331,"geometry":{"type":"Point","coordinates":[161.221,-26.110199999999999]},"properties":{"FID":331,"NAME":"208","KML_FOLDER":"21","Hole":"DSDP 21-208"}},{"type":"Feature","id":332,"geometry":{"type":"Point","coordinates":[152.18799999999999,-15.936500000000001]},"properties":{"FID":332,"NAME":"209","KML_FOLDER":"21","Hole":"DSDP 21-209"}},{"type":"Feature","id":333,"geometry":{"type":"Point","coordinates":[152.18799999999999,-15.936500000000001]},"properties":{"FID":333,"NAME":"209A","KML_FOLDER":"21","Hole":"DSDP 21-209-A"}},{"type":"Feature","id":334,"geometry":{"type":"Point","coordinates":[152.89599999999999,-13.766500000000001]},"properties":{"FID":334,"NAME":"210","KML_FOLDER":"21","Hole":"DSDP 21-210"}},{"type":"Feature","id":335,"geometry":{"type":"Point","coordinates":[102.699,-9.7754999999999992]},"properties":{"FID":335,"NAME":"211","KML_FOLDER":"22","Hole":"DSDP 22-211"}},{"type":"Feature","id":336,"geometry":{"type":"Point","coordinates":[99.297299999999993,-19.189]},"properties":{"FID":336,"NAME":"212","KML_FOLDER":"22","Hole":"DSDP 22-212"}},{"type":"Feature","id":337,"geometry":{"type":"Point","coordinates":[93.896199999999979,-10.2118]},"properties":{"FID":337,"NAME":"213","KML_FOLDER":"22","Hole":"DSDP 22-213"}},{"type":"Feature","id":338,"geometry":{"type":"Point","coordinates":[93.896199999999979,-10.2118]},"properties":{"FID":338,"NAME":"213A","KML_FOLDER":"22","Hole":"DSDP 22-213-A"}},{"type":"Feature","id":339,"geometry":{"type":"Point","coordinates":[88.718000000000004,-11.3368]},"properties":{"FID":339,"NAME":"214","KML_FOLDER":"22","Hole":"DSDP 22-214"}},{"type":"Feature","id":340,"geometry":{"type":"Point","coordinates":[86.791700000000006,-8.1217000000000006]},"properties":{"FID":340,"NAME":"215","KML_FOLDER":"22","Hole":"DSDP 22-215"}},{"type":"Feature","id":341,"geometry":{"type":"Point","coordinates":[90.207999999999998,1.4621999999999999]},"properties":{"FID":341,"NAME":"216","KML_FOLDER":"22","Hole":"DSDP 22-216"}},{"type":"Feature","id":342,"geometry":{"type":"Point","coordinates":[90.207999999999998,1.4621999999999999]},"properties":{"FID":342,"NAME":"216A","KML_FOLDER":"22","Hole":"DSDP 22-216-A"}},{"type":"Feature","id":343,"geometry":{"type":"Point","coordinates":[90.538799999999995,8.9261999999999997]},"properties":{"FID":343,"NAME":"217","KML_FOLDER":"22","Hole":"DSDP 22-217"}},{"type":"Feature","id":344,"geometry":{"type":"Point","coordinates":[90.538799999999995,8.9261999999999997]},"properties":{"FID":344,"NAME":"217A","KML_FOLDER":"22","Hole":"DSDP 22-217-A"}},{"type":"Feature","id":345,"geometry":{"type":"Point","coordinates":[86.282799999999995,8.0069999999999997]},"properties":{"FID":345,"NAME":"218","KML_FOLDER":"22","Hole":"DSDP 22-218"}},{"type":"Feature","id":346,"geometry":{"type":"Point","coordinates":[72.877799999999993,9.0291999999999994]},"properties":{"FID":346,"NAME":"219","KML_FOLDER":"23","Hole":"DSDP 23-219"}},{"type":"Feature","id":347,"geometry":{"type":"Point","coordinates":[72.877799999999993,9.0291999999999994]},"properties":{"FID":347,"NAME":"219A","KML_FOLDER":"23","Hole":"DSDP 23-219-A"}},{"type":"Feature","id":348,"geometry":{"type":"Point","coordinates":[70.983699999999999,6.5162000000000004]},"properties":{"FID":348,"NAME":"220","KML_FOLDER":"23","Hole":"DSDP 23-220"}},{"type":"Feature","id":349,"geometry":{"type":"Point","coordinates":[68.406199999999998,7.9696999999999996]},"properties":{"FID":349,"NAME":"221","KML_FOLDER":"23","Hole":"DSDP 23-221"}},{"type":"Feature","id":350,"geometry":{"type":"Point","coordinates":[61.509300000000003,20.0915]},"properties":{"FID":350,"NAME":"222","KML_FOLDER":"23","Hole":"DSDP 23-222"}},{"type":"Feature","id":351,"geometry":{"type":"Point","coordinates":[60.1297,18.749700000000001]},"properties":{"FID":351,"NAME":"223","KML_FOLDER":"23","Hole":"DSDP 23-223"}},{"type":"Feature","id":352,"geometry":{"type":"Point","coordinates":[59.701700000000002,16.541799999999999]},"properties":{"FID":352,"NAME":"224","KML_FOLDER":"23","Hole":"DSDP 23-224"}},{"type":"Feature","id":353,"geometry":{"type":"Point","coordinates":[38.251800000000003,21.309699999999999]},"properties":{"FID":353,"NAME":"225","KML_FOLDER":"23","Hole":"DSDP 23-225"}},{"type":"Feature","id":354,"geometry":{"type":"Point","coordinates":[38.0822,21.341799999999999]},"properties":{"FID":354,"NAME":"226","KML_FOLDER":"23","Hole":"DSDP 23-226"}},{"type":"Feature","id":355,"geometry":{"type":"Point","coordinates":[38.0822,21.341799999999999]},"properties":{"FID":355,"NAME":"226A","KML_FOLDER":"23","Hole":"DSDP 23-226-A"}},{"type":"Feature","id":356,"geometry":{"type":"Point","coordinates":[38.0822,21.341799999999999]},"properties":{"FID":356,"NAME":"226B","KML_FOLDER":"23","Hole":"DSDP 23-226-B"}},{"type":"Feature","id":357,"geometry":{"type":"Point","coordinates":[38.0822,21.341799999999999]},"properties":{"FID":357,"NAME":"226C","KML_FOLDER":"23","Hole":"DSDP 23-226-C"}},{"type":"Feature","id":358,"geometry":{"type":"Point","coordinates":[38.132800000000003,21.331]},"properties":{"FID":358,"NAME":"227","KML_FOLDER":"23","Hole":"DSDP 23-227"}},{"type":"Feature","id":359,"geometry":{"type":"Point","coordinates":[39.003300000000003,19.085999999999999]},"properties":{"FID":359,"NAME":"228","KML_FOLDER":"23","Hole":"DSDP 23-228"}},{"type":"Feature","id":360,"geometry":{"type":"Point","coordinates":[42.191200000000002,14.7682]},"properties":{"FID":360,"NAME":"229","KML_FOLDER":"23","Hole":"DSDP 23-229"}},{"type":"Feature","id":361,"geometry":{"type":"Point","coordinates":[42.191200000000002,14.7682]},"properties":{"FID":361,"NAME":"229A","KML_FOLDER":"23","Hole":"DSDP 23-229-A"}},{"type":"Feature","id":362,"geometry":{"type":"Point","coordinates":[41.834200000000003,15.316700000000001]},"properties":{"FID":362,"NAME":"230","KML_FOLDER":"23","Hole":"DSDP 23-230"}},{"type":"Feature","id":363,"geometry":{"type":"Point","coordinates":[48.245199999999997,11.8902]},"properties":{"FID":363,"NAME":"231","KML_FOLDER":"24","Hole":"DSDP 24-231"}},{"type":"Feature","id":364,"geometry":{"type":"Point","coordinates":[51.914499999999997,14.482200000000001]},"properties":{"FID":364,"NAME":"232","KML_FOLDER":"24","Hole":"DSDP 24-232"}},{"type":"Feature","id":365,"geometry":{"type":"Point","coordinates":[51.91429999999999,14.482699999999999]},"properties":{"FID":365,"NAME":"232A","KML_FOLDER":"24","Hole":"DSDP 24-232-A"}},{"type":"Feature","id":366,"geometry":{"type":"Point","coordinates":[52.135200000000012,14.327999999999999]},"properties":{"FID":366,"NAME":"233","KML_FOLDER":"24","Hole":"DSDP 24-233"}},{"type":"Feature","id":367,"geometry":{"type":"Point","coordinates":[52.135200000000012,14.327999999999999]},"properties":{"FID":367,"NAME":"233A","KML_FOLDER":"24","Hole":"DSDP 24-233-A"}},{"type":"Feature","id":368,"geometry":{"type":"Point","coordinates":[51.224699999999999,4.4827000000000004]},"properties":{"FID":368,"NAME":"234","KML_FOLDER":"24","Hole":"DSDP 24-234"}},{"type":"Feature","id":369,"geometry":{"type":"Point","coordinates":[51.224699999999999,4.4827000000000004]},"properties":{"FID":369,"NAME":"234A","KML_FOLDER":"24","Hole":"DSDP 24-234-A"}},{"type":"Feature","id":370,"geometry":{"type":"Point","coordinates":[52.694000000000003,3.2343000000000002]},"properties":{"FID":370,"NAME":"235","KML_FOLDER":"24","Hole":"DSDP 24-235"}},{"type":"Feature","id":371,"geometry":{"type":"Point","coordinates":[57.647500000000001,-1.677]},"properties":{"FID":371,"NAME":"236","KML_FOLDER":"24","Hole":"DSDP 24-236"}},{"type":"Feature","id":372,"geometry":{"type":"Point","coordinates":[58.124699999999997,-7.0831999999999997]},"properties":{"FID":372,"NAME":"237","KML_FOLDER":"24","Hole":"DSDP 24-237"}},{"type":"Feature","id":373,"geometry":{"type":"Point","coordinates":[70.525999999999996,-11.153499999999999]},"properties":{"FID":373,"NAME":"238","KML_FOLDER":"24","Hole":"DSDP 24-238"}},{"type":"Feature","id":374,"geometry":{"type":"Point","coordinates":[51.678800000000003,-21.294499999999999]},"properties":{"FID":374,"NAME":"239","KML_FOLDER":"25","Hole":"DSDP 25-239"}},{"type":"Feature","id":375,"geometry":{"type":"Point","coordinates":[50.053699999999992,-3.4872999999999998]},"properties":{"FID":375,"NAME":"240","KML_FOLDER":"25","Hole":"DSDP 25-240"}},{"type":"Feature","id":376,"geometry":{"type":"Point","coordinates":[50.053699999999992,-3.4872999999999998]},"properties":{"FID":376,"NAME":"240A","KML_FOLDER":"25","Hole":"DSDP 25-240-A"}},{"type":"Feature","id":377,"geometry":{"type":"Point","coordinates":[44.679499999999997,-2.3706999999999998]},"properties":{"FID":377,"NAME":"241","KML_FOLDER":"25","Hole":"DSDP 25-241"}},{"type":"Feature","id":378,"geometry":{"type":"Point","coordinates":[41.820500000000003,-15.844200000000001]},"properties":{"FID":378,"NAME":"242","KML_FOLDER":"25","Hole":"DSDP 25-242"}},{"type":"Feature","id":379,"geometry":{"type":"Point","coordinates":[41.399799999999999,-22.908200000000001]},"properties":{"FID":379,"NAME":"243","KML_FOLDER":"25","Hole":"DSDP 25-243"}},{"type":"Feature","id":380,"geometry":{"type":"Point","coordinates":[41.433,-22.9312]},"properties":{"FID":380,"NAME":"244","KML_FOLDER":"25","Hole":"DSDP 25-244"}},{"type":"Feature","id":381,"geometry":{"type":"Point","coordinates":[52.301800000000007,-31.5337]},"properties":{"FID":381,"NAME":"245","KML_FOLDER":"25","Hole":"DSDP 25-245"}},{"type":"Feature","id":382,"geometry":{"type":"Point","coordinates":[52.301800000000007,-31.5337]},"properties":{"FID":382,"NAME":"245A","KML_FOLDER":"25","Hole":"DSDP 25-245-A"}},{"type":"Feature","id":383,"geometry":{"type":"Point","coordinates":[45.159500000000008,-33.620199999999997]},"properties":{"FID":383,"NAME":"246","KML_FOLDER":"25","Hole":"DSDP 25-246"}},{"type":"Feature","id":384,"geometry":{"type":"Point","coordinates":[45.011299999999991,-33.625500000000002]},"properties":{"FID":384,"NAME":"247","KML_FOLDER":"25","Hole":"DSDP 25-247"}},{"type":"Feature","id":385,"geometry":{"type":"Point","coordinates":[37.474699999999999,-29.529699999999998]},"properties":{"FID":385,"NAME":"248","KML_FOLDER":"25","Hole":"DSDP 25-248"}},{"type":"Feature","id":386,"geometry":{"type":"Point","coordinates":[36.076999999999998,-29.9498]},"properties":{"FID":386,"NAME":"249","KML_FOLDER":"25","Hole":"DSDP 25-249"}},{"type":"Feature","id":387,"geometry":{"type":"Point","coordinates":[39.369199999999999,-33.462299999999999]},"properties":{"FID":387,"NAME":"250","KML_FOLDER":"26","Hole":"DSDP 26-250"}},{"type":"Feature","id":388,"geometry":{"type":"Point","coordinates":[39.369199999999999,-33.462299999999999]},"properties":{"FID":388,"NAME":"250A","KML_FOLDER":"26","Hole":"DSDP 26-250-A"}},{"type":"Feature","id":389,"geometry":{"type":"Point","coordinates":[49.485799999999998,-36.504199999999997]},"properties":{"FID":389,"NAME":"251","KML_FOLDER":"26","Hole":"DSDP 26-251"}},{"type":"Feature","id":390,"geometry":{"type":"Point","coordinates":[49.485799999999998,-36.504199999999997]},"properties":{"FID":390,"NAME":"251A","KML_FOLDER":"26","Hole":"DSDP 26-251-A"}},{"type":"Feature","id":391,"geometry":{"type":"Point","coordinates":[59.238799999999998,-37.040700000000001]},"properties":{"FID":391,"NAME":"252","KML_FOLDER":"26","Hole":"DSDP 26-252"}},{"type":"Feature","id":392,"geometry":{"type":"Point","coordinates":[87.366200000000006,-24.877500000000001]},"properties":{"FID":392,"NAME":"253","KML_FOLDER":"26","Hole":"DSDP 26-253"}},{"type":"Feature","id":393,"geometry":{"type":"Point","coordinates":[87.895300000000006,-30.969200000000001]},"properties":{"FID":393,"NAME":"254","KML_FOLDER":"26","Hole":"DSDP 26-254"}},{"type":"Feature","id":394,"geometry":{"type":"Point","coordinates":[93.728700000000003,-31.1312]},"properties":{"FID":394,"NAME":"255","KML_FOLDER":"26","Hole":"DSDP 26-255"}},{"type":"Feature","id":395,"geometry":{"type":"Point","coordinates":[100.774,-23.4558]},"properties":{"FID":395,"NAME":"256","KML_FOLDER":"26","Hole":"DSDP 26-256"}},{"type":"Feature","id":396,"geometry":{"type":"Point","coordinates":[108.34999999999999,-30.986000000000001]},"properties":{"FID":396,"NAME":"257","KML_FOLDER":"26","Hole":"DSDP 26-257"}},{"type":"Feature","id":397,"geometry":{"type":"Point","coordinates":[112.474,-33.794800000000002]},"properties":{"FID":397,"NAME":"258","KML_FOLDER":"26","Hole":"DSDP 26-258"}},{"type":"Feature","id":398,"geometry":{"type":"Point","coordinates":[112.474,-33.794800000000002]},"properties":{"FID":398,"NAME":"258A","KML_FOLDER":"26","Hole":"DSDP 26-258-A"}},{"type":"Feature","id":399,"geometry":{"type":"Point","coordinates":[112.474,-33.794800000000002]},"properties":{"FID":399,"NAME":"258B","KML_FOLDER":"26","Hole":"DSDP 26-258-B"}},{"type":"Feature","id":400,"geometry":{"type":"Point","coordinates":[112.696,-29.6175]},"properties":{"FID":400,"NAME":"259","KML_FOLDER":"27","Hole":"DSDP 27-259"}},{"type":"Feature","id":401,"geometry":{"type":"Point","coordinates":[110.29900000000001,-16.144500000000001]},"properties":{"FID":401,"NAME":"260","KML_FOLDER":"27","Hole":"DSDP 27-260"}},{"type":"Feature","id":402,"geometry":{"type":"Point","coordinates":[117.893,-12.9472]},"properties":{"FID":402,"NAME":"261","KML_FOLDER":"27","Hole":"DSDP 27-261"}},{"type":"Feature","id":403,"geometry":{"type":"Point","coordinates":[123.846,-10.8698]},"properties":{"FID":403,"NAME":"262","KML_FOLDER":"27","Hole":"DSDP 27-262"}},{"type":"Feature","id":404,"geometry":{"type":"Point","coordinates":[110.964,-23.323799999999999]},"properties":{"FID":404,"NAME":"263","KML_FOLDER":"27","Hole":"DSDP 27-263"}},{"type":"Feature","id":405,"geometry":{"type":"Point","coordinates":[112.045,-34.968800000000002]},"properties":{"FID":405,"NAME":"264","KML_FOLDER":"28","Hole":"DSDP 28-264"}},{"type":"Feature","id":406,"geometry":{"type":"Point","coordinates":[112.045,-34.968800000000002]},"properties":{"FID":406,"NAME":"264A","KML_FOLDER":"28","Hole":"DSDP 28-264-A"}},{"type":"Feature","id":407,"geometry":{"type":"Point","coordinates":[109.946,-53.540799999999997]},"properties":{"FID":407,"NAME":"265","KML_FOLDER":"28","Hole":"DSDP 28-265"}},{"type":"Feature","id":408,"geometry":{"type":"Point","coordinates":[110.11199999999999,-56.402200000000001]},"properties":{"FID":408,"NAME":"266","KML_FOLDER":"28","Hole":"DSDP 28-266"}},{"type":"Feature","id":409,"geometry":{"type":"Point","coordinates":[104.488,-59.262300000000003]},"properties":{"FID":409,"NAME":"267","KML_FOLDER":"28","Hole":"DSDP 28-267"}},{"type":"Feature","id":410,"geometry":{"type":"Point","coordinates":[104.488,-59.262300000000003]},"properties":{"FID":410,"NAME":"267A","KML_FOLDER":"28","Hole":"DSDP 28-267-A"}},{"type":"Feature","id":411,"geometry":{"type":"Point","coordinates":[104.488,-59.262300000000003]},"properties":{"FID":411,"NAME":"267B","KML_FOLDER":"28","Hole":"DSDP 28-267-B"}},{"type":"Feature","id":412,"geometry":{"type":"Point","coordinates":[105.15600000000001,-63.949800000000003]},"properties":{"FID":412,"NAME":"268","KML_FOLDER":"28","Hole":"DSDP 28-268"}},{"type":"Feature","id":413,"geometry":{"type":"Point","coordinates":[140.06999999999999,-61.676199999999987]},"properties":{"FID":413,"NAME":"269","KML_FOLDER":"28","Hole":"DSDP 28-269"}},{"type":"Feature","id":414,"geometry":{"type":"Point","coordinates":[140.06999999999999,-61.676199999999987]},"properties":{"FID":414,"NAME":"269A","KML_FOLDER":"28","Hole":"DSDP 28-269-A"}},{"type":"Feature","id":415,"geometry":{"type":"Point","coordinates":[-178.50299999999999,-77.441299999999998]},"properties":{"FID":415,"NAME":"270","KML_FOLDER":"28","Hole":"DSDP 28-270"}},{"type":"Feature","id":416,"geometry":{"type":"Point","coordinates":[-175.048,-76.721199999999996]},"properties":{"FID":416,"NAME":"271","KML_FOLDER":"28","Hole":"DSDP 28-271"}},{"type":"Feature","id":417,"geometry":{"type":"Point","coordinates":[-176.75999999999999,-77.126999999999995]},"properties":{"FID":417,"NAME":"272","KML_FOLDER":"28","Hole":"DSDP 28-272"}},{"type":"Feature","id":418,"geometry":{"type":"Point","coordinates":[174.626,-74.538200000000003]},"properties":{"FID":418,"NAME":"273","KML_FOLDER":"28","Hole":"DSDP 28-273"}},{"type":"Feature","id":419,"geometry":{"type":"Point","coordinates":[174.626,-74.538200000000003]},"properties":{"FID":419,"NAME":"273A","KML_FOLDER":"28","Hole":"DSDP 28-273-A"}},{"type":"Feature","id":420,"geometry":{"type":"Point","coordinates":[173.42699999999999,-68.996799999999993]},"properties":{"FID":420,"NAME":"274","KML_FOLDER":"28","Hole":"DSDP 28-274"}},{"type":"Feature","id":421,"geometry":{"type":"Point","coordinates":[176.316,-50.439]},"properties":{"FID":421,"NAME":"275","KML_FOLDER":"29","Hole":"DSDP 29-275"}},{"type":"Feature","id":422,"geometry":{"type":"Point","coordinates":[176.80699999999999,-50.8018]},"properties":{"FID":422,"NAME":"276","KML_FOLDER":"29","Hole":"DSDP 29-276"}},{"type":"Feature","id":423,"geometry":{"type":"Point","coordinates":[166.191,-52.22379999999999]},"properties":{"FID":423,"NAME":"277","KML_FOLDER":"29","Hole":"DSDP 29-277"}},{"type":"Feature","id":424,"geometry":{"type":"Point","coordinates":[160.072,-56.557000000000002]},"properties":{"FID":424,"NAME":"278","KML_FOLDER":"29","Hole":"DSDP 29-278"}},{"type":"Feature","id":425,"geometry":{"type":"Point","coordinates":[160.072,-56.557000000000002]},"properties":{"FID":425,"NAME":"278A","KML_FOLDER":"29","Hole":"DSDP 29-278-A"}},{"type":"Feature","id":426,"geometry":{"type":"Point","coordinates":[162.63499999999999,-51.335700000000003]},"properties":{"FID":426,"NAME":"279","KML_FOLDER":"29","Hole":"DSDP 29-279"}},{"type":"Feature","id":427,"geometry":{"type":"Point","coordinates":[162.63499999999999,-51.335700000000003]},"properties":{"FID":427,"NAME":"279A","KML_FOLDER":"29","Hole":"DSDP 29-279-A"}},{"type":"Feature","id":428,"geometry":{"type":"Point","coordinates":[147.23500000000001,-48.957299999999996]},"properties":{"FID":428,"NAME":"280","KML_FOLDER":"29","Hole":"DSDP 29-280"}},{"type":"Feature","id":429,"geometry":{"type":"Point","coordinates":[147.23500000000001,-48.957299999999996]},"properties":{"FID":429,"NAME":"280A","KML_FOLDER":"29","Hole":"DSDP 29-280-A"}},{"type":"Feature","id":430,"geometry":{"type":"Point","coordinates":[147.76400000000001,-47.997300000000003]},"properties":{"FID":430,"NAME":"281","KML_FOLDER":"29","Hole":"DSDP 29-281"}},{"type":"Feature","id":431,"geometry":{"type":"Point","coordinates":[147.76400000000001,-47.997300000000003]},"properties":{"FID":431,"NAME":"281A","KML_FOLDER":"29","Hole":"DSDP 29-281-A"}},{"type":"Feature","id":432,"geometry":{"type":"Point","coordinates":[143.48599999999999,-42.246000000000002]},"properties":{"FID":432,"NAME":"282","KML_FOLDER":"29","Hole":"DSDP 29-282"}},{"type":"Feature","id":433,"geometry":{"type":"Point","coordinates":[154.28299999999999,-43.909999999999997]},"properties":{"FID":433,"NAME":"283","KML_FOLDER":"29","Hole":"DSDP 29-283"}},{"type":"Feature","id":434,"geometry":{"type":"Point","coordinates":[154.28299999999999,-43.909999999999997]},"properties":{"FID":434,"NAME":"283A","KML_FOLDER":"29","Hole":"DSDP 29-283-A"}},{"type":"Feature","id":435,"geometry":{"type":"Point","coordinates":[167.68000000000001,-40.508000000000003]},"properties":{"FID":435,"NAME":"284","KML_FOLDER":"29","Hole":"DSDP 29-284"}},{"type":"Feature","id":436,"geometry":{"type":"Point","coordinates":[167.68000000000001,-40.508000000000003]},"properties":{"FID":436,"NAME":"284A","KML_FOLDER":"29","Hole":"DSDP 29-284-A"}},{"type":"Feature","id":437,"geometry":{"type":"Point","coordinates":[175.804,-26.819299999999998]},"properties":{"FID":437,"NAME":"285","KML_FOLDER":"30","Hole":"DSDP 30-285"}},{"type":"Feature","id":438,"geometry":{"type":"Point","coordinates":[175.804,-26.819299999999998]},"properties":{"FID":438,"NAME":"285A","KML_FOLDER":"30","Hole":"DSDP 30-285-A"}},{"type":"Feature","id":439,"geometry":{"type":"Point","coordinates":[166.37,-16.532]},"properties":{"FID":439,"NAME":"286","KML_FOLDER":"30","Hole":"DSDP 30-286"}},{"type":"Feature","id":440,"geometry":{"type":"Point","coordinates":[153.26599999999999,-13.911199999999999]},"properties":{"FID":440,"NAME":"287","KML_FOLDER":"30","Hole":"DSDP 30-287"}},{"type":"Feature","id":441,"geometry":{"type":"Point","coordinates":[161.82599999999999,-5.9724999999999993]},"properties":{"FID":441,"NAME":"288","KML_FOLDER":"30","Hole":"DSDP 30-288"}},{"type":"Feature","id":442,"geometry":{"type":"Point","coordinates":[161.82599999999999,-5.9724999999999993]},"properties":{"FID":442,"NAME":"288A","KML_FOLDER":"30","Hole":"DSDP 30-288-A"}},{"type":"Feature","id":443,"geometry":{"type":"Point","coordinates":[161.82599999999999,-5.9724999999999993]},"properties":{"FID":443,"NAME":"288B","KML_FOLDER":"30","Hole":"DSDP 30-288-B"}},{"type":"Feature","id":444,"geometry":{"type":"Point","coordinates":[161.82599999999999,-5.9724999999999993]},"properties":{"FID":444,"NAME":"288C","KML_FOLDER":"30","Hole":"DSDP 30-288-C"}},{"type":"Feature","id":445,"geometry":{"type":"Point","coordinates":[158.512,-0.49869999999999998]},"properties":{"FID":445,"NAME":"289","KML_FOLDER":"30","Hole":"DSDP 30-289"}},{"type":"Feature","id":446,"geometry":{"type":"Point","coordinates":[133.46799999999999,17.747499999999999]},"properties":{"FID":446,"NAME":"290","KML_FOLDER":"31","Hole":"DSDP 31-290"}},{"type":"Feature","id":447,"geometry":{"type":"Point","coordinates":[133.46799999999999,17.747499999999999]},"properties":{"FID":447,"NAME":"290A","KML_FOLDER":"31","Hole":"DSDP 31-290-A"}},{"type":"Feature","id":448,"geometry":{"type":"Point","coordinates":[127.831,12.8072]},"properties":{"FID":448,"NAME":"291","KML_FOLDER":"31","Hole":"DSDP 31-291"}},{"type":"Feature","id":449,"geometry":{"type":"Point","coordinates":[127.831,12.8072]},"properties":{"FID":449,"NAME":"291A","KML_FOLDER":"31","Hole":"DSDP 31-291-A"}},{"type":"Feature","id":450,"geometry":{"type":"Point","coordinates":[124.651,15.8185]},"properties":{"FID":450,"NAME":"292","KML_FOLDER":"31","Hole":"DSDP 31-292"}},{"type":"Feature","id":451,"geometry":{"type":"Point","coordinates":[124.09399999999999,20.354199999999999]},"properties":{"FID":451,"NAME":"293","KML_FOLDER":"31","Hole":"DSDP 31-293"}},{"type":"Feature","id":452,"geometry":{"type":"Point","coordinates":[131.536,22.579000000000001]},"properties":{"FID":452,"NAME":"294","KML_FOLDER":"31","Hole":"DSDP 31-294"}},{"type":"Feature","id":453,"geometry":{"type":"Point","coordinates":[131.36699999999999,22.5627]},"properties":{"FID":453,"NAME":"295","KML_FOLDER":"31","Hole":"DSDP 31-295"}},{"type":"Feature","id":454,"geometry":{"type":"Point","coordinates":[133.52500000000001,29.340199999999999]},"properties":{"FID":454,"NAME":"296","KML_FOLDER":"31","Hole":"DSDP 31-296"}},{"type":"Feature","id":455,"geometry":{"type":"Point","coordinates":[134.16499999999999,30.872699999999998]},"properties":{"FID":455,"NAME":"297","KML_FOLDER":"31","Hole":"DSDP 31-297"}},{"type":"Feature","id":456,"geometry":{"type":"Point","coordinates":[134.16499999999999,30.872699999999998]},"properties":{"FID":456,"NAME":"297A","KML_FOLDER":"31","Hole":"DSDP 31-297-A"}},{"type":"Feature","id":457,"geometry":{"type":"Point","coordinates":[133.60400000000001,31.715499999999999]},"properties":{"FID":457,"NAME":"298","KML_FOLDER":"31","Hole":"DSDP 31-298"}},{"type":"Feature","id":458,"geometry":{"type":"Point","coordinates":[133.60400000000001,31.715499999999999]},"properties":{"FID":458,"NAME":"298A","KML_FOLDER":"31","Hole":"DSDP 31-298-A"}},{"type":"Feature","id":459,"geometry":{"type":"Point","coordinates":[137.66200000000001,39.494700000000002]},"properties":{"FID":459,"NAME":"299","KML_FOLDER":"31","Hole":"DSDP 31-299"}},{"type":"Feature","id":460,"geometry":{"type":"Point","coordinates":[136.10499999999999,41.049300000000002]},"properties":{"FID":460,"NAME":"300","KML_FOLDER":"31","Hole":"DSDP 31-300"}},{"type":"Feature","id":461,"geometry":{"type":"Point","coordinates":[134.048,41.0625]},"properties":{"FID":461,"NAME":"301","KML_FOLDER":"31","Hole":"DSDP 31-301"}},{"type":"Feature","id":462,"geometry":{"type":"Point","coordinates":[136.90000000000001,40.335500000000003]},"properties":{"FID":462,"NAME":"302","KML_FOLDER":"31","Hole":"DSDP 31-302"}},{"type":"Feature","id":463,"geometry":{"type":"Point","coordinates":[154.45099999999999,40.808300000000003]},"properties":{"FID":463,"NAME":"303","KML_FOLDER":"32","Hole":"DSDP 32-303"}},{"type":"Feature","id":464,"geometry":{"type":"Point","coordinates":[154.45099999999999,40.808300000000003]},"properties":{"FID":464,"NAME":"303A","KML_FOLDER":"32","Hole":"DSDP 32-303-A"}},{"type":"Feature","id":465,"geometry":{"type":"Point","coordinates":[155.06999999999999,39.337800000000001]},"properties":{"FID":465,"NAME":"304","KML_FOLDER":"32","Hole":"DSDP 32-304"}},{"type":"Feature","id":466,"geometry":{"type":"Point","coordinates":[157.84999999999999,32.002200000000002]},"properties":{"FID":466,"NAME":"305","KML_FOLDER":"32","Hole":"DSDP 32-305"}},{"type":"Feature","id":467,"geometry":{"type":"Point","coordinates":[157.47900000000001,31.867000000000001]},"properties":{"FID":467,"NAME":"306","KML_FOLDER":"32","Hole":"DSDP 32-306"}},{"type":"Feature","id":468,"geometry":{"type":"Point","coordinates":[161.005,28.587700000000009]},"properties":{"FID":468,"NAME":"307","KML_FOLDER":"32","Hole":"DSDP 32-307"}},{"type":"Feature","id":469,"geometry":{"type":"Point","coordinates":[172.15000000000001,34.982300000000002]},"properties":{"FID":469,"NAME":"308","KML_FOLDER":"32","Hole":"DSDP 32-308"}},{"type":"Feature","id":470,"geometry":{"type":"Point","coordinates":[171.56100000000001,34.905299999999997]},"properties":{"FID":470,"NAME":"309","KML_FOLDER":"32","Hole":"DSDP 32-309"}},{"type":"Feature","id":471,"geometry":{"type":"Point","coordinates":[176.90199999999999,36.868499999999997]},"properties":{"FID":471,"NAME":"310","KML_FOLDER":"32","Hole":"DSDP 32-310"}},{"type":"Feature","id":472,"geometry":{"type":"Point","coordinates":[176.90199999999999,36.868499999999997]},"properties":{"FID":472,"NAME":"310A","KML_FOLDER":"32","Hole":"DSDP 32-310-A"}},{"type":"Feature","id":473,"geometry":{"type":"Point","coordinates":[179.738,28.124300000000002]},"properties":{"FID":473,"NAME":"311","KML_FOLDER":"32","Hole":"DSDP 32-311"}},{"type":"Feature","id":474,"geometry":{"type":"Point","coordinates":[-178.13300000000001,25.578299999999999]},"properties":{"FID":474,"NAME":"312","KML_FOLDER":"32","Hole":"DSDP 32-312"}},{"type":"Feature","id":475,"geometry":{"type":"Point","coordinates":[-170.952,20.1753]},"properties":{"FID":475,"NAME":"313","KML_FOLDER":"32","Hole":"DSDP 32-313"}},{"type":"Feature","id":476,"geometry":{"type":"Point","coordinates":[-168.46799999999999,15.912699999999999]},"properties":{"FID":476,"NAME":"314","KML_FOLDER":"33","Hole":"DSDP 33-314"}},{"type":"Feature","id":477,"geometry":{"type":"Point","coordinates":[-158.52600000000001,4.1710000000000003]},"properties":{"FID":477,"NAME":"315","KML_FOLDER":"33","Hole":"DSDP 33-315"}},{"type":"Feature","id":478,"geometry":{"type":"Point","coordinates":[-158.52600000000001,4.1710000000000003]},"properties":{"FID":478,"NAME":"315A","KML_FOLDER":"33","Hole":"DSDP 33-315-A"}},{"type":"Feature","id":479,"geometry":{"type":"Point","coordinates":[-157.12799999999999,0.090700000000000003]},"properties":{"FID":479,"NAME":"316","KML_FOLDER":"33","Hole":"DSDP 33-316"}},{"type":"Feature","id":480,"geometry":{"type":"Point","coordinates":[-162.26300000000001,-11.0015]},"properties":{"FID":480,"NAME":"317","KML_FOLDER":"33","Hole":"DSDP 33-317"}},{"type":"Feature","id":481,"geometry":{"type":"Point","coordinates":[-162.26300000000001,-11.0015]},"properties":{"FID":481,"NAME":"317A","KML_FOLDER":"33","Hole":"DSDP 33-317-A"}},{"type":"Feature","id":482,"geometry":{"type":"Point","coordinates":[-162.26300000000001,-11.0015]},"properties":{"FID":482,"NAME":"317B","KML_FOLDER":"33","Hole":"DSDP 33-317-B"}},{"type":"Feature","id":483,"geometry":{"type":"Point","coordinates":[-146.85900000000001,-14.827199999999999]},"properties":{"FID":483,"NAME":"318","KML_FOLDER":"33","Hole":"DSDP 33-318"}},{"type":"Feature","id":484,"geometry":{"type":"Point","coordinates":[-101.524,-13.017300000000001]},"properties":{"FID":484,"NAME":"319","KML_FOLDER":"34","Hole":"DSDP 34-319"}},{"type":"Feature","id":485,"geometry":{"type":"Point","coordinates":[-101.524,-13.017300000000001]},"properties":{"FID":485,"NAME":"319A","KML_FOLDER":"34","Hole":"DSDP 34-319-A"}},{"type":"Feature","id":486,"geometry":{"type":"Point","coordinates":[-83.530000000000001,-9.0067000000000004]},"properties":{"FID":486,"NAME":"320","KML_FOLDER":"34","Hole":"DSDP 34-320"}},{"type":"Feature","id":487,"geometry":{"type":"Point","coordinates":[-83.530000000000001,-9.0067000000000004]},"properties":{"FID":487,"NAME":"320A","KML_FOLDER":"34","Hole":"DSDP 34-320-A"}},{"type":"Feature","id":488,"geometry":{"type":"Point","coordinates":[-83.530000000000001,-9.0067000000000004]},"properties":{"FID":488,"NAME":"320B","KML_FOLDER":"34","Hole":"DSDP 34-320-B"}},{"type":"Feature","id":489,"geometry":{"type":"Point","coordinates":[-81.903999999999996,-12.0215]},"properties":{"FID":489,"NAME":"321","KML_FOLDER":"34","Hole":"DSDP 34-321"}},{"type":"Feature","id":490,"geometry":{"type":"Point","coordinates":[-79.424800000000005,-60.024200000000008]},"properties":{"FID":490,"NAME":"322","KML_FOLDER":"35","Hole":"DSDP 35-322"}},{"type":"Feature","id":491,"geometry":{"type":"Point","coordinates":[-97.994799999999998,-63.680700000000002]},"properties":{"FID":491,"NAME":"323","KML_FOLDER":"35","Hole":"DSDP 35-323"}},{"type":"Feature","id":492,"geometry":{"type":"Point","coordinates":[-98.786699999999996,-69.0535]},"properties":{"FID":492,"NAME":"324","KML_FOLDER":"35","Hole":"DSDP 35-324"}},{"type":"Feature","id":493,"geometry":{"type":"Point","coordinates":[-73.673299999999998,-65.046499999999995]},"properties":{"FID":493,"NAME":"325","KML_FOLDER":"35","Hole":"DSDP 35-325"}},{"type":"Feature","id":494,"geometry":{"type":"Point","coordinates":[-65.303299999999993,-56.583300000000008]},"properties":{"FID":494,"NAME":"326","KML_FOLDER":"36","Hole":"DSDP 36-326"}},{"type":"Feature","id":495,"geometry":{"type":"Point","coordinates":[-46.783700000000003,-50.871299999999998]},"properties":{"FID":495,"NAME":"327","KML_FOLDER":"36","Hole":"DSDP 36-327"}},{"type":"Feature","id":496,"geometry":{"type":"Point","coordinates":[-46.783700000000003,-50.871299999999998]},"properties":{"FID":496,"NAME":"327A","KML_FOLDER":"36","Hole":"DSDP 36-327-A"}},{"type":"Feature","id":497,"geometry":{"type":"Point","coordinates":[-36.658799999999999,-49.811200000000007]},"properties":{"FID":497,"NAME":"328","KML_FOLDER":"36","Hole":"DSDP 36-328"}},{"type":"Feature","id":498,"geometry":{"type":"Point","coordinates":[-36.658799999999999,-49.811200000000007]},"properties":{"FID":498,"NAME":"328A","KML_FOLDER":"36","Hole":"DSDP 36-328-A"}},{"type":"Feature","id":499,"geometry":{"type":"Point","coordinates":[-36.658799999999999,-49.811200000000007]},"properties":{"FID":499,"NAME":"328B","KML_FOLDER":"36","Hole":"DSDP 36-328-B"}},{"type":"Feature","id":500,"geometry":{"type":"Point","coordinates":[-46.095500000000001,-50.655200000000001]},"properties":{"FID":500,"NAME":"329","KML_FOLDER":"36","Hole":"DSDP 36-329"}},{"type":"Feature","id":501,"geometry":{"type":"Point","coordinates":[-46.883299999999998,-50.919800000000002]},"properties":{"FID":501,"NAME":"330","KML_FOLDER":"36","Hole":"DSDP 36-330"}},{"type":"Feature","id":502,"geometry":{"type":"Point","coordinates":[-46.883299999999998,-50.919800000000002]},"properties":{"FID":502,"NAME":"330A","KML_FOLDER":"36","Hole":"DSDP 36-330-A"}},{"type":"Feature","id":503,"geometry":{"type":"Point","coordinates":[-38.115299999999998,-37.883299999999998]},"properties":{"FID":503,"NAME":"331","KML_FOLDER":"36","Hole":"DSDP 36-331"}},{"type":"Feature","id":504,"geometry":{"type":"Point","coordinates":[-33.640999999999998,36.878700000000002]},"properties":{"FID":504,"NAME":"332","KML_FOLDER":"37","Hole":"DSDP 37-332"}},{"type":"Feature","id":505,"geometry":{"type":"Point","coordinates":[-33.640999999999998,36.878700000000002]},"properties":{"FID":505,"NAME":"332A","KML_FOLDER":"37","Hole":"DSDP 37-332-A"}},{"type":"Feature","id":506,"geometry":{"type":"Point","coordinates":[-33.640999999999998,36.878700000000002]},"properties":{"FID":506,"NAME":"332B","KML_FOLDER":"37","Hole":"DSDP 37-332-B"}},{"type":"Feature","id":507,"geometry":{"type":"Point","coordinates":[-33.640999999999998,36.878700000000002]},"properties":{"FID":507,"NAME":"332C","KML_FOLDER":"37","Hole":"DSDP 37-332-C"}},{"type":"Feature","id":508,"geometry":{"type":"Point","coordinates":[-33.640999999999998,36.878700000000002]},"properties":{"FID":508,"NAME":"332D","KML_FOLDER":"37","Hole":"DSDP 37-332-D"}},{"type":"Feature","id":509,"geometry":{"type":"Point","coordinates":[-33.667499999999997,36.840800000000002]},"properties":{"FID":509,"NAME":"333","KML_FOLDER":"37","Hole":"DSDP 37-333"}},{"type":"Feature","id":510,"geometry":{"type":"Point","coordinates":[-33.667499999999997,36.840800000000002]},"properties":{"FID":510,"NAME":"333A","KML_FOLDER":"37","Hole":"DSDP 37-333-A"}},{"type":"Feature","id":511,"geometry":{"type":"Point","coordinates":[-34.414499999999997,37.035499999999999]},"properties":{"FID":511,"NAME":"334","KML_FOLDER":"37","Hole":"DSDP 37-334"}},{"type":"Feature","id":512,"geometry":{"type":"Point","coordinates":[-35.198700000000002,37.295699999999997]},"properties":{"FID":512,"NAME":"335","KML_FOLDER":"37","Hole":"DSDP 37-335"}},{"type":"Feature","id":513,"geometry":{"type":"Point","coordinates":[-7.7878000000000007,63.350999999999999]},"properties":{"FID":513,"NAME":"336","KML_FOLDER":"38","Hole":"DSDP 38-336"}},{"type":"Feature","id":514,"geometry":{"type":"Point","coordinates":[-5.3418000000000001,64.871700000000004]},"properties":{"FID":514,"NAME":"337","KML_FOLDER":"38","Hole":"DSDP 38-337"}},{"type":"Feature","id":515,"geometry":{"type":"Point","coordinates":[5.3876999999999997,67.785200000000003]},"properties":{"FID":515,"NAME":"338","KML_FOLDER":"38","Hole":"DSDP 38-338"}},{"type":"Feature","id":516,"geometry":{"type":"Point","coordinates":[6.3175000000000008,67.210800000000006]},"properties":{"FID":516,"NAME":"339","KML_FOLDER":"38","Hole":"DSDP 38-339"}},{"type":"Feature","id":517,"geometry":{"type":"Point","coordinates":[6.3063000000000002,67.207800000000006]},"properties":{"FID":517,"NAME":"340","KML_FOLDER":"38","Hole":"DSDP 38-340"}},{"type":"Feature","id":518,"geometry":{"type":"Point","coordinates":[6.1106999999999996,67.334999999999994]},"properties":{"FID":518,"NAME":"341","KML_FOLDER":"38","Hole":"DSDP 38-341"}},{"type":"Feature","id":519,"geometry":{"type":"Point","coordinates":[4.9337,67.950699999999998]},"properties":{"FID":519,"NAME":"342","KML_FOLDER":"38","Hole":"DSDP 38-342"}},{"type":"Feature","id":520,"geometry":{"type":"Point","coordinates":[5.7622,68.715199999999996]},"properties":{"FID":520,"NAME":"343","KML_FOLDER":"38","Hole":"DSDP 38-343"}},{"type":"Feature","id":521,"geometry":{"type":"Point","coordinates":[7.8753000000000002,76.149699999999996]},"properties":{"FID":521,"NAME":"344","KML_FOLDER":"38","Hole":"DSDP 38-344"}},{"type":"Feature","id":522,"geometry":{"type":"Point","coordinates":[-1.2377,69.837199999999996]},"properties":{"FID":522,"NAME":"345","KML_FOLDER":"38","Hole":"DSDP 38-345"}},{"type":"Feature","id":523,"geometry":{"type":"Point","coordinates":[-8.6854999999999993,69.889200000000002]},"properties":{"FID":523,"NAME":"346","KML_FOLDER":"38","Hole":"DSDP 38-346"}},{"type":"Feature","id":524,"geometry":{"type":"Point","coordinates":[-8.6966999999999999,69.871799999999993]},"properties":{"FID":524,"NAME":"347","KML_FOLDER":"38","Hole":"DSDP 38-347"}},{"type":"Feature","id":525,"geometry":{"type":"Point","coordinates":[-12.462,68.503]},"properties":{"FID":525,"NAME":"348","KML_FOLDER":"38","Hole":"DSDP 38-348"}},{"type":"Feature","id":526,"geometry":{"type":"Point","coordinates":[-8.0967000000000002,69.206800000000001]},"properties":{"FID":526,"NAME":"349","KML_FOLDER":"38","Hole":"DSDP 38-349"}},{"type":"Feature","id":527,"geometry":{"type":"Point","coordinates":[-8.2947000000000006,67.055700000000002]},"properties":{"FID":527,"NAME":"350","KML_FOLDER":"38","Hole":"DSDP 38-350"}},{"type":"Feature","id":528,"geometry":{"type":"Point","coordinates":[-11.3043,67.789000000000001]},"properties":{"FID":528,"NAME":"351","KML_FOLDER":"38","Hole":"DSDP 38-351"}},{"type":"Feature","id":529,"geometry":{"type":"Point","coordinates":[-12.471,63.649500000000003]},"properties":{"FID":529,"NAME":"352","KML_FOLDER":"38","Hole":"DSDP 38-352"}},{"type":"Feature","id":530,"geometry":{"type":"Point","coordinates":[-12.471,63.649500000000003]},"properties":{"FID":530,"NAME":"352A","KML_FOLDER":"38","Hole":"DSDP 38-352-A"}},{"type":"Feature","id":531,"geometry":{"type":"Point","coordinates":[-44.037500000000001,10.914999999999999]},"properties":{"FID":531,"NAME":"353","KML_FOLDER":"39","Hole":"DSDP 39-353"}},{"type":"Feature","id":532,"geometry":{"type":"Point","coordinates":[-44.037500000000001,10.914999999999999]},"properties":{"FID":532,"NAME":"353A","KML_FOLDER":"39","Hole":"DSDP 39-353-A"}},{"type":"Feature","id":533,"geometry":{"type":"Point","coordinates":[-44.037500000000001,10.914999999999999]},"properties":{"FID":533,"NAME":"353B","KML_FOLDER":"39","Hole":"DSDP 39-353-B"}},{"type":"Feature","id":534,"geometry":{"type":"Point","coordinates":[-44.196300000000001,5.8992000000000004]},"properties":{"FID":534,"NAME":"354","KML_FOLDER":"39","Hole":"DSDP 39-354"}},{"type":"Feature","id":535,"geometry":{"type":"Point","coordinates":[-30.6005,-15.7098]},"properties":{"FID":535,"NAME":"355","KML_FOLDER":"39","Hole":"DSDP 39-355"}},{"type":"Feature","id":536,"geometry":{"type":"Point","coordinates":[-41.088000000000001,-28.286999999999999]},"properties":{"FID":536,"NAME":"356","KML_FOLDER":"39","Hole":"DSDP 39-356"}},{"type":"Feature","id":537,"geometry":{"type":"Point","coordinates":[-41.088000000000001,-28.286999999999999]},"properties":{"FID":537,"NAME":"356A","KML_FOLDER":"39","Hole":"DSDP 39-356-A"}},{"type":"Feature","id":538,"geometry":{"type":"Point","coordinates":[-35.559800000000003,-30.004200000000001]},"properties":{"FID":538,"NAME":"357","KML_FOLDER":"39","Hole":"DSDP 39-357"}},{"type":"Feature","id":539,"geometry":{"type":"Point","coordinates":[-35.963700000000003,-37.655200000000001]},"properties":{"FID":539,"NAME":"358","KML_FOLDER":"39","Hole":"DSDP 39-358"}},{"type":"Feature","id":540,"geometry":{"type":"Point","coordinates":[-4.4972000000000003,-34.984999999999999]},"properties":{"FID":540,"NAME":"359","KML_FOLDER":"39","Hole":"DSDP 39-359"}},{"type":"Feature","id":541,"geometry":{"type":"Point","coordinates":[-4.4972000000000003,-34.984999999999999]},"properties":{"FID":541,"NAME":"359A","KML_FOLDER":"39","Hole":"DSDP 39-359-A"}},{"type":"Feature","id":542,"geometry":{"type":"Point","coordinates":[18.096499999999999,-35.845799999999997]},"properties":{"FID":542,"NAME":"360","KML_FOLDER":"40","Hole":"DSDP 40-360"}},{"type":"Feature","id":543,"geometry":{"type":"Point","coordinates":[15.448499999999999,-35.066200000000002]},"properties":{"FID":543,"NAME":"361","KML_FOLDER":"40","Hole":"DSDP 40-361"}},{"type":"Feature","id":544,"geometry":{"type":"Point","coordinates":[10.532500000000001,-19.7575]},"properties":{"FID":544,"NAME":"362","KML_FOLDER":"40","Hole":"DSDP 40-362"}},{"type":"Feature","id":545,"geometry":{"type":"Point","coordinates":[10.532500000000001,-19.7575]},"properties":{"FID":545,"NAME":"362A","KML_FOLDER":"40","Hole":"DSDP 40-362-A"}},{"type":"Feature","id":546,"geometry":{"type":"Point","coordinates":[9.0466999999999995,-19.645800000000001]},"properties":{"FID":546,"NAME":"363","KML_FOLDER":"40","Hole":"DSDP 40-363"}},{"type":"Feature","id":547,"geometry":{"type":"Point","coordinates":[11.9717,-11.571999999999999]},"properties":{"FID":547,"NAME":"364","KML_FOLDER":"40","Hole":"DSDP 40-364"}},{"type":"Feature","id":548,"geometry":{"type":"Point","coordinates":[11.895300000000001,-11.6517]},"properties":{"FID":548,"NAME":"365","KML_FOLDER":"40","Hole":"DSDP 40-365"}},{"type":"Feature","id":549,"geometry":{"type":"Point","coordinates":[-19.851299999999998,5.6779999999999999]},"properties":{"FID":549,"NAME":"366","KML_FOLDER":"41","Hole":"DSDP 41-366"}},{"type":"Feature","id":550,"geometry":{"type":"Point","coordinates":[-19.851299999999998,5.6779999999999999]},"properties":{"FID":550,"NAME":"366A","KML_FOLDER":"41","Hole":"DSDP 41-366-A"}},{"type":"Feature","id":551,"geometry":{"type":"Point","coordinates":[-20.0472,12.486800000000001]},"properties":{"FID":551,"NAME":"367","KML_FOLDER":"41","Hole":"DSDP 41-367"}},{"type":"Feature","id":552,"geometry":{"type":"Point","coordinates":[-21.3538,17.507200000000001]},"properties":{"FID":552,"NAME":"368","KML_FOLDER":"41","Hole":"DSDP 41-368"}},{"type":"Feature","id":553,"geometry":{"type":"Point","coordinates":[-14.998699999999999,26.592500000000001]},"properties":{"FID":553,"NAME":"369","KML_FOLDER":"41","Hole":"DSDP 41-369"}},{"type":"Feature","id":554,"geometry":{"type":"Point","coordinates":[-14.998699999999999,26.592500000000001]},"properties":{"FID":554,"NAME":"369A","KML_FOLDER":"41","Hole":"DSDP 41-369-A"}},{"type":"Feature","id":555,"geometry":{"type":"Point","coordinates":[-10.776,32.837499999999999]},"properties":{"FID":555,"NAME":"370","KML_FOLDER":"41","Hole":"DSDP 41-370"}},{"type":"Feature","id":556,"geometry":{"type":"Point","coordinates":[5.2591999999999999,37.597999999999999]},"properties":{"FID":556,"NAME":"371","KML_FOLDER":"42","Hole":"DSDP 42-371"}},{"type":"Feature","id":557,"geometry":{"type":"Point","coordinates":[4.7965,40.079999999999998]},"properties":{"FID":557,"NAME":"372","KML_FOLDER":"42","Hole":"DSDP 42-372"}},{"type":"Feature","id":558,"geometry":{"type":"Point","coordinates":[4.7965,40.079999999999998]},"properties":{"FID":558,"NAME":"372A","KML_FOLDER":"42","Hole":"DSDP 42-372-A"}},{"type":"Feature","id":559,"geometry":{"type":"Point","coordinates":[12.992699999999999,39.728000000000002]},"properties":{"FID":559,"NAME":"373","KML_FOLDER":"42","Hole":"DSDP 42-373"}},{"type":"Feature","id":560,"geometry":{"type":"Point","coordinates":[12.992699999999999,39.728000000000002]},"properties":{"FID":560,"NAME":"373A","KML_FOLDER":"42","Hole":"DSDP 42-373-A"}},{"type":"Feature","id":561,"geometry":{"type":"Point","coordinates":[18.196300000000001,35.847799999999999]},"properties":{"FID":561,"NAME":"374","KML_FOLDER":"42","Hole":"DSDP 42-374"}},{"type":"Feature","id":562,"geometry":{"type":"Point","coordinates":[31.760000000000002,34.7622]},"properties":{"FID":562,"NAME":"375","KML_FOLDER":"42","Hole":"DSDP 42-375"}},{"type":"Feature","id":563,"geometry":{"type":"Point","coordinates":[31.807500000000001,34.872]},"properties":{"FID":563,"NAME":"376","KML_FOLDER":"42","Hole":"DSDP 42-376"}},{"type":"Feature","id":564,"geometry":{"type":"Point","coordinates":[21.431000000000001,35.161700000000003]},"properties":{"FID":564,"NAME":"377","KML_FOLDER":"42","Hole":"DSDP 42-377"}},{"type":"Feature","id":565,"geometry":{"type":"Point","coordinates":[25.116199999999999,35.927799999999998]},"properties":{"FID":565,"NAME":"378","KML_FOLDER":"42","Hole":"DSDP 42-378"}},{"type":"Feature","id":566,"geometry":{"type":"Point","coordinates":[25.116199999999999,35.927799999999998]},"properties":{"FID":566,"NAME":"378A","KML_FOLDER":"42","Hole":"DSDP 42-378-A"}},{"type":"Feature","id":567,"geometry":{"type":"Point","coordinates":[36.011699999999998,43.005000000000003]},"properties":{"FID":567,"NAME":"379","KML_FOLDER":"42","Hole":"DSDP 42-379"}},{"type":"Feature","id":568,"geometry":{"type":"Point","coordinates":[36.011699999999998,43.005000000000003]},"properties":{"FID":568,"NAME":"379A","KML_FOLDER":"42","Hole":"DSDP 42-379-A"}},{"type":"Feature","id":569,"geometry":{"type":"Point","coordinates":[36.011699999999998,43.005000000000003]},"properties":{"FID":569,"NAME":"379B","KML_FOLDER":"42","Hole":"DSDP 42-379-B"}},{"type":"Feature","id":570,"geometry":{"type":"Point","coordinates":[29.613700000000001,42.098999999999997]},"properties":{"FID":570,"NAME":"380","KML_FOLDER":"42","Hole":"DSDP 42-380"}},{"type":"Feature","id":571,"geometry":{"type":"Point","coordinates":[29.613700000000001,42.098999999999997]},"properties":{"FID":571,"NAME":"380A","KML_FOLDER":"42","Hole":"DSDP 42-380-A"}},{"type":"Feature","id":572,"geometry":{"type":"Point","coordinates":[29.416,41.6708]},"properties":{"FID":572,"NAME":"381","KML_FOLDER":"42","Hole":"DSDP 42-381"}},{"type":"Feature","id":573,"geometry":{"type":"Point","coordinates":[-56.537500000000009,34.417299999999997]},"properties":{"FID":573,"NAME":"382","KML_FOLDER":"43","Hole":"DSDP 43-382"}},{"type":"Feature","id":574,"geometry":{"type":"Point","coordinates":[-53.353000000000009,39.247999999999998]},"properties":{"FID":574,"NAME":"383","KML_FOLDER":"43","Hole":"DSDP 43-383"}},{"type":"Feature","id":575,"geometry":{"type":"Point","coordinates":[-51.6633,40.360799999999998]},"properties":{"FID":575,"NAME":"384","KML_FOLDER":"43","Hole":"DSDP 43-384"}},{"type":"Feature","id":576,"geometry":{"type":"Point","coordinates":[-60.157499999999999,37.369500000000002]},"properties":{"FID":576,"NAME":"385","KML_FOLDER":"43","Hole":"DSDP 43-385"}},{"type":"Feature","id":577,"geometry":{"type":"Point","coordinates":[-64.248999999999995,31.186800000000002]},"properties":{"FID":577,"NAME":"386","KML_FOLDER":"43","Hole":"DSDP 43-386"}},{"type":"Feature","id":578,"geometry":{"type":"Point","coordinates":[-67.666700000000006,32.32]},"properties":{"FID":578,"NAME":"387","KML_FOLDER":"43","Hole":"DSDP 43-387"}},{"type":"Feature","id":579,"geometry":{"type":"Point","coordinates":[-69.396000000000001,35.522199999999998]},"properties":{"FID":579,"NAME":"388","KML_FOLDER":"44","Hole":"DSDP 44-388"}},{"type":"Feature","id":580,"geometry":{"type":"Point","coordinates":[-69.396000000000001,35.522199999999998]},"properties":{"FID":580,"NAME":"388A","KML_FOLDER":"44","Hole":"DSDP 44-388-A"}},{"type":"Feature","id":581,"geometry":{"type":"Point","coordinates":[-76.092799999999997,30.142299999999999]},"properties":{"FID":581,"NAME":"389","KML_FOLDER":"44","Hole":"DSDP 44-389"}},{"type":"Feature","id":582,"geometry":{"type":"Point","coordinates":[-76.112300000000005,30.142299999999999]},"properties":{"FID":582,"NAME":"390","KML_FOLDER":"44","Hole":"DSDP 44-390"}},{"type":"Feature","id":583,"geometry":{"type":"Point","coordinates":[-76.112300000000005,30.142299999999999]},"properties":{"FID":583,"NAME":"390A","KML_FOLDER":"44","Hole":"DSDP 44-390-A"}},{"type":"Feature","id":584,"geometry":{"type":"Point","coordinates":[-75.612700000000004,28.2288]},"properties":{"FID":584,"NAME":"391","KML_FOLDER":"44","Hole":"DSDP 44-391"}},{"type":"Feature","id":585,"geometry":{"type":"Point","coordinates":[-75.616699999999994,28.226800000000001]},"properties":{"FID":585,"NAME":"391A","KML_FOLDER":"44","Hole":"DSDP 44-391-A"}},{"type":"Feature","id":586,"geometry":{"type":"Point","coordinates":[-75.616699999999994,28.226800000000001]},"properties":{"FID":586,"NAME":"391B","KML_FOLDER":"44","Hole":"DSDP 44-391-B"}},{"type":"Feature","id":587,"geometry":{"type":"Point","coordinates":[-75.616699999999994,28.226800000000001]},"properties":{"FID":587,"NAME":"391C","KML_FOLDER":"44","Hole":"DSDP 44-391-C"}},{"type":"Feature","id":588,"geometry":{"type":"Point","coordinates":[-76.177999999999997,29.910499999999999]},"properties":{"FID":588,"NAME":"392","KML_FOLDER":"44","Hole":"DSDP 44-392"}},{"type":"Feature","id":589,"geometry":{"type":"Point","coordinates":[-76.177999999999997,29.910499999999999]},"properties":{"FID":589,"NAME":"392A","KML_FOLDER":"44","Hole":"DSDP 44-392-A"}},{"type":"Feature","id":590,"geometry":{"type":"Point","coordinates":[-75.599000000000004,28.1967]},"properties":{"FID":590,"NAME":"393","KML_FOLDER":"44","Hole":"DSDP 44-393"}},{"type":"Feature","id":591,"geometry":{"type":"Point","coordinates":[-75.599000000000004,28.1967]},"properties":{"FID":591,"NAME":"393A","KML_FOLDER":"44","Hole":"DSDP 44-393-A"}},{"type":"Feature","id":592,"geometry":{"type":"Point","coordinates":[-75.596000000000004,28.195]},"properties":{"FID":592,"NAME":"394","KML_FOLDER":"44","Hole":"DSDP 44-394"}},{"type":"Feature","id":593,"geometry":{"type":"Point","coordinates":[-75.596000000000004,28.195]},"properties":{"FID":593,"NAME":"394A","KML_FOLDER":"44","Hole":"DSDP 44-394-A"}},{"type":"Feature","id":594,"geometry":{"type":"Point","coordinates":[-46.081700000000012,22.755800000000001]},"properties":{"FID":594,"NAME":"395","KML_FOLDER":"45","Hole":"DSDP 45-395"}},{"type":"Feature","id":595,"geometry":{"type":"Point","coordinates":[-46.081700000000012,22.755800000000001]},"properties":{"FID":595,"NAME":"395A","KML_FOLDER":"45","Hole":"DSDP 45-395-A"}},{"type":"Feature","id":596,"geometry":{"type":"Point","coordinates":[-43.515799999999999,22.481300000000001]},"properties":{"FID":596,"NAME":"396","KML_FOLDER":"45","Hole":"DSDP 45-396"}},{"type":"Feature","id":597,"geometry":{"type":"Point","coordinates":[-43.515000000000001,22.985700000000001]},"properties":{"FID":597,"NAME":"396A","KML_FOLDER":"46","Hole":"DSDP 46-396-A"}},{"type":"Feature","id":598,"geometry":{"type":"Point","coordinates":[-43.515000000000001,22.985700000000001]},"properties":{"FID":598,"NAME":"396B","KML_FOLDER":"46","Hole":"DSDP 46-396-B"}},{"type":"Feature","id":599,"geometry":{"type":"Point","coordinates":[-15.18,26.844999999999999]},"properties":{"FID":599,"NAME":"397","KML_FOLDER":"47","Hole":"DSDP 47-397"}},{"type":"Feature","id":600,"geometry":{"type":"Point","coordinates":[-15.18,26.844999999999999]},"properties":{"FID":600,"NAME":"397A","KML_FOLDER":"47","Hole":"DSDP 47-397-A"}},{"type":"Feature","id":601,"geometry":{"type":"Point","coordinates":[-10.718299999999999,40.960000000000001]},"properties":{"FID":601,"NAME":"398","KML_FOLDER":"47","Hole":"DSDP 47-398"}},{"type":"Feature","id":602,"geometry":{"type":"Point","coordinates":[-10.718299999999999,40.960000000000001]},"properties":{"FID":602,"NAME":"398A","KML_FOLDER":"47","Hole":"DSDP 47-398-A"}},{"type":"Feature","id":603,"geometry":{"type":"Point","coordinates":[-10.718299999999999,40.960000000000001]},"properties":{"FID":603,"NAME":"398B","KML_FOLDER":"47","Hole":"DSDP 47-398-B"}},{"type":"Feature","id":604,"geometry":{"type":"Point","coordinates":[-10.718299999999999,40.960000000000001]},"properties":{"FID":604,"NAME":"398C","KML_FOLDER":"47","Hole":"DSDP 47-398-C"}},{"type":"Feature","id":605,"geometry":{"type":"Point","coordinates":[-10.718299999999999,40.960000000000001]},"properties":{"FID":605,"NAME":"398D","KML_FOLDER":"47","Hole":"DSDP 47-398-D"}},{"type":"Feature","id":606,"geometry":{"type":"Point","coordinates":[-9.2217000000000002,47.390000000000001]},"properties":{"FID":606,"NAME":"399","KML_FOLDER":"48","Hole":"DSDP 48-399"}},{"type":"Feature","id":607,"geometry":{"type":"Point","coordinates":[-9.1982999999999997,47.381700000000002]},"properties":{"FID":607,"NAME":"400","KML_FOLDER":"48","Hole":"DSDP 48-400"}},{"type":"Feature","id":608,"geometry":{"type":"Point","coordinates":[-9.1982999999999997,47.381700000000002]},"properties":{"FID":608,"NAME":"400A","KML_FOLDER":"48","Hole":"DSDP 48-400-A"}},{"type":"Feature","id":609,"geometry":{"type":"Point","coordinates":[-8.8102999999999998,47.427500000000009]},"properties":{"FID":609,"NAME":"401","KML_FOLDER":"48","Hole":"DSDP 48-401"}},{"type":"Feature","id":610,"geometry":{"type":"Point","coordinates":[-8.8407,47.874699999999997]},"properties":{"FID":610,"NAME":"402","KML_FOLDER":"48","Hole":"DSDP 48-402"}},{"type":"Feature","id":611,"geometry":{"type":"Point","coordinates":[-8.8407,47.874699999999997]},"properties":{"FID":611,"NAME":"402A","KML_FOLDER":"48","Hole":"DSDP 48-402-A"}},{"type":"Feature","id":612,"geometry":{"type":"Point","coordinates":[-23.294,56.138500000000001]},"properties":{"FID":612,"NAME":"403","KML_FOLDER":"48","Hole":"DSDP 48-403"}},{"type":"Feature","id":613,"geometry":{"type":"Point","coordinates":[-23.249199999999998,56.052200000000013]},"properties":{"FID":613,"NAME":"404","KML_FOLDER":"48","Hole":"DSDP 48-404"}},{"type":"Feature","id":614,"geometry":{"type":"Point","coordinates":[-22.058199999999999,55.336300000000001]},"properties":{"FID":614,"NAME":"405","KML_FOLDER":"48","Hole":"DSDP 48-405"}},{"type":"Feature","id":615,"geometry":{"type":"Point","coordinates":[-22.090199999999999,55.258299999999998]},"properties":{"FID":615,"NAME":"406","KML_FOLDER":"48","Hole":"DSDP 48-406"}},{"type":"Feature","id":616,"geometry":{"type":"Point","coordinates":[-30.576000000000001,63.938699999999997]},"properties":{"FID":616,"NAME":"407","KML_FOLDER":"49","Hole":"DSDP 49-407"}},{"type":"Feature","id":617,"geometry":{"type":"Point","coordinates":[-28.911799999999999,63.377200000000002]},"properties":{"FID":617,"NAME":"408","KML_FOLDER":"49","Hole":"DSDP 49-408"}},{"type":"Feature","id":618,"geometry":{"type":"Point","coordinates":[-25.9528,62.616300000000003]},"properties":{"FID":618,"NAME":"409","KML_FOLDER":"49","Hole":"DSDP 49-409"}},{"type":"Feature","id":619,"geometry":{"type":"Point","coordinates":[-29.475999999999999,45.508799999999987]},"properties":{"FID":619,"NAME":"410","KML_FOLDER":"49","Hole":"DSDP 49-410"}},{"type":"Feature","id":620,"geometry":{"type":"Point","coordinates":[-29.475999999999999,45.508799999999987]},"properties":{"FID":620,"NAME":"410A","KML_FOLDER":"49","Hole":"DSDP 49-410-A"}},{"type":"Feature","id":621,"geometry":{"type":"Point","coordinates":[-33.388300000000001,36.766199999999998]},"properties":{"FID":621,"NAME":"411","KML_FOLDER":"49","Hole":"DSDP 49-411"}},{"type":"Feature","id":622,"geometry":{"type":"Point","coordinates":[-33.388300000000001,36.766199999999998]},"properties":{"FID":622,"NAME":"411A","KML_FOLDER":"49","Hole":"DSDP 49-411-A"}},{"type":"Feature","id":623,"geometry":{"type":"Point","coordinates":[-33.165999999999997,36.5623]},"properties":{"FID":623,"NAME":"412","KML_FOLDER":"49","Hole":"DSDP 49-412"}},{"type":"Feature","id":624,"geometry":{"type":"Point","coordinates":[-33.165999999999997,36.5623]},"properties":{"FID":624,"NAME":"412A","KML_FOLDER":"49","Hole":"DSDP 49-412-A"}},{"type":"Feature","id":625,"geometry":{"type":"Point","coordinates":[-33.174999999999997,36.543199999999999]},"properties":{"FID":625,"NAME":"413","KML_FOLDER":"49","Hole":"DSDP 49-413"}},{"type":"Feature","id":626,"geometry":{"type":"Point","coordinates":[-27.5017,32.049999999999997]},"properties":{"FID":626,"NAME":"414","KML_FOLDER":"49","Hole":"DSDP 49-414"}},{"type":"Feature","id":627,"geometry":{"type":"Point","coordinates":[-11.6518,31.028700000000001]},"properties":{"FID":627,"NAME":"415","KML_FOLDER":"50","Hole":"DSDP 50-415"}},{"type":"Feature","id":628,"geometry":{"type":"Point","coordinates":[-11.6518,31.028700000000001]},"properties":{"FID":628,"NAME":"415A","KML_FOLDER":"50","Hole":"DSDP 50-415-A"}},{"type":"Feature","id":629,"geometry":{"type":"Point","coordinates":[-11.6518,31.028700000000001]},"properties":{"FID":629,"NAME":"415B","KML_FOLDER":"50","Hole":"DSDP 50-415-B"}},{"type":"Feature","id":630,"geometry":{"type":"Point","coordinates":[-10.801,32.836300000000001]},"properties":{"FID":630,"NAME":"416","KML_FOLDER":"50","Hole":"DSDP 50-416"}},{"type":"Feature","id":631,"geometry":{"type":"Point","coordinates":[-10.801,32.836300000000001]},"properties":{"FID":631,"NAME":"416A","KML_FOLDER":"50","Hole":"DSDP 50-416-A"}},{"type":"Feature","id":632,"geometry":{"type":"Point","coordinates":[-68.041300000000007,25.110499999999998]},"properties":{"FID":632,"NAME":"417","KML_FOLDER":"51","Hole":"DSDP 51-417"}},{"type":"Feature","id":633,"geometry":{"type":"Point","coordinates":[-68.041300000000007,25.110499999999998]},"properties":{"FID":633,"NAME":"417A","KML_FOLDER":"51","Hole":"DSDP 51-417-A"}},{"type":"Feature","id":634,"geometry":{"type":"Point","coordinates":[-68.046999999999997,25.111499999999999]},"properties":{"FID":634,"NAME":"417B","KML_FOLDER":"51","Hole":"DSDP 51-417-B"}},{"type":"Feature","id":635,"geometry":{"type":"Point","coordinates":[-68.046800000000005,25.111499999999999]},"properties":{"FID":635,"NAME":"417C","KML_FOLDER":"51","Hole":"DSDP 51-417-C"}},{"type":"Feature","id":636,"geometry":{"type":"Point","coordinates":[-68.046800000000005,25.111499999999999]},"properties":{"FID":636,"NAME":"417D","KML_FOLDER":"51","Hole":"DSDP 51-417-D"}},{"type":"Feature","id":637,"geometry":{"type":"Point","coordinates":[-68.046800000000005,25.111499999999999]},"properties":{"FID":637,"NAME":"417D","KML_FOLDER":"52","Hole":"DSDP 52-417-D"}},{"type":"Feature","id":638,"geometry":{"type":"Point","coordinates":[-68.057299999999998,25.035]},"properties":{"FID":638,"NAME":"418","KML_FOLDER":"52","Hole":"DSDP 52-418"}},{"type":"Feature","id":639,"geometry":{"type":"Point","coordinates":[-68.057299999999998,25.035]},"properties":{"FID":639,"NAME":"418A","KML_FOLDER":"52","Hole":"DSDP 52-418-A"}},{"type":"Feature","id":640,"geometry":{"type":"Point","coordinates":[-68.057299999999998,25.035]},"properties":{"FID":640,"NAME":"418A","KML_FOLDER":"53","Hole":"DSDP 53-418-A"}},{"type":"Feature","id":641,"geometry":{"type":"Point","coordinates":[-68.057500000000005,25.034700000000001]},"properties":{"FID":641,"NAME":"418B","KML_FOLDER":"53","Hole":"DSDP 53-418-B"}},{"type":"Feature","id":642,"geometry":{"type":"Point","coordinates":[-105.68600000000001,8.9327000000000005]},"properties":{"FID":642,"NAME":"419","KML_FOLDER":"54","Hole":"DSDP 54-419"}},{"type":"Feature","id":643,"geometry":{"type":"Point","coordinates":[-105.687,8.9245000000000001]},"properties":{"FID":643,"NAME":"419A","KML_FOLDER":"54","Hole":"DSDP 54-419-A"}},{"type":"Feature","id":644,"geometry":{"type":"Point","coordinates":[-106.113,9.0016999999999996]},"properties":{"FID":644,"NAME":"420","KML_FOLDER":"54","Hole":"DSDP 54-420"}},{"type":"Feature","id":645,"geometry":{"type":"Point","coordinates":[-106.105,9.0083000000000002]},"properties":{"FID":645,"NAME":"420A","KML_FOLDER":"54","Hole":"DSDP 54-420-A"}},{"type":"Feature","id":646,"geometry":{"type":"Point","coordinates":[-106.06100000000001,9.0235000000000003]},"properties":{"FID":646,"NAME":"421","KML_FOLDER":"54","Hole":"DSDP 54-421"}},{"type":"Feature","id":647,"geometry":{"type":"Point","coordinates":[-105.271,9.1765000000000008]},"properties":{"FID":647,"NAME":"422","KML_FOLDER":"54","Hole":"DSDP 54-422"}},{"type":"Feature","id":648,"geometry":{"type":"Point","coordinates":[-105.10899999999999,9.1468000000000007]},"properties":{"FID":648,"NAME":"423","KML_FOLDER":"54","Hole":"DSDP 54-423"}},{"type":"Feature","id":649,"geometry":{"type":"Point","coordinates":[-86.130300000000005,0.59379999999999999]},"properties":{"FID":649,"NAME":"424","KML_FOLDER":"54","Hole":"DSDP 54-424"}},{"type":"Feature","id":650,"geometry":{"type":"Point","coordinates":[-86.130200000000002,0.58879999999999999]},"properties":{"FID":650,"NAME":"424A","KML_FOLDER":"54","Hole":"DSDP 54-424-A"}},{"type":"Feature","id":651,"geometry":{"type":"Point","coordinates":[-86.130300000000005,0.59699999999999998]},"properties":{"FID":651,"NAME":"424B","KML_FOLDER":"54","Hole":"DSDP 54-424-B"}},{"type":"Feature","id":652,"geometry":{"type":"Point","coordinates":[-86.130300000000005,0.5988]},"properties":{"FID":652,"NAME":"424C","KML_FOLDER":"54","Hole":"DSDP 54-424-C"}},{"type":"Feature","id":653,"geometry":{"type":"Point","coordinates":[-86.070300000000003,1.3947000000000001]},"properties":{"FID":653,"NAME":"425","KML_FOLDER":"54","Hole":"DSDP 54-425"}},{"type":"Feature","id":654,"geometry":{"type":"Point","coordinates":[-104.255,8.7880000000000003]},"properties":{"FID":654,"NAME":"426","KML_FOLDER":"54","Hole":"DSDP 54-426"}},{"type":"Feature","id":655,"geometry":{"type":"Point","coordinates":[-104.60599999999999,8.1132000000000009]},"properties":{"FID":655,"NAME":"427","KML_FOLDER":"54","Hole":"DSDP 54-427"}},{"type":"Feature","id":656,"geometry":{"type":"Point","coordinates":[-105.43600000000001,9.0462000000000007]},"properties":{"FID":656,"NAME":"428","KML_FOLDER":"54","Hole":"DSDP 54-428"}},{"type":"Feature","id":657,"geometry":{"type":"Point","coordinates":[-105.43600000000001,9.0462000000000007]},"properties":{"FID":657,"NAME":"428A","KML_FOLDER":"54","Hole":"DSDP 54-428-A"}},{"type":"Feature","id":658,"geometry":{"type":"Point","coordinates":[-106.77200000000001,9.0335000000000001]},"properties":{"FID":658,"NAME":"429","KML_FOLDER":"54","Hole":"DSDP 54-429"}},{"type":"Feature","id":659,"geometry":{"type":"Point","coordinates":[-106.765,9.0335000000000001]},"properties":{"FID":659,"NAME":"429A","KML_FOLDER":"54","Hole":"DSDP 54-429-A"}},{"type":"Feature","id":660,"geometry":{"type":"Point","coordinates":[170.59100000000001,37.981299999999997]},"properties":{"FID":660,"NAME":"430","KML_FOLDER":"55","Hole":"DSDP 55-430"}},{"type":"Feature","id":661,"geometry":{"type":"Point","coordinates":[170.59800000000001,37.988199999999999]},"properties":{"FID":661,"NAME":"430A","KML_FOLDER":"55","Hole":"DSDP 55-430-A"}},{"type":"Feature","id":662,"geometry":{"type":"Point","coordinates":[170.602,37.991999999999997]},"properties":{"FID":662,"NAME":"430B","KML_FOLDER":"55","Hole":"DSDP 55-430-B"}},{"type":"Feature","id":663,"geometry":{"type":"Point","coordinates":[170.54499999999999,42.423999999999999]},"properties":{"FID":663,"NAME":"431","KML_FOLDER":"55","Hole":"DSDP 55-431"}},{"type":"Feature","id":664,"geometry":{"type":"Point","coordinates":[170.54300000000001,42.423200000000001]},"properties":{"FID":664,"NAME":"431A","KML_FOLDER":"55","Hole":"DSDP 55-431-A"}},{"type":"Feature","id":665,"geometry":{"type":"Point","coordinates":[170.37899999999999,41.333799999999997]},"properties":{"FID":665,"NAME":"432","KML_FOLDER":"55","Hole":"DSDP 55-432"}},{"type":"Feature","id":666,"geometry":{"type":"Point","coordinates":[170.37899999999999,41.333799999999997]},"properties":{"FID":666,"NAME":"432A","KML_FOLDER":"55","Hole":"DSDP 55-432-A"}},{"type":"Feature","id":667,"geometry":{"type":"Point","coordinates":[170.02099999999999,44.776699999999998]},"properties":{"FID":667,"NAME":"433","KML_FOLDER":"55","Hole":"DSDP 55-433"}},{"type":"Feature","id":668,"geometry":{"type":"Point","coordinates":[170.02099999999999,44.776699999999998]},"properties":{"FID":668,"NAME":"433A","KML_FOLDER":"55","Hole":"DSDP 55-433-A"}},{"type":"Feature","id":669,"geometry":{"type":"Point","coordinates":[170.02000000000001,44.777200000000001]},"properties":{"FID":669,"NAME":"433B","KML_FOLDER":"55","Hole":"DSDP 55-433-B"}},{"type":"Feature","id":670,"geometry":{"type":"Point","coordinates":[170.02000000000001,44.777200000000001]},"properties":{"FID":670,"NAME":"433C","KML_FOLDER":"55","Hole":"DSDP 55-433-C"}},{"type":"Feature","id":671,"geometry":{"type":"Point","coordinates":[144.102,39.746000000000002]},"properties":{"FID":671,"NAME":"434","KML_FOLDER":"56","Hole":"DSDP 56-434"}},{"type":"Feature","id":672,"geometry":{"type":"Point","coordinates":[144.102,39.746000000000002]},"properties":{"FID":672,"NAME":"434A","KML_FOLDER":"56","Hole":"DSDP 56-434-A"}},{"type":"Feature","id":673,"geometry":{"type":"Point","coordinates":[144.101,39.747799999999998]},"properties":{"FID":673,"NAME":"434B","KML_FOLDER":"56","Hole":"DSDP 56-434-B"}},{"type":"Feature","id":674,"geometry":{"type":"Point","coordinates":[143.792,39.7348]},"properties":{"FID":674,"NAME":"435","KML_FOLDER":"56","Hole":"DSDP 56-435"}},{"type":"Feature","id":675,"geometry":{"type":"Point","coordinates":[143.79300000000001,39.734999999999999]},"properties":{"FID":675,"NAME":"435A","KML_FOLDER":"56","Hole":"DSDP 56-435-A"}},{"type":"Feature","id":676,"geometry":{"type":"Point","coordinates":[145.55799999999999,39.932699999999997]},"properties":{"FID":676,"NAME":"436","KML_FOLDER":"56","Hole":"DSDP 56-436"}},{"type":"Feature","id":677,"geometry":{"type":"Point","coordinates":[145.666,39.897199999999998]},"properties":{"FID":677,"NAME":"437","KML_FOLDER":"56","Hole":"DSDP 56-437"}},{"type":"Feature","id":678,"geometry":{"type":"Point","coordinates":[143.232,40.629199999999997]},"properties":{"FID":678,"NAME":"438","KML_FOLDER":"57","Hole":"DSDP 57-438"}},{"type":"Feature","id":679,"geometry":{"type":"Point","coordinates":[143.23599999999999,40.629800000000003]},"properties":{"FID":679,"NAME":"438A","KML_FOLDER":"57","Hole":"DSDP 57-438-A"}},{"type":"Feature","id":680,"geometry":{"type":"Point","coordinates":[143.24700000000001,40.630000000000003]},"properties":{"FID":680,"NAME":"438B","KML_FOLDER":"57","Hole":"DSDP 57-438-B"}},{"type":"Feature","id":681,"geometry":{"type":"Point","coordinates":[143.31100000000001,40.626800000000003]},"properties":{"FID":681,"NAME":"439","KML_FOLDER":"57","Hole":"DSDP 57-439"}},{"type":"Feature","id":682,"geometry":{"type":"Point","coordinates":[143.929,39.738799999999998]},"properties":{"FID":682,"NAME":"440","KML_FOLDER":"57","Hole":"DSDP 57-440"}},{"type":"Feature","id":683,"geometry":{"type":"Point","coordinates":[143.929,39.735500000000002]},"properties":{"FID":683,"NAME":"440A","KML_FOLDER":"57","Hole":"DSDP 57-440-A"}},{"type":"Feature","id":684,"geometry":{"type":"Point","coordinates":[143.929,39.735500000000002]},"properties":{"FID":684,"NAME":"440B","KML_FOLDER":"57","Hole":"DSDP 57-440-B"}},{"type":"Feature","id":685,"geometry":{"type":"Point","coordinates":[144.077,39.750799999999998]},"properties":{"FID":685,"NAME":"441","KML_FOLDER":"57","Hole":"DSDP 57-441"}},{"type":"Feature","id":686,"geometry":{"type":"Point","coordinates":[144.077,39.750799999999998]},"properties":{"FID":686,"NAME":"441A","KML_FOLDER":"57","Hole":"DSDP 57-441-A"}},{"type":"Feature","id":687,"geometry":{"type":"Point","coordinates":[144.077,39.751300000000001]},"properties":{"FID":687,"NAME":"441B","KML_FOLDER":"57","Hole":"DSDP 57-441-B"}},{"type":"Feature","id":688,"geometry":{"type":"Point","coordinates":[136.05699999999999,28.9833]},"properties":{"FID":688,"NAME":"442","KML_FOLDER":"58","Hole":"DSDP 58-442"}},{"type":"Feature","id":689,"geometry":{"type":"Point","coordinates":[136.05699999999999,28.9833]},"properties":{"FID":689,"NAME":"442A","KML_FOLDER":"58","Hole":"DSDP 58-442-A"}},{"type":"Feature","id":690,"geometry":{"type":"Point","coordinates":[136.05699999999999,28.984000000000002]},"properties":{"FID":690,"NAME":"442B","KML_FOLDER":"58","Hole":"DSDP 58-442-B"}},{"type":"Feature","id":691,"geometry":{"type":"Point","coordinates":[137.441,29.327500000000001]},"properties":{"FID":691,"NAME":"443","KML_FOLDER":"58","Hole":"DSDP 58-443"}},{"type":"Feature","id":692,"geometry":{"type":"Point","coordinates":[137.684,28.637499999999999]},"properties":{"FID":692,"NAME":"444","KML_FOLDER":"58","Hole":"DSDP 58-444"}},{"type":"Feature","id":693,"geometry":{"type":"Point","coordinates":[137.684,28.637499999999999]},"properties":{"FID":693,"NAME":"444A","KML_FOLDER":"58","Hole":"DSDP 58-444-A"}},{"type":"Feature","id":694,"geometry":{"type":"Point","coordinates":[133.208,25.5227]},"properties":{"FID":694,"NAME":"445","KML_FOLDER":"58","Hole":"DSDP 58-445"}},{"type":"Feature","id":695,"geometry":{"type":"Point","coordinates":[132.77500000000001,24.700700000000001]},"properties":{"FID":695,"NAME":"446","KML_FOLDER":"58","Hole":"DSDP 58-446"}},{"type":"Feature","id":696,"geometry":{"type":"Point","coordinates":[132.77500000000001,24.700700000000001]},"properties":{"FID":696,"NAME":"446A","KML_FOLDER":"58","Hole":"DSDP 58-446-A"}},{"type":"Feature","id":697,"geometry":{"type":"Point","coordinates":[133.28999999999999,18.014700000000001]},"properties":{"FID":697,"NAME":"447","KML_FOLDER":"59","Hole":"DSDP 59-447"}},{"type":"Feature","id":698,"geometry":{"type":"Point","coordinates":[133.28999999999999,18.014700000000001]},"properties":{"FID":698,"NAME":"447A","KML_FOLDER":"59","Hole":"DSDP 59-447-A"}},{"type":"Feature","id":699,"geometry":{"type":"Point","coordinates":[134.874,16.341000000000001]},"properties":{"FID":699,"NAME":"448","KML_FOLDER":"59","Hole":"DSDP 59-448"}},{"type":"Feature","id":700,"geometry":{"type":"Point","coordinates":[134.874,16.341000000000001]},"properties":{"FID":700,"NAME":"448A","KML_FOLDER":"59","Hole":"DSDP 59-448-A"}},{"type":"Feature","id":701,"geometry":{"type":"Point","coordinates":[136.536,18.0307]},"properties":{"FID":701,"NAME":"449","KML_FOLDER":"59","Hole":"DSDP 59-449"}},{"type":"Feature","id":702,"geometry":{"type":"Point","coordinates":[140.78899999999999,18.000299999999999]},"properties":{"FID":702,"NAME":"450","KML_FOLDER":"59","Hole":"DSDP 59-450"}},{"type":"Feature","id":703,"geometry":{"type":"Point","coordinates":[143.27600000000001,18.014700000000001]},"properties":{"FID":703,"NAME":"451","KML_FOLDER":"59","Hole":"DSDP 59-451"}},{"type":"Feature","id":704,"geometry":{"type":"Point","coordinates":[148.62899999999999,17.669799999999999]},"properties":{"FID":704,"NAME":"452","KML_FOLDER":"60","Hole":"DSDP 60-452"}},{"type":"Feature","id":705,"geometry":{"type":"Point","coordinates":[148.62899999999999,17.669499999999999]},"properties":{"FID":705,"NAME":"452A","KML_FOLDER":"60","Hole":"DSDP 60-452-A"}},{"type":"Feature","id":706,"geometry":{"type":"Point","coordinates":[143.68199999999999,17.907]},"properties":{"FID":706,"NAME":"453","KML_FOLDER":"60","Hole":"DSDP 60-453"}},{"type":"Feature","id":707,"geometry":{"type":"Point","coordinates":[144.53200000000001,18.013000000000002]},"properties":{"FID":707,"NAME":"454","KML_FOLDER":"60","Hole":"DSDP 60-454"}},{"type":"Feature","id":708,"geometry":{"type":"Point","coordinates":[144.53200000000001,18.013000000000002]},"properties":{"FID":708,"NAME":"454A","KML_FOLDER":"60","Hole":"DSDP 60-454-A"}},{"type":"Feature","id":709,"geometry":{"type":"Point","coordinates":[145.358,17.854299999999999]},"properties":{"FID":709,"NAME":"455","KML_FOLDER":"60","Hole":"DSDP 60-455"}},{"type":"Feature","id":710,"geometry":{"type":"Point","coordinates":[145.18000000000001,17.911300000000001]},"properties":{"FID":710,"NAME":"456","KML_FOLDER":"60","Hole":"DSDP 60-456"}},{"type":"Feature","id":711,"geometry":{"type":"Point","coordinates":[145.18100000000001,17.911799999999999]},"properties":{"FID":711,"NAME":"456A","KML_FOLDER":"60","Hole":"DSDP 60-456-A"}},{"type":"Feature","id":712,"geometry":{"type":"Point","coordinates":[145.81700000000001,17.833200000000001]},"properties":{"FID":712,"NAME":"457","KML_FOLDER":"60","Hole":"DSDP 60-457"}},{"type":"Feature","id":713,"geometry":{"type":"Point","coordinates":[146.934,17.8642]},"properties":{"FID":713,"NAME":"458","KML_FOLDER":"60","Hole":"DSDP 60-458"}},{"type":"Feature","id":714,"geometry":{"type":"Point","coordinates":[147.30099999999999,17.862500000000001]},"properties":{"FID":714,"NAME":"459","KML_FOLDER":"60","Hole":"DSDP 60-459"}},{"type":"Feature","id":715,"geometry":{"type":"Point","coordinates":[147.30099999999999,17.862500000000001]},"properties":{"FID":715,"NAME":"459A","KML_FOLDER":"60","Hole":"DSDP 60-459-A"}},{"type":"Feature","id":716,"geometry":{"type":"Point","coordinates":[147.30099999999999,17.862500000000001]},"properties":{"FID":716,"NAME":"459B","KML_FOLDER":"60","Hole":"DSDP 60-459-B"}},{"type":"Feature","id":717,"geometry":{"type":"Point","coordinates":[147.59899999999999,17.669]},"properties":{"FID":717,"NAME":"460","KML_FOLDER":"60","Hole":"DSDP 60-460"}},{"type":"Feature","id":718,"geometry":{"type":"Point","coordinates":[147.58600000000001,17.667000000000002]},"properties":{"FID":718,"NAME":"460A","KML_FOLDER":"60","Hole":"DSDP 60-460-A"}},{"type":"Feature","id":719,"geometry":{"type":"Point","coordinates":[147.68600000000001,17.767499999999998]},"properties":{"FID":719,"NAME":"461","KML_FOLDER":"60","Hole":"DSDP 60-461"}},{"type":"Feature","id":720,"geometry":{"type":"Point","coordinates":[147.68799999999999,17.766999999999999]},"properties":{"FID":720,"NAME":"461A","KML_FOLDER":"60","Hole":"DSDP 60-461-A"}},{"type":"Feature","id":721,"geometry":{"type":"Point","coordinates":[165.03100000000001,7.2374999999999998]},"properties":{"FID":721,"NAME":"462","KML_FOLDER":"61","Hole":"DSDP 61-462"}},{"type":"Feature","id":722,"geometry":{"type":"Point","coordinates":[165.03200000000001,7.2416999999999998]},"properties":{"FID":722,"NAME":"462A","KML_FOLDER":"61","Hole":"DSDP 61-462-A"}},{"type":"Feature","id":723,"geometry":{"type":"Point","coordinates":[174.66800000000001,21.350200000000001]},"properties":{"FID":723,"NAME":"463","KML_FOLDER":"62","Hole":"DSDP 62-463"}},{"type":"Feature","id":724,"geometry":{"type":"Point","coordinates":[173.88900000000001,39.860700000000001]},"properties":{"FID":724,"NAME":"464","KML_FOLDER":"62","Hole":"DSDP 62-464"}},{"type":"Feature","id":725,"geometry":{"type":"Point","coordinates":[178.91900000000001,33.820500000000003]},"properties":{"FID":725,"NAME":"465","KML_FOLDER":"62","Hole":"DSDP 62-465"}},{"type":"Feature","id":726,"geometry":{"type":"Point","coordinates":[178.91900000000001,33.820500000000003]},"properties":{"FID":726,"NAME":"465A","KML_FOLDER":"62","Hole":"DSDP 62-465-A"}},{"type":"Feature","id":727,"geometry":{"type":"Point","coordinates":[179.256,34.191000000000003]},"properties":{"FID":727,"NAME":"466","KML_FOLDER":"62","Hole":"DSDP 62-466"}},{"type":"Feature","id":728,"geometry":{"type":"Point","coordinates":[-120.758,33.849499999999999]},"properties":{"FID":728,"NAME":"467","KML_FOLDER":"63","Hole":"DSDP 63-467"}},{"type":"Feature","id":729,"geometry":{"type":"Point","coordinates":[-120.11799999999999,32.617199999999997]},"properties":{"FID":729,"NAME":"468","KML_FOLDER":"63","Hole":"DSDP 63-468"}},{"type":"Feature","id":730,"geometry":{"type":"Point","coordinates":[-120.10899999999999,32.6235]},"properties":{"FID":730,"NAME":"468A","KML_FOLDER":"63","Hole":"DSDP 63-468-A"}},{"type":"Feature","id":731,"geometry":{"type":"Point","coordinates":[-120.10899999999999,32.6235]},"properties":{"FID":731,"NAME":"468B","KML_FOLDER":"63","Hole":"DSDP 63-468-B"}},{"type":"Feature","id":732,"geometry":{"type":"Point","coordinates":[-120.548,32.616700000000002]},"properties":{"FID":732,"NAME":"469","KML_FOLDER":"63","Hole":"DSDP 63-469"}},{"type":"Feature","id":733,"geometry":{"type":"Point","coordinates":[-117.51900000000001,28.907699999999998]},"properties":{"FID":733,"NAME":"470","KML_FOLDER":"63","Hole":"DSDP 63-470"}},{"type":"Feature","id":734,"geometry":{"type":"Point","coordinates":[-117.51900000000001,28.907699999999998]},"properties":{"FID":734,"NAME":"470A","KML_FOLDER":"63","Hole":"DSDP 63-470-A"}},{"type":"Feature","id":735,"geometry":{"type":"Point","coordinates":[-112.496,23.482199999999999]},"properties":{"FID":735,"NAME":"471","KML_FOLDER":"63","Hole":"DSDP 63-471"}},{"type":"Feature","id":736,"geometry":{"type":"Point","coordinates":[-113.995,23.005800000000001]},"properties":{"FID":736,"NAME":"472","KML_FOLDER":"63","Hole":"DSDP 63-472"}},{"type":"Feature","id":737,"geometry":{"type":"Point","coordinates":[-113.995,23.005800000000001]},"properties":{"FID":737,"NAME":"472A","KML_FOLDER":"63","Hole":"DSDP 63-472-A"}},{"type":"Feature","id":738,"geometry":{"type":"Point","coordinates":[-107.063,20.965299999999999]},"properties":{"FID":738,"NAME":"473","KML_FOLDER":"63","Hole":"DSDP 63-473"}},{"type":"Feature","id":739,"geometry":{"type":"Point","coordinates":[-108.98099999999999,22.962]},"properties":{"FID":739,"NAME":"474","KML_FOLDER":"64","Hole":"DSDP 64-474"}},{"type":"Feature","id":740,"geometry":{"type":"Point","coordinates":[-108.97799999999999,22.959299999999999]},"properties":{"FID":740,"NAME":"474A","KML_FOLDER":"64","Hole":"DSDP 64-474-A"}},{"type":"Feature","id":741,"geometry":{"type":"Point","coordinates":[-109.053,23.0505]},"properties":{"FID":741,"NAME":"475","KML_FOLDER":"64","Hole":"DSDP 64-475"}},{"type":"Feature","id":742,"geometry":{"type":"Point","coordinates":[-109.06399999999999,23.057300000000009]},"properties":{"FID":742,"NAME":"475A","KML_FOLDER":"64","Hole":"DSDP 64-475-A"}},{"type":"Feature","id":743,"geometry":{"type":"Point","coordinates":[-109.06,23.056000000000001]},"properties":{"FID":743,"NAME":"475B","KML_FOLDER":"64","Hole":"DSDP 64-475-B"}},{"type":"Feature","id":744,"geometry":{"type":"Point","coordinates":[-109.089,23.040500000000009]},"properties":{"FID":744,"NAME":"476","KML_FOLDER":"64","Hole":"DSDP 64-476"}},{"type":"Feature","id":745,"geometry":{"type":"Point","coordinates":[-111.40000000000001,27.030799999999999]},"properties":{"FID":745,"NAME":"477","KML_FOLDER":"64","Hole":"DSDP 64-477"}},{"type":"Feature","id":746,"geometry":{"type":"Point","coordinates":[-111.399,27.030000000000001]},"properties":{"FID":746,"NAME":"477A","KML_FOLDER":"64","Hole":"DSDP 64-477-A"}},{"type":"Feature","id":747,"geometry":{"type":"Point","coordinates":[-111.399,27.029299999999999]},"properties":{"FID":747,"NAME":"477B","KML_FOLDER":"64","Hole":"DSDP 64-477-B"}},{"type":"Feature","id":748,"geometry":{"type":"Point","coordinates":[-111.50700000000001,27.096800000000009]},"properties":{"FID":748,"NAME":"478","KML_FOLDER":"64","Hole":"DSDP 64-478"}},{"type":"Feature","id":749,"geometry":{"type":"Point","coordinates":[-111.625,27.846]},"properties":{"FID":749,"NAME":"479","KML_FOLDER":"64","Hole":"DSDP 64-479"}},{"type":"Feature","id":750,"geometry":{"type":"Point","coordinates":[-111.65600000000001,27.901700000000002]},"properties":{"FID":750,"NAME":"480","KML_FOLDER":"64","Hole":"DSDP 64-480"}},{"type":"Feature","id":751,"geometry":{"type":"Point","coordinates":[-111.508,27.253]},"properties":{"FID":751,"NAME":"481","KML_FOLDER":"64","Hole":"DSDP 64-481"}},{"type":"Feature","id":752,"geometry":{"type":"Point","coordinates":[-111.508,27.253]},"properties":{"FID":752,"NAME":"481A","KML_FOLDER":"64","Hole":"DSDP 64-481-A"}},{"type":"Feature","id":753,"geometry":{"type":"Point","coordinates":[-107.994,22.7897]},"properties":{"FID":753,"NAME":"482","KML_FOLDER":"65","Hole":"DSDP 65-482"}},{"type":"Feature","id":754,"geometry":{"type":"Point","coordinates":[-107.99299999999999,22.7897]},"properties":{"FID":754,"NAME":"482A","KML_FOLDER":"65","Hole":"DSDP 65-482-A"}},{"type":"Feature","id":755,"geometry":{"type":"Point","coordinates":[-107.99299999999999,22.7897]},"properties":{"FID":755,"NAME":"482B","KML_FOLDER":"65","Hole":"DSDP 65-482-B"}},{"type":"Feature","id":756,"geometry":{"type":"Point","coordinates":[-107.99299999999999,22.789000000000001]},"properties":{"FID":756,"NAME":"482C","KML_FOLDER":"65","Hole":"DSDP 65-482-C"}},{"type":"Feature","id":757,"geometry":{"type":"Point","coordinates":[-107.992,22.788499999999999]},"properties":{"FID":757,"NAME":"482D","KML_FOLDER":"65","Hole":"DSDP 65-482-D"}},{"type":"Feature","id":758,"geometry":{"type":"Point","coordinates":[-107.99299999999999,22.7895]},"properties":{"FID":758,"NAME":"482E","KML_FOLDER":"65","Hole":"DSDP 65-482-E"}},{"type":"Feature","id":759,"geometry":{"type":"Point","coordinates":[-107.99299999999999,22.789300000000001]},"properties":{"FID":759,"NAME":"482F","KML_FOLDER":"65","Hole":"DSDP 65-482-F"}},{"type":"Feature","id":760,"geometry":{"type":"Point","coordinates":[-108.748,22.883299999999998]},"properties":{"FID":760,"NAME":"483","KML_FOLDER":"65","Hole":"DSDP 65-483"}},{"type":"Feature","id":761,"geometry":{"type":"Point","coordinates":[-108.747,22.883199999999999]},"properties":{"FID":761,"NAME":"483A","KML_FOLDER":"65","Hole":"DSDP 65-483-A"}},{"type":"Feature","id":762,"geometry":{"type":"Point","coordinates":[-108.747,22.883199999999999]},"properties":{"FID":762,"NAME":"483B","KML_FOLDER":"65","Hole":"DSDP 65-483-B"}},{"type":"Feature","id":763,"geometry":{"type":"Point","coordinates":[-108.74299999999999,22.882999999999999]},"properties":{"FID":763,"NAME":"483C","KML_FOLDER":"65","Hole":"DSDP 65-483-C"}},{"type":"Feature","id":764,"geometry":{"type":"Point","coordinates":[-108.393,23.188700000000001]},"properties":{"FID":764,"NAME":"484","KML_FOLDER":"65","Hole":"DSDP 65-484"}},{"type":"Feature","id":765,"geometry":{"type":"Point","coordinates":[-108.39400000000001,23.1858]},"properties":{"FID":765,"NAME":"484A","KML_FOLDER":"65","Hole":"DSDP 65-484-A"}},{"type":"Feature","id":766,"geometry":{"type":"Point","coordinates":[-107.904,22.749199999999998]},"properties":{"FID":766,"NAME":"485","KML_FOLDER":"65","Hole":"DSDP 65-485"}},{"type":"Feature","id":767,"geometry":{"type":"Point","coordinates":[-107.904,22.748699999999999]},"properties":{"FID":767,"NAME":"485A","KML_FOLDER":"65","Hole":"DSDP 65-485-A"}},{"type":"Feature","id":768,"geometry":{"type":"Point","coordinates":[-99.135000000000019,15.922800000000001]},"properties":{"FID":768,"NAME":"486","KML_FOLDER":"66","Hole":"DSDP 66-486"}},{"type":"Feature","id":769,"geometry":{"type":"Point","coordinates":[-99.138000000000019,15.9138]},"properties":{"FID":769,"NAME":"486A","KML_FOLDER":"66","Hole":"DSDP 66-486-A"}},{"type":"Feature","id":770,"geometry":{"type":"Point","coordinates":[-99.175299999999993,15.8535]},"properties":{"FID":770,"NAME":"487","KML_FOLDER":"66","Hole":"DSDP 66-487"}},{"type":"Feature","id":771,"geometry":{"type":"Point","coordinates":[-99.027699999999996,15.951700000000001]},"properties":{"FID":771,"NAME":"488","KML_FOLDER":"66","Hole":"DSDP 66-488"}},{"type":"Feature","id":772,"geometry":{"type":"Point","coordinates":[-99.018799999999985,16.2698]},"properties":{"FID":772,"NAME":"489","KML_FOLDER":"66","Hole":"DSDP 66-489"}},{"type":"Feature","id":773,"geometry":{"type":"Point","coordinates":[-99.018799999999985,16.2698]},"properties":{"FID":773,"NAME":"489A","KML_FOLDER":"66","Hole":"DSDP 66-489-A"}},{"type":"Feature","id":774,"geometry":{"type":"Point","coordinates":[-99.0565,16.159300000000002]},"properties":{"FID":774,"NAME":"490","KML_FOLDER":"66","Hole":"DSDP 66-490"}},{"type":"Feature","id":775,"geometry":{"type":"Point","coordinates":[-98.972200000000001,16.029]},"properties":{"FID":775,"NAME":"491","KML_FOLDER":"66","Hole":"DSDP 66-491"}},{"type":"Feature","id":776,"geometry":{"type":"Point","coordinates":[-98.945300000000003,16.078800000000001]},"properties":{"FID":776,"NAME":"492","KML_FOLDER":"66","Hole":"DSDP 66-492"}},{"type":"Feature","id":777,"geometry":{"type":"Point","coordinates":[-98.945300000000003,16.078800000000001]},"properties":{"FID":777,"NAME":"492A","KML_FOLDER":"66","Hole":"DSDP 66-492-A"}},{"type":"Feature","id":778,"geometry":{"type":"Point","coordinates":[-98.945300000000003,16.078800000000001]},"properties":{"FID":778,"NAME":"492B","KML_FOLDER":"66","Hole":"DSDP 66-492-B"}},{"type":"Feature","id":779,"geometry":{"type":"Point","coordinates":[-98.9255,16.381]},"properties":{"FID":779,"NAME":"493","KML_FOLDER":"66","Hole":"DSDP 66-493"}},{"type":"Feature","id":780,"geometry":{"type":"Point","coordinates":[-98.9255,16.381]},"properties":{"FID":780,"NAME":"493A","KML_FOLDER":"66","Hole":"DSDP 66-493-A"}},{"type":"Feature","id":781,"geometry":{"type":"Point","coordinates":[-98.9255,16.381]},"properties":{"FID":781,"NAME":"493B","KML_FOLDER":"66","Hole":"DSDP 66-493-B"}},{"type":"Feature","id":782,"geometry":{"type":"Point","coordinates":[-90.9328,12.716699999999999]},"properties":{"FID":782,"NAME":"494","KML_FOLDER":"67","Hole":"DSDP 67-494"}},{"type":"Feature","id":783,"geometry":{"type":"Point","coordinates":[-90.9328,12.716799999999999]},"properties":{"FID":783,"NAME":"494A","KML_FOLDER":"67","Hole":"DSDP 67-494-A"}},{"type":"Feature","id":784,"geometry":{"type":"Point","coordinates":[-91.037700000000001,12.4963]},"properties":{"FID":784,"NAME":"495","KML_FOLDER":"67","Hole":"DSDP 67-495"}},{"type":"Feature","id":785,"geometry":{"type":"Point","coordinates":[-90.795199999999994,13.063700000000001]},"properties":{"FID":785,"NAME":"496","KML_FOLDER":"67","Hole":"DSDP 67-496"}},{"type":"Feature","id":786,"geometry":{"type":"Point","coordinates":[-90.828000000000003,12.9872]},"properties":{"FID":786,"NAME":"497","KML_FOLDER":"67","Hole":"DSDP 67-497"}},{"type":"Feature","id":787,"geometry":{"type":"Point","coordinates":[-90.915700000000001,12.7113]},"properties":{"FID":787,"NAME":"498","KML_FOLDER":"67","Hole":"DSDP 67-498"}},{"type":"Feature","id":788,"geometry":{"type":"Point","coordinates":[-90.915700000000001,12.7113]},"properties":{"FID":788,"NAME":"498A","KML_FOLDER":"67","Hole":"DSDP 67-498-A"}},{"type":"Feature","id":789,"geometry":{"type":"Point","coordinates":[-90.944800000000001,12.670999999999999]},"properties":{"FID":789,"NAME":"499","KML_FOLDER":"67","Hole":"DSDP 67-499"}},{"type":"Feature","id":790,"geometry":{"type":"Point","coordinates":[-90.948300000000003,12.6762]},"properties":{"FID":790,"NAME":"499A","KML_FOLDER":"67","Hole":"DSDP 67-499-A"}},{"type":"Feature","id":791,"geometry":{"type":"Point","coordinates":[-90.944699999999997,12.670500000000001]},"properties":{"FID":791,"NAME":"499B","KML_FOLDER":"67","Hole":"DSDP 67-499-B"}},{"type":"Feature","id":792,"geometry":{"type":"Point","coordinates":[-90.950500000000005,12.6717]},"properties":{"FID":792,"NAME":"499C","KML_FOLDER":"67","Hole":"DSDP 67-499-C"}},{"type":"Feature","id":793,"geometry":{"type":"Point","coordinates":[-90.944999999999993,12.674200000000001]},"properties":{"FID":793,"NAME":"499D","KML_FOLDER":"67","Hole":"DSDP 67-499-D"}},{"type":"Feature","id":794,"geometry":{"type":"Point","coordinates":[-90.941500000000019,12.6892]},"properties":{"FID":794,"NAME":"500","KML_FOLDER":"67","Hole":"DSDP 67-500"}},{"type":"Feature","id":795,"geometry":{"type":"Point","coordinates":[-90.942999999999998,12.684200000000001]},"properties":{"FID":795,"NAME":"500A","KML_FOLDER":"67","Hole":"DSDP 67-500-A"}},{"type":"Feature","id":796,"geometry":{"type":"Point","coordinates":[-90.942999999999998,12.684200000000001]},"properties":{"FID":796,"NAME":"500B","KML_FOLDER":"67","Hole":"DSDP 67-500-B"}},{"type":"Feature","id":797,"geometry":{"type":"Point","coordinates":[-83.734300000000005,1.2272000000000001]},"properties":{"FID":797,"NAME":"501","KML_FOLDER":"68","Hole":"DSDP 68-501"}},{"type":"Feature","id":798,"geometry":{"type":"Point","coordinates":[-79.3797,11.4903]},"properties":{"FID":798,"NAME":"502","KML_FOLDER":"68","Hole":"DSDP 68-502"}},{"type":"Feature","id":799,"geometry":{"type":"Point","coordinates":[-79.379000000000005,11.491]},"properties":{"FID":799,"NAME":"502A","KML_FOLDER":"68","Hole":"DSDP 68-502-A"}},{"type":"Feature","id":800,"geometry":{"type":"Point","coordinates":[-79.378200000000007,11.4918]},"properties":{"FID":800,"NAME":"502B","KML_FOLDER":"68","Hole":"DSDP 68-502-B"}},{"type":"Feature","id":801,"geometry":{"type":"Point","coordinates":[-79.378299999999996,11.491300000000001]},"properties":{"FID":801,"NAME":"502C","KML_FOLDER":"68","Hole":"DSDP 68-502-C"}},{"type":"Feature","id":802,"geometry":{"type":"Point","coordinates":[-95.636799999999994,4.0507]},"properties":{"FID":802,"NAME":"503","KML_FOLDER":"68","Hole":"DSDP 68-503"}},{"type":"Feature","id":803,"geometry":{"type":"Point","coordinates":[-95.636799999999994,4.0673000000000004]},"properties":{"FID":803,"NAME":"503A","KML_FOLDER":"68","Hole":"DSDP 68-503-A"}},{"type":"Feature","id":804,"geometry":{"type":"Point","coordinates":[-95.638700000000014,4.0503]},"properties":{"FID":804,"NAME":"503B","KML_FOLDER":"68","Hole":"DSDP 68-503-B"}},{"type":"Feature","id":805,"geometry":{"type":"Point","coordinates":[-83.732200000000006,1.2262999999999999]},"properties":{"FID":805,"NAME":"504","KML_FOLDER":"69","Hole":"DSDP 69-504"}},{"type":"Feature","id":806,"geometry":{"type":"Point","coordinates":[-83.732500000000002,1.2267999999999999]},"properties":{"FID":806,"NAME":"504A","KML_FOLDER":"69","Hole":"DSDP 69-504-A"}},{"type":"Feature","id":807,"geometry":{"type":"Point","coordinates":[-83.730199999999996,1.2272000000000001]},"properties":{"FID":807,"NAME":"504B","KML_FOLDER":"69","Hole":"DSDP 69-504-B"}},{"type":"Feature","id":808,"geometry":{"type":"Point","coordinates":[-83.731499999999997,1.2273000000000001]},"properties":{"FID":808,"NAME":"504C","KML_FOLDER":"69","Hole":"DSDP 69-504-C"}},{"type":"Feature","id":809,"geometry":{"type":"Point","coordinates":[-83.790000000000006,1.9133]},"properties":{"FID":809,"NAME":"505","KML_FOLDER":"69","Hole":"DSDP 69-505"}},{"type":"Feature","id":810,"geometry":{"type":"Point","coordinates":[-83.790000000000006,1.9168000000000001]},"properties":{"FID":810,"NAME":"505A","KML_FOLDER":"69","Hole":"DSDP 69-505-A"}},{"type":"Feature","id":811,"geometry":{"type":"Point","coordinates":[-83.788300000000007,1.9199999999999999]},"properties":{"FID":811,"NAME":"505B","KML_FOLDER":"69","Hole":"DSDP 69-505-B"}},{"type":"Feature","id":812,"geometry":{"type":"Point","coordinates":[-83.730199999999996,1.2272000000000001]},"properties":{"FID":812,"NAME":"504B","KML_FOLDER":"70","Hole":"DSDP 70-504-B"}},{"type":"Feature","id":813,"geometry":{"type":"Point","coordinates":[-86.099800000000002,0.60980000000000001]},"properties":{"FID":813,"NAME":"506","KML_FOLDER":"70","Hole":"DSDP 70-506"}},{"type":"Feature","id":814,"geometry":{"type":"Point","coordinates":[-86.091300000000004,0.60980000000000001]},"properties":{"FID":814,"NAME":"506A","KML_FOLDER":"70","Hole":"DSDP 70-506-A"}},{"type":"Feature","id":815,"geometry":{"type":"Point","coordinates":[-86.091300000000004,0.61019999999999996]},"properties":{"FID":815,"NAME":"506B","KML_FOLDER":"70","Hole":"DSDP 70-506-B"}},{"type":"Feature","id":816,"geometry":{"type":"Point","coordinates":[-86.091300000000004,0.60770000000000002]},"properties":{"FID":816,"NAME":"506C","KML_FOLDER":"70","Hole":"DSDP 70-506-C"}},{"type":"Feature","id":817,"geometry":{"type":"Point","coordinates":[-86.091300000000004,0.60699999999999998]},"properties":{"FID":817,"NAME":"506D","KML_FOLDER":"70","Hole":"DSDP 70-506-D"}},{"type":"Feature","id":818,"geometry":{"type":"Point","coordinates":[-86.091300000000004,0.60980000000000001]},"properties":{"FID":818,"NAME":"506E","KML_FOLDER":"70","Hole":"DSDP 70-506-E"}},{"type":"Feature","id":819,"geometry":{"type":"Point","coordinates":[-86.091300000000004,0.61050000000000004]},"properties":{"FID":819,"NAME":"506F","KML_FOLDER":"70","Hole":"DSDP 70-506-F"}},{"type":"Feature","id":820,"geometry":{"type":"Point","coordinates":[-86.091499999999996,0.60980000000000001]},"properties":{"FID":820,"NAME":"506G","KML_FOLDER":"70","Hole":"DSDP 70-506-G"}},{"type":"Feature","id":821,"geometry":{"type":"Point","coordinates":[-86.091300000000004,0.60699999999999998]},"properties":{"FID":821,"NAME":"506H","KML_FOLDER":"70","Hole":"DSDP 70-506-H"}},{"type":"Feature","id":822,"geometry":{"type":"Point","coordinates":[-86.091300000000004,0.60770000000000002]},"properties":{"FID":822,"NAME":"506I","KML_FOLDER":"70","Hole":"DSDP 70-506-I"}},{"type":"Feature","id":823,"geometry":{"type":"Point","coordinates":[-86.090000000000003,0.56669999999999998]},"properties":{"FID":823,"NAME":"507","KML_FOLDER":"70","Hole":"DSDP 70-507"}},{"type":"Feature","id":824,"geometry":{"type":"Point","coordinates":[-86.090000000000003,0.56669999999999998]},"properties":{"FID":824,"NAME":"507A","KML_FOLDER":"70","Hole":"DSDP 70-507-A"}},{"type":"Feature","id":825,"geometry":{"type":"Point","coordinates":[-86.090000000000003,0.56669999999999998]},"properties":{"FID":825,"NAME":"507B","KML_FOLDER":"70","Hole":"DSDP 70-507-B"}},{"type":"Feature","id":826,"geometry":{"type":"Point","coordinates":[-86.090000000000003,0.56669999999999998]},"properties":{"FID":826,"NAME":"507C","KML_FOLDER":"70","Hole":"DSDP 70-507-C"}},{"type":"Feature","id":827,"geometry":{"type":"Point","coordinates":[-86.090000000000003,0.56669999999999998]},"properties":{"FID":827,"NAME":"507D","KML_FOLDER":"70","Hole":"DSDP 70-507-D"}},{"type":"Feature","id":828,"geometry":{"type":"Point","coordinates":[-86.090000000000003,0.56669999999999998]},"properties":{"FID":828,"NAME":"507E","KML_FOLDER":"70","Hole":"DSDP 70-507-E"}},{"type":"Feature","id":829,"geometry":{"type":"Point","coordinates":[-86.090000000000003,0.56669999999999998]},"properties":{"FID":829,"NAME":"507F","KML_FOLDER":"70","Hole":"DSDP 70-507-F"}},{"type":"Feature","id":830,"geometry":{"type":"Point","coordinates":[-86.090000000000003,0.56669999999999998]},"properties":{"FID":830,"NAME":"507G","KML_FOLDER":"70","Hole":"DSDP 70-507-G"}},{"type":"Feature","id":831,"geometry":{"type":"Point","coordinates":[-86.090000000000003,0.56669999999999998]},"properties":{"FID":831,"NAME":"507H","KML_FOLDER":"70","Hole":"DSDP 70-507-H"}},{"type":"Feature","id":832,"geometry":{"type":"Point","coordinates":[-86.090000000000003,0.56669999999999998]},"properties":{"FID":832,"NAME":"507I","KML_FOLDER":"70","Hole":"DSDP 70-507-I"}},{"type":"Feature","id":833,"geometry":{"type":"Point","coordinates":[-86.099999999999994,0.5333]},"properties":{"FID":833,"NAME":"508","KML_FOLDER":"70","Hole":"DSDP 70-508"}},{"type":"Feature","id":834,"geometry":{"type":"Point","coordinates":[-86.099999999999994,0.5333]},"properties":{"FID":834,"NAME":"508A","KML_FOLDER":"70","Hole":"DSDP 70-508-A"}},{"type":"Feature","id":835,"geometry":{"type":"Point","coordinates":[-86.099999999999994,0.5333]},"properties":{"FID":835,"NAME":"508B","KML_FOLDER":"70","Hole":"DSDP 70-508-B"}},{"type":"Feature","id":836,"geometry":{"type":"Point","coordinates":[-86.099999999999994,0.5333]},"properties":{"FID":836,"NAME":"508C","KML_FOLDER":"70","Hole":"DSDP 70-508-C"}},{"type":"Feature","id":837,"geometry":{"type":"Point","coordinates":[-86.099999999999994,0.5333]},"properties":{"FID":837,"NAME":"508D","KML_FOLDER":"70","Hole":"DSDP 70-508-D"}},{"type":"Feature","id":838,"geometry":{"type":"Point","coordinates":[-86.099999999999994,0.5333]},"properties":{"FID":838,"NAME":"508E","KML_FOLDER":"70","Hole":"DSDP 70-508-E"}},{"type":"Feature","id":839,"geometry":{"type":"Point","coordinates":[-86.131500000000003,0.58899999999999997]},"properties":{"FID":839,"NAME":"509","KML_FOLDER":"70","Hole":"DSDP 70-509"}},{"type":"Feature","id":840,"geometry":{"type":"Point","coordinates":[-86.131500000000003,0.58899999999999997]},"properties":{"FID":840,"NAME":"509A","KML_FOLDER":"70","Hole":"DSDP 70-509-A"}},{"type":"Feature","id":841,"geometry":{"type":"Point","coordinates":[-86.132199999999997,0.58879999999999999]},"properties":{"FID":841,"NAME":"509B","KML_FOLDER":"70","Hole":"DSDP 70-509-B"}},{"type":"Feature","id":842,"geometry":{"type":"Point","coordinates":[-86.131500000000003,0.58879999999999999]},"properties":{"FID":842,"NAME":"509C","KML_FOLDER":"70","Hole":"DSDP 70-509-C"}},{"type":"Feature","id":843,"geometry":{"type":"Point","coordinates":[-86.131500000000003,0.58879999999999999]},"properties":{"FID":843,"NAME":"509D","KML_FOLDER":"70","Hole":"DSDP 70-509-D"}},{"type":"Feature","id":844,"geometry":{"type":"Point","coordinates":[-86.409999999999997,1.6132]},"properties":{"FID":844,"NAME":"510","KML_FOLDER":"70","Hole":"DSDP 70-510"}},{"type":"Feature","id":845,"geometry":{"type":"Point","coordinates":[-46.971699999999998,-51.0047]},"properties":{"FID":845,"NAME":"511","KML_FOLDER":"71","Hole":"DSDP 71-511"}},{"type":"Feature","id":846,"geometry":{"type":"Point","coordinates":[-40.845199999999998,-49.869799999999998]},"properties":{"FID":846,"NAME":"512","KML_FOLDER":"71","Hole":"DSDP 71-512"}},{"type":"Feature","id":847,"geometry":{"type":"Point","coordinates":[-40.845199999999998,-49.869500000000009]},"properties":{"FID":847,"NAME":"512A","KML_FOLDER":"71","Hole":"DSDP 71-512-A"}},{"type":"Feature","id":848,"geometry":{"type":"Point","coordinates":[-24.640000000000001,-47.583199999999998]},"properties":{"FID":848,"NAME":"513","KML_FOLDER":"71","Hole":"DSDP 71-513"}},{"type":"Feature","id":849,"geometry":{"type":"Point","coordinates":[-24.640000000000001,-47.583199999999998]},"properties":{"FID":849,"NAME":"513A","KML_FOLDER":"71","Hole":"DSDP 71-513-A"}},{"type":"Feature","id":850,"geometry":{"type":"Point","coordinates":[-26.855,-46.046199999999999]},"properties":{"FID":850,"NAME":"514","KML_FOLDER":"71","Hole":"DSDP 71-514"}},{"type":"Feature","id":851,"geometry":{"type":"Point","coordinates":[-36.502800000000001,-26.238800000000008]},"properties":{"FID":851,"NAME":"515","KML_FOLDER":"72","Hole":"DSDP 72-515"}},{"type":"Feature","id":852,"geometry":{"type":"Point","coordinates":[-36.502800000000001,-26.238499999999998]},"properties":{"FID":852,"NAME":"515A","KML_FOLDER":"72","Hole":"DSDP 72-515-A"}},{"type":"Feature","id":853,"geometry":{"type":"Point","coordinates":[-36.5032,-26.238700000000001]},"properties":{"FID":853,"NAME":"515B","KML_FOLDER":"72","Hole":"DSDP 72-515-B"}},{"type":"Feature","id":854,"geometry":{"type":"Point","coordinates":[-35.285200000000003,-30.276299999999999]},"properties":{"FID":854,"NAME":"516","KML_FOLDER":"72","Hole":"DSDP 72-516"}},{"type":"Feature","id":855,"geometry":{"type":"Point","coordinates":[-35.285299999999999,-30.276499999999999]},"properties":{"FID":855,"NAME":"516A","KML_FOLDER":"72","Hole":"DSDP 72-516-A"}},{"type":"Feature","id":856,"geometry":{"type":"Point","coordinates":[-35.285299999999999,-30.276499999999999]},"properties":{"FID":856,"NAME":"516B","KML_FOLDER":"72","Hole":"DSDP 72-516-B"}},{"type":"Feature","id":857,"geometry":{"type":"Point","coordinates":[-35.285299999999999,-30.276499999999999]},"properties":{"FID":857,"NAME":"516C","KML_FOLDER":"72","Hole":"DSDP 72-516-C"}},{"type":"Feature","id":858,"geometry":{"type":"Point","coordinates":[-35.285200000000003,-30.276]},"properties":{"FID":858,"NAME":"516D","KML_FOLDER":"72","Hole":"DSDP 72-516-D"}},{"type":"Feature","id":859,"geometry":{"type":"Point","coordinates":[-35.285200000000003,-30.276499999999999]},"properties":{"FID":859,"NAME":"516E","KML_FOLDER":"72","Hole":"DSDP 72-516-E"}},{"type":"Feature","id":860,"geometry":{"type":"Point","coordinates":[-35.284999999999997,-30.276499999999999]},"properties":{"FID":860,"NAME":"516F","KML_FOLDER":"72","Hole":"DSDP 72-516-F"}},{"type":"Feature","id":861,"geometry":{"type":"Point","coordinates":[-38.041200000000003,-30.9468]},"properties":{"FID":861,"NAME":"517","KML_FOLDER":"72","Hole":"DSDP 72-517"}},{"type":"Feature","id":862,"geometry":{"type":"Point","coordinates":[-38.135300000000001,-29.973700000000001]},"properties":{"FID":862,"NAME":"518","KML_FOLDER":"72","Hole":"DSDP 72-518"}},{"type":"Feature","id":863,"geometry":{"type":"Point","coordinates":[-11.6662,-26.136700000000001]},"properties":{"FID":863,"NAME":"519","KML_FOLDER":"73","Hole":"DSDP 73-519"}},{"type":"Feature","id":864,"geometry":{"type":"Point","coordinates":[-11.6662,-26.136700000000001]},"properties":{"FID":864,"NAME":"519A","KML_FOLDER":"73","Hole":"DSDP 73-519-A"}},{"type":"Feature","id":865,"geometry":{"type":"Point","coordinates":[-11.185700000000001,-25.523299999999999]},"properties":{"FID":865,"NAME":"520","KML_FOLDER":"73","Hole":"DSDP 73-520"}},{"type":"Feature","id":866,"geometry":{"type":"Point","coordinates":[-11.185700000000001,-25.523299999999999]},"properties":{"FID":866,"NAME":"520A","KML_FOLDER":"73","Hole":"DSDP 73-520-A"}},{"type":"Feature","id":867,"geometry":{"type":"Point","coordinates":[-10.2645,-26.073799999999999]},"properties":{"FID":867,"NAME":"521","KML_FOLDER":"73","Hole":"DSDP 73-521"}},{"type":"Feature","id":868,"geometry":{"type":"Point","coordinates":[-10.2598,-26.075700000000001]},"properties":{"FID":868,"NAME":"521A","KML_FOLDER":"73","Hole":"DSDP 73-521-A"}},{"type":"Feature","id":869,"geometry":{"type":"Point","coordinates":[-5.1296999999999997,-26.114000000000001]},"properties":{"FID":869,"NAME":"522","KML_FOLDER":"73","Hole":"DSDP 73-522"}},{"type":"Feature","id":870,"geometry":{"type":"Point","coordinates":[-5.1296999999999997,-26.114000000000001]},"properties":{"FID":870,"NAME":"522A","KML_FOLDER":"73","Hole":"DSDP 73-522-A"}},{"type":"Feature","id":871,"geometry":{"type":"Point","coordinates":[-5.1296999999999997,-26.114000000000001]},"properties":{"FID":871,"NAME":"522B","KML_FOLDER":"73","Hole":"DSDP 73-522-B"}},{"type":"Feature","id":872,"geometry":{"type":"Point","coordinates":[-2.2513000000000001,-28.552199999999999]},"properties":{"FID":872,"NAME":"523","KML_FOLDER":"73","Hole":"DSDP 73-523"}},{"type":"Feature","id":873,"geometry":{"type":"Point","coordinates":[3.5123000000000002,-29.484200000000001]},"properties":{"FID":873,"NAME":"524","KML_FOLDER":"73","Hole":"DSDP 73-524"}},{"type":"Feature","id":874,"geometry":{"type":"Point","coordinates":[3.5123000000000002,-29.484200000000001]},"properties":{"FID":874,"NAME":"524A","KML_FOLDER":"73","Hole":"DSDP 73-524-A"}},{"type":"Feature","id":875,"geometry":{"type":"Point","coordinates":[3.5123000000000002,-29.484500000000001]},"properties":{"FID":875,"NAME":"524B","KML_FOLDER":"73","Hole":"DSDP 73-524-B"}},{"type":"Feature","id":876,"geometry":{"type":"Point","coordinates":[2.9853000000000001,-29.070699999999999]},"properties":{"FID":876,"NAME":"525","KML_FOLDER":"74","Hole":"DSDP 74-525"}},{"type":"Feature","id":877,"geometry":{"type":"Point","coordinates":[2.9853000000000001,-29.070699999999999]},"properties":{"FID":877,"NAME":"525A","KML_FOLDER":"74","Hole":"DSDP 74-525-A"}},{"type":"Feature","id":878,"geometry":{"type":"Point","coordinates":[2.9853000000000001,-29.070699999999999]},"properties":{"FID":878,"NAME":"525A","KML_FOLDER":"74","Hole":"DSDP 74-525-A"}},{"type":"Feature","id":879,"geometry":{"type":"Point","coordinates":[2.9853000000000001,-29.070699999999999]},"properties":{"FID":879,"NAME":"525A","KML_FOLDER":"74","Hole":"DSDP 74-525-A"}},{"type":"Feature","id":880,"geometry":{"type":"Point","coordinates":[2.9853000000000001,-29.070699999999999]},"properties":{"FID":880,"NAME":"525A","KML_FOLDER":"74","Hole":"DSDP 74-525-A"}},{"type":"Feature","id":881,"geometry":{"type":"Point","coordinates":[2.9853000000000001,-29.070699999999999]},"properties":{"FID":881,"NAME":"525A","KML_FOLDER":"74","Hole":"DSDP 74-525-A"}},{"type":"Feature","id":882,"geometry":{"type":"Point","coordinates":[2.9853000000000001,-29.070699999999999]},"properties":{"FID":882,"NAME":"525B","KML_FOLDER":"74","Hole":"DSDP 74-525-B"}},{"type":"Feature","id":883,"geometry":{"type":"Point","coordinates":[3.1379999999999999,-30.122699999999998]},"properties":{"FID":883,"NAME":"526","KML_FOLDER":"74","Hole":"DSDP 74-526"}},{"type":"Feature","id":884,"geometry":{"type":"Point","coordinates":[3.1379999999999999,-30.122699999999998]},"properties":{"FID":884,"NAME":"526A","KML_FOLDER":"74","Hole":"DSDP 74-526-A"}},{"type":"Feature","id":885,"geometry":{"type":"Point","coordinates":[3.1379999999999999,-30.122699999999998]},"properties":{"FID":885,"NAME":"526B","KML_FOLDER":"74","Hole":"DSDP 74-526-B"}},{"type":"Feature","id":886,"geometry":{"type":"Point","coordinates":[3.1379999999999999,-30.122699999999998]},"properties":{"FID":886,"NAME":"526C","KML_FOLDER":"74","Hole":"DSDP 74-526-C"}},{"type":"Feature","id":887,"geometry":{"type":"Point","coordinates":[1.7633000000000001,-28.041499999999999]},"properties":{"FID":887,"NAME":"527","KML_FOLDER":"74","Hole":"DSDP 74-527"}},{"type":"Feature","id":888,"geometry":{"type":"Point","coordinates":[2.3239999999999998,-28.524799999999999]},"properties":{"FID":888,"NAME":"528","KML_FOLDER":"74","Hole":"DSDP 74-528"}},{"type":"Feature","id":889,"geometry":{"type":"Point","coordinates":[2.3161999999999998,-28.519300000000001]},"properties":{"FID":889,"NAME":"528A","KML_FOLDER":"74","Hole":"DSDP 74-528-A"}},{"type":"Feature","id":890,"geometry":{"type":"Point","coordinates":[2.7679999999999998,-28.930499999999999]},"properties":{"FID":890,"NAME":"529","KML_FOLDER":"74","Hole":"DSDP 74-529"}},{"type":"Feature","id":891,"geometry":{"type":"Point","coordinates":[9.3857999999999997,-19.1877]},"properties":{"FID":891,"NAME":"530","KML_FOLDER":"75","Hole":"DSDP 75-530"}},{"type":"Feature","id":892,"geometry":{"type":"Point","coordinates":[9.3857999999999997,-19.1877]},"properties":{"FID":892,"NAME":"530A","KML_FOLDER":"75","Hole":"DSDP 75-530-A"}},{"type":"Feature","id":893,"geometry":{"type":"Point","coordinates":[9.3862000000000005,-19.1877]},"properties":{"FID":893,"NAME":"530B","KML_FOLDER":"75","Hole":"DSDP 75-530-B"}},{"type":"Feature","id":894,"geometry":{"type":"Point","coordinates":[9.5884999999999998,-19.640699999999999]},"properties":{"FID":894,"NAME":"531","KML_FOLDER":"75","Hole":"DSDP 75-531"}},{"type":"Feature","id":895,"geometry":{"type":"Point","coordinates":[9.5912000000000006,-19.640000000000001]},"properties":{"FID":895,"NAME":"531A","KML_FOLDER":"75","Hole":"DSDP 75-531-A"}},{"type":"Feature","id":896,"geometry":{"type":"Point","coordinates":[10.518800000000001,-19.743500000000001]},"properties":{"FID":896,"NAME":"532","KML_FOLDER":"75","Hole":"DSDP 75-532"}},{"type":"Feature","id":897,"geometry":{"type":"Point","coordinates":[10.518800000000001,-19.744]},"properties":{"FID":897,"NAME":"532A","KML_FOLDER":"75","Hole":"DSDP 75-532-A"}},{"type":"Feature","id":898,"geometry":{"type":"Point","coordinates":[10.518800000000001,-19.744299999999999]},"properties":{"FID":898,"NAME":"532B","KML_FOLDER":"75","Hole":"DSDP 75-532-B"}},{"type":"Feature","id":899,"geometry":{"type":"Point","coordinates":[-74.869799999999998,31.260000000000002]},"properties":{"FID":899,"NAME":"533","KML_FOLDER":"76","Hole":"DSDP 76-533"}},{"type":"Feature","id":900,"geometry":{"type":"Point","coordinates":[-74.869799999999998,31.260000000000002]},"properties":{"FID":900,"NAME":"533A","KML_FOLDER":"76","Hole":"DSDP 76-533-A"}},{"type":"Feature","id":901,"geometry":{"type":"Point","coordinates":[-75.381699999999995,28.343299999999999]},"properties":{"FID":901,"NAME":"534","KML_FOLDER":"76","Hole":"DSDP 76-534"}},{"type":"Feature","id":902,"geometry":{"type":"Point","coordinates":[-75.381699999999995,28.343299999999999]},"properties":{"FID":902,"NAME":"534A","KML_FOLDER":"76","Hole":"DSDP 76-534-A"}},{"type":"Feature","id":903,"geometry":{"type":"Point","coordinates":[-84.516199999999998,23.707999999999998]},"properties":{"FID":903,"NAME":"535","KML_FOLDER":"77","Hole":"DSDP 77-535"}},{"type":"Feature","id":904,"geometry":{"type":"Point","coordinates":[-85.209699999999998,23.489799999999999]},"properties":{"FID":904,"NAME":"536","KML_FOLDER":"77","Hole":"DSDP 77-536"}},{"type":"Feature","id":905,"geometry":{"type":"Point","coordinates":[-85.460300000000004,23.933499999999999]},"properties":{"FID":905,"NAME":"537","KML_FOLDER":"77","Hole":"DSDP 77-537"}},{"type":"Feature","id":906,"geometry":{"type":"Point","coordinates":[-85.171000000000006,23.849699999999999]},"properties":{"FID":906,"NAME":"538","KML_FOLDER":"77","Hole":"DSDP 77-538"}},{"type":"Feature","id":907,"geometry":{"type":"Point","coordinates":[-85.165499999999994,23.8492]},"properties":{"FID":907,"NAME":"538A","KML_FOLDER":"77","Hole":"DSDP 77-538-A"}},{"type":"Feature","id":908,"geometry":{"type":"Point","coordinates":[-84.419799999999995,23.789000000000001]},"properties":{"FID":908,"NAME":"539","KML_FOLDER":"77","Hole":"DSDP 77-539"}},{"type":"Feature","id":909,"geometry":{"type":"Point","coordinates":[-84.419799999999995,23.7867]},"properties":{"FID":909,"NAME":"539A","KML_FOLDER":"77","Hole":"DSDP 77-539-A"}},{"type":"Feature","id":910,"geometry":{"type":"Point","coordinates":[-84.370800000000003,23.828800000000001]},"properties":{"FID":910,"NAME":"540","KML_FOLDER":"77","Hole":"DSDP 77-540"}},{"type":"Feature","id":911,"geometry":{"type":"Point","coordinates":[-46.081700000000012,22.755800000000001]},"properties":{"FID":911,"NAME":"395A","KML_FOLDER":"78","Hole":"DSDP 78-395-A"}},{"type":"Feature","id":912,"geometry":{"type":"Point","coordinates":[-46.081700000000012,22.755800000000001]},"properties":{"FID":912,"NAME":"395B","KML_FOLDER":"78","Hole":"DSDP 78-395-B"}},{"type":"Feature","id":913,"geometry":{"type":"Point","coordinates":[-58.728299999999997,15.52]},"properties":{"FID":913,"NAME":"541","KML_FOLDER":"78","Hole":"DSDP 78-541"}},{"type":"Feature","id":914,"geometry":{"type":"Point","coordinates":[-58.713299999999997,15.516999999999999]},"properties":{"FID":914,"NAME":"542","KML_FOLDER":"78","Hole":"DSDP 78-542"}},{"type":"Feature","id":915,"geometry":{"type":"Point","coordinates":[-58.713299999999997,15.519500000000001]},"properties":{"FID":915,"NAME":"542A","KML_FOLDER":"78","Hole":"DSDP 78-542-A"}},{"type":"Feature","id":916,"geometry":{"type":"Point","coordinates":[-58.713200000000001,15.52]},"properties":{"FID":916,"NAME":"542B","KML_FOLDER":"78","Hole":"DSDP 78-542-B"}},{"type":"Feature","id":917,"geometry":{"type":"Point","coordinates":[-58.653700000000001,15.712300000000001]},"properties":{"FID":917,"NAME":"543","KML_FOLDER":"78","Hole":"DSDP 78-543"}},{"type":"Feature","id":918,"geometry":{"type":"Point","coordinates":[-58.653700000000001,15.712300000000001]},"properties":{"FID":918,"NAME":"543A","KML_FOLDER":"78","Hole":"DSDP 78-543-A"}},{"type":"Feature","id":919,"geometry":{"type":"Point","coordinates":[-9.4049999999999994,33.7667]},"properties":{"FID":919,"NAME":"544","KML_FOLDER":"79","Hole":"DSDP 79-544"}},{"type":"Feature","id":920,"geometry":{"type":"Point","coordinates":[-9.4049999999999994,33.7667]},"properties":{"FID":920,"NAME":"544A","KML_FOLDER":"79","Hole":"DSDP 79-544-A"}},{"type":"Feature","id":921,"geometry":{"type":"Point","coordinates":[-9.4049999999999994,33.7667]},"properties":{"FID":921,"NAME":"544B","KML_FOLDER":"79","Hole":"DSDP 79-544-B"}},{"type":"Feature","id":922,"geometry":{"type":"Point","coordinates":[-9.3646999999999991,33.664299999999997]},"properties":{"FID":922,"NAME":"545","KML_FOLDER":"79","Hole":"DSDP 79-545"}},{"type":"Feature","id":923,"geometry":{"type":"Point","coordinates":[-9.5642999999999994,33.778500000000001]},"properties":{"FID":923,"NAME":"546","KML_FOLDER":"79","Hole":"DSDP 79-546"}},{"type":"Feature","id":924,"geometry":{"type":"Point","coordinates":[-9.5632999999999999,33.778700000000001]},"properties":{"FID":924,"NAME":"546A","KML_FOLDER":"79","Hole":"DSDP 79-546-A"}},{"type":"Feature","id":925,"geometry":{"type":"Point","coordinates":[-9.3497000000000003,33.780700000000003]},"properties":{"FID":925,"NAME":"547","KML_FOLDER":"79","Hole":"DSDP 79-547"}},{"type":"Feature","id":926,"geometry":{"type":"Point","coordinates":[-9.3497000000000003,33.780700000000003]},"properties":{"FID":926,"NAME":"547A","KML_FOLDER":"79","Hole":"DSDP 79-547-A"}},{"type":"Feature","id":927,"geometry":{"type":"Point","coordinates":[-9.3497000000000003,33.780700000000003]},"properties":{"FID":927,"NAME":"547B","KML_FOLDER":"79","Hole":"DSDP 79-547-B"}},{"type":"Feature","id":928,"geometry":{"type":"Point","coordinates":[-12.164,48.91579999999999]},"properties":{"FID":928,"NAME":"548","KML_FOLDER":"80","Hole":"DSDP 80-548"}},{"type":"Feature","id":929,"geometry":{"type":"Point","coordinates":[-12.1645,48.915500000000002]},"properties":{"FID":929,"NAME":"548A","KML_FOLDER":"80","Hole":"DSDP 80-548-A"}},{"type":"Feature","id":930,"geometry":{"type":"Point","coordinates":[-13.098000000000001,49.088000000000001]},"properties":{"FID":930,"NAME":"549","KML_FOLDER":"80","Hole":"DSDP 80-549"}},{"type":"Feature","id":931,"geometry":{"type":"Point","coordinates":[-13.0982,49.088200000000001]},"properties":{"FID":931,"NAME":"549A","KML_FOLDER":"80","Hole":"DSDP 80-549-A"}},{"type":"Feature","id":932,"geometry":{"type":"Point","coordinates":[-13.439500000000001,48.5152]},"properties":{"FID":932,"NAME":"550","KML_FOLDER":"80","Hole":"DSDP 80-550"}},{"type":"Feature","id":933,"geometry":{"type":"Point","coordinates":[-13.439500000000001,48.5152]},"properties":{"FID":933,"NAME":"550A","KML_FOLDER":"80","Hole":"DSDP 80-550-A"}},{"type":"Feature","id":934,"geometry":{"type":"Point","coordinates":[-13.438700000000001,48.516000000000012]},"properties":{"FID":934,"NAME":"550B","KML_FOLDER":"80","Hole":"DSDP 80-550-B"}},{"type":"Feature","id":935,"geometry":{"type":"Point","coordinates":[-13.5015,48.910699999999999]},"properties":{"FID":935,"NAME":"551","KML_FOLDER":"80","Hole":"DSDP 80-551"}},{"type":"Feature","id":936,"geometry":{"type":"Point","coordinates":[-23.231300000000001,56.042700000000004]},"properties":{"FID":936,"NAME":"552","KML_FOLDER":"81","Hole":"DSDP 81-552"}},{"type":"Feature","id":937,"geometry":{"type":"Point","coordinates":[-23.231300000000001,56.042700000000004]},"properties":{"FID":937,"NAME":"552A","KML_FOLDER":"81","Hole":"DSDP 81-552-A"}},{"type":"Feature","id":938,"geometry":{"type":"Point","coordinates":[-23.343499999999999,56.088700000000003]},"properties":{"FID":938,"NAME":"553","KML_FOLDER":"81","Hole":"DSDP 81-553"}},{"type":"Feature","id":939,"geometry":{"type":"Point","coordinates":[-23.343499999999999,56.088700000000003]},"properties":{"FID":939,"NAME":"553A","KML_FOLDER":"81","Hole":"DSDP 81-553-A"}},{"type":"Feature","id":940,"geometry":{"type":"Point","coordinates":[-23.343499999999999,56.088700000000003]},"properties":{"FID":940,"NAME":"553B","KML_FOLDER":"81","Hole":"DSDP 81-553-B"}},{"type":"Feature","id":941,"geometry":{"type":"Point","coordinates":[-23.528199999999998,56.290200000000013]},"properties":{"FID":941,"NAME":"554","KML_FOLDER":"81","Hole":"DSDP 81-554"}},{"type":"Feature","id":942,"geometry":{"type":"Point","coordinates":[-23.528199999999998,56.289999999999999]},"properties":{"FID":942,"NAME":"554A","KML_FOLDER":"81","Hole":"DSDP 81-554-A"}},{"type":"Feature","id":943,"geometry":{"type":"Point","coordinates":[-20.7822,56.561700000000002]},"properties":{"FID":943,"NAME":"555","KML_FOLDER":"81","Hole":"DSDP 81-555"}},{"type":"Feature","id":944,"geometry":{"type":"Point","coordinates":[-34.685299999999998,38.939700000000002]},"properties":{"FID":944,"NAME":"556","KML_FOLDER":"82","Hole":"DSDP 82-556"}},{"type":"Feature","id":945,"geometry":{"type":"Point","coordinates":[-32.559699999999999,38.832500000000003]},"properties":{"FID":945,"NAME":"557","KML_FOLDER":"82","Hole":"DSDP 82-557"}},{"type":"Feature","id":946,"geometry":{"type":"Point","coordinates":[-37.343499999999999,37.770000000000003]},"properties":{"FID":946,"NAME":"558","KML_FOLDER":"82","Hole":"DSDP 82-558"}},{"type":"Feature","id":947,"geometry":{"type":"Point","coordinates":[-37.343499999999999,37.770000000000003]},"properties":{"FID":947,"NAME":"558A","KML_FOLDER":"82","Hole":"DSDP 82-558-A"}},{"type":"Feature","id":948,"geometry":{"type":"Point","coordinates":[-40.916699999999999,35.124200000000002]},"properties":{"FID":948,"NAME":"559","KML_FOLDER":"82","Hole":"DSDP 82-559"}},{"type":"Feature","id":949,"geometry":{"type":"Point","coordinates":[-38.842700000000001,34.722200000000001]},"properties":{"FID":949,"NAME":"560","KML_FOLDER":"82","Hole":"DSDP 82-560"}},{"type":"Feature","id":950,"geometry":{"type":"Point","coordinates":[-39.028300000000002,34.784999999999997]},"properties":{"FID":950,"NAME":"561","KML_FOLDER":"82","Hole":"DSDP 82-561"}},{"type":"Feature","id":951,"geometry":{"type":"Point","coordinates":[-41.679299999999998,33.141500000000001]},"properties":{"FID":951,"NAME":"562","KML_FOLDER":"82","Hole":"DSDP 82-562"}},{"type":"Feature","id":952,"geometry":{"type":"Point","coordinates":[-43.767299999999999,33.642200000000003]},"properties":{"FID":952,"NAME":"563","KML_FOLDER":"82","Hole":"DSDP 82-563"}},{"type":"Feature","id":953,"geometry":{"type":"Point","coordinates":[-43.767200000000003,33.7393]},"properties":{"FID":953,"NAME":"564","KML_FOLDER":"82","Hole":"DSDP 82-564"}},{"type":"Feature","id":954,"geometry":{"type":"Point","coordinates":[-83.730199999999996,1.2272000000000001]},"properties":{"FID":954,"NAME":"504B","KML_FOLDER":"83","Hole":"DSDP 83-504-B"}},{"type":"Feature","id":955,"geometry":{"type":"Point","coordinates":[-86.090699999999998,9.7281999999999993]},"properties":{"FID":955,"NAME":"565","KML_FOLDER":"84","Hole":"DSDP 84-565"}},{"type":"Feature","id":956,"geometry":{"type":"Point","coordinates":[-90.6965,12.8057]},"properties":{"FID":956,"NAME":"566","KML_FOLDER":"84","Hole":"DSDP 84-566"}},{"type":"Feature","id":957,"geometry":{"type":"Point","coordinates":[-90.699799999999982,12.798500000000001]},"properties":{"FID":957,"NAME":"566A","KML_FOLDER":"84","Hole":"DSDP 84-566-A"}},{"type":"Feature","id":958,"geometry":{"type":"Point","coordinates":[-90.691699999999997,12.813499999999999]},"properties":{"FID":958,"NAME":"566B","KML_FOLDER":"84","Hole":"DSDP 84-566-B"}},{"type":"Feature","id":959,"geometry":{"type":"Point","coordinates":[-90.6922,12.814]},"properties":{"FID":959,"NAME":"566C","KML_FOLDER":"84","Hole":"DSDP 84-566-C"}},{"type":"Feature","id":960,"geometry":{"type":"Point","coordinates":[-90.933199999999999,12.715999999999999]},"properties":{"FID":960,"NAME":"567","KML_FOLDER":"84","Hole":"DSDP 84-567"}},{"type":"Feature","id":961,"geometry":{"type":"Point","coordinates":[-90.932000000000016,12.7165]},"properties":{"FID":961,"NAME":"567A","KML_FOLDER":"84","Hole":"DSDP 84-567-A"}},{"type":"Feature","id":962,"geometry":{"type":"Point","coordinates":[-90.800000000000011,13.0722]},"properties":{"FID":962,"NAME":"568","KML_FOLDER":"84","Hole":"DSDP 84-568"}},{"type":"Feature","id":963,"geometry":{"type":"Point","coordinates":[-90.839200000000005,12.938499999999999]},"properties":{"FID":963,"NAME":"569","KML_FOLDER":"84","Hole":"DSDP 84-569"}},{"type":"Feature","id":964,"geometry":{"type":"Point","coordinates":[-90.846799999999988,12.936999999999999]},"properties":{"FID":964,"NAME":"569A","KML_FOLDER":"84","Hole":"DSDP 84-569-A"}},{"type":"Feature","id":965,"geometry":{"type":"Point","coordinates":[-91.392799999999994,13.285299999999999]},"properties":{"FID":965,"NAME":"570","KML_FOLDER":"84","Hole":"DSDP 84-570"}},{"type":"Feature","id":966,"geometry":{"type":"Point","coordinates":[-114.142,3.9973000000000001]},"properties":{"FID":966,"NAME":"571","KML_FOLDER":"85","Hole":"DSDP 85-571"}},{"type":"Feature","id":967,"geometry":{"type":"Point","coordinates":[-113.842,1.4348000000000001]},"properties":{"FID":967,"NAME":"572","KML_FOLDER":"85","Hole":"DSDP 85-572"}},{"type":"Feature","id":968,"geometry":{"type":"Point","coordinates":[-113.842,1.4348000000000001]},"properties":{"FID":968,"NAME":"572A","KML_FOLDER":"85","Hole":"DSDP 85-572-A"}},{"type":"Feature","id":969,"geometry":{"type":"Point","coordinates":[-113.842,1.4348000000000001]},"properties":{"FID":969,"NAME":"572B","KML_FOLDER":"85","Hole":"DSDP 85-572-B"}},{"type":"Feature","id":970,"geometry":{"type":"Point","coordinates":[-113.842,1.4348000000000001]},"properties":{"FID":970,"NAME":"572C","KML_FOLDER":"85","Hole":"DSDP 85-572-C"}},{"type":"Feature","id":971,"geometry":{"type":"Point","coordinates":[-113.842,1.4348000000000001]},"properties":{"FID":971,"NAME":"572D","KML_FOLDER":"85","Hole":"DSDP 85-572-D"}},{"type":"Feature","id":972,"geometry":{"type":"Point","coordinates":[-133.309,0.49850000000000011]},"properties":{"FID":972,"NAME":"573","KML_FOLDER":"85","Hole":"DSDP 85-573"}},{"type":"Feature","id":973,"geometry":{"type":"Point","coordinates":[-133.309,0.49850000000000011]},"properties":{"FID":973,"NAME":"573A","KML_FOLDER":"85","Hole":"DSDP 85-573-A"}},{"type":"Feature","id":974,"geometry":{"type":"Point","coordinates":[-133.309,0.49850000000000011]},"properties":{"FID":974,"NAME":"573B","KML_FOLDER":"85","Hole":"DSDP 85-573-B"}},{"type":"Feature","id":975,"geometry":{"type":"Point","coordinates":[-133.33000000000001,4.2087000000000003]},"properties":{"FID":975,"NAME":"574","KML_FOLDER":"85","Hole":"DSDP 85-574"}},{"type":"Feature","id":976,"geometry":{"type":"Point","coordinates":[-133.33000000000001,4.2087000000000003]},"properties":{"FID":976,"NAME":"574A","KML_FOLDER":"85","Hole":"DSDP 85-574-A"}},{"type":"Feature","id":977,"geometry":{"type":"Point","coordinates":[-133.33000000000001,4.2087000000000003]},"properties":{"FID":977,"NAME":"574B","KML_FOLDER":"85","Hole":"DSDP 85-574-B"}},{"type":"Feature","id":978,"geometry":{"type":"Point","coordinates":[-133.33000000000001,4.2087000000000003]},"properties":{"FID":978,"NAME":"574C","KML_FOLDER":"85","Hole":"DSDP 85-574-C"}},{"type":"Feature","id":979,"geometry":{"type":"Point","coordinates":[-135.036,5.8500000000000014]},"properties":{"FID":979,"NAME":"575","KML_FOLDER":"85","Hole":"DSDP 85-575"}},{"type":"Feature","id":980,"geometry":{"type":"Point","coordinates":[-135.036,5.8500000000000014]},"properties":{"FID":980,"NAME":"575A","KML_FOLDER":"85","Hole":"DSDP 85-575-A"}},{"type":"Feature","id":981,"geometry":{"type":"Point","coordinates":[-135.036,5.8500000000000014]},"properties":{"FID":981,"NAME":"575B","KML_FOLDER":"85","Hole":"DSDP 85-575-B"}},{"type":"Feature","id":982,"geometry":{"type":"Point","coordinates":[-135.036,5.8500000000000014]},"properties":{"FID":982,"NAME":"575C","KML_FOLDER":"85","Hole":"DSDP 85-575-C"}},{"type":"Feature","id":983,"geometry":{"type":"Point","coordinates":[164.27600000000001,32.356000000000002]},"properties":{"FID":983,"NAME":"576","KML_FOLDER":"86","Hole":"DSDP 86-576"}},{"type":"Feature","id":984,"geometry":{"type":"Point","coordinates":[164.27500000000001,32.356299999999997]},"properties":{"FID":984,"NAME":"576A","KML_FOLDER":"86","Hole":"DSDP 86-576-A"}},{"type":"Feature","id":985,"geometry":{"type":"Point","coordinates":[164.27500000000001,32.356200000000001]},"properties":{"FID":985,"NAME":"576B","KML_FOLDER":"86","Hole":"DSDP 86-576-B"}},{"type":"Feature","id":986,"geometry":{"type":"Point","coordinates":[157.72300000000001,32.441800000000001]},"properties":{"FID":986,"NAME":"577","KML_FOLDER":"86","Hole":"DSDP 86-577"}},{"type":"Feature","id":987,"geometry":{"type":"Point","coordinates":[157.72300000000001,32.4422]},"properties":{"FID":987,"NAME":"577A","KML_FOLDER":"86","Hole":"DSDP 86-577-A"}},{"type":"Feature","id":988,"geometry":{"type":"Point","coordinates":[157.72300000000001,32.441299999999998]},"properties":{"FID":988,"NAME":"577B","KML_FOLDER":"86","Hole":"DSDP 86-577-B"}},{"type":"Feature","id":989,"geometry":{"type":"Point","coordinates":[151.62899999999999,33.926000000000002]},"properties":{"FID":989,"NAME":"578","KML_FOLDER":"86","Hole":"DSDP 86-578"}},{"type":"Feature","id":990,"geometry":{"type":"Point","coordinates":[153.83600000000001,38.628]},"properties":{"FID":990,"NAME":"579","KML_FOLDER":"86","Hole":"DSDP 86-579"}},{"type":"Feature","id":991,"geometry":{"type":"Point","coordinates":[153.83799999999999,38.626800000000003]},"properties":{"FID":991,"NAME":"579A","KML_FOLDER":"86","Hole":"DSDP 86-579-A"}},{"type":"Feature","id":992,"geometry":{"type":"Point","coordinates":[153.976,41.624499999999998]},"properties":{"FID":992,"NAME":"580","KML_FOLDER":"86","Hole":"DSDP 86-580"}},{"type":"Feature","id":993,"geometry":{"type":"Point","coordinates":[159.79599999999999,43.927]},"properties":{"FID":993,"NAME":"581","KML_FOLDER":"86","Hole":"DSDP 86-581"}},{"type":"Feature","id":994,"geometry":{"type":"Point","coordinates":[133.91399999999999,31.775200000000002]},"properties":{"FID":994,"NAME":"582","KML_FOLDER":"87","Hole":"DSDP 87-582"}},{"type":"Feature","id":995,"geometry":{"type":"Point","coordinates":[133.91300000000001,31.774999999999999]},"properties":{"FID":995,"NAME":"582A","KML_FOLDER":"87","Hole":"DSDP 87-582-A"}},{"type":"Feature","id":996,"geometry":{"type":"Point","coordinates":[133.91300000000001,31.774999999999999]},"properties":{"FID":996,"NAME":"582B","KML_FOLDER":"87","Hole":"DSDP 87-582-B"}},{"type":"Feature","id":997,"geometry":{"type":"Point","coordinates":[133.857,31.833300000000008]},"properties":{"FID":997,"NAME":"583","KML_FOLDER":"87","Hole":"DSDP 87-583"}},{"type":"Feature","id":998,"geometry":{"type":"Point","coordinates":[133.85400000000001,31.836300000000001]},"properties":{"FID":998,"NAME":"583A","KML_FOLDER":"87","Hole":"DSDP 87-583-A"}},{"type":"Feature","id":999,"geometry":{"type":"Point","coordinates":[133.85400000000001,31.829999999999998]},"properties":{"FID":999,"NAME":"583B","KML_FOLDER":"87","Hole":"DSDP 87-583-B"}},{"type":"Feature","id":1000,"geometry":{"type":"Point","coordinates":[133.85400000000001,31.829999999999998]},"properties":{"FID":1000,"NAME":"583C","KML_FOLDER":"87","Hole":"DSDP 87-583-C"}},{"type":"Feature","id":1001,"geometry":{"type":"Point","coordinates":[133.85900000000001,31.8293]},"properties":{"FID":1001,"NAME":"583D","KML_FOLDER":"87","Hole":"DSDP 87-583-D"}},{"type":"Feature","id":1002,"geometry":{"type":"Point","coordinates":[133.85499999999999,31.835000000000001]},"properties":{"FID":1002,"NAME":"583E","KML_FOLDER":"87","Hole":"DSDP 87-583-E"}},{"type":"Feature","id":1003,"geometry":{"type":"Point","coordinates":[133.85499999999999,31.835000000000001]},"properties":{"FID":1003,"NAME":"583F","KML_FOLDER":"87","Hole":"DSDP 87-583-F"}},{"type":"Feature","id":1004,"geometry":{"type":"Point","coordinates":[133.857,31.834499999999998]},"properties":{"FID":1004,"NAME":"583G","KML_FOLDER":"87","Hole":"DSDP 87-583-G"}},{"type":"Feature","id":1005,"geometry":{"type":"Point","coordinates":[143.952,40.466700000000003]},"properties":{"FID":1005,"NAME":"584","KML_FOLDER":"87","Hole":"DSDP 87-584"}},{"type":"Feature","id":1006,"geometry":{"type":"Point","coordinates":[143.94499999999999,40.466700000000003]},"properties":{"FID":1006,"NAME":"584A","KML_FOLDER":"87","Hole":"DSDP 87-584-A"}},{"type":"Feature","id":1007,"geometry":{"type":"Point","coordinates":[143.96000000000001,40.466700000000003]},"properties":{"FID":1007,"NAME":"584B","KML_FOLDER":"87","Hole":"DSDP 87-584-B"}},{"type":"Feature","id":1008,"geometry":{"type":"Point","coordinates":[159.79599999999999,43.927700000000002]},"properties":{"FID":1008,"NAME":"581A","KML_FOLDER":"88","Hole":"DSDP 88-581-A"}},{"type":"Feature","id":1009,"geometry":{"type":"Point","coordinates":[159.79599999999999,43.927700000000002]},"properties":{"FID":1009,"NAME":"581B","KML_FOLDER":"88","Hole":"DSDP 88-581-B"}},{"type":"Feature","id":1010,"geometry":{"type":"Point","coordinates":[159.797,43.923999999999999]},"properties":{"FID":1010,"NAME":"581C","KML_FOLDER":"88","Hole":"DSDP 88-581-C"}},{"type":"Feature","id":1011,"geometry":{"type":"Point","coordinates":[165.03200000000001,7.2416999999999998]},"properties":{"FID":1011,"NAME":"462A","KML_FOLDER":"89","Hole":"DSDP 89-462-A"}},{"type":"Feature","id":1012,"geometry":{"type":"Point","coordinates":[156.815,13.4833]},"properties":{"FID":1012,"NAME":"585","KML_FOLDER":"89","Hole":"DSDP 89-585"}},{"type":"Feature","id":1013,"geometry":{"type":"Point","coordinates":[156.815,13.4833]},"properties":{"FID":1013,"NAME":"585A","KML_FOLDER":"89","Hole":"DSDP 89-585-A"}},{"type":"Feature","id":1014,"geometry":{"type":"Point","coordinates":[158.49799999999999,-0.49730000000000008]},"properties":{"FID":1014,"NAME":"586","KML_FOLDER":"89","Hole":"DSDP 89-586"}},{"type":"Feature","id":1015,"geometry":{"type":"Point","coordinates":[158.49799999999999,-0.49730000000000008]},"properties":{"FID":1015,"NAME":"586A","KML_FOLDER":"89","Hole":"DSDP 89-586-A"}},{"type":"Feature","id":1016,"geometry":{"type":"Point","coordinates":[158.49799999999999,-0.49730000000000008]},"properties":{"FID":1016,"NAME":"586B","KML_FOLDER":"89","Hole":"DSDP 89-586-B"}},{"type":"Feature","id":1017,"geometry":{"type":"Point","coordinates":[158.49799999999999,-0.49730000000000008]},"properties":{"FID":1017,"NAME":"586C","KML_FOLDER":"89","Hole":"DSDP 89-586-C"}},{"type":"Feature","id":1018,"geometry":{"type":"Point","coordinates":[161.333,-21.184699999999999]},"properties":{"FID":1018,"NAME":"587","KML_FOLDER":"90","Hole":"DSDP 90-587"}},{"type":"Feature","id":1019,"geometry":{"type":"Point","coordinates":[161.227,-26.111699999999999]},"properties":{"FID":1019,"NAME":"588","KML_FOLDER":"90","Hole":"DSDP 90-588"}},{"type":"Feature","id":1020,"geometry":{"type":"Point","coordinates":[161.227,-26.111699999999999]},"properties":{"FID":1020,"NAME":"588A","KML_FOLDER":"90","Hole":"DSDP 90-588-A"}},{"type":"Feature","id":1021,"geometry":{"type":"Point","coordinates":[161.227,-26.111699999999999]},"properties":{"FID":1021,"NAME":"588B","KML_FOLDER":"90","Hole":"DSDP 90-588-B"}},{"type":"Feature","id":1022,"geometry":{"type":"Point","coordinates":[161.227,-26.111699999999999]},"properties":{"FID":1022,"NAME":"588C","KML_FOLDER":"90","Hole":"DSDP 90-588-C"}},{"type":"Feature","id":1023,"geometry":{"type":"Point","coordinates":[163.63999999999999,-30.712]},"properties":{"FID":1023,"NAME":"589","KML_FOLDER":"90","Hole":"DSDP 90-589"}},{"type":"Feature","id":1024,"geometry":{"type":"Point","coordinates":[163.35900000000001,-31.167000000000002]},"properties":{"FID":1024,"NAME":"590","KML_FOLDER":"90","Hole":"DSDP 90-590"}},{"type":"Feature","id":1025,"geometry":{"type":"Point","coordinates":[163.35900000000001,-31.167000000000002]},"properties":{"FID":1025,"NAME":"590A","KML_FOLDER":"90","Hole":"DSDP 90-590-A"}},{"type":"Feature","id":1026,"geometry":{"type":"Point","coordinates":[163.35900000000001,-31.167000000000002]},"properties":{"FID":1026,"NAME":"590B","KML_FOLDER":"90","Hole":"DSDP 90-590-B"}},{"type":"Feature","id":1027,"geometry":{"type":"Point","coordinates":[164.44900000000001,-31.584299999999999]},"properties":{"FID":1027,"NAME":"591","KML_FOLDER":"90","Hole":"DSDP 90-591"}},{"type":"Feature","id":1028,"geometry":{"type":"Point","coordinates":[164.44900000000001,-31.584299999999999]},"properties":{"FID":1028,"NAME":"591A","KML_FOLDER":"90","Hole":"DSDP 90-591-A"}},{"type":"Feature","id":1029,"geometry":{"type":"Point","coordinates":[164.44900000000001,-31.584299999999999]},"properties":{"FID":1029,"NAME":"591B","KML_FOLDER":"90","Hole":"DSDP 90-591-B"}},{"type":"Feature","id":1030,"geometry":{"type":"Point","coordinates":[165.44200000000001,-36.473300000000002]},"properties":{"FID":1030,"NAME":"592","KML_FOLDER":"90","Hole":"DSDP 90-592"}},{"type":"Feature","id":1031,"geometry":{"type":"Point","coordinates":[167.67400000000001,-40.507800000000003]},"properties":{"FID":1031,"NAME":"593","KML_FOLDER":"90","Hole":"DSDP 90-593"}},{"type":"Feature","id":1032,"geometry":{"type":"Point","coordinates":[167.67400000000001,-40.507800000000003]},"properties":{"FID":1032,"NAME":"593A","KML_FOLDER":"90","Hole":"DSDP 90-593-A"}},{"type":"Feature","id":1033,"geometry":{"type":"Point","coordinates":[174.94800000000001,-45.523500000000013]},"properties":{"FID":1033,"NAME":"594","KML_FOLDER":"90","Hole":"DSDP 90-594"}},{"type":"Feature","id":1034,"geometry":{"type":"Point","coordinates":[174.94800000000001,-45.523500000000013]},"properties":{"FID":1034,"NAME":"594A","KML_FOLDER":"90","Hole":"DSDP 90-594-A"}},{"type":"Feature","id":1035,"geometry":{"type":"Point","coordinates":[174.94800000000001,-45.523500000000013]},"properties":{"FID":1035,"NAME":"594B","KML_FOLDER":"90","Hole":"DSDP 90-594-B"}},{"type":"Feature","id":1036,"geometry":{"type":"Point","coordinates":[-165.53100000000001,-23.822500000000002]},"properties":{"FID":1036,"NAME":"595","KML_FOLDER":"91","Hole":"DSDP 91-595"}},{"type":"Feature","id":1037,"geometry":{"type":"Point","coordinates":[-165.52699999999999,-23.822299999999998]},"properties":{"FID":1037,"NAME":"595A","KML_FOLDER":"91","Hole":"DSDP 91-595-A"}},{"type":"Feature","id":1038,"geometry":{"type":"Point","coordinates":[-165.52699999999999,-23.822299999999998]},"properties":{"FID":1038,"NAME":"595B","KML_FOLDER":"91","Hole":"DSDP 91-595-B"}},{"type":"Feature","id":1039,"geometry":{"type":"Point","coordinates":[-165.654,-23.853300000000001]},"properties":{"FID":1039,"NAME":"596","KML_FOLDER":"91","Hole":"DSDP 91-596"}},{"type":"Feature","id":1040,"geometry":{"type":"Point","coordinates":[-165.654,-23.853300000000001]},"properties":{"FID":1040,"NAME":"596A","KML_FOLDER":"91","Hole":"DSDP 91-596-A"}},{"type":"Feature","id":1041,"geometry":{"type":"Point","coordinates":[-165.654,-23.853300000000001]},"properties":{"FID":1041,"NAME":"596B","KML_FOLDER":"91","Hole":"DSDP 91-596-B"}},{"type":"Feature","id":1042,"geometry":{"type":"Point","coordinates":[-83.730000000000004,1.2266999999999999]},"properties":{"FID":1042,"NAME":"504B","KML_FOLDER":"92","Hole":"DSDP 92-504-B"}},{"type":"Feature","id":1043,"geometry":{"type":"Point","coordinates":[-129.77000000000001,-18.8063]},"properties":{"FID":1043,"NAME":"597","KML_FOLDER":"92","Hole":"DSDP 92-597"}},{"type":"Feature","id":1044,"geometry":{"type":"Point","coordinates":[-129.77000000000001,-18.807200000000002]},"properties":{"FID":1044,"NAME":"597A","KML_FOLDER":"92","Hole":"DSDP 92-597-A"}},{"type":"Feature","id":1045,"geometry":{"type":"Point","coordinates":[-129.77000000000001,-18.807200000000002]},"properties":{"FID":1045,"NAME":"597B","KML_FOLDER":"92","Hole":"DSDP 92-597-B"}},{"type":"Feature","id":1046,"geometry":{"type":"Point","coordinates":[-129.77000000000001,-18.807200000000002]},"properties":{"FID":1046,"NAME":"597C","KML_FOLDER":"92","Hole":"DSDP 92-597-C"}},{"type":"Feature","id":1047,"geometry":{"type":"Point","coordinates":[-124.67700000000001,-19.0047]},"properties":{"FID":1047,"NAME":"598","KML_FOLDER":"92","Hole":"DSDP 92-598"}},{"type":"Feature","id":1048,"geometry":{"type":"Point","coordinates":[-124.67700000000001,-19.0047]},"properties":{"FID":1048,"NAME":"598A","KML_FOLDER":"92","Hole":"DSDP 92-598-A"}},{"type":"Feature","id":1049,"geometry":{"type":"Point","coordinates":[-119.881,-19.451499999999999]},"properties":{"FID":1049,"NAME":"599","KML_FOLDER":"92","Hole":"DSDP 92-599"}},{"type":"Feature","id":1050,"geometry":{"type":"Point","coordinates":[-119.881,-19.451499999999999]},"properties":{"FID":1050,"NAME":"599A","KML_FOLDER":"92","Hole":"DSDP 92-599-A"}},{"type":"Feature","id":1051,"geometry":{"type":"Point","coordinates":[-119.881,-19.451499999999999]},"properties":{"FID":1051,"NAME":"599B","KML_FOLDER":"92","Hole":"DSDP 92-599-B"}},{"type":"Feature","id":1052,"geometry":{"type":"Point","coordinates":[-116.84,-18.928999999999998]},"properties":{"FID":1052,"NAME":"600","KML_FOLDER":"92","Hole":"DSDP 92-600"}},{"type":"Feature","id":1053,"geometry":{"type":"Point","coordinates":[-116.84,-18.928999999999998]},"properties":{"FID":1053,"NAME":"600A","KML_FOLDER":"92","Hole":"DSDP 92-600-A"}},{"type":"Feature","id":1054,"geometry":{"type":"Point","coordinates":[-116.84,-18.928999999999998]},"properties":{"FID":1054,"NAME":"600B","KML_FOLDER":"92","Hole":"DSDP 92-600-B"}},{"type":"Feature","id":1055,"geometry":{"type":"Point","coordinates":[-116.84099999999999,-18.9283]},"properties":{"FID":1055,"NAME":"600C","KML_FOLDER":"92","Hole":"DSDP 92-600-C"}},{"type":"Feature","id":1056,"geometry":{"type":"Point","coordinates":[-116.86799999999999,-18.920300000000001]},"properties":{"FID":1056,"NAME":"601","KML_FOLDER":"92","Hole":"DSDP 92-601"}},{"type":"Feature","id":1057,"geometry":{"type":"Point","coordinates":[-116.86799999999999,-18.920300000000001]},"properties":{"FID":1057,"NAME":"601A","KML_FOLDER":"92","Hole":"DSDP 92-601-A"}},{"type":"Feature","id":1058,"geometry":{"type":"Point","coordinates":[-116.86799999999999,-18.920300000000001]},"properties":{"FID":1058,"NAME":"601B","KML_FOLDER":"92","Hole":"DSDP 92-601-B"}},{"type":"Feature","id":1059,"geometry":{"type":"Point","coordinates":[-116.911,-18.9068]},"properties":{"FID":1059,"NAME":"602","KML_FOLDER":"92","Hole":"DSDP 92-602"}},{"type":"Feature","id":1060,"geometry":{"type":"Point","coordinates":[-116.911,-18.9068]},"properties":{"FID":1060,"NAME":"602A","KML_FOLDER":"92","Hole":"DSDP 92-602-A"}},{"type":"Feature","id":1061,"geometry":{"type":"Point","coordinates":[-116.911,-18.9068]},"properties":{"FID":1061,"NAME":"602B","KML_FOLDER":"92","Hole":"DSDP 92-602-B"}},{"type":"Feature","id":1062,"geometry":{"type":"Point","coordinates":[-70.028300000000002,35.494300000000003]},"properties":{"FID":1062,"NAME":"603","KML_FOLDER":"93","Hole":"DSDP 93-603"}},{"type":"Feature","id":1063,"geometry":{"type":"Point","coordinates":[-70.028199999999998,35.494799999999998]},"properties":{"FID":1063,"NAME":"603A","KML_FOLDER":"93","Hole":"DSDP 93-603-A"}},{"type":"Feature","id":1064,"geometry":{"type":"Point","coordinates":[-70.028499999999994,35.495199999999997]},"properties":{"FID":1064,"NAME":"603B","KML_FOLDER":"93","Hole":"DSDP 93-603-B"}},{"type":"Feature","id":1065,"geometry":{"type":"Point","coordinates":[-70.031000000000006,35.496299999999998]},"properties":{"FID":1065,"NAME":"603C","KML_FOLDER":"93","Hole":"DSDP 93-603-C"}},{"type":"Feature","id":1066,"geometry":{"type":"Point","coordinates":[-72.549199999999999,38.713200000000001]},"properties":{"FID":1066,"NAME":"604","KML_FOLDER":"93","Hole":"DSDP 93-604"}},{"type":"Feature","id":1067,"geometry":{"type":"Point","coordinates":[-72.560699999999997,38.718000000000004]},"properties":{"FID":1067,"NAME":"604A","KML_FOLDER":"93","Hole":"DSDP 93-604-A"}},{"type":"Feature","id":1068,"geometry":{"type":"Point","coordinates":[-72.609200000000001,38.742199999999997]},"properties":{"FID":1068,"NAME":"605","KML_FOLDER":"93","Hole":"DSDP 93-605"}},{"type":"Feature","id":1069,"geometry":{"type":"Point","coordinates":[-35.4998,37.338700000000003]},"properties":{"FID":1069,"NAME":"606","KML_FOLDER":"94","Hole":"DSDP 94-606"}},{"type":"Feature","id":1070,"geometry":{"type":"Point","coordinates":[-35.500300000000003,37.338200000000001]},"properties":{"FID":1070,"NAME":"606A","KML_FOLDER":"94","Hole":"DSDP 94-606-A"}},{"type":"Feature","id":1071,"geometry":{"type":"Point","coordinates":[-32.957299999999996,41.001199999999997]},"properties":{"FID":1071,"NAME":"607","KML_FOLDER":"94","Hole":"DSDP 94-607"}},{"type":"Feature","id":1072,"geometry":{"type":"Point","coordinates":[-32.957299999999996,41.001199999999997]},"properties":{"FID":1072,"NAME":"607A","KML_FOLDER":"94","Hole":"DSDP 94-607-A"}},{"type":"Feature","id":1073,"geometry":{"type":"Point","coordinates":[-23.087499999999999,42.8367]},"properties":{"FID":1073,"NAME":"608","KML_FOLDER":"94","Hole":"DSDP 94-608"}},{"type":"Feature","id":1074,"geometry":{"type":"Point","coordinates":[-23.087499999999999,42.8367]},"properties":{"FID":1074,"NAME":"608A","KML_FOLDER":"94","Hole":"DSDP 94-608-A"}},{"type":"Feature","id":1075,"geometry":{"type":"Point","coordinates":[-24.238199999999999,49.877800000000001]},"properties":{"FID":1075,"NAME":"609","KML_FOLDER":"94","Hole":"DSDP 94-609"}},{"type":"Feature","id":1076,"geometry":{"type":"Point","coordinates":[-24.238199999999999,49.877800000000001]},"properties":{"FID":1076,"NAME":"609A","KML_FOLDER":"94","Hole":"DSDP 94-609-A"}},{"type":"Feature","id":1077,"geometry":{"type":"Point","coordinates":[-24.238199999999999,49.877800000000001]},"properties":{"FID":1077,"NAME":"609B","KML_FOLDER":"94","Hole":"DSDP 94-609-B"}},{"type":"Feature","id":1078,"geometry":{"type":"Point","coordinates":[-24.238199999999999,49.877800000000001]},"properties":{"FID":1078,"NAME":"609C","KML_FOLDER":"94","Hole":"DSDP 94-609-C"}},{"type":"Feature","id":1079,"geometry":{"type":"Point","coordinates":[-18.886800000000001,53.221500000000013]},"properties":{"FID":1079,"NAME":"610","KML_FOLDER":"94","Hole":"DSDP 94-610"}},{"type":"Feature","id":1080,"geometry":{"type":"Point","coordinates":[-18.886800000000001,53.221500000000013]},"properties":{"FID":1080,"NAME":"610A","KML_FOLDER":"94","Hole":"DSDP 94-610-A"}},{"type":"Feature","id":1081,"geometry":{"type":"Point","coordinates":[-18.886800000000001,53.221500000000013]},"properties":{"FID":1081,"NAME":"610B","KML_FOLDER":"94","Hole":"DSDP 94-610-B"}},{"type":"Feature","id":1082,"geometry":{"type":"Point","coordinates":[-18.886800000000001,53.221500000000013]},"properties":{"FID":1082,"NAME":"610C","KML_FOLDER":"94","Hole":"DSDP 94-610-C"}},{"type":"Feature","id":1083,"geometry":{"type":"Point","coordinates":[-18.8948,53.224500000000013]},"properties":{"FID":1083,"NAME":"610D","KML_FOLDER":"94","Hole":"DSDP 94-610-D"}},{"type":"Feature","id":1084,"geometry":{"type":"Point","coordinates":[-18.8948,53.224500000000013]},"properties":{"FID":1084,"NAME":"610E","KML_FOLDER":"94","Hole":"DSDP 94-610-E"}},{"type":"Feature","id":1085,"geometry":{"type":"Point","coordinates":[-30.309699999999999,52.841200000000001]},"properties":{"FID":1085,"NAME":"611","KML_FOLDER":"94","Hole":"DSDP 94-611"}},{"type":"Feature","id":1086,"geometry":{"type":"Point","coordinates":[-30.309699999999999,52.841200000000001]},"properties":{"FID":1086,"NAME":"611A","KML_FOLDER":"94","Hole":"DSDP 94-611-A"}},{"type":"Feature","id":1087,"geometry":{"type":"Point","coordinates":[-30.318300000000001,52.835799999999992]},"properties":{"FID":1087,"NAME":"611B","KML_FOLDER":"94","Hole":"DSDP 94-611-B"}},{"type":"Feature","id":1088,"geometry":{"type":"Point","coordinates":[-30.318300000000001,52.835799999999992]},"properties":{"FID":1088,"NAME":"611C","KML_FOLDER":"94","Hole":"DSDP 94-611-C"}},{"type":"Feature","id":1089,"geometry":{"type":"Point","coordinates":[-30.309699999999999,52.841200000000001]},"properties":{"FID":1089,"NAME":"611D","KML_FOLDER":"94","Hole":"DSDP 94-611-D"}},{"type":"Feature","id":1090,"geometry":{"type":"Point","coordinates":[-30.309699999999999,52.841200000000001]},"properties":{"FID":1090,"NAME":"611E","KML_FOLDER":"94","Hole":"DSDP 94-611-E"}},{"type":"Feature","id":1091,"geometry":{"type":"Point","coordinates":[-70.023499999999999,38.4998]},"properties":{"FID":1091,"NAME":"603D","KML_FOLDER":"95","Hole":"DSDP 95-603-D"}},{"type":"Feature","id":1092,"geometry":{"type":"Point","coordinates":[-70.022800000000004,35.499699999999997]},"properties":{"FID":1092,"NAME":"603E","KML_FOLDER":"95","Hole":"DSDP 95-603-E"}},{"type":"Feature","id":1093,"geometry":{"type":"Point","coordinates":[-70.0227,35.497799999999998]},"properties":{"FID":1093,"NAME":"603F","KML_FOLDER":"95","Hole":"DSDP 95-603-F"}},{"type":"Feature","id":1094,"geometry":{"type":"Point","coordinates":[-72.773799999999994,38.8202]},"properties":{"FID":1094,"NAME":"612","KML_FOLDER":"95","Hole":"DSDP 95-612"}},{"type":"Feature","id":1095,"geometry":{"type":"Point","coordinates":[-72.523799999999994,38.771000000000001]},"properties":{"FID":1095,"NAME":"613","KML_FOLDER":"95","Hole":"DSDP 95-613"}},{"type":"Feature","id":1096,"geometry":{"type":"Point","coordinates":[-86.136799999999994,25.068000000000001]},"properties":{"FID":1096,"NAME":"614","KML_FOLDER":"96","Hole":"DSDP 96-614"}},{"type":"Feature","id":1097,"geometry":{"type":"Point","coordinates":[-86.136799999999994,25.068000000000001]},"properties":{"FID":1097,"NAME":"614A","KML_FOLDER":"96","Hole":"DSDP 96-614-A"}},{"type":"Feature","id":1098,"geometry":{"type":"Point","coordinates":[-85.992199999999997,25.222300000000001]},"properties":{"FID":1098,"NAME":"615","KML_FOLDER":"96","Hole":"DSDP 96-615"}},{"type":"Feature","id":1099,"geometry":{"type":"Point","coordinates":[-85.992500000000007,25.2225]},"properties":{"FID":1099,"NAME":"615A","KML_FOLDER":"96","Hole":"DSDP 96-615-A"}},{"type":"Feature","id":1100,"geometry":{"type":"Point","coordinates":[-86.880499999999998,26.811199999999999]},"properties":{"FID":1100,"NAME":"616","KML_FOLDER":"96","Hole":"DSDP 96-616"}},{"type":"Feature","id":1101,"geometry":{"type":"Point","coordinates":[-86.881,26.8108]},"properties":{"FID":1101,"NAME":"616A","KML_FOLDER":"96","Hole":"DSDP 96-616-A"}},{"type":"Feature","id":1102,"geometry":{"type":"Point","coordinates":[-86.880799999999994,26.811]},"properties":{"FID":1102,"NAME":"616B","KML_FOLDER":"96","Hole":"DSDP 96-616-B"}},{"type":"Feature","id":1103,"geometry":{"type":"Point","coordinates":[-88.527799999999999,26.698799999999999]},"properties":{"FID":1103,"NAME":"617","KML_FOLDER":"96","Hole":"DSDP 96-617"}},{"type":"Feature","id":1104,"geometry":{"type":"Point","coordinates":[-88.527799999999999,26.698799999999999]},"properties":{"FID":1104,"NAME":"617A","KML_FOLDER":"96","Hole":"DSDP 96-617-A"}},{"type":"Feature","id":1105,"geometry":{"type":"Point","coordinates":[-91.262200000000021,27.011299999999999]},"properties":{"FID":1105,"NAME":"618","KML_FOLDER":"96","Hole":"DSDP 96-618"}},{"type":"Feature","id":1106,"geometry":{"type":"Point","coordinates":[-91.262200000000021,27.011299999999999]},"properties":{"FID":1106,"NAME":"618A","KML_FOLDER":"96","Hole":"DSDP 96-618-A"}},{"type":"Feature","id":1107,"geometry":{"type":"Point","coordinates":[-91.408999999999992,27.1935]},"properties":{"FID":1107,"NAME":"619","KML_FOLDER":"96","Hole":"DSDP 96-619"}},{"type":"Feature","id":1108,"geometry":{"type":"Point","coordinates":[-91.408999999999992,27.1935]},"properties":{"FID":1108,"NAME":"619A","KML_FOLDER":"96","Hole":"DSDP 96-619-A"}},{"type":"Feature","id":1109,"geometry":{"type":"Point","coordinates":[-88.370800000000003,26.8353]},"properties":{"FID":1109,"NAME":"620","KML_FOLDER":"96","Hole":"DSDP 96-620"}},{"type":"Feature","id":1110,"geometry":{"type":"Point","coordinates":[-88.495999999999995,26.731000000000002]},"properties":{"FID":1110,"NAME":"621","KML_FOLDER":"96","Hole":"DSDP 96-621"}},{"type":"Feature","id":1111,"geometry":{"type":"Point","coordinates":[-88.380300000000005,26.690200000000001]},"properties":{"FID":1111,"NAME":"622","KML_FOLDER":"96","Hole":"DSDP 96-622"}},{"type":"Feature","id":1112,"geometry":{"type":"Point","coordinates":[-88.380300000000005,26.690200000000001]},"properties":{"FID":1112,"NAME":"622A","KML_FOLDER":"96","Hole":"DSDP 96-622-A"}},{"type":"Feature","id":1113,"geometry":{"type":"Point","coordinates":[-86.230699999999999,25.7682]},"properties":{"FID":1113,"NAME":"623","KML_FOLDER":"96","Hole":"DSDP 96-623"}},{"type":"Feature","id":1114,"geometry":{"type":"Point","coordinates":[-86.277199999999993,25.754000000000001]},"properties":{"FID":1114,"NAME":"624","KML_FOLDER":"96","Hole":"DSDP 96-624"}},{"type":"Feature","id":1115,"geometry":{"type":"Point","coordinates":[-86.277199999999993,25.754000000000001]},"properties":{"FID":1115,"NAME":"624A","KML_FOLDER":"96","Hole":"DSDP 96-624-A"}}]
}