{
  "type" : "FeatureCollection",
  "features" : [{"type":"Feature","id":0,"geometry":{"type":"Point","coordinates":[117.000015,15.37581833]},"properties":{"FID":0,"F1":"IODP","leg":349,"site":"U1431A","latitude":15.375818000000001,"longitude":117.000015,"arrival":"01/30/2014 22:40","water_dept":4237.2600000000002,"core_penet":28.399999999999999,"core_recov":28.390000000000001}},{"type":"Feature","id":1,"geometry":{"type":"Point","coordinates":[117.0002083,15.3758]},"properties":{"FID":1,"F1":"IODP","leg":349,"site":"U1431B","latitude":15.3758,"longitude":117.000208,"arrival":"01/31/2014 19:45","water_dept":4236.6599999999999,"core_penet":17,"core_recov":17.16}},{"type":"Feature","id":2,"geometry":{"type":"Point","coordinates":[117.00018,15.37561833]},"properties":{"FID":2,"F1":"IODP","leg":349,"site":"U1431C","latitude":15.375617999999999,"longitude":117.00018,"arrival":"01/31/2014 22:20","water_dept":4239.46,"core_penet":14.199999999999999,"core_recov":14.449999999999999}},{"type":"Feature","id":3,"geometry":{"type":"Point","coordinates":[117.0000367,15.375631670000001]},"properties":{"FID":3,"F1":"IODP","leg":349,"site":"U1431D","latitude":15.375632,"longitude":117.00003700000001,"arrival":"02/01/2014 00:52","water_dept":4240.46,"core_penet":617,"core_recov":402.11000000000001}},{"type":"Feature","id":4,"geometry":{"type":"Point","coordinates":[116.99983829999999,15.375633329999999]},"properties":{"FID":4,"F1":"IODP","leg":349,"site":"U1431E","latitude":15.375633000000001,"longitude":116.999838,"arrival":"02/06/2014 06:15","water_dept":4240.3400000000001,"core_penet":1008.8,"core_recov":242.34999999999999}},{"type":"Feature","id":5,"geometry":{"type":"Point","coordinates":[116.39084,18.351751669999999]},"properties":{"FID":5,"F1":"IODP","leg":349,"site":"U1432A","latitude":18.351752000000001,"longitude":116.39084,"arrival":"02/16/2014 15:30","water_dept":3829,"core_penet":62,"core_recov":0}},{"type":"Feature","id":6,"geometry":{"type":"Point","coordinates":[116.3908533,18.351769999999998]},"properties":{"FID":6,"F1":"IODP","leg":349,"site":"U1432B","latitude":18.351769999999998,"longitude":116.39085300000001,"arrival":"02/17/2014 18:05","water_dept":3828.98,"core_penet":800,"core_recov":0}},{"type":"Feature","id":7,"geometry":{"type":"Point","coordinates":[116.39084,18.351385000000001]},"properties":{"FID":7,"F1":"IODP","leg":349,"site":"U1432C","latitude":18.351385000000001,"longitude":116.39084,"arrival":"02/21/2014 08:20","water_dept":3829.04,"core_penet":110,"core_recov":88.739999999999995}},{"type":"Feature","id":8,"geometry":{"type":"Point","coordinates":[115.0472417,12.91896667]},"properties":{"FID":8,"F1":"IODP","leg":349,"site":"U1433A","latitude":12.918967,"longitude":115.047242,"arrival":"03/07/2014 18:30","water_dept":4379.3500000000004,"core_penet":188.30000000000001,"core_recov":168.78999999999999}},{"type":"Feature","id":9,"geometry":{"type":"Point","coordinates":[115.04747329999999,12.918855000000001]},"properties":{"FID":9,"F1":"IODP","leg":349,"site":"U1433B","latitude":12.918855000000001,"longitude":115.047473,"arrival":"03/10/2014 19:25","water_dept":4379.3299999999999,"core_penet":858.5,"core_recov":443.04000000000002}},{"type":"Feature","id":10,"geometry":{"type":"Point","coordinates":[114.92334169999999,13.191800000000001]},"properties":{"FID":10,"F1":"IODP","leg":349,"site":"U1434A","latitude":13.191800000000001,"longitude":114.92334200000001,"arrival":"03/19/2014 16:48","water_dept":4009,"core_penet":312.5,"core_recov":26.43}},{"type":"Feature","id":11,"geometry":{"type":"Point","coordinates":[116.61029000000001,18.55577667]},"properties":{"FID":11,"F1":"IODP","leg":349,"site":"U1435A","latitude":18.555776999999999,"longitude":116.61029000000001,"arrival":"03/24/2014 07:24","water_dept":3252.46,"core_penet":300,"core_recov":171.37}},{"type":"Feature","id":12,"geometry":{"type":"Point","coordinates":[140.36547329999999,32.398056670000003]},"properties":{"FID":12,"F1":"IODP","leg":350,"site":"U1436A","latitude":32.398057000000001,"longitude":140.36547300000001,"arrival":"04/08/2014 03:30","water_dept":1775,"core_penet":150,"core_recov":71.640000000000001}},{"type":"Feature","id":13,"geometry":{"type":"Point","coordinates":[140.36548830000001,32.398266669999998]},"properties":{"FID":13,"F1":"IODP","leg":350,"site":"U1436B","latitude":32.398266999999997,"longitude":140.365488,"arrival":"05/25/2014 07:18","water_dept":1773.9100000000001,"core_penet":61.799999999999997,"core_recov":61.789999999999999}},{"type":"Feature","id":14,"geometry":{"type":"Point","coordinates":[140.36549669999999,32.397889999999997]},"properties":{"FID":14,"F1":"IODP","leg":350,"site":"U1436C","latitude":32.397889999999997,"longitude":140.365497,"arrival":"05/26/2014 05:25","water_dept":1774.51,"core_penet":70.400000000000006,"core_recov":70.379999999999995}},{"type":"Feature","id":15,"geometry":{"type":"Point","coordinates":[140.36569829999999,32.398081670000003]},"properties":{"FID":15,"F1":"IODP","leg":350,"site":"U1436D","latitude":32.398082000000002,"longitude":140.36569800000001,"arrival":"05/27/2014 03:55","water_dept":1774.51,"core_penet":62,"core_recov":22.07}},{"type":"Feature","id":16,"geometry":{"type":"Point","coordinates":[139.0263333,31.78983333]},"properties":{"FID":16,"F1":"IODP","leg":350,"site":"U1437A","latitude":31.789833000000002,"longitude":139.02633299999999,"arrival":"04/10/2014 12:06","water_dept":2115.7800000000002,"core_penet":25,"core_recov":0}},{"type":"Feature","id":17,"geometry":{"type":"Point","coordinates":[139.0263133,31.789851670000001]},"properties":{"FID":17,"F1":"IODP","leg":350,"site":"U1437B","latitude":31.789852,"longitude":139.02631299999999,"arrival":"04/11/2014 01:35","water_dept":2116.0799999999999,"core_penet":439.10000000000002,"core_recov":242.63}},{"type":"Feature","id":18,"geometry":{"type":"Point","coordinates":[139.0263233,31.78969]},"properties":{"FID":18,"F1":"IODP","leg":350,"site":"U1437C","latitude":31.78969,"longitude":139.02632299999999,"arrival":"04/13/2014 21:45","water_dept":2115.9899999999998,"core_penet":309.69999999999999,"core_recov":0}},{"type":"Feature","id":19,"geometry":{"type":"Point","coordinates":[139.02621669999999,31.789786670000002]},"properties":{"FID":19,"F1":"IODP","leg":350,"site":"U1437D","latitude":31.789787,"longitude":139.026217,"arrival":"04/15/2014 04:05","water_dept":2115.9899999999998,"core_penet":1104.5999999999999,"core_recov":503.85000000000002}},{"type":"Feature","id":20,"geometry":{"type":"Point","coordinates":[139.02652330000001,31.78979833]},"properties":{"FID":20,"F1":"IODP","leg":350,"site":"U1437E","latitude":31.789798000000001,"longitude":139.026523,"arrival":"04/26/2014 11:40","water_dept":2115.8499999999999,"core_penet":1806.5,"core_recov":387.44999999999999}},{"type":"Feature","id":21,"geometry":{"type":"Point","coordinates":[134.31836670000001,27.38351333]},"properties":{"FID":21,"F1":"IODP","leg":351,"site":"U1438A","latitude":27.383513000000001,"longitude":134.31836699999999,"arrival":"06/07/2014 05:45","water_dept":4700.1800000000003,"core_penet":26.5,"core_recov":24.899999999999999}},{"type":"Feature","id":22,"geometry":{"type":"Point","coordinates":[134.31847830000001,27.383518330000001]},"properties":{"FID":22,"F1":"IODP","leg":351,"site":"U1438B","latitude":27.383517999999999,"longitude":134.318478,"arrival":"06/08/2014 05:00","water_dept":4700.4799999999996,"core_penet":257.30000000000001,"core_recov":227.03999999999999}},{"type":"Feature","id":23,"geometry":{"type":"Point","coordinates":[134.31813829999999,27.383271669999999]},"properties":{"FID":23,"F1":"IODP","leg":351,"site":"U1438C","latitude":27.383272000000002,"longitude":134.318138,"arrival":"06/09/2014 20:25","water_dept":4700.1800000000003,"core_penet":65,"core_recov":0}},{"type":"Feature","id":24,"geometry":{"type":"Point","coordinates":[134.3183717,27.383696669999999]},"properties":{"FID":24,"F1":"IODP","leg":351,"site":"U1438D","latitude":27.383697000000002,"longitude":134.31837200000001,"arrival":"06/10/2014 15:00","water_dept":4700.1599999999999,"core_penet":897.79999999999995,"core_recov":523.16999999999996}},{"type":"Feature","id":25,"geometry":{"type":"Point","coordinates":[134.31816330000001,27.383588329999998]},"properties":{"FID":25,"F1":"IODP","leg":351,"site":"U1438E","latitude":27.383588,"longitude":134.318163,"arrival":"06/20/2014 02:30","water_dept":4700.0500000000002,"core_penet":1611,"core_recov":450.73000000000002}},{"type":"Feature","id":26,"geometry":{"type":"Point","coordinates":[134.318175,27.383611670000001]},"properties":{"FID":26,"F1":"IODP","leg":351,"site":"U1438F","latitude":27.383611999999999,"longitude":134.318175,"arrival":"07/22/2014 14:15","water_dept":4699.9399999999996,"core_penet":700,"core_recov":0}},{"type":"Feature","id":27,"geometry":{"type":"Point","coordinates":[142.6085333,28.40747833]},"properties":{"FID":27,"F1":"IODP","leg":352,"site":"U1439A","latitude":28.407478000000001,"longitude":142.60853299999999,"arrival":"08/05/2014 18:24","water_dept":3128.1199999999999,"core_penet":199.40000000000001,"core_recov":170.66}},{"type":"Feature","id":28,"geometry":{"type":"Point","coordinates":[142.60874000000001,28.407463329999999]},"properties":{"FID":28,"F1":"IODP","leg":352,"site":"U1439B","latitude":28.407463,"longitude":142.60874000000001,"arrival":"08/08/2014 06:20","water_dept":3128.1500000000001,"core_penet":42.200000000000003,"core_recov":0}},{"type":"Feature","id":29,"geometry":{"type":"Point","coordinates":[142.60894669999999,28.407485000000001]},"properties":{"FID":29,"F1":"IODP","leg":352,"site":"U1439C","latitude":28.407485000000001,"longitude":142.608947,"arrival":"08/26/2014 03:10","water_dept":3129.2199999999998,"core_penet":544.29999999999995,"core_recov":107.84}},{"type":"Feature","id":30,"geometry":{"type":"Point","coordinates":[142.75373830000001,28.449816670000001]},"properties":{"FID":30,"F1":"IODP","leg":352,"site":"U1440A","latitude":28.449816999999999,"longitude":142.753738,"arrival":"08/08/2014 21:30","water_dept":4775.1700000000001,"core_penet":106.09999999999999,"core_recov":96.579999999999998}},{"type":"Feature","id":31,"geometry":{"type":"Point","coordinates":[142.75373999999999,28.449960000000001]},"properties":{"FID":31,"F1":"IODP","leg":352,"site":"U1440B","latitude":28.449960000000001,"longitude":142.75373999999999,"arrival":"08/10/2014 22:35","water_dept":4775.1499999999996,"core_penet":383.60000000000002,"core_recov":34.710000000000001}},{"type":"Feature","id":32,"geometry":{"type":"Point","coordinates":[142.72565,28.427298329999999]},"properties":{"FID":32,"F1":"IODP","leg":352,"site":"U1441A","latitude":28.427298,"longitude":142.72565,"arrival":"09/11/2014 02:05","water_dept":4446.8800000000001,"core_penet":205.69999999999999,"core_recov":50.740000000000002}},{"type":"Feature","id":33,"geometry":{"type":"Point","coordinates":[142.62227999999999,28.40964]},"properties":{"FID":33,"F1":"IODP","leg":352,"site":"U1442A","latitude":28.40964,"longitude":142.62227999999999,"arrival":"09/14/2014 05:50","water_dept":3162.0300000000002,"core_penet":529.79999999999995,"core_recov":100.68000000000001}},{"type":"Feature","id":34,"geometry":{"type":"Point","coordinates":[90.361833329999996,5.3834966670000002]},"properties":{"FID":34,"F1":"IODP","leg":353,"site":"U1443A","latitude":5.3834970000000002,"longitude":90.361833000000004,"arrival":"12/07/2014 13:00","water_dept":2929.4499999999998,"core_penet":344,"core_recov":326.80000000000001}},{"type":"Feature","id":35,"geometry":{"type":"Point","coordinates":[90.361818330000006,5.3836333329999997]},"properties":{"FID":35,"F1":"IODP","leg":353,"site":"U1443B","latitude":5.3836329999999997,"longitude":90.361818,"arrival":"12/10/2014 18:25","water_dept":2924.8099999999999,"core_penet":326.39999999999998,"core_recov":308.50999999999999}},{"type":"Feature","id":36,"geometry":{"type":"Point","coordinates":[90.361639999999994,5.3834633329999999]},"properties":{"FID":36,"F1":"IODP","leg":353,"site":"U1443C","latitude":5.3834629999999999,"longitude":90.361639999999994,"arrival":"12/12/2014 15:10","water_dept":2924.6999999999998,"core_penet":209.40000000000001,"core_recov":182.87}},{"type":"Feature","id":37,"geometry":{"type":"Point","coordinates":[90.361653329999996,5.3833183330000001]},"properties":{"FID":37,"F1":"IODP","leg":353,"site":"U1443D","latitude":5.383318,"longitude":90.361653000000004,"arrival":"12/14/2014 05:15","water_dept":2924.5799999999999,"core_penet":8.1999999999999993,"core_recov":7.4800000000000004}},{"type":"Feature","id":38,"geometry":{"type":"Point","coordinates":[84.829007970000006,14.000094949999999]},"properties":{"FID":38,"F1":"IODP","leg":353,"site":"U1444A","latitude":14.000095,"longitude":84.829008000000002,"arrival":"12/23/2014 23:15","water_dept":3132.6999999999998,"core_penet":330.60000000000002,"core_recov":226.05000000000001}},{"type":"Feature","id":39,"geometry":{"type":"Point","coordinates":[84.829020270000001,13.99989983]},"properties":{"FID":39,"F1":"IODP","leg":353,"site":"U1444B","latitude":13.9999,"longitude":84.82902,"arrival":"12/26/2014 22:00","water_dept":3131.7600000000002,"core_penet":128.59999999999999,"core_recov":74.159999999999997}},{"type":"Feature","id":40,"geometry":{"type":"Point","coordinates":[84.787506669999999,17.745349999999998]},"properties":{"FID":40,"F1":"IODP","leg":353,"site":"U1445A","latitude":17.745349999999998,"longitude":84.787507000000005,"arrival":"12/31/2014 11:42","water_dept":2502.2600000000002,"core_penet":672.60000000000002,"core_recov":666.39999999999998}},{"type":"Feature","id":41,"geometry":{"type":"Point","coordinates":[84.787496669999996,17.74516333]},"properties":{"FID":41,"F1":"IODP","leg":353,"site":"U1445B","latitude":17.745163000000002,"longitude":84.787497000000002,"arrival":"01/06/2015 23:11","water_dept":2503.5799999999999,"core_penet":33,"core_recov":33.359999999999999}},{"type":"Feature","id":42,"geometry":{"type":"Point","coordinates":[84.787311669999994,17.745158329999999]},"properties":{"FID":42,"F1":"IODP","leg":353,"site":"U1445C","latitude":17.745158,"longitude":84.787312,"arrival":"01/07/2015 05:20","water_dept":2502.5799999999999,"core_penet":305.19999999999999,"core_recov":305.60000000000002}},{"type":"Feature","id":43,"geometry":{"type":"Point","coordinates":[85.734823329999998,19.08348333]},"properties":{"FID":43,"F1":"IODP","leg":353,"site":"U1446A","latitude":19.083483000000001,"longitude":85.734823000000006,"arrival":"01/10/2015 08:14","water_dept":1430.21,"core_penet":180,"core_recov":186.63}},{"type":"Feature","id":44,"geometry":{"type":"Point","coordinates":[85.734643329999997,19.083475]},"properties":{"FID":44,"F1":"IODP","leg":353,"site":"U1446B","latitude":19.083475,"longitude":85.734643000000005,"arrival":"01/11/2015 13:05","water_dept":1429.34518,"core_penet":27.100000000000001,"core_recov":27.199999999999999}},{"type":"Feature","id":45,"geometry":{"type":"Point","coordinates":[85.734633329999994,19.08369167]},"properties":{"FID":45,"F1":"IODP","leg":353,"site":"U1446C","latitude":19.083691999999999,"longitude":85.734633000000002,"arrival":"01/11/2015 15:25","water_dept":1430.04,"core_penet":182,"core_recov":180.55000000000001}},{"type":"Feature","id":46,"geometry":{"type":"Point","coordinates":[92.999998329999997,10.79010167]},"properties":{"FID":46,"F1":"IODP","leg":353,"site":"U1447A","latitude":10.790101999999999,"longitude":92.999998000000005,"arrival":"01/15/2015 06:30","water_dept":1390.9300000000001,"core_penet":738,"core_recov":732.96000000000004}},{"type":"Feature","id":47,"geometry":{"type":"Point","coordinates":[93.000046670000003,10.789908329999999]},"properties":{"FID":47,"F1":"IODP","leg":353,"site":"U1447B","latitude":10.789908,"longitude":93.000046999999995,"arrival":"01/20/2015 11:05","water_dept":1391.75,"core_penet":24.399999999999999,"core_recov":24.260000000000002}},{"type":"Feature","id":48,"geometry":{"type":"Point","coordinates":[93.000190000000003,10.78992]},"properties":{"FID":48,"F1":"IODP","leg":353,"site":"U1447C","latitude":10.78992,"longitude":93.000190000000003,"arrival":"01/20/2015 14:20","water_dept":1392.2526,"core_penet":160.90000000000001,"core_recov":158.31999999999999}},{"type":"Feature","id":49,"geometry":{"type":"Point","coordinates":[93.000060000000005,10.633858330000001]},"properties":{"FID":49,"F1":"IODP","leg":353,"site":"U1448A","latitude":10.633858,"longitude":93.000060000000005,"arrival":"01/21/2015 10:45","water_dept":1098.3465000000001,"core_penet":421,"core_recov":434.81999999999999}},{"type":"Feature","id":50,"geometry":{"type":"Point","coordinates":[93.00005333,10.63367]},"properties":{"FID":50,"F1":"IODP","leg":353,"site":"U1448B","latitude":10.63367,"longitude":93.000052999999994,"arrival":"01/23/2015 10:30","water_dept":1096.51,"core_penet":358.60000000000002,"core_recov":369.38}},{"type":"Feature","id":51,"geometry":{"type":"Point","coordinates":[93.000388330000007,10.63471667]},"properties":{"FID":51,"F1":"IODP","leg":353,"site":"U1448C","latitude":10.634717,"longitude":93.000388000000001,"arrival":"01/24/2015 22:30","water_dept":1096.79,"core_penet":34.299999999999997,"core_recov":34.770000000000003}},{"type":"Feature","id":52,"geometry":{"type":"Point","coordinates":[88.109989999999996,8.0069900000000001]},"properties":{"FID":52,"F1":"IODP","leg":354,"site":"U1449A","latitude":8.0069900000000001,"longitude":88.109989999999996,"arrival":"02/07/2015 00:23","water_dept":3652.6599999999999,"core_penet":213.5,"core_recov":129.38}},{"type":"Feature","id":53,"geometry":{"type":"Point","coordinates":[88.110151669999993,8.0070099999999993]},"properties":{"FID":53,"F1":"IODP","leg":354,"site":"U1449B","latitude":8.0070099999999993,"longitude":88.110151999999999,"arrival":"02/09/2015 22:25","water_dept":3651.9299999999998,"core_penet":7.9000000000000004,"core_recov":7.9100000000000001}},{"type":"Feature","id":54,"geometry":{"type":"Point","coordinates":[87.670796670000001,8.0070016670000008]},"properties":{"FID":54,"F1":"IODP","leg":354,"site":"U1450A","latitude":8.007002,"longitude":87.670796999999993,"arrival":"02/10/2015 12:30","water_dept":3655.3200000000002,"core_penet":687.39999999999998,"core_recov":282.73000000000002}},{"type":"Feature","id":55,"geometry":{"type":"Point","coordinates":[87.670976670000002,8.0069866669999996]},"properties":{"FID":55,"F1":"IODP","leg":354,"site":"U1450B","latitude":8.0069870000000005,"longitude":87.670976999999993,"arrival":"03/07/2015 08:15","water_dept":3655.3499999999999,"core_penet":811.89999999999998,"core_recov":46.670000000000002}},{"type":"Feature","id":56,"geometry":{"type":"Point","coordinates":[88.741686670000007,8.0069916669999994]},"properties":{"FID":56,"F1":"IODP","leg":354,"site":"U1451A","latitude":8.0069920000000003,"longitude":88.741686999999999,"arrival":"02/17/2015 04:40","water_dept":3607.2800000000002,"core_penet":582.10000000000002,"core_recov":337.80000000000001}},{"type":"Feature","id":57,"geometry":{"type":"Point","coordinates":[88.741241669999994,8.0070049999999995]},"properties":{"FID":57,"F1":"IODP","leg":354,"site":"U1451B","latitude":8.0070049999999995,"longitude":88.741242,"arrival":"02/22/2015 00:00","water_dept":3607.21,"core_penet":1181.3,"core_recov":180.86000000000001}},{"type":"Feature","id":58,"geometry":{"type":"Point","coordinates":[87.181668329999994,8.0069933330000005]},"properties":{"FID":58,"F1":"IODP","leg":354,"site":"U1452A","latitude":8.0069929999999996,"longitude":87.181668000000002,"arrival":"03/11/2015 01:00","water_dept":3670.5,"core_penet":8,"core_recov":8.0299999999999994}},{"type":"Feature","id":59,"geometry":{"type":"Point","coordinates":[87.181880000000007,8.0069850000000002]},"properties":{"FID":59,"F1":"IODP","leg":354,"site":"U1452B","latitude":8.0069850000000002,"longitude":87.181880000000007,"arrival":"03/12/2015 00:15","water_dept":3670.3000000000002,"core_penet":217.69999999999999,"core_recov":138.21000000000001}},{"type":"Feature","id":60,"geometry":{"type":"Point","coordinates":[87.18186,8.0068133330000002]},"properties":{"FID":60,"F1":"IODP","leg":354,"site":"U1452C","latitude":8.0068129999999993,"longitude":87.18186,"arrival":"03/13/2015 18:30","water_dept":3671.48,"core_penet":41.299999999999997,"core_recov":33.299999999999997}},{"type":"Feature","id":61,"geometry":{"type":"Point","coordinates":[86.791621669999998,8.0069883330000007]},"properties":{"FID":61,"F1":"IODP","leg":354,"site":"U1453A","latitude":8.0069879999999998,"longitude":86.791622000000004,"arrival":"03/14/2015 15:45","water_dept":3679.48,"core_penet":215.69999999999999,"core_recov":164.78}},{"type":"Feature","id":62,"geometry":{"type":"Point","coordinates":[85.84980333,8.0067783329999997]},"properties":{"FID":62,"F1":"IODP","leg":354,"site":"U1454A","latitude":8.0067780000000006,"longitude":85.849802999999994,"arrival":"03/18/2015 11:06","water_dept":3709.9200000000001,"core_penet":7.5,"core_recov":7.54}},{"type":"Feature","id":63,"geometry":{"type":"Point","coordinates":[85.850041669999996,8.0068049999999999]},"properties":{"FID":63,"F1":"IODP","leg":354,"site":"U1454B","latitude":8.0068049999999999,"longitude":85.850042000000002,"arrival":"03/18/2015 20:00","water_dept":3710.3200000000002,"core_penet":161.80000000000001,"core_recov":129.50999999999999}},{"type":"Feature","id":64,"geometry":{"type":"Point","coordinates":[85.850054999999998,8.0066133330000007]},"properties":{"FID":64,"F1":"IODP","leg":354,"site":"U1454C","latitude":8.0066129999999998,"longitude":85.850054999999998,"arrival":"03/20/2015 09:30","water_dept":3710.3299999999999,"core_penet":37.200000000000003,"core_recov":29.890000000000001}},{"type":"Feature","id":65,"geometry":{"type":"Point","coordinates":[85.849878329999996,8.0066249999999997]},"properties":{"FID":65,"F1":"IODP","leg":354,"site":"U1454D","latitude":8.0066249999999997,"longitude":85.849878000000004,"arrival":"03/20/2015 17:30","water_dept":3710.7199999999998,"core_penet":37.100000000000001,"core_recov":24.460000000000001}},{"type":"Feature","id":66,"geometry":{"type":"Point","coordinates":[86.283304999999999,8.006976667]},"properties":{"FID":66,"F1":"IODP","leg":354,"site":"U1455A","latitude":8.0069769999999991,"longitude":86.283304999999999,"arrival":"03/21/2015 10:40","water_dept":3732.5,"core_penet":0.90000000000000002,"core_recov":0.90000000000000002}},{"type":"Feature","id":67,"geometry":{"type":"Point","coordinates":[86.283493329999999,8.0069966669999992]},"properties":{"FID":67,"F1":"IODP","leg":354,"site":"U1455B","latitude":8.0069970000000001,"longitude":86.283493000000007,"arrival":"03/21/2015 19:30","water_dept":3733,"core_penet":6.9000000000000004,"core_recov":6.8799999999999999}},{"type":"Feature","id":68,"geometry":{"type":"Point","coordinates":[86.283483329999996,8.0068016669999995]},"properties":{"FID":68,"F1":"IODP","leg":354,"site":"U1455C","latitude":8.0068020000000004,"longitude":86.283483000000004,"arrival":"03/21/2015 21:00","water_dept":3732.5,"core_penet":949,"core_recov":198.02000000000001}},{"type":"Feature","id":69,"geometry":{"type":"Point","coordinates":[68.838786670000005,16.621424999999999]},"properties":{"FID":69,"F1":"IODP","leg":355,"site":"U1456A","latitude":16.621424999999999,"longitude":68.838786999999996,"arrival":"04/09/2015 05:25","water_dept":3639.23,"core_penet":426.60000000000002,"core_recov":365.25}},{"type":"Feature","id":70,"geometry":{"type":"Point","coordinates":[68.839089999999999,16.621418330000001]},"properties":{"FID":70,"F1":"IODP","leg":355,"site":"U1456B","latitude":16.621417999999998,"longitude":68.839089999999999,"arrival":"04/13/2015 12:35","water_dept":3645.04,"core_penet":29.100000000000001,"core_recov":28.789999999999999}},{"type":"Feature","id":71,"geometry":{"type":"Point","coordinates":[68.838943330000006,16.62156667]},"properties":{"FID":71,"F1":"IODP","leg":355,"site":"U1456C","latitude":16.621566999999999,"longitude":68.838943,"arrival":"04/13/2015 18:25","water_dept":3638.4400000000001,"core_penet":465.19999999999999,"core_recov":215}},{"type":"Feature","id":72,"geometry":{"type":"Point","coordinates":[68.838941669999997,16.62127667]},"properties":{"FID":72,"F1":"IODP","leg":355,"site":"U1456D","latitude":16.621276999999999,"longitude":68.838942000000003,"arrival":"04/18/2015 20:50","water_dept":3637.0999999999999,"core_penet":1024.4000000000001,"core_recov":319.18000000000001}},{"type":"Feature","id":73,"geometry":{"type":"Point","coordinates":[68.839235000000002,16.621428330000001]},"properties":{"FID":73,"F1":"IODP","leg":355,"site":"U1456E","latitude":16.621428000000002,"longitude":68.839235000000002,"arrival":"05/03/2015 16:30","water_dept":3636.9299999999998,"core_penet":1109.4000000000001,"core_recov":82.450000000000003}},{"type":"Feature","id":74,"geometry":{"type":"Point","coordinates":[67.930061670000001,17.16581167]},"properties":{"FID":74,"F1":"IODP","leg":355,"site":"U1457A","latitude":17.165811999999999,"longitude":67.930062000000007,"arrival":"05/16/2015 08:00","water_dept":3523.1100000000001,"core_penet":144.80000000000001,"core_recov":122.76000000000001}},{"type":"Feature","id":75,"geometry":{"type":"Point","coordinates":[67.929924999999997,17.165808330000001]},"properties":{"FID":75,"F1":"IODP","leg":355,"site":"U1457B","latitude":17.165807999999998,"longitude":67.929924999999997,"arrival":"05/17/2015 14:45","water_dept":3523.52,"core_penet":204.69999999999999,"core_recov":151.19}},{"type":"Feature","id":76,"geometry":{"type":"Point","coordinates":[67.930201670000002,17.16581]},"properties":{"FID":76,"F1":"IODP","leg":355,"site":"U1457C","latitude":17.16581,"longitude":67.930201999999994,"arrival":"05/19/2015 02:40","water_dept":3522.71,"core_penet":1108.5999999999999,"core_recov":436.95999999999998}},{"type":"Feature","id":77,"geometry":{"type":"Point","coordinates":[113.5777933,-28.664124999999999]},"properties":{"FID":77,"F1":"IODP","leg":356,"site":"U1458A","latitude":-28.664124999999999,"longitude":113.577793,"arrival":"08/04/2015 06:08","water_dept":156.77000000000001,"core_penet":10,"core_recov":3.7200000000000002}},{"type":"Feature","id":78,"geometry":{"type":"Point","coordinates":[113.55896,-28.671009999999999]},"properties":{"FID":78,"F1":"IODP","leg":356,"site":"U1459A","latitude":-28.671009999999999,"longitude":113.55896,"arrival":"08/05/2015 07:40","water_dept":192.27000000000001,"core_penet":70.299999999999997,"core_recov":30.59}},{"type":"Feature","id":79,"geometry":{"type":"Point","coordinates":[113.5589583,-28.670864999999999]},"properties":{"FID":79,"F1":"IODP","leg":356,"site":"U1459B","latitude":-28.670864999999999,"longitude":113.558958,"arrival":"08/06/2015 13:35","water_dept":192.31999999999999,"core_penet":233,"core_recov":171.88999999999999}},{"type":"Feature","id":80,"geometry":{"type":"Point","coordinates":[113.55894170000001,-28.67066333]},"properties":{"FID":80,"F1":"IODP","leg":356,"site":"U1459C","latitude":-28.670663000000001,"longitude":113.558942,"arrival":"08/08/2015 08:40","water_dept":192.34999999999999,"core_penet":400,"core_recov":22.600000000000001}},{"type":"Feature","id":81,"geometry":{"type":"Point","coordinates":[112.92382670000001,-27.374915000000001]},"properties":{"FID":81,"F1":"IODP","leg":356,"site":"U1460A","latitude":-27.374915000000001,"longitude":112.923827,"arrival":"08/12/2015 12:50","water_dept":214.5,"core_penet":300.10000000000002,"core_recov":291.38999999999999}},{"type":"Feature","id":82,"geometry":{"type":"Point","coordinates":[112.92377500000001,-27.374778330000002]},"properties":{"FID":82,"F1":"IODP","leg":356,"site":"U1460B","latitude":-27.374777999999999,"longitude":112.92377500000001,"arrival":"08/13/2015 22:05","water_dept":214.36000000000001,"core_penet":306.60000000000002,"core_recov":300.81}},{"type":"Feature","id":83,"geometry":{"type":"Point","coordinates":[115.065825,-20.214390000000002]},"properties":{"FID":83,"F1":"IODP","leg":356,"site":"U1461A","latitude":-20.214390000000002,"longitude":115.065825,"arrival":"08/17/2015 06:07","water_dept":127.18000000000001,"core_penet":284.69999999999999,"core_recov":287.58999999999997}},{"type":"Feature","id":84,"geometry":{"type":"Point","coordinates":[115.06565999999999,-20.21420333]},"properties":{"FID":84,"F1":"IODP","leg":356,"site":"U1461B","latitude":-20.214203000000001,"longitude":115.06565999999999,"arrival":"08/18/2015 06:30","water_dept":127.97,"core_penet":879.20000000000005,"core_recov":743.24000000000001}},{"type":"Feature","id":85,"geometry":{"type":"Point","coordinates":[115.06561499999999,-20.214044999999999]},"properties":{"FID":85,"F1":"IODP","leg":356,"site":"U1461C","latitude":-20.214044999999999,"longitude":115.06561499999999,"arrival":"08/23/2015 08:40","water_dept":127.52,"core_penet":443.89999999999998,"core_recov":448.52999999999997}},{"type":"Feature","id":86,"geometry":{"type":"Point","coordinates":[115.06564830000001,-20.213875000000002]},"properties":{"FID":86,"F1":"IODP","leg":356,"site":"U1461D","latitude":-20.213875000000002,"longitude":115.065648,"arrival":"08/24/2015 21:10","water_dept":127.48,"core_penet":1095.3,"core_recov":325.50999999999999}},{"type":"Feature","id":87,"geometry":{"type":"Point","coordinates":[115.7099733,-19.82142833]},"properties":{"FID":87,"F1":"IODP","leg":356,"site":"U1462A","latitude":-19.821428000000001,"longitude":115.70997300000001,"arrival":"08/29/2015 18:45","water_dept":87.150000000000006,"core_penet":855,"core_recov":320.54000000000002}},{"type":"Feature","id":88,"geometry":{"type":"Point","coordinates":[115.7101517,-19.821335000000001]},"properties":{"FID":88,"F1":"IODP","leg":356,"site":"U1462B","latitude":-19.821335000000001,"longitude":115.71015199999999,"arrival":"09/04/2015 05:10","water_dept":87.189999999999998,"core_penet":52.299999999999997,"core_recov":1.99}},{"type":"Feature","id":89,"geometry":{"type":"Point","coordinates":[115.71031000000001,-19.82127333]},"properties":{"FID":89,"F1":"IODP","leg":356,"site":"U1462C","latitude":-19.821273000000001,"longitude":115.71031000000001,"arrival":"09/04/2015 14:55","water_dept":87.189999999999998,"core_penet":950,"core_recov":398.29000000000002}},{"type":"Feature","id":90,"geometry":{"type":"Point","coordinates":[117.623695,-18.965301669999999]},"properties":{"FID":90,"F1":"IODP","leg":356,"site":"U1463A","latitude":-18.965302000000001,"longitude":117.623695,"arrival":"09/12/2015 07:35","water_dept":145.81,"core_penet":19.399999999999999,"core_recov":8.5899999999999999}},{"type":"Feature","id":91,"geometry":{"type":"Point","coordinates":[117.62390000000001,-18.96531667]},"properties":{"FID":91,"F1":"IODP","leg":356,"site":"U1463B","latitude":-18.965316999999999,"longitude":117.62390000000001,"arrival":"09/12/2015 12:30","water_dept":145.41,"core_penet":530,"core_recov":399}},{"type":"Feature","id":92,"geometry":{"type":"Point","coordinates":[117.62389330000001,-18.965491669999999]},"properties":{"FID":92,"F1":"IODP","leg":356,"site":"U1463C","latitude":-18.965492000000001,"longitude":117.623893,"arrival":"09/15/2015 14:30","water_dept":144.81,"core_penet":392.19999999999999,"core_recov":397.33999999999997}},{"type":"Feature","id":93,"geometry":{"type":"Point","coordinates":[117.6236933,-18.965475000000001]},"properties":{"FID":93,"F1":"IODP","leg":356,"site":"U1463D","latitude":-18.965475000000001,"longitude":117.623693,"arrival":"09/17/2015 08:40","water_dept":144.5,"core_penet":352.80000000000001,"core_recov":346.61000000000001}},{"type":"Feature","id":94,"geometry":{"type":"Point","coordinates":[118.63137330000001,-18.065208330000001]},"properties":{"FID":94,"F1":"IODP","leg":356,"site":"U1464A","latitude":-18.065207999999998,"longitude":118.631373,"arrival":"09/18/2015 19:48","water_dept":259.95999999999998,"core_penet":19.399999999999999,"core_recov":0}},{"type":"Feature","id":95,"geometry":{"type":"Point","coordinates":[118.63155829999999,-18.065191670000001]},"properties":{"FID":95,"F1":"IODP","leg":356,"site":"U1464B","latitude":-18.065192,"longitude":118.631558,"arrival":"09/19/2015 00:45","water_dept":264.25999999999999,"core_penet":316.89999999999998,"core_recov":292.26999999999998}},{"type":"Feature","id":96,"geometry":{"type":"Point","coordinates":[118.63157,-18.065406670000002]},"properties":{"FID":96,"F1":"IODP","leg":356,"site":"U1464C","latitude":-18.065407,"longitude":118.63157,"arrival":"09/19/2015 22:15","water_dept":264.24000000000001,"core_penet":840,"core_recov":94.030000000000001}},{"type":"Feature","id":97,"geometry":{"type":"Point","coordinates":[118.6313933,-18.06538333]},"properties":{"FID":97,"F1":"IODP","leg":356,"site":"U1464D","latitude":-18.065383000000001,"longitude":118.631393,"arrival":"09/24/2015 00:30","water_dept":264.43000000000001,"core_penet":529.60000000000002,"core_recov":300.74000000000001}},{"type":"Feature","id":98,"geometry":{"type":"Point","coordinates":[-42.09572,30.124880000000001]},"properties":{"FID":98,"F1":"IODP","leg":357,"site":"M0068A","latitude":30.124880000000001,"longitude":-42.09572,"arrival":"11/06/2015","water_dept":1102.7,"core_penet":0,"core_recov":0.46999999999999997}},{"type":"Feature","id":99,"geometry":{"type":"Point","coordinates":[-42.095770000000002,30.125150000000001]},"properties":{"FID":99,"F1":"IODP","leg":357,"site":"M0068B","latitude":30.125150000000001,"longitude":-42.095770000000002,"arrival":"11/23/2015","water_dept":1102,"core_penet":0,"core_recov":6.3399999999999999}},{"type":"Feature","id":100,"geometry":{"type":"Point","coordinates":[-42.12003,30.132400000000001]},"properties":{"FID":100,"F1":"IODP","leg":357,"site":"M0069A","latitude":30.132400000000001,"longitude":-42.12003,"arrival":"11/06/2015","water_dept":850.89999999999998,"core_penet":0,"core_recov":12.289999999999999}},{"type":"Feature","id":101,"geometry":{"type":"Point","coordinates":[-42.136470000000003,30.14255]},"properties":{"FID":101,"F1":"IODP","leg":357,"site":"M0070A","latitude":30.14255,"longitude":-42.136470000000003,"arrival":"11/08/2015","water_dept":1140.5,"core_penet":0,"core_recov":2.0899999999999999}},{"type":"Feature","id":102,"geometry":{"type":"Point","coordinates":[-42.136049999999997,30.142299999999999]},"properties":{"FID":102,"F1":"IODP","leg":357,"site":"M0070B","latitude":30.142299999999999,"longitude":-42.136049999999997,"arrival":"11/14/2015","water_dept":1140.5,"core_penet":0,"core_recov":0.38}},{"type":"Feature","id":103,"geometry":{"type":"Point","coordinates":[-42.136569999999999,30.142399999999999]},"properties":{"FID":103,"F1":"IODP","leg":357,"site":"M0070C","latitude":30.142399999999999,"longitude":-42.136569999999999,"arrival":"11/22/2015","water_dept":1140.5,"core_penet":0,"core_recov":2.21}},{"type":"Feature","id":104,"geometry":{"type":"Point","coordinates":[-42.153300000000002,30.128450000000001]},"properties":{"FID":104,"F1":"IODP","leg":357,"site":"M0071A","latitude":30.128450000000001,"longitude":-42.153300000000002,"arrival":"11/09/2015","water_dept":1390.8,"core_penet":0,"core_recov":2.8500000000000001}},{"type":"Feature","id":105,"geometry":{"type":"Point","coordinates":[-42.153120000000001,30.128599999999999]},"properties":{"FID":105,"F1":"IODP","leg":357,"site":"M0071B","latitude":30.128599999999999,"longitude":-42.153120000000001,"arrival":"11/18/2015","water_dept":1380,"core_penet":0,"core_recov":2.3100000000000001}},{"type":"Feature","id":106,"geometry":{"type":"Point","coordinates":[-42.15343,30.128329999999998]},"properties":{"FID":106,"F1":"IODP","leg":357,"site":"M0071C","latitude":30.128329999999998,"longitude":-42.15343,"arrival":"11/25/2015","water_dept":1390,"core_penet":0,"core_recov":4.4400000000000004}},{"type":"Feature","id":107,"geometry":{"type":"Point","coordinates":[-42.122050000000002,30.129850000000001]},"properties":{"FID":107,"F1":"IODP","leg":357,"site":"M0072A","latitude":30.129850000000001,"longitude":-42.122050000000002,"arrival":"11/10/2015","water_dept":820.29999999999995,"core_penet":0,"core_recov":0.87}},{"type":"Feature","id":108,"geometry":{"type":"Point","coordinates":[-42.122050000000002,30.129899999999999]},"properties":{"FID":108,"F1":"IODP","leg":357,"site":"M0072B","latitude":30.129899999999999,"longitude":-42.122050000000002,"arrival":"11/10/2015","water_dept":820.29999999999995,"core_penet":0,"core_recov":6.4900000000000002}},{"type":"Feature","id":109,"geometry":{"type":"Point","coordinates":[-42.116579999999999,30.033329999999999]},"properties":{"FID":109,"F1":"IODP","leg":357,"site":"M0072X","latitude":30.033329999999999,"longitude":-42.116579999999999,"arrival":"2011/12/15","water_dept":4244,"core_penet":0,"core_recov":0}},{"type":"Feature","id":110,"geometry":{"type":"Point","coordinates":[-42.119370000000004,30.127300000000002]},"properties":{"FID":110,"F1":"IODP","leg":357,"site":"M0072Z","latitude":30.127300000000002,"longitude":-42.119370000000004,"arrival":"2012/1/15","water_dept":860,"core_penet":0,"core_recov":0}},{"type":"Feature","id":111,"geometry":{"type":"Point","coordinates":[-42.18282,30.13165]},"properties":{"FID":111,"F1":"IODP","leg":357,"site":"M0073A","latitude":30.13165,"longitude":-42.18282,"arrival":"11/15/2015","water_dept":1430.2,"core_penet":0,"core_recov":0}},{"type":"Feature","id":112,"geometry":{"type":"Point","coordinates":[-42.121920000000003,30.16442]},"properties":{"FID":112,"F1":"IODP","leg":357,"site":"M0074A","latitude":30.16442,"longitude":-42.121920000000003,"arrival":"11/30/2015","water_dept":1550,"core_penet":0,"core_recov":0.85999999999999999}},{"type":"Feature","id":113,"geometry":{"type":"Point","coordinates":[-42.06635,30.12782]},"properties":{"FID":113,"F1":"IODP","leg":357,"site":"M0075A","latitude":30.12782,"longitude":-42.06635,"arrival":"11/28/2015","water_dept":1568,"core_penet":0,"core_recov":0.65000000000000002}},{"type":"Feature","id":114,"geometry":{"type":"Point","coordinates":[-42.06617,30.127500000000001]},"properties":{"FID":114,"F1":"IODP","leg":357,"site":"M0075B","latitude":30.127500000000001,"longitude":-42.06617,"arrival":"11/29/2015","water_dept":1568,"core_penet":0,"core_recov":2.73}},{"type":"Feature","id":115,"geometry":{"type":"Point","coordinates":[-41.997770000000003,30.10812]},"properties":{"FID":115,"F1":"IODP","leg":357,"site":"M0075X","latitude":30.10812,"longitude":-41.997770000000003,"arrival":"11/14/15","water_dept":4222.8000000000002,"core_penet":0,"core_recov":0}},{"type":"Feature","id":116,"geometry":{"type":"Point","coordinates":[-42.117930000000001,30.127050000000001]},"properties":{"FID":116,"F1":"IODP","leg":357,"site":"M0076A","latitude":30.127050000000001,"longitude":-42.117930000000001,"arrival":"11/15/2015","water_dept":768,"core_penet":0,"core_recov":0.40000000000000002}},{"type":"Feature","id":117,"geometry":{"type":"Point","coordinates":[-42.117750000000001,30.127020000000002]},"properties":{"FID":117,"F1":"IODP","leg":357,"site":"M0076B","latitude":30.127020000000002,"longitude":-42.117750000000001,"arrival":"11/15/2015","water_dept":768,"core_penet":0,"core_recov":11.710000000000001}},{"type":"Feature","id":118,"geometry":{"type":"Point","coordinates":[136.63672,33.308450000000001]},"properties":{"FID":118,"F1":"IODP","leg":358,"site":"C0002Q","latitude":33.308450000000001,"longitude":136.63672,"arrival":"11/16/2018","water_dept":1939,"core_penet":363,"core_recov":0}},{"type":"Feature","id":119,"geometry":{"type":"Point","coordinates":[136.63672,33.308450000000001]},"properties":{"FID":119,"F1":"IODP","leg":358,"site":"C0002R","latitude":33.308450000000001,"longitude":136.63672,"arrival":"12/21/2018","water_dept":1939,"core_penet":108,"core_recov":0}},{"type":"Feature","id":120,"geometry":{"type":"Point","coordinates":[136.63672,33.308450000000001]},"properties":{"FID":120,"F1":"IODP","leg":358,"site":"C0002S","latitude":33.308450000000001,"longitude":136.63672,"arrival":"02/02/2019","water_dept":1939,"core_penet":122,"core_recov":0}},{"type":"Feature","id":121,"geometry":{"type":"Point","coordinates":[136.63672,33.308450000000001]},"properties":{"FID":121,"F1":"IODP","leg":358,"site":"C0002T","latitude":33.308450000000001,"longitude":136.63672,"arrival":"02/18/2019","water_dept":1939,"core_penet":12,"core_recov":2.4900000000000002}},{"type":"Feature","id":122,"geometry":{"type":"Point","coordinates":[136.78998000000001,33.03407]},"properties":{"FID":122,"F1":"IODP","leg":358,"site":"C0024A","latitude":33.03407,"longitude":136.78998000000001,"arrival":"03/05/2019","water_dept":3841.5,"core_penet":0,"core_recov":0}},{"type":"Feature","id":123,"geometry":{"type":"Point","coordinates":[136.78994,33.033329999999999]},"properties":{"FID":123,"F1":"IODP","leg":358,"site":"C0024B","latitude":33.033329999999999,"longitude":136.78994,"arrival":"03/11/2019","water_dept":3843.5,"core_penet":6,"core_recov":7.1399999999999997}},{"type":"Feature","id":124,"geometry":{"type":"Point","coordinates":[136.78994,33.033329999999999]},"properties":{"FID":124,"F1":"IODP","leg":358,"site":"C0024C","latitude":33.033329999999999,"longitude":136.78994,"arrival":"03/11/2019","water_dept":3843.5,"core_penet":1,"core_recov":1.3700000000000001}},{"type":"Feature","id":125,"geometry":{"type":"Point","coordinates":[136.78994,33.033329999999999]},"properties":{"FID":125,"F1":"IODP","leg":358,"site":"C0024D","latitude":33.033329999999999,"longitude":136.78994,"arrival":"03/11/2019","water_dept":3843.5,"core_penet":121,"core_recov":98.519999999999996}},{"type":"Feature","id":126,"geometry":{"type":"Point","coordinates":[136.78994,33.033329999999999]},"properties":{"FID":126,"F1":"IODP","leg":358,"site":"C0024E","latitude":33.033329999999999,"longitude":136.78994,"arrival":"03/14/2019","water_dept":3843.5,"core_penet":111.5,"core_recov":51.520000000000003}},{"type":"Feature","id":127,"geometry":{"type":"Point","coordinates":[136.78998999999999,33.03443]},"properties":{"FID":127,"F1":"IODP","leg":358,"site":"C0024F","latitude":33.03443,"longitude":136.78998999999999,"arrival":"03/17/2019","water_dept":3839.5,"core_penet":0,"core_recov":0}},{"type":"Feature","id":128,"geometry":{"type":"Point","coordinates":[136.79005000000001,33.03351]},"properties":{"FID":128,"F1":"IODP","leg":358,"site":"C0024G","latitude":33.03351,"longitude":136.79005000000001,"arrival":"03/21/2019","water_dept":3843,"core_penet":219.5,"core_recov":140.72}},{"type":"Feature","id":129,"geometry":{"type":"Point","coordinates":[136.33587,33.401519999999998]},"properties":{"FID":129,"F1":"IODP","leg":358,"site":"C0025A","latitude":33.401519999999998,"longitude":136.33587,"arrival":"03/25/2019","water_dept":2011,"core_penet":180.5,"core_recov":123.02}},{"type":"Feature","id":130,"geometry":{"type":"Point","coordinates":[73.011309999999995,4.9331199999999997]},"properties":{"FID":130,"F1":"IODP","leg":359,"site":"U1465A","latitude":4.9331199999999997,"longitude":73.011309999999995,"arrival":"10/18/2015 23:18","water_dept":515.00999999999999,"core_penet":76.599999999999994,"core_recov":53.369999999999997}},{"type":"Feature","id":131,"geometry":{"type":"Point","coordinates":[73.011494999999996,4.9330999999999996]},"properties":{"FID":131,"F1":"IODP","leg":359,"site":"U1465B","latitude":4.9330999999999996,"longitude":73.011494999999996,"arrival":"10/26/2015 12:20","water_dept":512.63999999999999,"core_penet":221.30000000000001,"core_recov":9.4100000000000001}},{"type":"Feature","id":132,"geometry":{"type":"Point","coordinates":[73.011669999999995,4.9331100000000001]},"properties":{"FID":132,"F1":"IODP","leg":359,"site":"U1465C","latitude":4.9331100000000001,"longitude":73.011669999999995,"arrival":"10/27/2015 08:50","water_dept":510.12,"core_penet":233.19999999999999,"core_recov":24.600000000000001}},{"type":"Feature","id":133,"geometry":{"type":"Point","coordinates":[73.027974999999998,4.9331500000000004]},"properties":{"FID":133,"F1":"IODP","leg":359,"site":"U1466A","latitude":4.9331500000000004,"longitude":73.027974999999998,"arrival":"10/19/2015 21:15","water_dept":518.09000000000003,"core_penet":326.19999999999999,"core_recov":243.78999999999999}},{"type":"Feature","id":134,"geometry":{"type":"Point","coordinates":[73.028154999999998,4.9331399999999999]},"properties":{"FID":134,"F1":"IODP","leg":359,"site":"U1466B","latitude":4.9331399999999999,"longitude":73.028154999999998,"arrival":"10/22/2015 05:00","water_dept":517.13999999999999,"core_penet":809.70000000000005,"core_recov":88.540000000000006}},{"type":"Feature","id":135,"geometry":{"type":"Point","coordinates":[73.283666670000002,4.8502299999999998]},"properties":{"FID":135,"F1":"IODP","leg":359,"site":"U1467A","latitude":4.8502299999999998,"longitude":73.283666999999994,"arrival":"10/28/2015 15:18","water_dept":487.49000000000001,"core_penet":32,"core_recov":31.489999999999998}},{"type":"Feature","id":136,"geometry":{"type":"Point","coordinates":[73.283673329999999,4.8504300000000002]},"properties":{"FID":136,"F1":"IODP","leg":359,"site":"U1467B","latitude":4.8504300000000002,"longitude":73.283672999999993,"arrival":"10/29/2015 04:00","water_dept":487.49000000000001,"core_penet":617.20000000000005,"core_recov":560.38999999999999}},{"type":"Feature","id":137,"geometry":{"type":"Point","coordinates":[73.283661670000001,4.8506]},"properties":{"FID":137,"F1":"IODP","leg":359,"site":"U1467C","latitude":4.8506,"longitude":73.283662000000007,"arrival":"11/01/2015 06:05","water_dept":487.27999999999997,"core_penet":714,"core_recov":266.14999999999998}},{"type":"Feature","id":138,"geometry":{"type":"Point","coordinates":[73.283668329999998,4.8507999999999996]},"properties":{"FID":138,"F1":"IODP","leg":359,"site":"U1467D","latitude":4.8507999999999996,"longitude":73.283668000000006,"arrival":"11/03/2015 19:10","water_dept":487.23000000000002,"core_penet":201,"core_recov":203.28999999999999}},{"type":"Feature","id":139,"geometry":{"type":"Point","coordinates":[73.283853329999999,4.8502299999999998]},"properties":{"FID":139,"F1":"IODP","leg":359,"site":"U1467E","latitude":4.8502299999999998,"longitude":73.283852999999993,"arrival":"11/04/2015 08:25","water_dept":487.42000000000002,"core_penet":714,"core_recov":0}},{"type":"Feature","id":140,"geometry":{"type":"Point","coordinates":[73.071299999999994,4.9330499999999997]},"properties":{"FID":140,"F1":"IODP","leg":359,"site":"U1468A","latitude":4.9330499999999997,"longitude":73.071299999999994,"arrival":"11/06/2015 21:06","water_dept":521.5,"core_penet":874.70000000000005,"core_recov":458.69999999999999}},{"type":"Feature","id":141,"geometry":{"type":"Point","coordinates":[73.071479999999994,4.9330400000000001]},"properties":{"FID":141,"F1":"IODP","leg":359,"site":"U1468B","latitude":4.9330400000000001,"longitude":73.071479999999994,"arrival":"11/10/2015 19:00","water_dept":521.45000000000005,"core_penet":874.70000000000005,"core_recov":0}},{"type":"Feature","id":142,"geometry":{"type":"Point","coordinates":[73.008183329999994,4.9069099999999999]},"properties":{"FID":142,"F1":"IODP","leg":359,"site":"U1469A","latitude":4.9069099999999999,"longitude":73.008183000000002,"arrival":"11/13/2015 06:25","water_dept":426.93000000000001,"core_penet":161.09999999999999,"core_recov":4.1399999999999997}},{"type":"Feature","id":143,"geometry":{"type":"Point","coordinates":[73.007823329999994,4.9069399999999996]},"properties":{"FID":143,"F1":"IODP","leg":359,"site":"U1469B","latitude":4.9069399999999996,"longitude":73.007823000000002,"arrival":"11/14/2015 03:10","water_dept":426.91000000000003,"core_penet":151.40000000000001,"core_recov":0.71999999999999997}},{"type":"Feature","id":144,"geometry":{"type":"Point","coordinates":[72.983873329999994,4.7663799999999998]},"properties":{"FID":144,"F1":"IODP","leg":359,"site":"U1470A","latitude":4.7663799999999998,"longitude":72.983873000000003,"arrival":"11/14/2015 22:30","water_dept":399.69999999999999,"core_penet":190,"core_recov":139.78}},{"type":"Feature","id":145,"geometry":{"type":"Point","coordinates":[72.983683330000005,4.7663599999999997]},"properties":{"FID":145,"F1":"IODP","leg":359,"site":"U1470B","latitude":4.7663599999999997,"longitude":72.983682999999999,"arrival":"11/15/2015 15:55","water_dept":399.72000000000003,"core_penet":343.69999999999999,"core_recov":7.3499999999999996}},{"type":"Feature","id":146,"geometry":{"type":"Point","coordinates":[73.135596669999998,4.7663799999999998]},"properties":{"FID":146,"F1":"IODP","leg":359,"site":"U1471A","latitude":4.7663799999999998,"longitude":73.135597000000004,"arrival":"11/17/2015 10:48","water_dept":419.39999999999998,"core_penet":685.10000000000002,"core_recov":366.07999999999998}},{"type":"Feature","id":147,"geometry":{"type":"Point","coordinates":[73.135438329999999,4.7663799999999998]},"properties":{"FID":147,"F1":"IODP","leg":359,"site":"U1471B","latitude":4.7663799999999998,"longitude":73.135437999999994,"arrival":"11/20/2015 05:28","water_dept":420.29000000000002,"core_penet":6.7000000000000002,"core_recov":6.6200000000000001}},{"type":"Feature","id":148,"geometry":{"type":"Point","coordinates":[73.135244999999998,4.7663900000000003]},"properties":{"FID":148,"F1":"IODP","leg":359,"site":"U1471C","latitude":4.7663900000000003,"longitude":73.135244999999998,"arrival":"11/20/2015 23:45","water_dept":419.19,"core_penet":178.80000000000001,"core_recov":170.19}},{"type":"Feature","id":149,"geometry":{"type":"Point","coordinates":[73.135058330000007,4.7663799999999998]},"properties":{"FID":149,"F1":"IODP","leg":359,"site":"U1471D","latitude":4.7663799999999998,"longitude":73.135058000000001,"arrival":"11/21/2015 15:00","water_dept":419.19,"core_penet":58,"core_recov":56.759999999999998}},{"type":"Feature","id":150,"geometry":{"type":"Point","coordinates":[73.134881669999999,4.7663799999999998]},"properties":{"FID":150,"F1":"IODP","leg":359,"site":"U1471E","latitude":4.7663799999999998,"longitude":73.134882000000005,"arrival":"11/22/2015 00:45","water_dept":419.19,"core_penet":1003.7,"core_recov":171.53999999999999}},{"type":"Feature","id":151,"geometry":{"type":"Point","coordinates":[73.066851670000005,4.7710900000000001]},"properties":{"FID":151,"F1":"IODP","leg":359,"site":"U1472A","latitude":4.7710900000000001,"longitude":73.066851999999997,"arrival":"11/26/2015 16:20","water_dept":379.33999999999997,"core_penet":251.90000000000001,"core_recov":233.75}},{"type":"Feature","id":152,"geometry":{"type":"Point","coordinates":[57.277533329999997,-32.718910000000001]},"properties":{"FID":152,"F1":"IODP","leg":360,"site":"1105A","latitude":-32.718910000000001,"longitude":57.277532999999998,"arrival":" ","water_dept":0,"core_penet":0,"core_recov":0}},{"type":"Feature","id":153,"geometry":{"type":"Point","coordinates":[57.278133330000003,-32.706040000000002]},"properties":{"FID":153,"F1":"IODP","leg":360,"site":"U1473A","latitude":-32.706040000000002,"longitude":57.278132999999997,"arrival":"12/16/2015 13:00","water_dept":710.23000000000002,"core_penet":789.70000000000005,"core_recov":469.14999999999998}},{"type":"Feature","id":154,"geometry":{"type":"Point","coordinates":[31.545133329999999,-31.216660000000001]},"properties":{"FID":154,"F1":"IODP","leg":361,"site":"U1474A","latitude":-31.216660000000001,"longitude":31.545133,"arrival":"02/09/2016 23:30","water_dept":3033.8200000000002,"core_penet":254.09999999999999,"core_recov":264.82999999999998}},{"type":"Feature","id":155,"geometry":{"type":"Point","coordinates":[31.54513833,-31.216470000000001]},"properties":{"FID":155,"F1":"IODP","leg":361,"site":"U1474B","latitude":-31.216470000000001,"longitude":31.545138000000001,"arrival":"02/12/2016 08:40","water_dept":3034.3600000000001,"core_penet":147.30000000000001,"core_recov":142.09}},{"type":"Feature","id":156,"geometry":{"type":"Point","coordinates":[31.528691670000001,-31.216670000000001]},"properties":{"FID":156,"F1":"IODP","leg":361,"site":"U1474C","latitude":-31.216670000000001,"longitude":31.528691999999999,"arrival":"02/13/2016 06:35","water_dept":3039.1399999999999,"core_penet":3.1000000000000001,"core_recov":3.0699999999999998}},{"type":"Feature","id":157,"geometry":{"type":"Point","coordinates":[31.545355000000001,-31.216670000000001]},"properties":{"FID":157,"F1":"IODP","leg":361,"site":"U1474D","latitude":-31.216670000000001,"longitude":31.545355000000001,"arrival":"02/13/2016 08:15","water_dept":3034.3400000000001,"core_penet":124.5,"core_recov":126.04000000000001}},{"type":"Feature","id":158,"geometry":{"type":"Point","coordinates":[31.545346670000001,-31.216660000000001]},"properties":{"FID":158,"F1":"IODP","leg":361,"site":"U1474E","latitude":-31.216660000000001,"longitude":31.545347,"arrival":"02/14/2016 18:30","water_dept":3034.3499999999999,"core_penet":219,"core_recov":114.44}},{"type":"Feature","id":159,"geometry":{"type":"Point","coordinates":[31.54513,-31.216840000000001]},"properties":{"FID":159,"F1":"IODP","leg":361,"site":"U1474F","latitude":-31.216840000000001,"longitude":31.54513,"arrival":"02/16/2016 04:30","water_dept":3035.9299999999998,"core_penet":238.40000000000001,"core_recov":240.49000000000001}},{"type":"Feature","id":160,"geometry":{"type":"Point","coordinates":[31.545133329999999,-32.216659999999997]},"properties":{"FID":160,"F1":"IODP","leg":361,"site":"U1474G","latitude":-32.216659999999997,"longitude":31.545133,"arrival":"02/09/2016 23:30","water_dept":0,"core_penet":9.5,"core_recov":9.9700000000000006}},{"type":"Feature","id":161,"geometry":{"type":"Point","coordinates":[31.545133329999999,-32.216659999999997]},"properties":{"FID":161,"F1":"IODP","leg":361,"site":"U1474H","latitude":-32.216659999999997,"longitude":31.545133,"arrival":"01/00/1900 00:00","water_dept":0,"core_penet":9.5,"core_recov":9.8200000000000003}},{"type":"Feature","id":162,"geometry":{"type":"Point","coordinates":[25.260733330000001,-41.426749999999998]},"properties":{"FID":162,"F1":"IODP","leg":361,"site":"U1475A","latitude":-41.426749999999998,"longitude":25.260732999999998,"arrival":"02/23/2016 13:38","water_dept":2670.3600000000001,"core_penet":1.5,"core_recov":1.48}},{"type":"Feature","id":163,"geometry":{"type":"Point","coordinates":[25.260735,-41.426749999999998]},"properties":{"FID":163,"F1":"IODP","leg":361,"site":"U1475B","latitude":-41.426749999999998,"longitude":25.260735,"arrival":"02/24/2016 01:00","water_dept":2669.46,"core_penet":243.90000000000001,"core_recov":250.31}},{"type":"Feature","id":164,"geometry":{"type":"Point","coordinates":[25.260731669999998,-41.426569999999998]},"properties":{"FID":164,"F1":"IODP","leg":361,"site":"U1475C","latitude":-41.426569999999998,"longitude":25.260732000000001,"arrival":"02/25/2016 02:30","water_dept":2669.3400000000001,"core_penet":275,"core_recov":280.69999999999999}},{"type":"Feature","id":165,"geometry":{"type":"Point","coordinates":[25.260976670000002,-41.426760000000002]},"properties":{"FID":165,"F1":"IODP","leg":361,"site":"U1475D","latitude":-41.426760000000002,"longitude":25.260977,"arrival":"02/26/2016 07:35","water_dept":2668.3200000000002,"core_penet":143,"core_recov":150.86000000000001}},{"type":"Feature","id":166,"geometry":{"type":"Point","coordinates":[25.260731669999998,-41.426940000000002]},"properties":{"FID":166,"F1":"IODP","leg":361,"site":"U1475E","latitude":-41.426940000000002,"longitude":25.260732000000001,"arrival":"02/27/2016 02:25","water_dept":2671.8499999999999,"core_penet":277,"core_recov":277.19999999999999}},{"type":"Feature","id":167,"geometry":{"type":"Point","coordinates":[25.260498330000001,-41.426760000000002]},"properties":{"FID":167,"F1":"IODP","leg":361,"site":"U1475F","latitude":-41.426760000000002,"longitude":25.260497999999998,"arrival":"02/28/2016 11:35","water_dept":2669.3499999999999,"core_penet":133.5,"core_recov":55.369999999999997}},{"type":"Feature","id":168,"geometry":{"type":"Point","coordinates":[41.768736670000003,-15.82089]},"properties":{"FID":168,"F1":"IODP","leg":361,"site":"U1476A","latitude":-15.82089,"longitude":41.768737000000002,"arrival":"03/07/2016 23:27","water_dept":2165.71,"core_penet":224.19999999999999,"core_recov":232.90000000000001}},{"type":"Feature","id":169,"geometry":{"type":"Point","coordinates":[41.76872333,-15.8207]},"properties":{"FID":169,"F1":"IODP","leg":361,"site":"U1476B","latitude":-15.8207,"longitude":41.768723000000001,"arrival":"03/09/2016 05:05","water_dept":2166.5,"core_penet":148.40000000000001,"core_recov":154.41999999999999}},{"type":"Feature","id":170,"geometry":{"type":"Point","coordinates":[41.768925000000003,-15.820880000000001]},"properties":{"FID":170,"F1":"IODP","leg":361,"site":"U1476C","latitude":-15.820880000000001,"longitude":41.768925000000003,"arrival":"03/09/2016 19:15","water_dept":2165.5,"core_penet":5.7000000000000002,"core_recov":5.7199999999999998}},{"type":"Feature","id":171,"geometry":{"type":"Point","coordinates":[41.768929999999997,-15.820880000000001]},"properties":{"FID":171,"F1":"IODP","leg":361,"site":"U1476D","latitude":-15.820880000000001,"longitude":41.768929999999997,"arrival":"03/09/2016 20:45","water_dept":2165.5,"core_penet":229,"core_recov":237.02000000000001}},{"type":"Feature","id":172,"geometry":{"type":"Point","coordinates":[41.76872667,-15.821059999999999]},"properties":{"FID":172,"F1":"IODP","leg":361,"site":"U1476E","latitude":-15.821059999999999,"longitude":41.768726999999998,"arrival":"03/10/2016 18:15","water_dept":2165.1900000000001,"core_penet":234.80000000000001,"core_recov":243.77000000000001}},{"type":"Feature","id":173,"geometry":{"type":"Point","coordinates":[36.914936670000003,-19.354880000000001]},"properties":{"FID":173,"F1":"IODP","leg":361,"site":"U1477A","latitude":-19.354880000000001,"longitude":36.914937000000002,"arrival":"03/13/2016 08:17","water_dept":429.17000000000002,"core_penet":181.19999999999999,"core_recov":182.53}},{"type":"Feature","id":174,"geometry":{"type":"Point","coordinates":[36.914929999999998,-19.354700000000001]},"properties":{"FID":174,"F1":"IODP","leg":361,"site":"U1477B","latitude":-19.354700000000001,"longitude":36.914929999999998,"arrival":"03/14/2016 04:15","water_dept":429.56,"core_penet":174.40000000000001,"core_recov":185.72999999999999}},{"type":"Feature","id":175,"geometry":{"type":"Point","coordinates":[36.915109999999999,-19.354880000000001]},"properties":{"FID":175,"F1":"IODP","leg":361,"site":"U1477C","latitude":-19.354880000000001,"longitude":36.915109999999999,"arrival":"03/14/2016 17:05","water_dept":429.16000000000003,"core_penet":119.40000000000001,"core_recov":121.75}},{"type":"Feature","id":176,"geometry":{"type":"Point","coordinates":[34.769321669999997,-25.821000000000002]},"properties":{"FID":176,"F1":"IODP","leg":361,"site":"U1478A","latitude":-25.821000000000002,"longitude":34.769322000000003,"arrival":"03/16/2016 20:41","water_dept":487.94,"core_penet":248.40000000000001,"core_recov":256.95999999999998}},{"type":"Feature","id":177,"geometry":{"type":"Point","coordinates":[34.769314999999999,-25.820830000000001]},"properties":{"FID":177,"F1":"IODP","leg":361,"site":"U1478B","latitude":-25.820830000000001,"longitude":34.769314999999999,"arrival":"03/17/2016 16:05","water_dept":487.94,"core_penet":247.30000000000001,"core_recov":246.84999999999999}},{"type":"Feature","id":178,"geometry":{"type":"Point","coordinates":[34.769508330000001,-25.821010000000001]},"properties":{"FID":178,"F1":"IODP","leg":361,"site":"U1478C","latitude":-25.821010000000001,"longitude":34.769508000000002,"arrival":"03/18/2016 08:15","water_dept":489.92000000000002,"core_penet":248.30000000000001,"core_recov":242.31999999999999}},{"type":"Feature","id":179,"geometry":{"type":"Point","coordinates":[34.76932,-25.821179999999998]},"properties":{"FID":179,"F1":"IODP","leg":361,"site":"U1478D","latitude":-25.821179999999998,"longitude":34.76932,"arrival":"03/19/2016 00:20","water_dept":490.69999999999999,"core_penet":216,"core_recov":175.97}},{"type":"Feature","id":180,"geometry":{"type":"Point","coordinates":[17.401033330000001,-35.058819999999997]},"properties":{"FID":180,"F1":"IODP","leg":361,"site":"U1479A","latitude":-35.058819999999997,"longitude":17.401033000000002,"arrival":"03/24/2016 02:22","water_dept":2618.5300000000002,"core_penet":1,"core_recov":1.01}},{"type":"Feature","id":181,"geometry":{"type":"Point","coordinates":[17.401035,-35.058819999999997]},"properties":{"FID":181,"F1":"IODP","leg":361,"site":"U1479B","latitude":-35.058819999999997,"longitude":17.401035,"arrival":"03/24/2016 10:15","water_dept":2618.3299999999999,"core_penet":300.69999999999999,"core_recov":296.73000000000002}},{"type":"Feature","id":182,"geometry":{"type":"Point","coordinates":[17.401035,-35.058639999999997]},"properties":{"FID":182,"F1":"IODP","leg":361,"site":"U1479C","latitude":-35.058639999999997,"longitude":17.401035,"arrival":"03/25/2016 17:20","water_dept":2618.2800000000002,"core_penet":295.5,"core_recov":303.69}},{"type":"Feature","id":183,"geometry":{"type":"Point","coordinates":[17.401256669999999,-35.058810000000001]},"properties":{"FID":183,"F1":"IODP","leg":361,"site":"U1479D","latitude":-35.058810000000001,"longitude":17.401257000000001,"arrival":"03/27/2016 00:50","water_dept":2615.0900000000001,"core_penet":103.40000000000001,"core_recov":102.15000000000001}},{"type":"Feature","id":184,"geometry":{"type":"Point","coordinates":[17.401038329999999,-35.058999999999997]},"properties":{"FID":184,"F1":"IODP","leg":361,"site":"U1479E","latitude":-35.058999999999997,"longitude":17.401038,"arrival":"03/28/2016 00:00","water_dept":2615.0900000000001,"core_penet":276.5,"core_recov":148.16999999999999}},{"type":"Feature","id":185,"geometry":{"type":"Point","coordinates":[17.400821669999999,-35.058816999999998]},"properties":{"FID":185,"F1":"IODP","leg":361,"site":"U1479F","latitude":-35.058816999999998,"longitude":17.400822000000002,"arrival":"03/28/2016 21:35","water_dept":2615.2600000000002,"core_penet":9.5,"core_recov":9.5}},{"type":"Feature","id":186,"geometry":{"type":"Point","coordinates":[17.400821669999999,-35.058819999999997]},"properties":{"FID":186,"F1":"IODP","leg":361,"site":"U1479G","latitude":-35.058819999999997,"longitude":17.400822000000002,"arrival":"03/28/2016 23:50","water_dept":2612.46,"core_penet":9.3000000000000007,"core_recov":9.2899999999999991}},{"type":"Feature","id":187,"geometry":{"type":"Point","coordinates":[17.400815000000001,-35.058815000000003]},"properties":{"FID":187,"F1":"IODP","leg":361,"site":"U1479H","latitude":-35.058815000000003,"longitude":17.400815000000001,"arrival":"03/29/2016 00:50","water_dept":2613.1599999999999,"core_penet":85.599999999999994,"core_recov":70.75}},{"type":"Feature","id":188,"geometry":{"type":"Point","coordinates":[17.400821669999999,-35.058810000000001]},"properties":{"FID":188,"F1":"IODP","leg":361,"site":"U1479I","latitude":-35.058810000000001,"longitude":17.400822000000002,"arrival":"03/29/2016 09:30","water_dept":2613.3600000000001,"core_penet":69.5,"core_recov":21.789999999999999}},{"type":"Feature","id":189,"geometry":{"type":"Point","coordinates":[91.605801670000005,3.0340799999999999]},"properties":{"FID":189,"F1":"IODP","leg":362,"site":"U1480A","latitude":3.0340799999999999,"longitude":91.605801999999997,"arrival":"08/11/2016 23:15","water_dept":4147.5299999999997,"core_penet":6,"core_recov":5.9400000000000004}},{"type":"Feature","id":190,"geometry":{"type":"Point","coordinates":[91.606004999999996,3.0340600000000002]},"properties":{"FID":190,"F1":"IODP","leg":362,"site":"U1480B","latitude":3.0340600000000002,"longitude":91.606004999999996,"arrival":"08/12/2016 18:35","water_dept":4147.54,"core_penet":9.5,"core_recov":9.9499999999999993}},{"type":"Feature","id":191,"geometry":{"type":"Point","coordinates":[91.606021670000004,3.0339]},"properties":{"FID":191,"F1":"IODP","leg":362,"site":"U1480C","latitude":3.0339,"longitude":91.606021999999996,"arrival":"08/12/2016 20:15","water_dept":4147.54,"core_penet":9.5,"core_recov":9.6799999999999997}},{"type":"Feature","id":192,"geometry":{"type":"Point","coordinates":[91.605826669999999,3.0338799999999999]},"properties":{"FID":192,"F1":"IODP","leg":362,"site":"U1480D","latitude":3.0338799999999999,"longitude":91.605827000000005,"arrival":"08/12/2016 21:40","water_dept":4147.54,"core_penet":9.5,"core_recov":9.9100000000000001}},{"type":"Feature","id":193,"geometry":{"type":"Point","coordinates":[91.605630000000005,3.0339]},"properties":{"FID":193,"F1":"IODP","leg":362,"site":"U1480E","latitude":3.0339,"longitude":91.605630000000005,"arrival":"08/12/2016 23:10","water_dept":4147.54,"core_penet":99.700000000000003,"core_recov":97.640000000000001}},{"type":"Feature","id":194,"geometry":{"type":"Point","coordinates":[91.605625000000003,3.0340799999999999]},"properties":{"FID":194,"F1":"IODP","leg":362,"site":"U1480F","latitude":3.0340799999999999,"longitude":91.605625000000003,"arrival":"08/14/2016 08:40","water_dept":4147.5100000000002,"core_penet":815,"core_recov":249.34999999999999}},{"type":"Feature","id":195,"geometry":{"type":"Point","coordinates":[91.605616670000003,3.0342500000000001]},"properties":{"FID":195,"F1":"IODP","leg":362,"site":"U1480G","latitude":3.0342500000000001,"longitude":91.605616999999995,"arrival":"08/21/2016 00:40","water_dept":4147.4700000000003,"core_penet":1431.5999999999999,"core_recov":329.16000000000003}},{"type":"Feature","id":196,"geometry":{"type":"Point","coordinates":[91.605803330000001,3.0342600000000002]},"properties":{"FID":196,"F1":"IODP","leg":362,"site":"U1480H","latitude":3.0342600000000002,"longitude":91.605802999999995,"arrival":"09/05/2016 22:10","water_dept":4147.2799999999997,"core_penet":129.40000000000001,"core_recov":115.97}},{"type":"Feature","id":197,"geometry":{"type":"Point","coordinates":[91.759618329999995,2.7547700000000002]},"properties":{"FID":197,"F1":"IODP","leg":362,"site":"U1481A","latitude":2.7547700000000002,"longitude":91.759618000000003,"arrival":"09/21/2016 06:19","water_dept":4178.3199999999997,"core_penet":1500,"core_recov":219.80000000000001}},{"type":"Feature","id":198,"geometry":{"type":"Point","coordinates":[120.4350817,-15.05538]},"properties":{"FID":198,"F1":"IODP","leg":363,"site":"U1482A","latitude":-15.05538,"longitude":120.43508199999999,"arrival":"10/16/2016 07:30","water_dept":1467.7,"core_penet":490,"core_recov":505.88}},{"type":"Feature","id":199,"geometry":{"type":"Point","coordinates":[120.43498,-15.05524]},"properties":{"FID":199,"F1":"IODP","leg":363,"site":"U1482B","latitude":-15.05524,"longitude":120.43498,"arrival":"10/19/2016 08:10","water_dept":1464.49,"core_penet":366.60000000000002,"core_recov":365.81999999999999}},{"type":"Feature","id":200,"geometry":{"type":"Point","coordinates":[120.435225,-15.0555]},"properties":{"FID":200,"F1":"IODP","leg":363,"site":"U1482C","latitude":-15.0555,"longitude":120.435225,"arrival":"10/20/2016 16:00","water_dept":1465.1900000000001,"core_penet":534.10000000000002,"core_recov":535.86000000000001}},{"type":"Feature","id":201,"geometry":{"type":"Point","coordinates":[120.4348667,-15.05552]},"properties":{"FID":201,"F1":"IODP","leg":363,"site":"U1482D","latitude":-15.05552,"longitude":120.434867,"arrival":"10/24/2016 15:00","water_dept":1466.1300000000001,"core_penet":213,"core_recov":82.769999999999996}},{"type":"Feature","id":202,"geometry":{"type":"Point","coordinates":[121.80404,-13.087300000000001]},"properties":{"FID":202,"F1":"IODP","leg":363,"site":"U1483A","latitude":-13.087300000000001,"longitude":121.80404,"arrival":"10/25/2016 22:30","water_dept":1732.9300000000001,"core_penet":293.30000000000001,"core_recov":308.57999999999998}},{"type":"Feature","id":203,"geometry":{"type":"Point","coordinates":[121.80423,-13.087289999999999]},"properties":{"FID":203,"F1":"IODP","leg":363,"site":"U1483B","latitude":-13.087289999999999,"longitude":121.80423,"arrival":"10/27/2016 16:50","water_dept":1734.01,"core_penet":287,"core_recov":301.62}},{"type":"Feature","id":204,"geometry":{"type":"Point","coordinates":[121.80422830000001,-13.08747]},"properties":{"FID":204,"F1":"IODP","leg":363,"site":"U1483C","latitude":-13.08747,"longitude":121.80422799999999,"arrival":"10/28/2016 18:10","water_dept":1731.1900000000001,"core_penet":284.80000000000001,"core_recov":292.42000000000002}},{"type":"Feature","id":205,"geometry":{"type":"Point","coordinates":[142.7828317,-3.13205]},"properties":{"FID":205,"F1":"IODP","leg":363,"site":"U1484A","latitude":-3.13205,"longitude":142.78283200000001,"arrival":"11/06/2016 12:45","water_dept":1030.9300000000001,"core_penet":223.19999999999999,"core_recov":220.59999999999999}},{"type":"Feature","id":206,"geometry":{"type":"Point","coordinates":[142.78301500000001,-3.1320399999999999]},"properties":{"FID":206,"F1":"IODP","leg":363,"site":"U1484B","latitude":-3.1320399999999999,"longitude":142.78301500000001,"arrival":"11/07/2016 17:55","water_dept":1030.48,"core_penet":222.90000000000001,"core_recov":220.50999999999999}},{"type":"Feature","id":207,"geometry":{"type":"Point","coordinates":[142.7830367,-3.1322299999999998]},"properties":{"FID":207,"F1":"IODP","leg":363,"site":"U1484C","latitude":-3.1322299999999998,"longitude":142.78303700000001,"arrival":"11/08/2016 22:50","water_dept":1030.77,"core_penet":221.40000000000001,"core_recov":225.46000000000001}},{"type":"Feature","id":208,"geometry":{"type":"Point","coordinates":[142.79291670000001,-3.1026400000000001]},"properties":{"FID":208,"F1":"IODP","leg":363,"site":"U1485A","latitude":-3.1026400000000001,"longitude":142.79291699999999,"arrival":"11/09/2016 23:45","water_dept":1144.75,"core_penet":300.80000000000001,"core_recov":312.36000000000001}},{"type":"Feature","id":209,"geometry":{"type":"Point","coordinates":[142.79309000000001,-3.1026400000000001]},"properties":{"FID":209,"F1":"IODP","leg":363,"site":"U1485B","latitude":-3.1026400000000001,"longitude":142.79309000000001,"arrival":"11/11/2016 12:10","water_dept":1145.3399999999999,"core_penet":297.69999999999999,"core_recov":291.18000000000001}},{"type":"Feature","id":210,"geometry":{"type":"Point","coordinates":[142.79331830000001,-3.1026199999999999]},"properties":{"FID":210,"F1":"IODP","leg":363,"site":"U1485C","latitude":-3.1026199999999999,"longitude":142.793318,"arrival":"11/12/2016 21:25","water_dept":1145.8299999999999,"core_penet":27.5,"core_recov":29.350000000000001}},{"type":"Feature","id":211,"geometry":{"type":"Point","coordinates":[142.7931117,-3.1026199999999999]},"properties":{"FID":211,"F1":"IODP","leg":363,"site":"U1485D","latitude":-3.1026199999999999,"longitude":142.79311200000001,"arrival":"11/13/2016 02:55","water_dept":1144.4300000000001,"core_penet":63.899999999999999,"core_recov":68.219999999999999}},{"type":"Feature","id":212,"geometry":{"type":"Point","coordinates":[144.60132669999999,-2.37229]},"properties":{"FID":212,"F1":"IODP","leg":363,"site":"U1486A","latitude":-2.37229,"longitude":144.601327,"arrival":"11/13/2016 23:21","water_dept":1330.3299999999999,"core_penet":9.5,"core_recov":9.9499999999999993}},{"type":"Feature","id":213,"geometry":{"type":"Point","coordinates":[144.60132329999999,-2.3722799999999999]},"properties":{"FID":213,"F1":"IODP","leg":363,"site":"U1486B","latitude":-2.3722799999999999,"longitude":144.60132300000001,"arrival":"11/14/2016 06:00","water_dept":1333.8299999999999,"core_penet":211.19999999999999,"core_recov":215.49000000000001}},{"type":"Feature","id":214,"geometry":{"type":"Point","coordinates":[144.60132999999999,-2.3724599999999998]},"properties":{"FID":214,"F1":"IODP","leg":363,"site":"U1486C","latitude":-2.3724599999999998,"longitude":144.60132999999999,"arrival":"11/15/2016 02:50","water_dept":1334.5,"core_penet":201.30000000000001,"core_recov":172.69999999999999}},{"type":"Feature","id":215,"geometry":{"type":"Point","coordinates":[144.60114999999999,-2.3724699999999999]},"properties":{"FID":215,"F1":"IODP","leg":363,"site":"U1486D","latitude":-2.3724699999999999,"longitude":144.60114999999999,"arrival":"11/16/2016 00:10","water_dept":1334.0999999999999,"core_penet":186.5,"core_recov":166.53}},{"type":"Feature","id":216,"geometry":{"type":"Point","coordinates":[144.81937830000001,-2.3332899999999999]},"properties":{"FID":216,"F1":"IODP","leg":363,"site":"U1487A","latitude":-2.3332899999999999,"longitude":144.819378,"arrival":"11/17/2016 01:45","water_dept":873.92999999999995,"core_penet":144.19999999999999,"core_recov":146.43000000000001}},{"type":"Feature","id":217,"geometry":{"type":"Point","coordinates":[144.8195767,-2.3332899999999999]},"properties":{"FID":217,"F1":"IODP","leg":363,"site":"U1487B","latitude":-2.3332899999999999,"longitude":144.81957700000001,"arrival":"11/17/2016 20:40","water_dept":873.63,"core_penet":144.30000000000001,"core_recov":148.72999999999999}},{"type":"Feature","id":218,"geometry":{"type":"Point","coordinates":[141.75477330000001,2.0431499999999998]},"properties":{"FID":218,"F1":"IODP","leg":363,"site":"U1488A","latitude":2.0431499999999998,"longitude":141.754773,"arrival":"11/19/2016 18:00","water_dept":2603.4000000000001,"core_penet":314.5,"core_recov":327.19999999999999}},{"type":"Feature","id":219,"geometry":{"type":"Point","coordinates":[141.75494330000001,2.0431699999999999]},"properties":{"FID":219,"F1":"IODP","leg":363,"site":"U1488B","latitude":2.0431699999999999,"longitude":141.754943,"arrival":"11/21/2016 15:20","water_dept":2604.4000000000001,"core_penet":304.89999999999998,"core_recov":315.76999999999998}},{"type":"Feature","id":220,"geometry":{"type":"Point","coordinates":[141.75495670000001,2.0429900000000001]},"properties":{"FID":220,"F1":"IODP","leg":363,"site":"U1488C","latitude":2.0429900000000001,"longitude":141.75495699999999,"arrival":"11/23/2016 01:40","water_dept":2604,"core_penet":159.30000000000001,"core_recov":153.59999999999999}},{"type":"Feature","id":221,"geometry":{"type":"Point","coordinates":[141.0277567,2.1199599999999998]},"properties":{"FID":221,"F1":"IODP","leg":363,"site":"U1489A","latitude":2.1199599999999998,"longitude":141.02775700000001,"arrival":"11/24/2016 04:42","water_dept":3419.8000000000002,"core_penet":9.5,"core_recov":9.5299999999999994}},{"type":"Feature","id":222,"geometry":{"type":"Point","coordinates":[141.02792830000001,2.1199699999999999]},"properties":{"FID":222,"F1":"IODP","leg":363,"site":"U1489B","latitude":2.1199699999999999,"longitude":141.027928,"arrival":"11/24/2016 15:15","water_dept":3419.5,"core_penet":129.19999999999999,"core_recov":120.66}},{"type":"Feature","id":223,"geometry":{"type":"Point","coordinates":[141.02790999999999,2.1196199999999998]},"properties":{"FID":223,"F1":"IODP","leg":363,"site":"U1489C","latitude":2.1196199999999998,"longitude":141.02790999999999,"arrival":"11/25/2016 13:55","water_dept":3423.6799999999998,"core_penet":385.60000000000002,"core_recov":376.35000000000002}},{"type":"Feature","id":224,"geometry":{"type":"Point","coordinates":[141.02775170000001,2.1196000000000002]},"properties":{"FID":224,"F1":"IODP","leg":363,"site":"U1489D","latitude":2.1196000000000002,"longitude":141.02775199999999,"arrival":"11/27/2016 19:00","water_dept":3421.5500000000002,"core_penet":385.60000000000002,"core_recov":229.24000000000001}},{"type":"Feature","id":225,"geometry":{"type":"Point","coordinates":[142.6543317,5.8158200000000004]},"properties":{"FID":225,"F1":"IODP","leg":363,"site":"U1490A","latitude":5.8158200000000004,"longitude":142.65433200000001,"arrival":"11/30/2016 14:00","water_dept":2341.0300000000002,"core_penet":382.80000000000001,"core_recov":367.35000000000002}},{"type":"Feature","id":226,"geometry":{"type":"Point","coordinates":[142.65449670000001,5.8158450000000004]},"properties":{"FID":226,"F1":"IODP","leg":363,"site":"U1490B","latitude":5.8158450000000004,"longitude":142.65449699999999,"arrival":"12/02/2016 16:55","water_dept":2339.7199999999998,"core_penet":262.89999999999998,"core_recov":267.60000000000002}},{"type":"Feature","id":227,"geometry":{"type":"Point","coordinates":[142.65448330000001,5.8156400000000001]},"properties":{"FID":227,"F1":"IODP","leg":363,"site":"U1490C","latitude":5.8156400000000001,"longitude":142.654483,"arrival":"12/04/2016 00:40","water_dept":2341.27,"core_penet":170,"core_recov":168.24000000000001}},{"type":"Feature","id":228,"geometry":{"type":"Point","coordinates":[-89.949370000000002,21.450150000000001]},"properties":{"FID":228,"F1":"IODP","leg":364,"site":"M0077A","latitude":21.450150000000001,"longitude":-89.949370000000002,"arrival":"2004/7/16","water_dept":0,"core_penet":828.99000000000001,"core_recov":839.3415}},{"type":"Feature","id":229,"geometry":{"type":"Point","coordinates":[136.68654000000001,33.209969999999998]},"properties":{"FID":229,"F1":"IODP","leg":365,"site":"C0010A","latitude":33.209969999999998,"longitude":136.68654000000001,"arrival":"03/27/2016","water_dept":2523.5,"core_penet":0,"core_recov":0}},{"type":"Feature","id":230,"geometry":{"type":"Point","coordinates":[136.6863433,33.209879999999998]},"properties":{"FID":230,"F1":"IODP","leg":365,"site":"C0010B","latitude":33.209879999999998,"longitude":136.68634299999999,"arrival":"04/17/2016 03:30","water_dept":2525.5,"core_penet":9.5,"core_recov":0}},{"type":"Feature","id":231,"geometry":{"type":"Point","coordinates":[136.6862467,33.209829999999997]},"properties":{"FID":231,"F1":"IODP","leg":365,"site":"C0010C","latitude":33.209829999999997,"longitude":136.68624700000001,"arrival":"04/18/2016 10:00","water_dept":2524.5,"core_penet":104.5,"core_recov":59.799999999999997}},{"type":"Feature","id":232,"geometry":{"type":"Point","coordinates":[136.68673670000001,33.210039999999999]},"properties":{"FID":232,"F1":"IODP","leg":365,"site":"C0010D","latitude":33.210039999999999,"longitude":136.68673699999999,"arrival":"04/21/2016 06:30","water_dept":2526.5,"core_penet":9.5,"core_recov":7.2000000000000002}},{"type":"Feature","id":233,"geometry":{"type":"Point","coordinates":[136.68703830000001,33.20917]},"properties":{"FID":233,"F1":"IODP","leg":365,"site":"C0010E","latitude":33.20917,"longitude":136.687038,"arrival":"04/23/2016 04:30","water_dept":2538,"core_penet":31,"core_recov":22.100000000000001}},{"type":"Feature","id":234,"geometry":{"type":"Point","coordinates":[146.00286170000001,13.78454]},"properties":{"FID":234,"F1":"IODP","leg":366,"site":"1200C","latitude":13.78454,"longitude":146.00286199999999,"arrival":"12/13/2016 06:24","water_dept":2932.1599999999999,"core_penet":0,"core_recov":0}},{"type":"Feature","id":235,"geometry":{"type":"Point","coordinates":[147.141515,15.78529]},"properties":{"FID":235,"F1":"IODP","leg":366,"site":"U1491A","latitude":15.78529,"longitude":147.141515,"arrival":"12/15/2016 01:30","water_dept":4493.6800000000003,"core_penet":1.3,"core_recov":1.3200000000000001}},{"type":"Feature","id":236,"geometry":{"type":"Point","coordinates":[147.14151330000001,15.78529]},"properties":{"FID":236,"F1":"IODP","leg":366,"site":"U1491B","latitude":15.78529,"longitude":147.141513,"arrival":"12/15/2016 21:00","water_dept":4492.4799999999996,"core_penet":19.399999999999999,"core_recov":18.98}},{"type":"Feature","id":237,"geometry":{"type":"Point","coordinates":[147.14019830000001,15.786569999999999]},"properties":{"FID":237,"F1":"IODP","leg":366,"site":"U1491C","latitude":15.786569999999999,"longitude":147.140198,"arrival":"12/16/2016 13:23","water_dept":4518.8800000000001,"core_penet":34.200000000000003,"core_recov":23.079999999999998}},{"type":"Feature","id":238,"geometry":{"type":"Point","coordinates":[147.17667170000001,15.71129]},"properties":{"FID":238,"F1":"IODP","leg":366,"site":"U1492A","latitude":15.71129,"longitude":147.176672,"arrival":"12/17/2016 21:30","water_dept":3656.5799999999999,"core_penet":38.299999999999997,"core_recov":38.490000000000002}},{"type":"Feature","id":239,"geometry":{"type":"Point","coordinates":[147.17668499999999,15.71036]},"properties":{"FID":239,"F1":"IODP","leg":366,"site":"U1492B","latitude":15.71036,"longitude":147.17668499999999,"arrival":"12/19/2016 14:45","water_dept":3669.0999999999999,"core_penet":51.399999999999999,"core_recov":52.030000000000001}},{"type":"Feature","id":240,"geometry":{"type":"Point","coordinates":[147.17666829999999,15.70932]},"properties":{"FID":240,"F1":"IODP","leg":366,"site":"U1492C","latitude":15.70932,"longitude":147.17666800000001,"arrival":"12/21/2016 01:00","water_dept":3666.4699999999998,"core_penet":139.09999999999999,"core_recov":71.349999999999994}},{"type":"Feature","id":241,"geometry":{"type":"Point","coordinates":[147.17665170000001,15.709490000000001]},"properties":{"FID":241,"F1":"IODP","leg":366,"site":"U1492D","latitude":15.709490000000001,"longitude":147.17665199999999,"arrival":"12/24/2016 09:35","water_dept":3666.4400000000001,"core_penet":0,"core_recov":0}},{"type":"Feature","id":242,"geometry":{"type":"Point","coordinates":[147.10009500000001,17.98611]},"properties":{"FID":242,"F1":"IODP","leg":366,"site":"U1493A","latitude":17.98611,"longitude":147.10009500000001,"arrival":"01/03/2017 17:42","water_dept":3358.9200000000001,"core_penet":0.10000000000000001,"core_recov":0.089999999999999997}},{"type":"Feature","id":243,"geometry":{"type":"Point","coordinates":[147.1001,17.98611]},"properties":{"FID":243,"F1":"IODP","leg":366,"site":"U1493B","latitude":17.98611,"longitude":147.1001,"arrival":"01/04/2017 05:45","water_dept":3358.9200000000001,"core_penet":32.600000000000001,"core_recov":19.030000000000001}},{"type":"Feature","id":244,"geometry":{"type":"Point","coordinates":[147.10000500000001,18.051490000000001]},"properties":{"FID":244,"F1":"IODP","leg":366,"site":"U1494A","latitude":18.051490000000001,"longitude":147.10000500000001,"arrival":"01/05/2017 20:48","water_dept":2199.8000000000002,"core_penet":39,"core_recov":27.989999999999998}},{"type":"Feature","id":245,"geometry":{"type":"Point","coordinates":[147.10000669999999,18.09449]},"properties":{"FID":245,"F1":"IODP","leg":366,"site":"U1495A","latitude":18.09449,"longitude":147.10000700000001,"arrival":"01/06/2017 11:36","water_dept":1405.8099999999999,"core_penet":10.699999999999999,"core_recov":4.8399999999999999}},{"type":"Feature","id":246,"geometry":{"type":"Point","coordinates":[147.09983500000001,18.094650000000001]},"properties":{"FID":246,"F1":"IODP","leg":366,"site":"U1495B","latitude":18.094650000000001,"longitude":147.09983500000001,"arrival":"01/07/2017 02:30","water_dept":1401.8900000000001,"core_penet":10.800000000000001,"core_recov":10.18}},{"type":"Feature","id":247,"geometry":{"type":"Point","coordinates":[147.101665,18.10989]},"properties":{"FID":247,"F1":"IODP","leg":366,"site":"U1496A","latitude":18.10989,"longitude":147.101665,"arrival":"01/07/2017 15:14","water_dept":1243.3800000000001,"core_penet":44.799999999999997,"core_recov":38.359999999999999}},{"type":"Feature","id":248,"geometry":{"type":"Point","coordinates":[147.10166330000001,18.110340000000001]},"properties":{"FID":248,"F1":"IODP","leg":366,"site":"U1496B","latitude":18.110340000000001,"longitude":147.101663,"arrival":"01/08/2017 07:00","water_dept":1240.1800000000001,"core_penet":36,"core_recov":22.079999999999998}},{"type":"Feature","id":249,"geometry":{"type":"Point","coordinates":[147.1016683,18.110109999999999]},"properties":{"FID":249,"F1":"IODP","leg":366,"site":"U1496C","latitude":18.110109999999999,"longitude":147.10166799999999,"arrival":"01/09/2017 05:40","water_dept":1243.1700000000001,"core_penet":105,"core_recov":8.5199999999999996}},{"type":"Feature","id":250,"geometry":{"type":"Point","coordinates":[147.22107,16.537559999999999]},"properties":{"FID":250,"F1":"IODP","leg":366,"site":"U1497A","latitude":16.537559999999999,"longitude":147.22107,"arrival":"01/13/2017 23:30","water_dept":2019.24,"core_penet":34.200000000000003,"core_recov":22.469999999999999}},{"type":"Feature","id":251,"geometry":{"type":"Point","coordinates":[147.22101000000001,16.53755]},"properties":{"FID":251,"F1":"IODP","leg":366,"site":"U1497B","latitude":16.53755,"longitude":147.22101000000001,"arrival":"01/14/2017 04:14","water_dept":2018.22,"core_penet":23.800000000000001,"core_recov":19.91}},{"type":"Feature","id":252,"geometry":{"type":"Point","coordinates":[147.22083330000001,16.537510000000001]},"properties":{"FID":252,"F1":"IODP","leg":366,"site":"U1497C","latitude":16.537510000000001,"longitude":147.220833,"arrival":"01/14/2017 17:40","water_dept":2018.3,"core_penet":0,"core_recov":0}},{"type":"Feature","id":253,"geometry":{"type":"Point","coordinates":[147.221035,16.537579999999998]},"properties":{"FID":253,"F1":"IODP","leg":366,"site":"U1497D","latitude":16.537579999999998,"longitude":147.221035,"arrival":"01/15/2017 03:40","water_dept":2018.8,"core_penet":0,"core_recov":0}},{"type":"Feature","id":254,"geometry":{"type":"Point","coordinates":[147.16417000000001,16.451499999999999]},"properties":{"FID":254,"F1":"IODP","leg":366,"site":"U1498A","latitude":16.451499999999999,"longitude":147.16417000000001,"arrival":"01/23/2017 13:00","water_dept":3496.21,"core_penet":181.59999999999999,"core_recov":20.59}},{"type":"Feature","id":255,"geometry":{"type":"Point","coordinates":[147.16861,16.456199999999999]},"properties":{"FID":255,"F1":"IODP","leg":366,"site":"U1498B","latitude":16.456199999999999,"longitude":147.16861,"arrival":"01/25/2017 09:30","water_dept":3284.6999999999998,"core_penet":260,"core_recov":82.819999999999993}},{"type":"Feature","id":256,"geometry":{"type":"Point","coordinates":[115.85980170000001,18.409500000000001]},"properties":{"FID":256,"F1":"IODP","leg":367,"site":"U1499A","latitude":18.409500000000001,"longitude":115.859802,"arrival":"02/14/2017 08:15","water_dept":3760.1900000000001,"core_penet":659.20000000000005,"core_recov":417.05000000000001}},{"type":"Feature","id":257,"geometry":{"type":"Point","coordinates":[115.8599833,18.409510000000001]},"properties":{"FID":257,"F1":"IODP","leg":367,"site":"U1499B","latitude":18.409510000000001,"longitude":115.859983,"arrival":"02/21/2017 12:15","water_dept":3758.0900000000001,"core_penet":1081.8,"core_recov":150.63999999999999}},{"type":"Feature","id":258,"geometry":{"type":"Point","coordinates":[116.21986,18.304600000000001]},"properties":{"FID":258,"F1":"IODP","leg":367,"site":"U1500A","latitude":18.304600000000001,"longitude":116.21986,"arrival":"03/08/2017 10:30","water_dept":3801.6900000000001,"core_penet":854.60000000000002,"core_recov":93.549999999999997}},{"type":"Feature","id":259,"geometry":{"type":"Point","coordinates":[116.2199183,18.304510000000001]},"properties":{"FID":259,"F1":"IODP","leg":367,"site":"U1500B","latitude":18.304510000000001,"longitude":116.21991800000001,"arrival":"03/13/2017 22:40","water_dept":3801.6100000000001,"core_penet":1529,"core_recov":278.79000000000002}},{"type":"Feature","id":260,"geometry":{"type":"Point","coordinates":[115.765805,18.884869999999999]},"properties":{"FID":260,"F1":"IODP","leg":368,"site":"U1501A","latitude":18.884869999999999,"longitude":115.765805,"arrival":"04/15/2017 00:30","water_dept":2857.1100000000001,"core_penet":9.5,"core_recov":9.7300000000000004}},{"type":"Feature","id":261,"geometry":{"type":"Point","coordinates":[115.765805,18.884869999999999]},"properties":{"FID":261,"F1":"IODP","leg":368,"site":"U1501B","latitude":18.884869999999999,"longitude":115.765805,"arrival":"04/15/2017 16:25","water_dept":2852.1100000000001,"core_penet":9.5,"core_recov":9.8300000000000001}},{"type":"Feature","id":262,"geometry":{"type":"Point","coordinates":[115.7658083,18.884869999999999]},"properties":{"FID":262,"F1":"IODP","leg":368,"site":"U1501C","latitude":18.884869999999999,"longitude":115.76580800000001,"arrival":"04/15/2017 17:30","water_dept":2845.8099999999999,"core_penet":461.89999999999998,"core_recov":444.76999999999998}},{"type":"Feature","id":263,"geometry":{"type":"Point","coordinates":[115.7656167,18.884879999999999]},"properties":{"FID":263,"F1":"IODP","leg":368,"site":"U1501D","latitude":18.884879999999999,"longitude":115.76561700000001,"arrival":"04/19/2017 06:20","water_dept":2845.8200000000002,"core_penet":644.29999999999995,"core_recov":78.769999999999996}},{"type":"Feature","id":264,"geometry":{"type":"Point","coordinates":[116.23063500000001,18.46453]},"properties":{"FID":264,"F1":"IODP","leg":368,"site":"U1502A","latitude":18.46453,"longitude":116.23063500000001,"arrival":"04/24/2017 14:15","water_dept":3763.7199999999998,"core_penet":758.20000000000005,"core_recov":176.81}},{"type":"Feature","id":265,"geometry":{"type":"Point","coordinates":[116.23068170000001,18.464659999999999]},"properties":{"FID":265,"F1":"IODP","leg":368,"site":"U1502B","latitude":18.464659999999999,"longitude":116.230682,"arrival":"04/29/2017 19:30","water_dept":3763.5799999999999,"core_penet":920.79999999999995,"core_recov":131.56999999999999}},{"type":"Feature","id":266,"geometry":{"type":"Point","coordinates":[116.3140933,18.143830000000001]},"properties":{"FID":266,"F1":"IODP","leg":368,"site":"U1503A","latitude":18.143830000000001,"longitude":116.314093,"arrival":"05/14/2017 04:30","water_dept":3867.71,"core_penet":995.10000000000002,"core_recov":0}},{"type":"Feature","id":267,"geometry":{"type":"Point","coordinates":[116.2423283,18.848669999999998]},"properties":{"FID":267,"F1":"IODP","leg":368,"site":"U1504A","latitude":18.848669999999998,"longitude":116.242328,"arrival":"05/26/2017 06:30","water_dept":2816.5700000000002,"core_penet":165.5,"core_recov":52.93}},{"type":"Feature","id":268,"geometry":{"type":"Point","coordinates":[116.2432967,18.847020000000001]},"properties":{"FID":268,"F1":"IODP","leg":368,"site":"U1504B","latitude":18.847020000000001,"longitude":116.243297,"arrival":"06/03/2017 20:00","water_dept":2842.9699999999998,"core_penet":200,"core_recov":21.48}},{"type":"Feature","id":269,"geometry":{"type":"Point","coordinates":[115.85894829999999,18.9176]},"properties":{"FID":269,"F1":"IODP","leg":368,"site":"U1505A","latitude":18.9176,"longitude":115.858948,"arrival":"05/28/2017 13:45","water_dept":2916.5700000000002,"core_penet":0.29999999999999999,"core_recov":0.38}},{"type":"Feature","id":270,"geometry":{"type":"Point","coordinates":[115.85894999999999,18.9176]},"properties":{"FID":270,"F1":"IODP","leg":368,"site":"U1505B","latitude":18.9176,"longitude":115.85894999999999,"arrival":"05/29/2017 04:00","water_dept":2918.5700000000002,"core_penet":3,"core_recov":3.23}},{"type":"Feature","id":271,"geometry":{"type":"Point","coordinates":[115.8591517,18.917619999999999]},"properties":{"FID":271,"F1":"IODP","leg":368,"site":"U1505C","latitude":18.917619999999999,"longitude":115.85915199999999,"arrival":"05/29/2017 05:00","water_dept":2917.3699999999999,"core_penet":480.19999999999999,"core_recov":480.14999999999998}},{"type":"Feature","id":272,"geometry":{"type":"Point","coordinates":[115.85916829999999,18.91743]},"properties":{"FID":272,"F1":"IODP","leg":368,"site":"U1505D","latitude":18.91743,"longitude":115.859168,"arrival":"06/02/2017 12:00","water_dept":2917,"core_penet":184.5,"core_recov":191.43000000000001}},{"type":"Feature","id":273,"geometry":{"type":"Point","coordinates":[127.962675,-34.027340000000002]},"properties":{"FID":273,"F1":"IODP","leg":369,"site":"U1512A","latitude":-34.027340000000002,"longitude":127.962675,"arrival":"10/06/2017 21:30","water_dept":3070.8699999999999,"core_penet":700.79999999999995,"core_recov":631.86000000000001}},{"type":"Feature","id":274,"geometry":{"type":"Point","coordinates":[112.4855633,-33.793469999999999]},"properties":{"FID":274,"F1":"IODP","leg":369,"site":"U1513A","latitude":-33.793469999999999,"longitude":112.485563,"arrival":"10/18/2017 06:45","water_dept":2789.1900000000001,"core_penet":292.5,"core_recov":170.59999999999999}},{"type":"Feature","id":275,"geometry":{"type":"Point","coordinates":[112.48578500000001,-33.793480000000002]},"properties":{"FID":275,"F1":"IODP","leg":369,"site":"U1513B","latitude":-33.793480000000002,"longitude":112.48578500000001,"arrival":"10/23/2017 04:10","water_dept":2787.2199999999998,"core_penet":98.599999999999994,"core_recov":102.06}},{"type":"Feature","id":276,"geometry":{"type":"Point","coordinates":[112.48578000000001,-33.79365]},"properties":{"FID":276,"F1":"IODP","leg":369,"site":"U1513C","latitude":-33.79365,"longitude":112.48578000000001,"arrival":"10/23/2017 22:25","water_dept":2788.3200000000002,"core_penet":17.100000000000001,"core_recov":17.370000000000001}},{"type":"Feature","id":277,"geometry":{"type":"Point","coordinates":[112.48556499999999,-33.793660000000003]},"properties":{"FID":277,"F1":"IODP","leg":369,"site":"U1513D","latitude":-33.793660000000003,"longitude":112.48556499999999,"arrival":"10/24/2017 08:45","water_dept":2788.9200000000001,"core_penet":757.39999999999998,"core_recov":437.05000000000001}},{"type":"Feature","id":278,"geometry":{"type":"Point","coordinates":[112.48533999999999,-33.79365]},"properties":{"FID":278,"F1":"IODP","leg":369,"site":"U1513E","latitude":-33.79365,"longitude":112.48533999999999,"arrival":"11/19/2017 19:10","water_dept":2788.6199999999999,"core_penet":774,"core_recov":49.990000000000002}},{"type":"Feature","id":279,"geometry":{"type":"Point","coordinates":[113.09112,-33.120530000000002]},"properties":{"FID":279,"F1":"IODP","leg":369,"site":"U1514A","latitude":-33.120530000000002,"longitude":113.09112,"arrival":"11/02/2017 00:00","water_dept":3838.1999999999998,"core_penet":255.59999999999999,"core_recov":255.19999999999999}},{"type":"Feature","id":280,"geometry":{"type":"Point","coordinates":[113.09133,-33.120559999999998]},"properties":{"FID":280,"F1":"IODP","leg":369,"site":"U1514B","latitude":-33.120559999999998,"longitude":113.09133,"arrival":"11/04/2017 12:15","water_dept":3838.7199999999998,"core_penet":15.1,"core_recov":15.449999999999999}},{"type":"Feature","id":281,"geometry":{"type":"Point","coordinates":[113.0913317,-33.120739999999998]},"properties":{"FID":281,"F1":"IODP","leg":369,"site":"U1514C","latitude":-33.120739999999998,"longitude":113.09133199999999,"arrival":"11/05/2017 01:30","water_dept":3838.79,"core_penet":516.79999999999995,"core_recov":247.47999999999999}},{"type":"Feature","id":282,"geometry":{"type":"Point","coordinates":[114.32277670000001,-33.269820000000003]},"properties":{"FID":282,"F1":"IODP","leg":369,"site":"U1515A","latitude":-33.269820000000003,"longitude":114.322777,"arrival":"11/09/2017 16:00","water_dept":849.70000000000005,"core_penet":517.10000000000002,"core_recov":93.620000000000005}},{"type":"Feature","id":283,"geometry":{"type":"Point","coordinates":[112.799255,-34.348610000000001]},"properties":{"FID":283,"F1":"IODP","leg":369,"site":"U1516A","latitude":-34.348610000000001,"longitude":112.799255,"arrival":"11/13/2017 17:48","water_dept":2676.46,"core_penet":223.59999999999999,"core_recov":233.25999999999999}},{"type":"Feature","id":284,"geometry":{"type":"Point","coordinates":[112.7994733,-34.348619999999997]},"properties":{"FID":284,"F1":"IODP","leg":369,"site":"U1516B","latitude":-34.348619999999997,"longitude":112.79947300000001,"arrival":"11/15/2017 09:25","water_dept":2676.4200000000001,"core_penet":16.199999999999999,"core_recov":16.809999999999999}},{"type":"Feature","id":285,"geometry":{"type":"Point","coordinates":[112.7995183,-34.348790000000001]},"properties":{"FID":285,"F1":"IODP","leg":369,"site":"U1516C","latitude":-34.348790000000001,"longitude":112.79951800000001,"arrival":"11/15/2017 19:45","water_dept":2676.6199999999999,"core_penet":541.60000000000002,"core_recov":208.33000000000001}},{"type":"Feature","id":286,"geometry":{"type":"Point","coordinates":[112.7992883,-34.348799999999997]},"properties":{"FID":286,"F1":"IODP","leg":369,"site":"U1516D","latitude":-34.348799999999997,"longitude":112.799288,"arrival":"11/18/2017 11:50","water_dept":2676.6199999999999,"core_penet":477.60000000000002,"core_recov":18.550000000000001}},{"type":"Feature","id":287,"geometry":{"type":"Point","coordinates":[134.96640669999999,32.366700000000002]},"properties":{"FID":287,"F1":"IODP","leg":370,"site":"C0023A","latitude":32.366700000000002,"longitude":134.966407,"arrival":"09/09/2016 15:00","water_dept":4775.5,"core_penet":761.70000000000005,"core_recov":577.85000000000002}},{"type":"Feature","id":288,"geometry":{"type":"Point","coordinates":[161.74039999999999,-28.66197]},"properties":{"FID":288,"F1":"IODP","leg":371,"site":"U1506A","latitude":-28.66197,"longitude":161.74039999999999,"arrival":"08/03/2017 09:48","water_dept":1494.9100000000001,"core_penet":306.10000000000002,"core_recov":192.47999999999999}},{"type":"Feature","id":289,"geometry":{"type":"Point","coordinates":[166.52839829999999,-26.488600000000002]},"properties":{"FID":289,"F1":"IODP","leg":371,"site":"U1507A","latitude":-26.488600000000002,"longitude":166.52839800000001,"arrival":"08/06/2017 12:25","water_dept":3568.3800000000001,"core_penet":425.39999999999998,"core_recov":352.69999999999999}},{"type":"Feature","id":290,"geometry":{"type":"Point","coordinates":[166.52859169999999,-26.488600000000002]},"properties":{"FID":290,"F1":"IODP","leg":371,"site":"U1507B","latitude":-26.488600000000002,"longitude":166.528592,"arrival":"08/09/2017 23:40","water_dept":3568.3400000000001,"core_penet":864.39999999999998,"core_recov":371.52999999999997}},{"type":"Feature","id":291,"geometry":{"type":"Point","coordinates":[171.34345500000001,-34.448169999999998]},"properties":{"FID":291,"F1":"IODP","leg":371,"site":"U1508A","latitude":-34.448169999999998,"longitude":171.34345500000001,"arrival":"08/20/2017 13:42","water_dept":1608.6900000000001,"core_penet":210.30000000000001,"core_recov":201.13}},{"type":"Feature","id":292,"geometry":{"type":"Point","coordinates":[171.3433167,-34.44829]},"properties":{"FID":292,"F1":"IODP","leg":371,"site":"U1508B","latitude":-34.44829,"longitude":171.34331700000001,"arrival":"08/22/2017 01:20","water_dept":1608.6099999999999,"core_penet":503.39999999999998,"core_recov":133.28999999999999}},{"type":"Feature","id":293,"geometry":{"type":"Point","coordinates":[171.3431483,-34.448174999999999]},"properties":{"FID":293,"F1":"IODP","leg":371,"site":"U1508C","latitude":-34.448174999999999,"longitude":171.34314800000001,"arrival":"08/26/2017 19:12","water_dept":1608.5699999999999,"core_penet":704.5,"core_recov":184.84}},{"type":"Feature","id":294,"geometry":{"type":"Point","coordinates":[165.827665,-34.652189999999997]},"properties":{"FID":294,"F1":"IODP","leg":371,"site":"U1509A","latitude":-34.652189999999997,"longitude":165.827665,"arrival":"09/01/2017 20:00","water_dept":2910.9200000000001,"core_penet":690.70000000000005,"core_recov":462.83999999999997}},{"type":"Feature","id":295,"geometry":{"type":"Point","coordinates":[164.55869999999999,-36.328980000000001]},"properties":{"FID":295,"F1":"IODP","leg":371,"site":"U1510A","latitude":-36.328980000000001,"longitude":164.55869999999999,"arrival":"09/11/2017 22:36","water_dept":1238.22,"core_penet":483.39999999999998,"core_recov":255.84999999999999}},{"type":"Feature","id":296,"geometry":{"type":"Point","coordinates":[164.55891170000001,-36.328989999999997]},"properties":{"FID":296,"F1":"IODP","leg":371,"site":"U1510B","latitude":-36.328989999999997,"longitude":164.55891199999999,"arrival":"09/14/2017 10:35","water_dept":1238.3900000000001,"core_penet":66.299999999999997,"core_recov":64.659999999999997}},{"type":"Feature","id":297,"geometry":{"type":"Point","coordinates":[160.3156333,-37.561109999999999]},"properties":{"FID":297,"F1":"IODP","leg":371,"site":"U1511A","latitude":-37.561109999999999,"longitude":160.31563299999999,"arrival":"09/16/2017 02:34","water_dept":4846.6700000000001,"core_penet":26.600000000000001,"core_recov":7.8600000000000003}},{"type":"Feature","id":298,"geometry":{"type":"Point","coordinates":[160.31563170000001,-37.561100000000003]},"properties":{"FID":298,"F1":"IODP","leg":371,"site":"U1511B","latitude":-37.561100000000003,"longitude":160.31563199999999,"arrival":"09/17/2017 14:45","water_dept":4846.6300000000001,"core_penet":566.20000000000005,"core_recov":279.16000000000003}},{"type":"Feature","id":299,"geometry":{"type":"Point","coordinates":[178.47595670000001,-38.829540000000001]},"properties":{"FID":299,"F1":"IODP","leg":372,"site":"U1517A","latitude":-38.829540000000001,"longitude":178.47595699999999,"arrival":"12/15/2017 12:30","water_dept":725.41999999999996,"core_penet":205,"core_recov":0}},{"type":"Feature","id":300,"geometry":{"type":"Point","coordinates":[178.47605329999999,-38.829540000000001]},"properties":{"FID":300,"F1":"IODP","leg":372,"site":"U1517B","latitude":-38.829540000000001,"longitude":178.47605300000001,"arrival":"12/17/2017 05:40","water_dept":720.30999999999995,"core_penet":9.4000000000000004,"core_recov":9.4000000000000004}},{"type":"Feature","id":301,"geometry":{"type":"Point","coordinates":[178.476055,-38.829700000000003]},"properties":{"FID":301,"F1":"IODP","leg":372,"site":"U1517C","latitude":-38.829700000000003,"longitude":178.476055,"arrival":"12/17/2017 13:00","water_dept":721.00999999999999,"core_penet":188.5,"core_recov":177.44}},{"type":"Feature","id":302,"geometry":{"type":"Point","coordinates":[178.476,-38.829610000000002]},"properties":{"FID":302,"F1":"IODP","leg":372,"site":"U1517D","latitude":-38.829610000000002,"longitude":178.476,"arrival":"12/31/2017 10:30","water_dept":720.88,"core_penet":168.69999999999999,"core_recov":0}},{"type":"Feature","id":303,"geometry":{"type":"Point","coordinates":[178.89600999999999,-38.85895]},"properties":{"FID":303,"F1":"IODP","leg":372,"site":"U1518A","latitude":-38.85895,"longitude":178.89600999999999,"arrival":"12/19/2017 03:30","water_dept":2636.4099999999999,"core_penet":117.8,"core_recov":0}},{"type":"Feature","id":304,"geometry":{"type":"Point","coordinates":[178.89603500000001,-38.859127000000001]},"properties":{"FID":304,"F1":"IODP","leg":372,"site":"U1518B","latitude":-38.859127000000001,"longitude":178.89603500000001,"arrival":"12/21/2017 03:00","water_dept":2634.6100000000001,"core_penet":600,"core_recov":0}},{"type":"Feature","id":305,"geometry":{"type":"Point","coordinates":[178.61422830000001,-38.727290000000004]},"properties":{"FID":305,"F1":"IODP","leg":372,"site":"U1519A","latitude":-38.727290000000004,"longitude":178.614228,"arrival":"12/23/2017 16:30","water_dept":1000.7,"core_penet":650,"core_recov":0}},{"type":"Feature","id":306,"geometry":{"type":"Point","coordinates":[179.13226169999999,-38.969400999999998]},"properties":{"FID":306,"F1":"IODP","leg":372,"site":"U1520A","latitude":-38.969400999999998,"longitude":179.132262,"arrival":"12/26/2017 00:00","water_dept":3521.3000000000002,"core_penet":97.900000000000006,"core_recov":0}},{"type":"Feature","id":307,"geometry":{"type":"Point","coordinates":[179.13205500000001,-38.969312000000002]},"properties":{"FID":307,"F1":"IODP","leg":372,"site":"U1520B","latitude":-38.969312000000002,"longitude":179.13205500000001,"arrival":"12/28/2017 23:45","water_dept":3520.1100000000001,"core_penet":750,"core_recov":0}},{"type":"Feature","id":308,"geometry":{"type":"Point","coordinates":[-179.6718467,-75.683920000000001]},"properties":{"FID":308,"F1":"IODP","leg":374,"site":"U1521A","latitude":-75.683920000000001,"longitude":-179.67184700000001,"arrival":"01/15/2018 20:57","water_dept":562.17999999999995,"core_penet":650.10000000000002,"core_recov":411.5}},{"type":"Feature","id":309,"geometry":{"type":"Point","coordinates":[-174.75775329999999,-76.55377]},"properties":{"FID":309,"F1":"IODP","leg":374,"site":"U1522A","latitude":-76.55377,"longitude":-174.75775300000001,"arrival":"01/21/2018 17:54","water_dept":557.60000000000002,"core_penet":701.79999999999995,"core_recov":279.56999999999999}},{"type":"Feature","id":310,"geometry":{"type":"Point","coordinates":[-176.79511170000001,-74.150289999999998]},"properties":{"FID":310,"F1":"IODP","leg":374,"site":"U1523A","latitude":-74.150289999999998,"longitude":-176.79511199999999,"arrival":"01/28/2018 13:18","water_dept":828.01999999999998,"core_penet":46.299999999999997,"core_recov":33.509999999999998}},{"type":"Feature","id":311,"geometry":{"type":"Point","coordinates":[-176.79443330000001,-74.150300000000001]},"properties":{"FID":311,"F1":"IODP","leg":374,"site":"U1523B","latitude":-74.150300000000001,"longitude":-176.794433,"arrival":"01/29/2018 15:50","water_dept":827.99000000000001,"core_penet":164.40000000000001,"core_recov":45.130000000000003}},{"type":"Feature","id":312,"geometry":{"type":"Point","coordinates":[-176.79446669999999,-74.150480000000002]},"properties":{"FID":312,"F1":"IODP","leg":374,"site":"U1523C","latitude":-74.150480000000002,"longitude":-176.794467,"arrival":"01/31/2018 04:40","water_dept":827.99000000000001,"core_penet":43.299999999999997,"core_recov":0}},{"type":"Feature","id":313,"geometry":{"type":"Point","coordinates":[-176.79514499999999,-74.150480000000002]},"properties":{"FID":313,"F1":"IODP","leg":374,"site":"U1523D","latitude":-74.150480000000002,"longitude":-176.79514499999999,"arrival":"01/31/2018 12:30","water_dept":827.97000000000003,"core_penet":307.80000000000001,"core_recov":0.90000000000000002}},{"type":"Feature","id":314,"geometry":{"type":"Point","coordinates":[-176.79581830000001,-74.150480000000002]},"properties":{"FID":314,"F1":"IODP","leg":374,"site":"U1523E","latitude":-74.150480000000002,"longitude":-176.795818,"arrival":"02/02/2018 13:40","water_dept":827.88,"core_penet":130.80000000000001,"core_recov":54.079999999999998}},{"type":"Feature","id":315,"geometry":{"type":"Point","coordinates":[-173.6336417,-74.217380000000006]},"properties":{"FID":315,"F1":"IODP","leg":374,"site":"U1524A","latitude":-74.217380000000006,"longitude":-173.63364200000001,"arrival":"02/03/2018 21:44","water_dept":2394.3899999999999,"core_penet":299.5,"core_recov":282.35000000000002}},{"type":"Feature","id":316,"geometry":{"type":"Point","coordinates":[-173.6330567,-74.217399999999998]},"properties":{"FID":316,"F1":"IODP","leg":374,"site":"U1524B","latitude":-74.217399999999998,"longitude":-173.63305700000001,"arrival":"02/05/2018 20:50","water_dept":2394.1599999999999,"core_penet":7.7000000000000002,"core_recov":7.7599999999999998}},{"type":"Feature","id":317,"geometry":{"type":"Point","coordinates":[-173.63222999999999,-74.217560000000006]},"properties":{"FID":317,"F1":"IODP","leg":374,"site":"U1524C","latitude":-74.217560000000006,"longitude":-173.63222999999999,"arrival":"02/08/2018 21:00","water_dept":2394.3400000000001,"core_penet":441.89999999999998,"core_recov":19.199999999999999}},{"type":"Feature","id":318,"geometry":{"type":"Point","coordinates":[-173.9200467,-75.001009999999994]},"properties":{"FID":318,"F1":"IODP","leg":374,"site":"U1525A","latitude":-75.001009999999994,"longitude":-173.92004700000001,"arrival":"02/06/2018 13:15","water_dept":1775.74,"core_penet":213.19999999999999,"core_recov":158.69999999999999}},{"type":"Feature","id":319,"geometry":{"type":"Point","coordinates":[178.89602669999999,-38.859490000000001]},"properties":{"FID":319,"F1":"IODP","leg":375,"site":"U1518C","latitude":-38.859490000000001,"longitude":178.896027,"arrival":"03/13/2018 06:30","water_dept":2631.7399999999998,"core_penet":9.0999999999999996,"core_recov":9.1300000000000008}},{"type":"Feature","id":320,"geometry":{"type":"Point","coordinates":[178.8960567,-38.859499999999997]},"properties":{"FID":320,"F1":"IODP","leg":375,"site":"U1518D","latitude":-38.859499999999997,"longitude":178.89605700000001,"arrival":"03/13/2018 20:47","water_dept":2628.2399999999998,"core_penet":9.5999999999999996,"core_recov":9.6099999999999994}},{"type":"Feature","id":321,"geometry":{"type":"Point","coordinates":[178.89603,-38.859450000000002]},"properties":{"FID":321,"F1":"IODP","leg":375,"site":"U1518E","latitude":-38.859450000000002,"longitude":178.89603,"arrival":"03/13/2018 21:40","water_dept":2626.1399999999999,"core_penet":175.59999999999999,"core_recov":160.96000000000001}},{"type":"Feature","id":322,"geometry":{"type":"Point","coordinates":[178.89603170000001,-38.859490000000001]},"properties":{"FID":322,"F1":"IODP","leg":375,"site":"U1518F","latitude":-38.859490000000001,"longitude":178.89603199999999,"arrival":"03/16/2018 02:35","water_dept":2626.0599999999999,"core_penet":494.89999999999998,"core_recov":126.81999999999999}},{"type":"Feature","id":323,"geometry":{"type":"Point","coordinates":[178.89602830000001,-38.859180000000002]},"properties":{"FID":323,"F1":"IODP","leg":375,"site":"U1518G","latitude":-38.859180000000002,"longitude":178.896028,"arrival":"03/19/2018 12:10","water_dept":2629.7600000000002,"core_penet":433,"core_recov":0}},{"type":"Feature","id":324,"geometry":{"type":"Point","coordinates":[178.89607000000001,-38.859000000000002]},"properties":{"FID":324,"F1":"IODP","leg":375,"site":"U1518H","latitude":-38.859000000000002,"longitude":178.89607000000001,"arrival":"03/23/2018 23:45","water_dept":2631.1399999999999,"core_penet":426.5,"core_recov":0}},{"type":"Feature","id":325,"geometry":{"type":"Point","coordinates":[178.61442500000001,-38.727379999999997]},"properties":{"FID":325,"F1":"IODP","leg":375,"site":"U1519B","latitude":-38.727379999999997,"longitude":178.61442500000001,"arrival":"04/13/2018 06:18","water_dept":1000.4299999999999,"core_penet":285.10000000000002,"core_recov":0}},{"type":"Feature","id":326,"geometry":{"type":"Point","coordinates":[178.61462169999999,-38.727469999999997]},"properties":{"FID":326,"F1":"IODP","leg":375,"site":"U1519C","latitude":-38.727469999999997,"longitude":178.614622,"arrival":"04/17/2018 22:55","water_dept":1000.34,"core_penet":640,"core_recov":119.17}},{"type":"Feature","id":327,"geometry":{"type":"Point","coordinates":[178.61471829999999,-38.727530000000002]},"properties":{"FID":327,"F1":"IODP","leg":375,"site":"U1519D","latitude":-38.727530000000002,"longitude":178.61471800000001,"arrival":"04/20/2018 20:15","water_dept":1000.42,"core_penet":23.300000000000001,"core_recov":23.640000000000001}},{"type":"Feature","id":328,"geometry":{"type":"Point","coordinates":[178.614915,-38.727620000000002]},"properties":{"FID":328,"F1":"IODP","leg":375,"site":"U1519E","latitude":-38.727620000000002,"longitude":178.614915,"arrival":"04/21/2018 06:00","water_dept":1000.3200000000001,"core_penet":85.799999999999997,"core_recov":88.980000000000004}},{"type":"Feature","id":329,"geometry":{"type":"Point","coordinates":[179.13185329999999,-38.96922]},"properties":{"FID":329,"F1":"IODP","leg":375,"site":"U1520C","latitude":-38.96922,"longitude":179.13185300000001,"arrival":"03/27/2018 13:57","water_dept":3522.0500000000002,"core_penet":1054.0999999999999,"core_recov":235.40000000000001}},{"type":"Feature","id":330,"geometry":{"type":"Point","coordinates":[179.13165169999999,-38.96913]},"properties":{"FID":330,"F1":"IODP","leg":375,"site":"U1520D","latitude":-38.96913,"longitude":179.131652,"arrival":"04/24/2018 09:00","water_dept":3520.2800000000002,"core_penet":642.29999999999995,"core_recov":318.38}},{"type":"Feature","id":331,"geometry":{"type":"Point","coordinates":[179.24599000000001,-39.022010000000002]},"properties":{"FID":331,"F1":"IODP","leg":375,"site":"U1526A","latitude":-39.022010000000002,"longitude":179.24599000000001,"arrival":"04/22/2018 05:30","water_dept":2890.1100000000001,"core_penet":83.599999999999994,"core_recov":29.260000000000002}},{"type":"Feature","id":332,"geometry":{"type":"Point","coordinates":[179.24580169999999,-39.021909999999998]},"properties":{"FID":332,"F1":"IODP","leg":375,"site":"U1526B","latitude":-39.021909999999998,"longitude":179.245802,"arrival":"05/02/2018 06:30","water_dept":2888.4099999999999,"core_penet":33.5,"core_recov":31.559999999999999}},{"type":"Feature","id":333,"geometry":{"type":"Point","coordinates":[179.05399499999999,-34.860880000000002]},"properties":{"FID":333,"F1":"IODP","leg":376,"site":"U1527A","latitude":-34.860880000000002,"longitude":179.05399499999999,"arrival":"05/09/2018 08:00","water_dept":1464.23,"core_penet":101.40000000000001,"core_recov":1.27}},{"type":"Feature","id":334,"geometry":{"type":"Point","coordinates":[179.05421000000001,-34.860869999999998]},"properties":{"FID":334,"F1":"IODP","leg":376,"site":"U1527B","latitude":-34.860869999999998,"longitude":179.05421000000001,"arrival":"05/11/2018 23:20","water_dept":1464.1900000000001,"core_penet":105.5,"core_recov":0}},{"type":"Feature","id":335,"geometry":{"type":"Point","coordinates":[179.05422329999999,-34.861040000000003]},"properties":{"FID":335,"F1":"IODP","leg":376,"site":"U1527C","latitude":-34.861040000000003,"longitude":179.05422300000001,"arrival":"05/15/2018 03:30","water_dept":1464.1199999999999,"core_penet":238,"core_recov":25.899999999999999}},{"type":"Feature","id":336,"geometry":{"type":"Point","coordinates":[179.06845000000001,-34.881959999999999]},"properties":{"FID":336,"F1":"IODP","leg":376,"site":"U1528A","latitude":-34.881959999999999,"longitude":179.06845000000001,"arrival":"05/20/2018 05:25","water_dept":1228.3599999999999,"core_penet":84.400000000000006,"core_recov":17.09}},{"type":"Feature","id":337,"geometry":{"type":"Point","coordinates":[179.0684617,-34.882040000000003]},"properties":{"FID":337,"F1":"IODP","leg":376,"site":"U1528B","latitude":-34.882040000000003,"longitude":179.06846200000001,"arrival":"05/22/2018 07:45","water_dept":1229.3499999999999,"core_penet":25.600000000000001,"core_recov":0}},{"type":"Feature","id":338,"geometry":{"type":"Point","coordinates":[179.06854670000001,-34.88203]},"properties":{"FID":338,"F1":"IODP","leg":376,"site":"U1528C","latitude":-34.88203,"longitude":179.068547,"arrival":"05/24/2018 16:50","water_dept":1229.01,"core_penet":53.5,"core_recov":3.6299999999999999}},{"type":"Feature","id":339,"geometry":{"type":"Point","coordinates":[179.0686067,-34.88203]},"properties":{"FID":339,"F1":"IODP","leg":376,"site":"U1528D","latitude":-34.88203,"longitude":179.06860699999999,"arrival":"05/28/2018 12:25","water_dept":1228.04,"core_penet":359.30000000000001,"core_recov":87.230000000000004}},{"type":"Feature","id":340,"geometry":{"type":"Point","coordinates":[179.05856499999999,-34.87527]},"properties":{"FID":340,"F1":"IODP","leg":376,"site":"U1529A","latitude":-34.87527,"longitude":179.05856499999999,"arrival":"05/26/2018 16:30","water_dept":1734.99,"core_penet":12,"core_recov":1.8600000000000001}},{"type":"Feature","id":341,"geometry":{"type":"Point","coordinates":[179.0586783,-34.875360000000001]},"properties":{"FID":341,"F1":"IODP","leg":376,"site":"U1529B","latitude":-34.875360000000001,"longitude":179.05867799999999,"arrival":"05/27/2018 07:25","water_dept":1732.99,"core_penet":34.399999999999999,"core_recov":0.59999999999999998}},{"type":"Feature","id":342,"geometry":{"type":"Point","coordinates":[179.05761999999999,-34.860979999999998]},"properties":{"FID":342,"F1":"IODP","leg":376,"site":"U1530A","latitude":-34.860979999999998,"longitude":179.05761999999999,"arrival":"06/12/2018 16:05","water_dept":1594.8599999999999,"core_penet":453.10000000000002,"core_recov":76.769999999999996}},{"type":"Feature","id":343,"geometry":{"type":"Point","coordinates":[179.07040169999999,-34.87961]},"properties":{"FID":343,"F1":"IODP","leg":376,"site":"U1531A","latitude":-34.87961,"longitude":179.070402,"arrival":"06/20/2018 08:05","water_dept":1354.8699999999999,"core_penet":15,"core_recov":1}},{"type":"Feature","id":344,"geometry":{"type":"Point","coordinates":[179.07018500000001,-34.879539999999999]},"properties":{"FID":344,"F1":"IODP","leg":376,"site":"U1531B","latitude":-34.879539999999999,"longitude":179.07018500000001,"arrival":"06/22/2018 11:30","water_dept":1351.8699999999999,"core_penet":26,"core_recov":3.98}},{"type":"Feature","id":345,"geometry":{"type":"Point","coordinates":[179.07097669999999,-34.878729999999997]},"properties":{"FID":345,"F1":"IODP","leg":376,"site":"U1531C","latitude":-34.878729999999997,"longitude":179.070977,"arrival":"06/23/2018 02:20","water_dept":1306.8699999999999,"core_penet":28.399999999999999,"core_recov":2.25}},{"type":"Feature","id":346,"geometry":{"type":"Point","coordinates":[179.07101,-34.878709999999998]},"properties":{"FID":346,"F1":"IODP","leg":376,"site":"U1531D","latitude":-34.878709999999998,"longitude":179.07101,"arrival":"06/24/2018 01:40","water_dept":1306.8499999999999,"core_penet":19,"core_recov":0}},{"type":"Feature","id":347,"geometry":{"type":"Point","coordinates":[179.07057330000001,-34.87932]},"properties":{"FID":347,"F1":"IODP","leg":376,"site":"U1531E","latitude":-34.87932,"longitude":179.070573,"arrival":"06/25/2018 12:45","water_dept":1355.01,"core_penet":39.600000000000001,"core_recov":0.79000000000000004}},{"type":"Feature","id":348,"geometry":{"type":"Point","coordinates":[166.19133500000001,-52.223820000000003]},"properties":{"FID":348,"F1":"IODP","leg":378,"site":"U1553A","latitude":-52.223820000000003,"longitude":166.19133500000001,"arrival":"01/14/2020 23:10","water_dept":1221.2,"core_penet":216.40000000000001,"core_recov":214.08000000000001}},{"type":"Feature","id":349,"geometry":{"type":"Point","coordinates":[166.19160669999999,-52.22383]},"properties":{"FID":349,"F1":"IODP","leg":378,"site":"U1553B","latitude":-52.22383,"longitude":166.191607,"arrival":"01/16/2020 09:15","water_dept":1221.6600000000001,"core_penet":243,"core_recov":231.91}},{"type":"Feature","id":350,"geometry":{"type":"Point","coordinates":[166.19162499999999,-52.224020000000003]},"properties":{"FID":350,"F1":"IODP","leg":378,"site":"U1553C","latitude":-52.224020000000003,"longitude":166.19162499999999,"arrival":"01/18/2020 03:45","water_dept":1221.6300000000001,"core_penet":567.5,"core_recov":158.75999999999999}},{"type":"Feature","id":351,"geometry":{"type":"Point","coordinates":[166.19132669999999,-52.22401]},"properties":{"FID":351,"F1":"IODP","leg":378,"site":"U1553D","latitude":-52.22401,"longitude":166.191327,"arrival":"01/21/2020 14:30","water_dept":1221.6099999999999,"core_penet":584.29999999999995,"core_recov":97.950000000000003}},{"type":"Feature","id":352,"geometry":{"type":"Point","coordinates":[166.19102670000001,-52.22401]},"properties":{"FID":352,"F1":"IODP","leg":378,"site":"U1553E","latitude":-52.22401,"longitude":166.19102699999999,"arrival":"01/24/2020 12:55","water_dept":1221.26,"core_penet":237.59999999999999,"core_recov":209.77000000000001}},{"type":"Feature","id":353,"geometry":{"type":"Point","coordinates":[-107.52500499999999,-68.61139]},"properties":{"FID":353,"F1":"IODP","leg":379,"site":"U1532A","latitude":-68.61139,"longitude":-107.52500499999999,"arrival":"01/31/2019 00:45","water_dept":3961.48,"core_penet":100.59999999999999,"core_recov":103.04000000000001}},{"type":"Feature","id":354,"geometry":{"type":"Point","coordinates":[-107.5244933,-68.611400000000003]},"properties":{"FID":354,"F1":"IODP","leg":379,"site":"U1532B","latitude":-68.611400000000003,"longitude":-107.52449300000001,"arrival":"02/01/2019 12:30","water_dept":3961.4400000000001,"core_penet":180.30000000000001,"core_recov":91.920000000000002}},{"type":"Feature","id":355,"geometry":{"type":"Point","coordinates":[-107.524535,-68.611590000000007]},"properties":{"FID":355,"F1":"IODP","leg":379,"site":"U1532C","latitude":-68.611590000000007,"longitude":-107.524535,"arrival":"02/03/2019 20:15","water_dept":3961.4099999999999,"core_penet":392.30000000000001,"core_recov":179.59999999999999}},{"type":"Feature","id":356,"geometry":{"type":"Point","coordinates":[-107.525025,-68.611590000000007]},"properties":{"FID":356,"F1":"IODP","leg":379,"site":"U1532D","latitude":-68.611590000000007,"longitude":-107.525025,"arrival":"02/08/2019 03:45","water_dept":3961.48,"core_penet":381.89999999999998,"core_recov":17.420000000000002}},{"type":"Feature","id":357,"geometry":{"type":"Point","coordinates":[-107.5410217,-68.607150000000004]},"properties":{"FID":357,"F1":"IODP","leg":379,"site":"U1532E","latitude":-68.607150000000004,"longitude":-107.541022,"arrival":"02/10/2019 09:04","water_dept":3977.3600000000001,"core_penet":101.59999999999999,"core_recov":0}},{"type":"Feature","id":358,"geometry":{"type":"Point","coordinates":[-107.525505,-68.61139]},"properties":{"FID":358,"F1":"IODP","leg":379,"site":"U1532F","latitude":-68.61139,"longitude":-107.525505,"arrival":"02/10/2019 21:30","water_dept":3961.46,"core_penet":321.39999999999998,"core_recov":0}},{"type":"Feature","id":359,"geometry":{"type":"Point","coordinates":[-107.5254983,-68.611590000000007]},"properties":{"FID":359,"F1":"IODP","leg":379,"site":"U1532G","latitude":-68.611590000000007,"longitude":-107.525498,"arrival":"02/12/2019 21:45","water_dept":3961.4099999999999,"core_penet":794,"core_recov":366.41000000000003}},{"type":"Feature","id":360,"geometry":{"type":"Point","coordinates":[-109.0100233,-68.733609999999999]},"properties":{"FID":360,"F1":"IODP","leg":379,"site":"U1533A","latitude":-68.733609999999999,"longitude":-109.010023,"arrival":"02/24/2019 00:09","water_dept":4180.8100000000004,"core_penet":28.5,"core_recov":29.539999999999999}},{"type":"Feature","id":361,"geometry":{"type":"Point","coordinates":[-109.0500167,-68.734989999999996]},"properties":{"FID":361,"F1":"IODP","leg":379,"site":"U1533B","latitude":-68.734989999999996,"longitude":-109.050017,"arrival":"02/25/2019 13:43","water_dept":4190.21,"core_penet":382.60000000000002,"core_recov":250.78}},{"type":"Feature","id":362,"geometry":{"type":"Point","coordinates":[-109.0251717,-68.734489999999994]},"properties":{"FID":362,"F1":"IODP","leg":379,"site":"U1533C","latitude":-68.734489999999994,"longitude":-109.025172,"arrival":"02/27/2019 06:30","water_dept":4183.0500000000002,"core_penet":7.7000000000000002,"core_recov":7.7400000000000002}},{"type":"Feature","id":363,"geometry":{"type":"Point","coordinates":[-109.024835,-68.734549999999999]},"properties":{"FID":363,"F1":"IODP","leg":379,"site":"U1533D","latitude":-68.734549999999999,"longitude":-109.024835,"arrival":"02/27/2019 11:05","water_dept":4183.9399999999996,"core_penet":40,"core_recov":40.009999999999998}},{"type":"Feature","id":364,"geometry":{"type":"Point","coordinates":[136.794105,33.02731]},"properties":{"FID":364,"F1":"IODP","leg":380,"site":"C0006G","latitude":33.02731,"longitude":136.794105,"arrival":"01/11/2018 15:00","water_dept":3900,"core_penet":0,"core_recov":0}},{"type":"Feature","id":365,"geometry":{"type":"Point","coordinates":[22.758400000000002,38.1449]},"properties":{"FID":365,"F1":"IODP","leg":381,"site":"M0078A","latitude":38.1449,"longitude":22.758400000000002,"arrival":"10/23/2017","water_dept":859.5,"core_penet":0,"core_recov":533.99000000000001}},{"type":"Feature","id":366,"geometry":{"type":"Point","coordinates":[22.758400000000002,38.144799999999996]},"properties":{"FID":366,"F1":"IODP","leg":381,"site":"M0078B","latitude":38.144799999999996,"longitude":22.758400000000002,"arrival":"11/12/2017","water_dept":864,"core_penet":0,"core_recov":52.170000000000002}},{"type":"Feature","id":367,"geometry":{"type":"Point","coordinates":[22.695399999999999,38.1584]},"properties":{"FID":367,"F1":"IODP","leg":381,"site":"M0079A","latitude":38.1584,"longitude":22.695399999999999,"arrival":"11/14/2017","water_dept":857.10000000000002,"core_penet":0,"core_recov":610.79999999999995}},{"type":"Feature","id":368,"geometry":{"type":"Point","coordinates":[23.086300000000001,38.119999999999997]},"properties":{"FID":368,"F1":"IODP","leg":381,"site":"M0080A","latitude":38.119999999999997,"longitude":23.086300000000001,"arrival":"12/02/2017","water_dept":348.80000000000001,"core_penet":0,"core_recov":447.82999999999998}},{"type":"Feature","id":369,"geometry":{"type":"Point","coordinates":[-58.76079833,-53.189630000000001]},"properties":{"FID":369,"F1":"IODP","leg":382,"site":"U1534A","latitude":-53.189630000000001,"longitude":-58.760798000000001,"arrival":"03/29/2019 14:45","water_dept":605.09000000000003,"core_penet":266.30000000000001,"core_recov":270.83999999999997}},{"type":"Feature","id":370,"geometry":{"type":"Point","coordinates":[-58.760496670000002,-53.189610000000002]},"properties":{"FID":370,"F1":"IODP","leg":382,"site":"U1534B","latitude":-53.189610000000002,"longitude":-58.760497000000001,"arrival":"04/01/2019 02:00","water_dept":605.07000000000005,"core_penet":1.5,"core_recov":1.51}},{"type":"Feature","id":371,"geometry":{"type":"Point","coordinates":[-58.760493330000003,-53.189779999999999]},"properties":{"FID":371,"F1":"IODP","leg":382,"site":"U1534C","latitude":-53.189779999999999,"longitude":-58.760492999999997,"arrival":"04/01/2019 06:00","water_dept":606.26999999999998,"core_penet":159.19999999999999,"core_recov":159.55000000000001}},{"type":"Feature","id":372,"geometry":{"type":"Point","coordinates":[-58.760431670000003,-53.189799999999998]},"properties":{"FID":372,"F1":"IODP","leg":382,"site":"U1534D","latitude":-53.189799999999998,"longitude":-58.760432000000002,"arrival":"04/02/2019 03:30","water_dept":606.07000000000005,"core_penet":28.5,"core_recov":29.640000000000001}},{"type":"Feature","id":373,"geometry":{"type":"Point","coordinates":[-58.643413330000001,-53.191499999999998]},"properties":{"FID":373,"F1":"IODP","leg":382,"site":"U1535A","latitude":-53.191499999999998,"longitude":-58.643413000000002,"arrival":"04/02/2019 12:30","water_dept":646.86000000000001,"core_penet":117.3,"core_recov":112.47}},{"type":"Feature","id":374,"geometry":{"type":"Point","coordinates":[-41.060993330000002,-59.441000000000003]},"properties":{"FID":374,"F1":"IODP","leg":382,"site":"U1536A","latitude":-59.441000000000003,"longitude":-41.060993000000003,"arrival":"04/06/2019 07:00","water_dept":3219.52,"core_penet":354.39999999999998,"core_recov":364.26999999999998}},{"type":"Feature","id":375,"geometry":{"type":"Point","coordinates":[-41.060665,-59.441009999999999]},"properties":{"FID":375,"F1":"IODP","leg":382,"site":"U1536B","latitude":-59.441009999999999,"longitude":-41.060665,"arrival":"04/12/2019 09:10","water_dept":3220.0599999999999,"core_penet":226.09999999999999,"core_recov":230.71000000000001}},{"type":"Feature","id":376,"geometry":{"type":"Point","coordinates":[-41.060318330000001,-59.441009999999999]},"properties":{"FID":376,"F1":"IODP","leg":382,"site":"U1536C","latitude":-59.441009999999999,"longitude":-41.060318000000002,"arrival":"04/13/2019 21:00","water_dept":3222.0500000000002,"core_penet":352,"core_recov":187.41999999999999}},{"type":"Feature","id":377,"geometry":{"type":"Point","coordinates":[-41.06033,-59.440840000000001]},"properties":{"FID":377,"F1":"IODP","leg":382,"site":"U1536D","latitude":-59.440840000000001,"longitude":-41.06033,"arrival":"04/16/2019 20:30","water_dept":3221.7199999999998,"core_penet":6.9000000000000004,"core_recov":6.8600000000000003}},{"type":"Feature","id":378,"geometry":{"type":"Point","coordinates":[-41.060653330000001,-59.440829999999998]},"properties":{"FID":378,"F1":"IODP","leg":382,"site":"U1536E","latitude":-59.440829999999998,"longitude":-41.060653000000002,"arrival":"04/17/2019 09:30","water_dept":3219.0799999999999,"core_penet":645.39999999999998,"core_recov":110.55}},{"type":"Feature","id":379,"geometry":{"type":"Point","coordinates":[-40.906208329999998,-59.110759999999999]},"properties":{"FID":379,"F1":"IODP","leg":382,"site":"U1537A","latitude":-59.110759999999999,"longitude":-40.906207999999999,"arrival":"04/26/2019 08:15","water_dept":3712.9099999999999,"core_penet":264,"core_recov":268.86000000000001}},{"type":"Feature","id":380,"geometry":{"type":"Point","coordinates":[-40.905859999999997,-59.110970000000002]},"properties":{"FID":380,"F1":"IODP","leg":382,"site":"U1537B","latitude":-59.110970000000002,"longitude":-40.905859999999997,"arrival":"04/29/2019 00:15","water_dept":3712.0100000000002,"core_penet":7.4000000000000004,"core_recov":7.4000000000000004}},{"type":"Feature","id":381,"geometry":{"type":"Point","coordinates":[-40.901449999999997,-59.10866]},"properties":{"FID":381,"F1":"IODP","leg":382,"site":"U1537C","latitude":-59.10866,"longitude":-40.901449999999997,"arrival":"04/29/2019 03:30","water_dept":3713.6100000000001,"core_penet":15.300000000000001,"core_recov":11.92}},{"type":"Feature","id":382,"geometry":{"type":"Point","coordinates":[-40.906128330000001,-59.112000000000002]},"properties":{"FID":382,"F1":"IODP","leg":382,"site":"U1537D","latitude":-59.112000000000002,"longitude":-40.906128000000002,"arrival":"04/29/2019 07:00","water_dept":3713.0900000000001,"core_penet":354.30000000000001,"core_recov":348.94}},{"type":"Feature","id":383,"geometry":{"type":"Point","coordinates":[-43.357818330000001,-57.442079999999997]},"properties":{"FID":383,"F1":"IODP","leg":382,"site":"U1538A","latitude":-57.442079999999997,"longitude":-43.357818000000002,"arrival":"05/04/2019 05:45","water_dept":3130.5799999999999,"core_penet":676,"core_recov":476.43000000000001}},{"type":"Feature","id":384,"geometry":{"type":"Point","coordinates":[-43.357423330000003,-57.442279999999997]},"properties":{"FID":384,"F1":"IODP","leg":382,"site":"U1538B","latitude":-57.442279999999997,"longitude":-43.357422999999997,"arrival":"05/10/2019 19:30","water_dept":3129.8099999999999,"core_penet":8.5,"core_recov":8.4900000000000002}},{"type":"Feature","id":385,"geometry":{"type":"Point","coordinates":[-43.357534999999999,-57.442309999999999]},"properties":{"FID":385,"F1":"IODP","leg":382,"site":"U1538C","latitude":-57.442309999999999,"longitude":-43.357534999999999,"arrival":"05/10/2019 22:45","water_dept":3130.21,"core_penet":105.90000000000001,"core_recov":98.920000000000002}},{"type":"Feature","id":386,"geometry":{"type":"Point","coordinates":[-43.357871670000002,-57.442230000000002]},"properties":{"FID":386,"F1":"IODP","leg":382,"site":"U1538D","latitude":-57.442230000000002,"longitude":-43.357872,"arrival":"05/12/2019 22:30","water_dept":3130.4000000000001,"core_penet":126.40000000000001,"core_recov":114.59999999999999}},{"type":"Feature","id":387,"geometry":{"type":"Point","coordinates":[-115.1341017,-56.151000000000003]},"properties":{"FID":387,"F1":"IODP","leg":383,"site":"U1539A","latitude":-56.151000000000003,"longitude":-115.134102,"arrival":"05/31/2019 15:15","water_dept":4071.0799999999999,"core_penet":107.59999999999999,"core_recov":104.75}},{"type":"Feature","id":388,"geometry":{"type":"Point","coordinates":[-115.13379329999999,-56.150979999999997]},"properties":{"FID":388,"F1":"IODP","leg":383,"site":"U1539B","latitude":-56.150979999999997,"longitude":-115.133793,"arrival":"06/02/2019 05:30","water_dept":4070.4499999999998,"core_penet":28.199999999999999,"core_recov":21.920000000000002}},{"type":"Feature","id":389,"geometry":{"type":"Point","coordinates":[-115.1338083,-56.15119]},"properties":{"FID":389,"F1":"IODP","leg":383,"site":"U1539C","latitude":-56.15119,"longitude":-115.133808,"arrival":"06/03/2019 13:00","water_dept":4070.1500000000001,"core_penet":268.10000000000002,"core_recov":247.5}},{"type":"Feature","id":390,"geometry":{"type":"Point","coordinates":[-115.13411670000001,-56.151200000000003]},"properties":{"FID":390,"F1":"IODP","leg":383,"site":"U1539D","latitude":-56.151200000000003,"longitude":-115.134117,"arrival":"06/05/2019 15:30","water_dept":4070.1300000000001,"core_penet":198,"core_recov":128.18000000000001}},{"type":"Feature","id":391,"geometry":{"type":"Point","coordinates":[-114.84198000000001,-55.141120000000001]},"properties":{"FID":391,"F1":"IODP","leg":383,"site":"U1540A","latitude":-55.141120000000001,"longitude":-114.84198000000001,"arrival":"06/07/2019 12:15","water_dept":3584.5999999999999,"core_penet":150,"core_recov":155.13}},{"type":"Feature","id":392,"geometry":{"type":"Point","coordinates":[-114.8416417,-55.141089999999998]},"properties":{"FID":392,"F1":"IODP","leg":383,"site":"U1540B","latitude":-55.141089999999998,"longitude":-114.84164199999999,"arrival":"06/09/2019 12:00","water_dept":3579.98,"core_penet":150,"core_recov":140.78}},{"type":"Feature","id":393,"geometry":{"type":"Point","coordinates":[-114.8416567,-55.140790000000003]},"properties":{"FID":393,"F1":"IODP","leg":383,"site":"U1540C","latitude":-55.140790000000003,"longitude":-114.841657,"arrival":"06/10/2019 13:00","water_dept":3579.2600000000002,"core_penet":6.7999999999999998,"core_recov":6.7699999999999996}},{"type":"Feature","id":394,"geometry":{"type":"Point","coordinates":[-114.8419933,-55.141280000000002]},"properties":{"FID":394,"F1":"IODP","leg":383,"site":"U1540D","latitude":-55.141280000000002,"longitude":-114.841993,"arrival":"06/10/2019 14:30","water_dept":3577.1599999999999,"core_penet":211,"core_recov":151.02000000000001}},{"type":"Feature","id":395,"geometry":{"type":"Point","coordinates":[-114.8422917,-55.141289999999998]},"properties":{"FID":395,"F1":"IODP","leg":383,"site":"U1540E","latitude":-55.141289999999998,"longitude":-114.842292,"arrival":"06/11/2019 20:15","water_dept":3577.1599999999999,"core_penet":213,"core_recov":78.870000000000005}},{"type":"Feature","id":396,"geometry":{"type":"Point","coordinates":[-125.4258,-54.212600000000002]},"properties":{"FID":396,"F1":"IODP","leg":383,"site":"U1541A","latitude":-54.212600000000002,"longitude":-125.4258,"arrival":"06/17/2019 11:15","water_dept":3606.3200000000002,"core_penet":9.5,"core_recov":9.6699999999999999}},{"type":"Feature","id":397,"geometry":{"type":"Point","coordinates":[-125.4257183,-54.212589999999999]},"properties":{"FID":397,"F1":"IODP","leg":383,"site":"U1541B","latitude":-54.212589999999999,"longitude":-125.425718,"arrival":"06/18/2019 03:00","water_dept":3603.7199999999998,"core_penet":138.5,"core_recov":129.27000000000001}},{"type":"Feature","id":398,"geometry":{"type":"Point","coordinates":[-125.42547999999999,-54.212609999999998]},"properties":{"FID":398,"F1":"IODP","leg":383,"site":"U1541C","latitude":-54.212609999999998,"longitude":-125.42547999999999,"arrival":"06/19/2019 04:00","water_dept":3602.6199999999999,"core_penet":118.09999999999999,"core_recov":100.37}},{"type":"Feature","id":399,"geometry":{"type":"Point","coordinates":[-75.596536670000006,-52.704799999999999]},"properties":{"FID":399,"F1":"IODP","leg":383,"site":"U1542A","latitude":-52.704799999999999,"longitude":-75.596536999999998,"arrival":"07/03/2019 23:30","water_dept":1099.8099999999999,"core_penet":169.5,"core_recov":181.74000000000001}},{"type":"Feature","id":400,"geometry":{"type":"Point","coordinates":[-75.595918330000003,-52.704819999999998]},"properties":{"FID":400,"F1":"IODP","leg":383,"site":"U1542B","latitude":-52.704819999999998,"longitude":-75.595917999999998,"arrival":"07/05/2019 18:45","water_dept":1101.1099999999999,"core_penet":1.3999999999999999,"core_recov":1.46}},{"type":"Feature","id":401,"geometry":{"type":"Point","coordinates":[-75.595918330000003,-52.704819999999998]},"properties":{"FID":401,"F1":"IODP","leg":383,"site":"U1542C","latitude":-52.704819999999998,"longitude":-75.595917999999998,"arrival":"07/05/2019 21:00","water_dept":1100.21,"core_penet":234,"core_recov":236.86000000000001}},{"type":"Feature","id":402,"geometry":{"type":"Point","coordinates":[-75.596236669999996,-52.704999999999998]},"properties":{"FID":402,"F1":"IODP","leg":383,"site":"U1542D","latitude":-52.704999999999998,"longitude":-75.596237000000002,"arrival":"07/07/2019 07:15","water_dept":1100.71,"core_penet":213.69999999999999,"core_recov":205.03999999999999}},{"type":"Feature","id":403,"geometry":{"type":"Point","coordinates":[-76.676500000000004,-54.584389999999999]},"properties":{"FID":403,"F1":"IODP","leg":383,"site":"U1543A","latitude":-54.584389999999999,"longitude":-76.676500000000004,"arrival":"07/08/2019 20:15","water_dept":3863.3600000000001,"core_penet":339.60000000000002,"core_recov":350.62}},{"type":"Feature","id":404,"geometry":{"type":"Point","coordinates":[-76.676161669999999,-54.584409999999998]},"properties":{"FID":404,"F1":"IODP","leg":383,"site":"U1543B","latitude":-54.584409999999998,"longitude":-76.676162000000005,"arrival":"07/11/2019 21:30","water_dept":3865.29,"core_penet":286.5,"core_recov":294.97000000000003}},{"type":"Feature","id":405,"geometry":{"type":"Point","coordinates":[-71.593656670000001,-55.536990000000003]},"properties":{"FID":405,"F1":"IODP","leg":383,"site":"U1544A","latitude":-55.536990000000003,"longitude":-71.593656999999993,"arrival":"07/14/2019 20:45","water_dept":2089.8600000000001,"core_penet":106,"core_recov":91.340000000000003}},{"type":"Feature","id":406,"geometry":{"type":"Point","coordinates":[-26.701591669999999,60.125059999999998]},"properties":{"FID":406,"F1":"IODP","leg":384,"site":"U1554A","latitude":60.125059999999998,"longitude":-26.701592000000002,"arrival":"07/27/2020 05:30","water_dept":1869.76,"core_penet":72.200000000000003,"core_recov":74.709999999999994}},{"type":"Feature","id":407,"geometry":{"type":"Point","coordinates":[-26.70124667,60.125100000000003]},"properties":{"FID":407,"F1":"IODP","leg":384,"site":"U1554B","latitude":60.125100000000003,"longitude":-26.701246999999999,"arrival":"07/28/2020 05:30","water_dept":1870.96,"core_penet":76,"core_recov":76.75}},{"type":"Feature","id":408,"geometry":{"type":"Point","coordinates":[-26.701245,60.124920000000003]},"properties":{"FID":408,"F1":"IODP","leg":384,"site":"U1554C","latitude":60.124920000000003,"longitude":-26.701245,"arrival":"07/28/2020 14:00","water_dept":1869.01,"core_penet":75,"core_recov":77.030000000000001}},{"type":"Feature","id":409,"geometry":{"type":"Point","coordinates":[-26.701613330000001,60.124901999999999]},"properties":{"FID":409,"F1":"IODP","leg":384,"site":"U1554D","latitude":60.124901999999999,"longitude":-26.701612999999998,"arrival":"07/28/2020 22:45","water_dept":1868.98,"core_penet":23.5,"core_recov":9.7200000000000006}},{"type":"Feature","id":410,"geometry":{"type":"Point","coordinates":[-28.499488329999998,60.22804]},"properties":{"FID":410,"F1":"IODP","leg":384,"site":"U1555A","latitude":60.22804,"longitude":-28.499487999999999,"arrival":"07/29/2020 14:45","water_dept":1516.6099999999999,"core_penet":282,"core_recov":0}},{"type":"Feature","id":411,"geometry":{"type":"Point","coordinates":[-28.499071669999999,60.228050000000003]},"properties":{"FID":411,"F1":"IODP","leg":384,"site":"U1555B","latitude":60.228050000000003,"longitude":-28.499072000000002,"arrival":"08/02/2020 13:00","water_dept":1516.3599999999999,"core_penet":210.80000000000001,"core_recov":0}},{"type":"Feature","id":412,"geometry":{"type":"Point","coordinates":[-28.498863329999999,60.228029999999997]},"properties":{"FID":412,"F1":"IODP","leg":384,"site":"U1555C","latitude":60.228029999999997,"longitude":-28.498863,"arrival":"08/03/2020 21:30","water_dept":1516.3499999999999,"core_penet":225.80000000000001,"core_recov":0}},{"type":"Feature","id":413,"geometry":{"type":"Point","coordinates":[-28.49836333,60.227989999999998]},"properties":{"FID":413,"F1":"IODP","leg":384,"site":"U1555D","latitude":60.227989999999998,"longitude":-28.498363000000001,"arrival":"08/05/2020 16:45","water_dept":1516.3499999999999,"core_penet":222.90000000000001,"core_recov":0}},{"type":"Feature","id":414,"geometry":{"type":"Point","coordinates":[-28.498053330000001,60.227980000000002]},"properties":{"FID":414,"F1":"IODP","leg":384,"site":"U1555E","latitude":60.227980000000002,"longitude":-28.498052999999999,"arrival":"08/07/2020 09:45","water_dept":1516.3599999999999,"core_penet":290.60000000000002,"core_recov":0}},{"type":"Feature","id":415,"geometry":{"type":"Point","coordinates":[-28.500344999999999,60.228099999999998]},"properties":{"FID":415,"F1":"IODP","leg":384,"site":"U1555F","latitude":60.228099999999998,"longitude":-28.500344999999999,"arrival":"08/09/2020 09:15","water_dept":1523.47,"core_penet":184.30000000000001,"core_recov":8.3399999999999999}},{"type":"Feature","id":416,"geometry":{"type":"Point","coordinates":[-28.499994999999998,60.228079999999999]},"properties":{"FID":416,"F1":"IODP","leg":384,"site":"U1555G","latitude":60.228079999999999,"longitude":-28.499994999999998,"arrival":"08/11/2020 08:30","water_dept":1523.47,"core_penet":309.5,"core_recov":60.299999999999997}},{"type":"Feature","id":417,"geometry":{"type":"Point","coordinates":[-111.88901,27.63721]},"properties":{"FID":417,"F1":"IODP","leg":385,"site":"U1545A","latitude":27.63721,"longitude":-111.88901,"arrival":"09/26/2019 20:45","water_dept":1593.52,"core_penet":503.30000000000001,"core_recov":389}},{"type":"Feature","id":418,"geometry":{"type":"Point","coordinates":[-111.888825,27.637170000000001]},"properties":{"FID":418,"F1":"IODP","leg":385,"site":"U1545B","latitude":27.637170000000001,"longitude":-111.888825,"arrival":"10/01/2019 09:25","water_dept":1594.24,"core_penet":387.30000000000001,"core_recov":340.07999999999998}},{"type":"Feature","id":419,"geometry":{"type":"Point","coordinates":[-111.88881670000001,27.637370000000001]},"properties":{"FID":419,"F1":"IODP","leg":385,"site":"U1545C","latitude":27.637370000000001,"longitude":-111.888817,"arrival":"10/30/2019 07:30","water_dept":1594.96,"core_penet":329,"core_recov":324.56999999999999}},{"type":"Feature","id":420,"geometry":{"type":"Point","coordinates":[-111.87989829999999,27.631419999999999]},"properties":{"FID":420,"F1":"IODP","leg":385,"site":"U1546A","latitude":27.631419999999999,"longitude":-111.879898,"arrival":"10/04/2019 17:45","water_dept":1586.0999999999999,"core_penet":361.19999999999999,"core_recov":365.73000000000002}},{"type":"Feature","id":421,"geometry":{"type":"Point","coordinates":[-111.87968170000001,27.631399999999999]},"properties":{"FID":421,"F1":"IODP","leg":385,"site":"U1546B","latitude":27.631399999999999,"longitude":-111.879682,"arrival":"10/07/2019 06:20","water_dept":1585.5799999999999,"core_penet":333.80000000000001,"core_recov":351.19}},{"type":"Feature","id":422,"geometry":{"type":"Point","coordinates":[-111.87927999999999,27.631209999999999]},"properties":{"FID":422,"F1":"IODP","leg":385,"site":"U1546C","latitude":27.631209999999999,"longitude":-111.87927999999999,"arrival":"10/10/2019 01:15","water_dept":1585.5599999999999,"core_penet":540.20000000000005,"core_recov":139.71000000000001}},{"type":"Feature","id":423,"geometry":{"type":"Point","coordinates":[-111.87968669999999,27.63157]},"properties":{"FID":423,"F1":"IODP","leg":385,"site":"U1546D","latitude":27.63157,"longitude":-111.879687,"arrival":"11/01/2019 03:25","water_dept":1585.9200000000001,"core_penet":300.10000000000002,"core_recov":314.70999999999998}},{"type":"Feature","id":424,"geometry":{"type":"Point","coordinates":[-111.67829999999999,27.5076]},"properties":{"FID":424,"F1":"IODP","leg":385,"site":"U1547A","latitude":27.5076,"longitude":-111.67829999999999,"arrival":"10/15/2019 03:45","water_dept":1733.72,"core_penet":141.30000000000001,"core_recov":145.33000000000001}},{"type":"Feature","id":425,"geometry":{"type":"Point","coordinates":[-111.6789017,27.506879999999999]},"properties":{"FID":425,"F1":"IODP","leg":385,"site":"U1547B","latitude":27.506879999999999,"longitude":-111.67890199999999,"arrival":"10/16/2019 21:25","water_dept":1732.22,"core_penet":209.80000000000001,"core_recov":161.33000000000001}},{"type":"Feature","id":426,"geometry":{"type":"Point","coordinates":[-111.67843999999999,27.507429999999999]},"properties":{"FID":426,"F1":"IODP","leg":385,"site":"U1547C","latitude":27.507429999999999,"longitude":-111.67843999999999,"arrival":"10/22/2019 03:00","water_dept":1732.22,"core_penet":159.19999999999999,"core_recov":8.9600000000000009}},{"type":"Feature","id":427,"geometry":{"type":"Point","coordinates":[-111.67913830000001,27.50658]},"properties":{"FID":427,"F1":"IODP","leg":385,"site":"U1547D","latitude":27.50658,"longitude":-111.67913799999999,"arrival":"10/23/2019 02:30","water_dept":1732.22,"core_penet":193,"core_recov":34.924999999999997}},{"type":"Feature","id":428,"geometry":{"type":"Point","coordinates":[-111.67959329999999,27.506]},"properties":{"FID":428,"F1":"IODP","leg":385,"site":"U1547E","latitude":27.506,"longitude":-111.679593,"arrival":"11/04/2019 08:30","water_dept":1732.0899999999999,"core_penet":191.19999999999999,"core_recov":44.859999999999999}},{"type":"Feature","id":429,"geometry":{"type":"Point","coordinates":[-111.68110830000001,27.504110000000001]},"properties":{"FID":429,"F1":"IODP","leg":385,"site":"U1548A","latitude":27.504110000000001,"longitude":-111.68110799999999,"arrival":"10/20/2019 07:00","water_dept":1739.9400000000001,"core_penet":103.40000000000001,"core_recov":113.97}},{"type":"Feature","id":430,"geometry":{"type":"Point","coordinates":[-111.6810017,27.50423]},"properties":{"FID":430,"F1":"IODP","leg":385,"site":"U1548B","latitude":27.50423,"longitude":-111.68100200000001,"arrival":"10/21/2019 04:40","water_dept":1738.9400000000001,"core_penet":95.099999999999994,"core_recov":87.650000000000006}},{"type":"Feature","id":431,"geometry":{"type":"Point","coordinates":[-111.6807933,27.5045]},"properties":{"FID":431,"F1":"IODP","leg":385,"site":"U1548C","latitude":27.5045,"longitude":-111.68079299999999,"arrival":"11/06/2019 22:45","water_dept":1737.03,"core_penet":69.799999999999997,"core_recov":71}},{"type":"Feature","id":432,"geometry":{"type":"Point","coordinates":[-111.68975829999999,27.508859999999999]},"properties":{"FID":432,"F1":"IODP","leg":385,"site":"U1548D","latitude":27.508859999999999,"longitude":-111.689758,"arrival":"11/08/2019 00:10","water_dept":1729.3299999999999,"core_penet":110,"core_recov":120.52}},{"type":"Feature","id":433,"geometry":{"type":"Point","coordinates":[-111.6882033,27.508050000000001]},"properties":{"FID":433,"F1":"IODP","leg":385,"site":"U1548E","latitude":27.508050000000001,"longitude":-111.688203,"arrival":"11/08/2019 12:50","water_dept":1729.9300000000001,"core_penet":110,"core_recov":115.22}},{"type":"Feature","id":434,"geometry":{"type":"Point","coordinates":[-111.47974000000001,27.472190000000001]},"properties":{"FID":434,"F1":"IODP","leg":385,"site":"U1549A","latitude":27.472190000000001,"longitude":-111.47974000000001,"arrival":"10/25/2019 00:30","water_dept":1840.0699999999999,"core_penet":168,"core_recov":166.88999999999999}},{"type":"Feature","id":435,"geometry":{"type":"Point","coordinates":[-111.4798783,27.47231]},"properties":{"FID":435,"F1":"IODP","leg":385,"site":"U1549B","latitude":27.47231,"longitude":-111.479878,"arrival":"10/25/2019 22:15","water_dept":1841.1700000000001,"core_penet":166.90000000000001,"core_recov":164.43000000000001}},{"type":"Feature","id":436,"geometry":{"type":"Point","coordinates":[-111.5069383,27.252669999999998]},"properties":{"FID":436,"F1":"IODP","leg":385,"site":"U1550A","latitude":27.252669999999998,"longitude":-111.50693800000001,"arrival":"10/27/2019 05:30","water_dept":2000.8099999999999,"core_penet":207,"core_recov":190.94}},{"type":"Feature","id":437,"geometry":{"type":"Point","coordinates":[-111.5074183,27.252839999999999]},"properties":{"FID":437,"F1":"IODP","leg":385,"site":"U1550B","latitude":27.252839999999999,"longitude":-111.507418,"arrival":"10/28/2019 20:20","water_dept":2001.21,"core_penet":174.19999999999999,"core_recov":160.80000000000001}},{"type":"Feature","id":438,"geometry":{"type":"Point","coordinates":[-111.219905,27.206479999999999]},"properties":{"FID":438,"F1":"IODP","leg":385,"site":"U1551A","latitude":27.206479999999999,"longitude":-111.219905,"arrival":"11/02/2019 19:15","water_dept":1844.1099999999999,"core_penet":120.3,"core_recov":122.13}},{"type":"Feature","id":439,"geometry":{"type":"Point","coordinates":[-111.219735,27.206389999999999]},"properties":{"FID":439,"F1":"IODP","leg":385,"site":"U1551B","latitude":27.206389999999999,"longitude":-111.219735,"arrival":"11/03/2019 18:30","water_dept":1843.9000000000001,"core_penet":48.5,"core_recov":49.979999999999997}},{"type":"Feature","id":440,"geometry":{"type":"Point","coordinates":[-111.5494417,27.554839999999999]},"properties":{"FID":440,"F1":"IODP","leg":385,"site":"U1552A","latitude":27.554839999999999,"longitude":-111.549442,"arrival":"11/09/2019 10:00","water_dept":1841.5899999999999,"core_penet":107.5,"core_recov":73.890000000000001}},{"type":"Feature","id":441,"geometry":{"type":"Point","coordinates":[-111.54940000000001,27.55481]},"properties":{"FID":441,"F1":"IODP","leg":385,"site":"U1552B","latitude":27.55481,"longitude":-111.54940000000001,"arrival":"11/09/2019 23:45","water_dept":1841.0899999999999,"core_penet":55,"core_recov":39.950000000000003}},{"type":"Feature","id":442,"geometry":{"type":"Point","coordinates":[-111.547595,27.553640000000001]},"properties":{"FID":442,"F1":"IODP","leg":385,"site":"U1552C","latitude":27.553640000000001,"longitude":-111.547595,"arrival":"11/10/2019 04:00","water_dept":1844.29,"core_penet":99.299999999999997,"core_recov":78.260000000000005}},{"type":"Feature","id":443,"geometry":{"type":"Point","coordinates":[142.73567,36.072270000000003]},"properties":{"FID":443,"F1":"IODP","leg":386,"site":"M0081A","latitude":36.072270000000003,"longitude":142.73567,"arrival":"4/20/21","water_dept":8020,"core_penet":0,"core_recov":1.21}},{"type":"Feature","id":444,"geometry":{"type":"Point","coordinates":[142.73567,36.072270000000003]},"properties":{"FID":444,"F1":"IODP","leg":386,"site":"M0081B","latitude":36.072270000000003,"longitude":142.73567,"arrival":"4/20/21","water_dept":8020,"core_penet":0,"core_recov":19.890000000000001}},{"type":"Feature","id":445,"geometry":{"type":"Point","coordinates":[142.73543000000001,36.071449999999999]},"properties":{"FID":445,"F1":"IODP","leg":386,"site":"M0081C","latitude":36.071449999999999,"longitude":142.73543000000001,"arrival":"4/22/21","water_dept":8020,"core_penet":0,"core_recov":10.07}},{"type":"Feature","id":446,"geometry":{"type":"Point","coordinates":[142.73543000000001,36.071449999999999]},"properties":{"FID":446,"F1":"IODP","leg":386,"site":"M0081D","latitude":36.071449999999999,"longitude":142.73543000000001,"arrival":"4/22/21","water_dept":8020,"core_penet":0,"core_recov":35.57}},{"type":"Feature","id":447,"geometry":{"type":"Point","coordinates":[142.73333,36.07105]},"properties":{"FID":447,"F1":"IODP","leg":386,"site":"M0081E","latitude":36.07105,"longitude":142.73333,"arrival":"5/14/21","water_dept":8020,"core_penet":0,"core_recov":1.0700000000000001}},{"type":"Feature","id":448,"geometry":{"type":"Point","coordinates":[142.73333,36.07105]},"properties":{"FID":448,"F1":"IODP","leg":386,"site":"M0081F","latitude":36.07105,"longitude":142.73333,"arrival":"5/14/21","water_dept":8020,"core_penet":0,"core_recov":37.740000000000002}},{"type":"Feature","id":449,"geometry":{"type":"Point","coordinates":[142.75846999999999,36.100830000000002]},"properties":{"FID":449,"F1":"IODP","leg":386,"site":"M0082A","latitude":36.100830000000002,"longitude":142.75846999999999,"arrival":"4/21/21","water_dept":7993,"core_penet":0,"core_recov":1.4550000000000001}},{"type":"Feature","id":450,"geometry":{"type":"Point","coordinates":[142.75846999999999,36.100830000000002]},"properties":{"FID":450,"F1":"IODP","leg":386,"site":"M0082B","latitude":36.100830000000002,"longitude":142.75846999999999,"arrival":"4/21/21","water_dept":7993,"core_penet":0,"core_recov":18.710000000000001}},{"type":"Feature","id":451,"geometry":{"type":"Point","coordinates":[142.75622999999999,36.100119999999997]},"properties":{"FID":451,"F1":"IODP","leg":386,"site":"M0082C","latitude":36.100119999999997,"longitude":142.75622999999999,"arrival":"5/15/21","water_dept":7993,"core_penet":0,"core_recov":0.96999999999999997}},{"type":"Feature","id":452,"geometry":{"type":"Point","coordinates":[142.75622999999999,36.100119999999997]},"properties":{"FID":452,"F1":"IODP","leg":386,"site":"M0082D","latitude":36.100119999999997,"longitude":142.75622999999999,"arrival":"5/15/21","water_dept":7993,"core_penet":0,"core_recov":36.670000000000002}},{"type":"Feature","id":453,"geometry":{"type":"Point","coordinates":[144.12925000000001,38.756880000000002]},"properties":{"FID":453,"F1":"IODP","leg":386,"site":"M0083A","latitude":38.756880000000002,"longitude":144.12925000000001,"arrival":"4/24/21","water_dept":7620,"core_penet":0,"core_recov":1.615}},{"type":"Feature","id":454,"geometry":{"type":"Point","coordinates":[144.12925000000001,38.756880000000002]},"properties":{"FID":454,"F1":"IODP","leg":386,"site":"M0083B","latitude":38.756880000000002,"longitude":144.12925000000001,"arrival":"4/24/21","water_dept":7620,"core_penet":0,"core_recov":19.52}},{"type":"Feature","id":455,"geometry":{"type":"Point","coordinates":[144.12864999999999,38.758499999999998]},"properties":{"FID":455,"F1":"IODP","leg":386,"site":"M0083C","latitude":38.758499999999998,"longitude":144.12864999999999,"arrival":"2005/1/21","water_dept":7620,"core_penet":0,"core_recov":1.3999999999999999}},{"type":"Feature","id":456,"geometry":{"type":"Point","coordinates":[144.12864999999999,38.758499999999998]},"properties":{"FID":456,"F1":"IODP","leg":386,"site":"M0083D","latitude":38.758499999999998,"longitude":144.12864999999999,"arrival":"2005/1/21","water_dept":7620,"core_penet":0,"core_recov":36.890000000000001}},{"type":"Feature","id":457,"geometry":{"type":"Point","coordinates":[144.12948,38.758969999999998]},"properties":{"FID":457,"F1":"IODP","leg":386,"site":"M0083E","latitude":38.758969999999998,"longitude":144.12948,"arrival":"2005/11/21","water_dept":7620,"core_penet":0,"core_recov":0.92000000000000004}},{"type":"Feature","id":458,"geometry":{"type":"Point","coordinates":[144.12948,38.758969999999998]},"properties":{"FID":458,"F1":"IODP","leg":386,"site":"M0083F","latitude":38.758969999999998,"longitude":144.12948,"arrival":"2005/11/21","water_dept":7620,"core_penet":0,"core_recov":36.604999999999997}},{"type":"Feature","id":459,"geometry":{"type":"Point","coordinates":[144.42213000000001,40.395679999999999]},"properties":{"FID":459,"F1":"IODP","leg":386,"site":"M0084A","latitude":40.395679999999999,"longitude":144.42213000000001,"arrival":"4/26/21","water_dept":7590,"core_penet":0,"core_recov":0.94999999999999996}},{"type":"Feature","id":460,"geometry":{"type":"Point","coordinates":[144.42213000000001,40.395429999999998]},"properties":{"FID":460,"F1":"IODP","leg":386,"site":"M0084B","latitude":40.395429999999998,"longitude":144.42213000000001,"arrival":"4/26/21","water_dept":7590,"core_penet":0,"core_recov":19.940000000000001}},{"type":"Feature","id":461,"geometry":{"type":"Point","coordinates":[144.42112,40.395429999999998]},"properties":{"FID":461,"F1":"IODP","leg":386,"site":"M0084C","latitude":40.395429999999998,"longitude":144.42112,"arrival":"4/28/21","water_dept":7590,"core_penet":0,"core_recov":0.46000000000000002}},{"type":"Feature","id":462,"geometry":{"type":"Point","coordinates":[144.42112,40.395429999999998]},"properties":{"FID":462,"F1":"IODP","leg":386,"site":"M0084D","latitude":40.395429999999998,"longitude":144.42112,"arrival":"4/28/21","water_dept":7590,"core_penet":0,"core_recov":35.439999999999998}},{"type":"Feature","id":463,"geometry":{"type":"Point","coordinates":[144.42097000000001,40.396079999999998]},"properties":{"FID":463,"F1":"IODP","leg":386,"site":"M0084E","latitude":40.396079999999998,"longitude":144.42097000000001,"arrival":"2005/12/21","water_dept":7590,"core_penet":0,"core_recov":0.5}},{"type":"Feature","id":464,"geometry":{"type":"Point","coordinates":[144.42097000000001,40.396079999999998]},"properties":{"FID":464,"F1":"IODP","leg":386,"site":"M0084F","latitude":40.396079999999998,"longitude":144.42097000000001,"arrival":"2005/12/21","water_dept":7590,"core_penet":0,"core_recov":37.820999999999998}},{"type":"Feature","id":465,"geometry":{"type":"Point","coordinates":[144.43718000000001,40.437399999999997]},"properties":{"FID":465,"F1":"IODP","leg":386,"site":"M0085A","latitude":40.437399999999997,"longitude":144.43718000000001,"arrival":"4/27/21","water_dept":7600,"core_penet":0,"core_recov":0.71999999999999997}},{"type":"Feature","id":466,"geometry":{"type":"Point","coordinates":[144.43718000000001,40.437399999999997]},"properties":{"FID":466,"F1":"IODP","leg":386,"site":"M0085B","latitude":40.437399999999997,"longitude":144.43718000000001,"arrival":"4/27/21","water_dept":7600,"core_penet":0,"core_recov":18.309999999999999}},{"type":"Feature","id":467,"geometry":{"type":"Point","coordinates":[144.4366,40.436329999999998]},"properties":{"FID":467,"F1":"IODP","leg":386,"site":"M0085C","latitude":40.436329999999998,"longitude":144.4366,"arrival":"4/29/21","water_dept":7600,"core_penet":0,"core_recov":0.33000000000000002}},{"type":"Feature","id":468,"geometry":{"type":"Point","coordinates":[144.4366,40.436329999999998]},"properties":{"FID":468,"F1":"IODP","leg":386,"site":"M0085D","latitude":40.436329999999998,"longitude":144.4366,"arrival":"4/29/21","water_dept":7600,"core_penet":0,"core_recov":33.689999999999998}},{"type":"Feature","id":469,"geometry":{"type":"Point","coordinates":[144.27539999999999,39.779269999999997]},"properties":{"FID":469,"F1":"IODP","leg":386,"site":"M0086A","latitude":39.779269999999997,"longitude":144.27539999999999,"arrival":"2005/2/21","water_dept":7502,"core_penet":0,"core_recov":1.3999999999999999}},{"type":"Feature","id":470,"geometry":{"type":"Point","coordinates":[144.27539999999999,39.779269999999997]},"properties":{"FID":470,"F1":"IODP","leg":386,"site":"M0086B","latitude":39.779269999999997,"longitude":144.27539999999999,"arrival":"2005/2/21","water_dept":7502,"core_penet":0,"core_recov":18.239999999999998}},{"type":"Feature","id":471,"geometry":{"type":"Point","coordinates":[144.21618000000001,39.440649999999998]},"properties":{"FID":471,"F1":"IODP","leg":386,"site":"M0087A","latitude":39.440649999999998,"longitude":144.21618000000001,"arrival":"2005/3/21","water_dept":7520,"core_penet":0,"core_recov":1.4750000000000001}},{"type":"Feature","id":472,"geometry":{"type":"Point","coordinates":[144.21618000000001,39.440649999999998]},"properties":{"FID":472,"F1":"IODP","leg":386,"site":"M0087B","latitude":39.440649999999998,"longitude":144.21618000000001,"arrival":"2005/3/21","water_dept":7520,"core_penet":0,"core_recov":18.975000000000001}},{"type":"Feature","id":473,"geometry":{"type":"Point","coordinates":[144.21611999999999,39.443249999999999]},"properties":{"FID":473,"F1":"IODP","leg":386,"site":"M0087C","latitude":39.443249999999999,"longitude":144.21611999999999,"arrival":"5/22/21","water_dept":7520,"core_penet":0,"core_recov":0.83499999999999996}},{"type":"Feature","id":474,"geometry":{"type":"Point","coordinates":[144.21611999999999,39.443249999999999]},"properties":{"FID":474,"F1":"IODP","leg":386,"site":"M0087D","latitude":39.443249999999999,"longitude":144.21611999999999,"arrival":"5/22/21","water_dept":7520,"core_penet":0,"core_recov":26.344999999999999}},{"type":"Feature","id":475,"geometry":{"type":"Point","coordinates":[144.32749999999999,40.091450000000002]},"properties":{"FID":475,"F1":"IODP","leg":386,"site":"M0088A","latitude":40.091450000000002,"longitude":144.32749999999999,"arrival":"2005/5/21","water_dept":7550,"core_penet":0,"core_recov":1.0900000000000001}},{"type":"Feature","id":476,"geometry":{"type":"Point","coordinates":[144.32749999999999,40.091450000000002]},"properties":{"FID":476,"F1":"IODP","leg":386,"site":"M0088B","latitude":40.091450000000002,"longitude":144.32749999999999,"arrival":"2005/5/21","water_dept":7550,"core_penet":0,"core_recov":17.690000000000001}},{"type":"Feature","id":477,"geometry":{"type":"Point","coordinates":[144.32568000000001,40.0931]},"properties":{"FID":477,"F1":"IODP","leg":386,"site":"M0088C","latitude":40.0931,"longitude":144.32568000000001,"arrival":"2005/6/21","water_dept":7550,"core_penet":0,"core_recov":0.95999999999999996}},{"type":"Feature","id":478,"geometry":{"type":"Point","coordinates":[144.32568000000001,40.0931]},"properties":{"FID":478,"F1":"IODP","leg":386,"site":"M0088D","latitude":40.0931,"longitude":144.32568000000001,"arrival":"2005/6/21","water_dept":7550,"core_penet":0,"core_recov":36.479999999999997}},{"type":"Feature","id":479,"geometry":{"type":"Point","coordinates":[144.12563,40.720030000000001]},"properties":{"FID":479,"F1":"IODP","leg":386,"site":"M0089A","latitude":40.720030000000001,"longitude":144.12563,"arrival":"2005/9/21","water_dept":7607,"core_penet":0,"core_recov":1.4299999999999999}},{"type":"Feature","id":480,"geometry":{"type":"Point","coordinates":[144.12563,40.720030000000001]},"properties":{"FID":480,"F1":"IODP","leg":386,"site":"M0089B","latitude":40.720030000000001,"longitude":144.12563,"arrival":"2005/9/21","water_dept":7607,"core_penet":0,"core_recov":18.100000000000001}},{"type":"Feature","id":481,"geometry":{"type":"Point","coordinates":[144.12513000000001,38.720469999999999]},"properties":{"FID":481,"F1":"IODP","leg":386,"site":"M0089C","latitude":38.720469999999999,"longitude":144.12513000000001,"arrival":"2005/10/21","water_dept":7607,"core_penet":0,"core_recov":0.70499999999999996}},{"type":"Feature","id":482,"geometry":{"type":"Point","coordinates":[144.12513000000001,38.720469999999999]},"properties":{"FID":482,"F1":"IODP","leg":386,"site":"M0089D","latitude":38.720469999999999,"longitude":144.12513000000001,"arrival":"2005/10/21","water_dept":7607,"core_penet":0,"core_recov":36.899999999999999}},{"type":"Feature","id":483,"geometry":{"type":"Point","coordinates":[144.05914999999999,38.297229999999999]},"properties":{"FID":483,"F1":"IODP","leg":386,"site":"M0090A","latitude":38.297229999999999,"longitude":144.05914999999999,"arrival":"5/18/21","water_dept":7445,"core_penet":0,"core_recov":1.1539999999999999}},{"type":"Feature","id":484,"geometry":{"type":"Point","coordinates":[144.05914999999999,38.297229999999999]},"properties":{"FID":484,"F1":"IODP","leg":386,"site":"M0090B","latitude":38.297229999999999,"longitude":144.05914999999999,"arrival":"5/18/21","water_dept":7445,"core_penet":0,"core_recov":19.600000000000001}},{"type":"Feature","id":485,"geometry":{"type":"Point","coordinates":[144.05879999999999,38.295229999999997]},"properties":{"FID":485,"F1":"IODP","leg":386,"site":"M0090C","latitude":38.295229999999997,"longitude":144.05879999999999,"arrival":"5/28/21","water_dept":7445,"core_penet":0,"core_recov":1.075}},{"type":"Feature","id":486,"geometry":{"type":"Point","coordinates":[144.05879999999999,38.295229999999997]},"properties":{"FID":486,"F1":"IODP","leg":386,"site":"M0090D","latitude":38.295229999999997,"longitude":144.05879999999999,"arrival":"5/28/21","water_dept":7445,"core_penet":0,"core_recov":33.935000000000002}},{"type":"Feature","id":487,"geometry":{"type":"Point","coordinates":[143.73195999999999,37.41245]},"properties":{"FID":487,"F1":"IODP","leg":386,"site":"M0091A","latitude":37.41245,"longitude":143.73195999999999,"arrival":"5/19/21","water_dept":7802,"core_penet":0,"core_recov":0.83499999999999996}},{"type":"Feature","id":488,"geometry":{"type":"Point","coordinates":[143.72882000000001,37.41245]},"properties":{"FID":488,"F1":"IODP","leg":386,"site":"M0091B","latitude":37.41245,"longitude":143.72882000000001,"arrival":"5/19/21","water_dept":7802,"core_penet":0,"core_recov":19.219999999999999}},{"type":"Feature","id":489,"geometry":{"type":"Point","coordinates":[143.72901999999999,37.412350000000004]},"properties":{"FID":489,"F1":"IODP","leg":386,"site":"M0091C","latitude":37.412350000000004,"longitude":143.72901999999999,"arrival":"5/20/21","water_dept":7802,"core_penet":0,"core_recov":0.76500000000000001}},{"type":"Feature","id":490,"geometry":{"type":"Point","coordinates":[143.72901999999999,37.412350000000004]},"properties":{"FID":490,"F1":"IODP","leg":386,"site":"M0091D","latitude":37.412350000000004,"longitude":143.72901999999999,"arrival":"5/20/21","water_dept":7802,"core_penet":0,"core_recov":31.120000000000001}},{"type":"Feature","id":491,"geometry":{"type":"Point","coordinates":[143.42359999999999,36.911709999999999]},"properties":{"FID":491,"F1":"IODP","leg":386,"site":"M0092A","latitude":36.911709999999999,"longitude":143.42359999999999,"arrival":"5/23/21","water_dept":7702,"core_penet":0,"core_recov":1.1000000000000001}},{"type":"Feature","id":492,"geometry":{"type":"Point","coordinates":[143.42359999999999,36.911200000000001]},"properties":{"FID":492,"F1":"IODP","leg":386,"site":"M0092B","latitude":36.911200000000001,"longitude":143.42359999999999,"arrival":"5/23/21","water_dept":7702,"core_penet":0,"core_recov":30.07}},{"type":"Feature","id":493,"geometry":{"type":"Point","coordinates":[143.42384999999999,36.911050000000003]},"properties":{"FID":493,"F1":"IODP","leg":386,"site":"M0092C","latitude":36.911050000000003,"longitude":143.42384999999999,"arrival":"5/25/21","water_dept":7702,"core_penet":0,"core_recov":0.78500000000000003}},{"type":"Feature","id":494,"geometry":{"type":"Point","coordinates":[143.42384999999999,36.911050000000003]},"properties":{"FID":494,"F1":"IODP","leg":386,"site":"M0092D","latitude":36.911050000000003,"longitude":143.42384999999999,"arrival":"5/25/21","water_dept":7702,"core_penet":0,"core_recov":36.204999999999998}},{"type":"Feature","id":495,"geometry":{"type":"Point","coordinates":[144.21666999999999,39.08182]},"properties":{"FID":495,"F1":"IODP","leg":386,"site":"M0093A","latitude":39.08182,"longitude":144.21666999999999,"arrival":"5/27/21","water_dept":7454,"core_penet":0,"core_recov":0.77500000000000002}},{"type":"Feature","id":496,"geometry":{"type":"Point","coordinates":[144.21666999999999,39.08182]},"properties":{"FID":496,"F1":"IODP","leg":386,"site":"M0093B","latitude":39.08182,"longitude":144.21666999999999,"arrival":"5/27/21","water_dept":7454,"core_penet":0,"core_recov":26.135000000000002}},{"type":"Feature","id":497,"geometry":{"type":"Point","coordinates":[144.20515,39.249229999999997]},"properties":{"FID":497,"F1":"IODP","leg":386,"site":"M0094A","latitude":39.249229999999997,"longitude":144.20515,"arrival":"5/29/21","water_dept":7349,"core_penet":0,"core_recov":0.80500000000000005}},{"type":"Feature","id":498,"geometry":{"type":"Point","coordinates":[144.20515,39.249229999999997]},"properties":{"FID":498,"F1":"IODP","leg":386,"site":"M0094B","latitude":39.249229999999997,"longitude":144.20515,"arrival":"5/29/21","water_dept":7349,"core_penet":0,"core_recov":18.280000000000001}},{"type":"Feature","id":499,"geometry":{"type":"Point","coordinates":[144.20787999999999,36.891680000000001]},"properties":{"FID":499,"F1":"IODP","leg":386,"site":"M0095A","latitude":36.891680000000001,"longitude":144.20787999999999,"arrival":"5/30/21","water_dept":7697,"core_penet":0,"core_recov":0.89500000000000002}},{"type":"Feature","id":500,"geometry":{"type":"Point","coordinates":[144.20787999999999,36.891680000000001]},"properties":{"FID":500,"F1":"IODP","leg":386,"site":"M0095B","latitude":36.891680000000001,"longitude":144.20787999999999,"arrival":"5/30/21","water_dept":7697,"core_penet":0,"core_recov":28.344999999999999}},{"type":"Feature","id":501,"geometry":{"type":"Point","coordinates":[-156.06572,20.036387999999999]},"properties":{"FID":501,"F1":"IODP","leg":389,"site":"M0096A","latitude":20.036387999999999,"longitude":-156.06572,"arrival":"2009/5/24","water_dept":740.79999999999995,"core_penet":1.78,"core_recov":1.6200000000000001}},{"type":"Feature","id":502,"geometry":{"type":"Point","coordinates":[-156.065665,20.036439000000001]},"properties":{"FID":502,"F1":"IODP","leg":389,"site":"M0096B","latitude":20.036439000000001,"longitude":-156.065665,"arrival":"2009/6/24","water_dept":739.10000000000002,"core_penet":0.98999999999999999,"core_recov":0}},{"type":"Feature","id":503,"geometry":{"type":"Point","coordinates":[-156.06568799999999,20.036422999999999]},"properties":{"FID":503,"F1":"IODP","leg":389,"site":"M0096C","latitude":20.036422999999999,"longitude":-156.06568799999999,"arrival":"2009/6/24","water_dept":739.89999999999998,"core_penet":1.74,"core_recov":0.45000000000000001}},{"type":"Feature","id":504,"geometry":{"type":"Point","coordinates":[-156.06560999999999,20.036843000000001]},"properties":{"FID":504,"F1":"IODP","leg":389,"site":"M0096D","latitude":20.036843000000001,"longitude":-156.06560999999999,"arrival":"2009/7/24","water_dept":736.79999999999995,"core_penet":7.4000000000000004,"core_recov":2.2400000000000002}},{"type":"Feature","id":505,"geometry":{"type":"Point","coordinates":[-156.06560899999999,20.03698]},"properties":{"FID":505,"F1":"IODP","leg":389,"site":"M0096E","latitude":20.03698,"longitude":-156.06560899999999,"arrival":"9/19/24","water_dept":738.20000000000005,"core_penet":6.7000000000000002,"core_recov":0}},{"type":"Feature","id":506,"geometry":{"type":"Point","coordinates":[-156.065596,20.036960000000001]},"properties":{"FID":506,"F1":"IODP","leg":389,"site":"M0096F","latitude":20.036960000000001,"longitude":-156.065596,"arrival":"9/20/24","water_dept":738.20000000000005,"core_penet":12.24,"core_recov":4.7599999999999998}},{"type":"Feature","id":507,"geometry":{"type":"Point","coordinates":[-156.06285299999999,19.942136999999999]},"properties":{"FID":507,"F1":"IODP","leg":389,"site":"M0097A","latitude":19.942136999999999,"longitude":-156.06285299999999,"arrival":"2009/7/24","water_dept":414.19999999999999,"core_penet":35.049999999999997,"core_recov":26.420000000000002}},{"type":"Feature","id":508,"geometry":{"type":"Point","coordinates":[-156.06287699999999,19.942108999999999]},"properties":{"FID":508,"F1":"IODP","leg":389,"site":"M0097B","latitude":19.942108999999999,"longitude":-156.06287699999999,"arrival":"2009/10/24","water_dept":414.60000000000002,"core_penet":59.350000000000001,"core_recov":23.170000000000002}},{"type":"Feature","id":509,"geometry":{"type":"Point","coordinates":[-156.06365500000001,19.942525]},"properties":{"FID":509,"F1":"IODP","leg":389,"site":"M0097C","latitude":19.942525,"longitude":-156.06365500000001,"arrival":"9/15/24","water_dept":417.60000000000002,"core_penet":36.159999999999997,"core_recov":28.039999999999999}},{"type":"Feature","id":510,"geometry":{"type":"Point","coordinates":[-156.06347700000001,19.942699000000001]},"properties":{"FID":510,"F1":"IODP","leg":389,"site":"M0097D","latitude":19.942699000000001,"longitude":-156.06347700000001,"arrival":"10/30/24","water_dept":424,"core_penet":23.690000000000001,"core_recov":19.219999999999999}},{"type":"Feature","id":511,"geometry":{"type":"Point","coordinates":[-156.18973500000001,20.055425]},"properties":{"FID":511,"F1":"IODP","leg":389,"site":"M0098A","latitude":20.055425,"longitude":-156.18973500000001,"arrival":"9/13/24","water_dept":1100.0999999999999,"core_penet":19.100000000000001,"core_recov":8.4199999999999999}},{"type":"Feature","id":512,"geometry":{"type":"Point","coordinates":[-156.09128799999999,19.834423000000001]},"properties":{"FID":512,"F1":"IODP","leg":389,"site":"M0099A","latitude":19.834423000000001,"longitude":-156.09128799999999,"arrival":"9/21/24","water_dept":131.90000000000001,"core_penet":6.4400000000000004,"core_recov":4.29}},{"type":"Feature","id":513,"geometry":{"type":"Point","coordinates":[-156.09119899999999,19.834341999999999]},"properties":{"FID":513,"F1":"IODP","leg":389,"site":"M0099B","latitude":19.834341999999999,"longitude":-156.09119899999999,"arrival":"9/21/24","water_dept":131.90000000000001,"core_penet":6.4000000000000004,"core_recov":4.3499999999999996}},{"type":"Feature","id":514,"geometry":{"type":"Point","coordinates":[-156.091261,19.834347999999999]},"properties":{"FID":514,"F1":"IODP","leg":389,"site":"M0099C","latitude":19.834347999999999,"longitude":-156.091261,"arrival":"9/22/24","water_dept":131.90000000000001,"core_penet":38.310000000000002,"core_recov":25.5}},{"type":"Feature","id":515,"geometry":{"type":"Point","coordinates":[-156.09132399999999,19.834410999999999]},"properties":{"FID":515,"F1":"IODP","leg":389,"site":"M0099D","latitude":19.834410999999999,"longitude":-156.09132399999999,"arrival":"9/24/24","water_dept":131.69999999999999,"core_penet":27.710000000000001,"core_recov":0}},{"type":"Feature","id":516,"geometry":{"type":"Point","coordinates":[-156.09244100000001,19.835239999999999]},"properties":{"FID":516,"F1":"IODP","leg":389,"site":"M0099E","latitude":19.835239999999999,"longitude":-156.09244100000001,"arrival":"9/26/24","water_dept":144.59999999999999,"core_penet":31.620000000000001,"core_recov":18}},{"type":"Feature","id":517,"geometry":{"type":"Point","coordinates":[-156.09230400000001,19.835338]},"properties":{"FID":517,"F1":"IODP","leg":389,"site":"M0099F","latitude":19.835338,"longitude":-156.09230400000001,"arrival":"9/26/24","water_dept":145.59999999999999,"core_penet":13.449999999999999,"core_recov":6.75}},{"type":"Feature","id":518,"geometry":{"type":"Point","coordinates":[-156.092467,19.835294999999999]},"properties":{"FID":518,"F1":"IODP","leg":389,"site":"M0099G","latitude":19.835294999999999,"longitude":-156.092467,"arrival":"10/19/24","water_dept":146.30000000000001,"core_penet":68.620000000000005,"core_recov":18.93}},{"type":"Feature","id":519,"geometry":{"type":"Point","coordinates":[-156.07910699999999,20.137606000000002]},"properties":{"FID":519,"F1":"IODP","leg":389,"site":"M0100A","latitude":20.137606000000002,"longitude":-156.07910699999999,"arrival":"9/30/24","water_dept":998,"core_penet":12.43,"core_recov":9.7300000000000004}},{"type":"Feature","id":520,"geometry":{"type":"Point","coordinates":[-155.489903,20.273676999999999]},"properties":{"FID":520,"F1":"IODP","leg":389,"site":"M0101A","latitude":20.273676999999999,"longitude":-155.489903,"arrival":"2010/2/24","water_dept":931.89999999999998,"core_penet":18.09,"core_recov":12.34}},{"type":"Feature","id":521,"geometry":{"type":"Point","coordinates":[-155.489799,20.273831999999999]},"properties":{"FID":521,"F1":"IODP","leg":389,"site":"M0101B","latitude":20.273831999999999,"longitude":-155.489799,"arrival":"2010/5/24","water_dept":932,"core_penet":45.149999999999999,"core_recov":26.440000000000001}},{"type":"Feature","id":522,"geometry":{"type":"Point","coordinates":[-155.650868,20.289981999999998]},"properties":{"FID":522,"F1":"IODP","leg":389,"site":"M0102A","latitude":20.289981999999998,"longitude":-155.650868,"arrival":"2010/4/24","water_dept":412.80000000000001,"core_penet":25.140000000000001,"core_recov":11.08}},{"type":"Feature","id":523,"geometry":{"type":"Point","coordinates":[-155.650948,20.289949]},"properties":{"FID":523,"F1":"IODP","leg":389,"site":"M0102B","latitude":20.289949,"longitude":-155.650948,"arrival":"2010/8/24","water_dept":415.39999999999998,"core_penet":4.7000000000000002,"core_recov":0}},{"type":"Feature","id":524,"geometry":{"type":"Point","coordinates":[-155.65100899999999,20.289871000000002]},"properties":{"FID":524,"F1":"IODP","leg":389,"site":"M0102C","latitude":20.289871000000002,"longitude":-155.65100899999999,"arrival":"2010/8/24","water_dept":415.89999999999998,"core_penet":73.439999999999998,"core_recov":42.32}},{"type":"Feature","id":525,"geometry":{"type":"Point","coordinates":[-154.93960899999999,19.877009999999999]},"properties":{"FID":525,"F1":"IODP","leg":389,"site":"M0103A","latitude":19.877009999999999,"longitude":-154.93960899999999,"arrival":"2010/11/24","water_dept":404.5,"core_penet":45.610999999999997,"core_recov":14.31}},{"type":"Feature","id":526,"geometry":{"type":"Point","coordinates":[-154.95400000000001,19.870311000000001]},"properties":{"FID":526,"F1":"IODP","leg":389,"site":"M0104A","latitude":19.870311000000001,"longitude":-154.95400000000001,"arrival":"10/14/24","water_dept":347,"core_penet":46.390000000000001,"core_recov":42.990000000000002}},{"type":"Feature","id":527,"geometry":{"type":"Point","coordinates":[-154.97271900000001,19.867494000000001]},"properties":{"FID":527,"F1":"IODP","leg":389,"site":"M0105A","latitude":19.867494000000001,"longitude":-154.97271900000001,"arrival":"10/16/24","water_dept":339.5,"core_penet":26.079999999999998,"core_recov":7.6299999999999999}},{"type":"Feature","id":528,"geometry":{"type":"Point","coordinates":[-155.68833000000001,18.856679]},"properties":{"FID":528,"F1":"IODP","leg":389,"site":"M0106A","latitude":18.856679,"longitude":-155.68833000000001,"arrival":"10/17/24","water_dept":148.59999999999999,"core_penet":7.4299999999999997,"core_recov":1.47}},{"type":"Feature","id":529,"geometry":{"type":"Point","coordinates":[-155.688265,18.856771999999999]},"properties":{"FID":529,"F1":"IODP","leg":389,"site":"M0106B","latitude":18.856771999999999,"longitude":-155.688265,"arrival":"10/18/24","water_dept":147.90000000000001,"core_penet":16.140000000000001,"core_recov":2.98}},{"type":"Feature","id":530,"geometry":{"type":"Point","coordinates":[-156.058178,19.940185]},"properties":{"FID":530,"F1":"IODP","leg":389,"site":"M0107A","latitude":19.940185,"longitude":-156.058178,"arrival":"10/23/24","water_dept":403.80000000000001,"core_penet":13.44,"core_recov":12.720000000000001}},{"type":"Feature","id":531,"geometry":{"type":"Point","coordinates":[-156.192745,20.048363999999999]},"properties":{"FID":531,"F1":"IODP","leg":389,"site":"M0108A","latitude":20.048363999999999,"longitude":-156.192745,"arrival":"10/24/24","water_dept":1178.4000000000001,"core_penet":1.97,"core_recov":1.95}},{"type":"Feature","id":532,"geometry":{"type":"Point","coordinates":[-156.192127,20.048345999999999]},"properties":{"FID":532,"F1":"IODP","leg":389,"site":"M0108B","latitude":20.048345999999999,"longitude":-156.192127,"arrival":"10/24/24","water_dept":1177.2,"core_penet":30.699999999999999,"core_recov":16.350000000000001}},{"type":"Feature","id":533,"geometry":{"type":"Point","coordinates":[-156.26693800000001,20.065169000000001]},"properties":{"FID":533,"F1":"IODP","leg":389,"site":"M0109A","latitude":20.065169000000001,"longitude":-156.26693800000001,"arrival":"10/27/24","water_dept":1241.8,"core_penet":4.6200000000000001,"core_recov":4.21}},{"type":"Feature","id":534,"geometry":{"type":"Point","coordinates":[-156.105784,19.793230999999999]},"properties":{"FID":534,"F1":"IODP","leg":389,"site":"M0110A","latitude":19.793230999999999,"longitude":-156.105784,"arrival":"10/28/24","water_dept":156.90000000000001,"core_penet":18.699999999999999,"core_recov":14.18}},{"type":"Feature","id":535,"geometry":{"type":"Point","coordinates":[-156.10475600000001,19.792508000000002]},"properties":{"FID":535,"F1":"IODP","leg":389,"site":"M0110B","latitude":19.792508000000002,"longitude":-156.10475600000001,"arrival":"10/29/24","water_dept":144.80000000000001,"core_penet":17.219999999999999,"core_recov":12.9}},{"type":"Feature","id":536,"geometry":{"type":"Point","coordinates":[-26.699120000000001,-30.942073329999999]},"properties":{"FID":536,"F1":"IODP","leg":390,"site":"U1556B","latitude":-30.942073000000001,"longitude":-26.699120000000001,"arrival":"04/21/2022 21:35","water_dept":5001.8299999999999,"core_penet":342.19999999999999,"core_recov":191.87}},{"type":"Feature","id":537,"geometry":{"type":"Point","coordinates":[-26.699120000000001,-30.94234333]},"properties":{"FID":537,"F1":"IODP","leg":390,"site":"U1556C","latitude":-30.942343000000001,"longitude":-26.699120000000001,"arrival":"05/07/2022 02:05","water_dept":5005.75,"core_penet":280.30000000000001,"core_recov":283.81}},{"type":"Feature","id":538,"geometry":{"type":"Point","coordinates":[-26.699120000000001,-30.94252333]},"properties":{"FID":538,"F1":"IODP","leg":390,"site":"U1556D","latitude":-30.942523000000001,"longitude":-26.699120000000001,"arrival":"05/10/2022 17:20","water_dept":5003.1000000000004,"core_penet":9.5,"core_recov":9.6699999999999999}},{"type":"Feature","id":539,"geometry":{"type":"Point","coordinates":[-26.699120000000001,-30.942703330000001]},"properties":{"FID":539,"F1":"IODP","leg":390,"site":"U1556E","latitude":-30.942703000000002,"longitude":-26.699120000000001,"arrival":"05/10/2022 19:20","water_dept":5003.1000000000004,"core_penet":43.100000000000001,"core_recov":43.299999999999997}},{"type":"Feature","id":540,"geometry":{"type":"Point","coordinates":[-26.629819999999999,-30.941085000000001]},"properties":{"FID":540,"F1":"IODP","leg":390,"site":"U1557D","latitude":-30.941085000000001,"longitude":-26.629819999999999,"arrival":"05/11/2022 13:30","water_dept":5010.6599999999999,"core_penet":109.09999999999999,"core_recov":71.280000000000001}},{"type":"Feature","id":541,"geometry":{"type":"Point","coordinates":[-15.03485167,-30.26084333]},"properties":{"FID":541,"F1":"IODP","leg":390,"site":"U1559C","latitude":-30.260843000000001,"longitude":-15.034852000000001,"arrival":"05/21/2022 16:50","water_dept":3057.79,"core_penet":60.899999999999999,"core_recov":56.810000000000002}},{"type":"Feature","id":542,"geometry":{"type":"Point","coordinates":[-15.034843329999999,-30.26098833]},"properties":{"FID":542,"F1":"IODP","leg":390,"site":"U1559D","latitude":-30.260988000000001,"longitude":-15.034843,"arrival":"05/22/2022 12:55","water_dept":3057.5900000000001,"core_penet":59.399999999999999,"core_recov":43.600000000000001}},{"type":"Feature","id":543,"geometry":{"type":"Point","coordinates":[6.5906149999999997,-21.86609833]},"properties":{"FID":543,"F1":"IODP","leg":391,"site":"U1575A","latitude":-21.866098000000001,"longitude":6.5906149999999997,"arrival":"01/01/2022 19:40","water_dept":3231.3099999999999,"core_penet":332.30000000000001,"core_recov":185.15000000000001}},{"type":"Feature","id":544,"geometry":{"type":"Point","coordinates":[5.1219383330000001,-24.595866669999999]},"properties":{"FID":544,"F1":"IODP","leg":391,"site":"U1576A","latitude":-24.595866999999998,"longitude":5.1219380000000001,"arrival":"01/08/2022 06:12","water_dept":3032.23,"core_penet":398.10000000000002,"core_recov":309.31999999999999}},{"type":"Feature","id":545,"geometry":{"type":"Point","coordinates":[5.1258549999999996,-24.596184999999998]},"properties":{"FID":545,"F1":"IODP","leg":391,"site":"U1576B","latitude":-24.596184999999998,"longitude":5.1258549999999996,"arrival":"01/11/2022 10:30","water_dept":3027.1799999999998,"core_penet":450.30000000000001,"core_recov":66.329999999999998}},{"type":"Feature","id":546,"geometry":{"type":"Point","coordinates":[7.4969000000000001,-25.202398330000001]},"properties":{"FID":546,"F1":"IODP","leg":391,"site":"U1577A","latitude":-25.202397999999999,"longitude":7.4969000000000001,"arrival":"01/15/2022 06:15","water_dept":3940.1599999999999,"core_penet":193.90000000000001,"core_recov":152.90000000000001}},{"type":"Feature","id":547,"geometry":{"type":"Point","coordinates":[-0.64312666699999999,-32.328060000000001]},"properties":{"FID":547,"F1":"IODP","leg":391,"site":"U1578A","latitude":-32.328060000000001,"longitude":-0.643127,"arrival":"01/22/2022 05:02","water_dept":3793.8099999999999,"core_penet":486.39999999999998,"core_recov":239.87}},{"type":"Feature","id":548,"geometry":{"type":"Point","coordinates":[26.236215000000001,-39.951098330000001]},"properties":{"FID":548,"F1":"IODP","leg":392,"site":"U1579A","latitude":-39.951098000000002,"longitude":26.236215000000001,"arrival":"02/12/2022 13:00","water_dept":2498.3200000000002,"core_penet":84.099999999999994,"core_recov":73.510000000000005}},{"type":"Feature","id":549,"geometry":{"type":"Point","coordinates":[26.236215000000001,-39.950941669999999]},"properties":{"FID":549,"F1":"IODP","leg":392,"site":"U1579B","latitude":-39.950941999999998,"longitude":26.236215000000001,"arrival":"02/13/2022 22:10","water_dept":2492.9200000000001,"core_penet":167.19999999999999,"core_recov":167.08000000000001}},{"type":"Feature","id":550,"geometry":{"type":"Point","coordinates":[26.23630833,-39.950980000000001]},"properties":{"FID":550,"F1":"IODP","leg":392,"site":"U1579C","latitude":-39.950980000000001,"longitude":26.236308000000001,"arrival":"02/15/2022 14:45","water_dept":2492.9200000000001,"core_penet":186.90000000000001,"core_recov":74.269999999999996}},{"type":"Feature","id":551,"geometry":{"type":"Point","coordinates":[26.236321669999999,-39.95120833]},"properties":{"FID":551,"F1":"IODP","leg":392,"site":"U1579D","latitude":-39.951208000000001,"longitude":26.236322000000001,"arrival":"02/17/2022 09:00","water_dept":2492.9200000000001,"core_penet":727.20000000000005,"core_recov":440.83999999999997}},{"type":"Feature","id":552,"geometry":{"type":"Point","coordinates":[26.606895000000002,-40.785891669999998]},"properties":{"FID":552,"F1":"IODP","leg":392,"site":"U1580A","latitude":-40.785891999999997,"longitude":26.606895000000002,"arrival":"02/25/2022 11:30","water_dept":2560.3299999999999,"core_penet":533.89999999999998,"core_recov":351.02999999999997}},{"type":"Feature","id":553,"geometry":{"type":"Point","coordinates":[26.607136669999999,-40.785903329999996]},"properties":{"FID":553,"F1":"IODP","leg":392,"site":"U1580B","latitude":-40.785902999999998,"longitude":26.607137000000002,"arrival":"03/07/2022 05:00","water_dept":2560.3299999999999,"core_penet":77.799999999999997,"core_recov":23.780000000000001}},{"type":"Feature","id":554,"geometry":{"type":"Point","coordinates":[29.650091669999998,-35.681089999999998]},"properties":{"FID":554,"F1":"IODP","leg":392,"site":"U1581A","latitude":-35.681089999999998,"longitude":29.650092000000001,"arrival":"03/09/2022 22:00","water_dept":4591.3500000000004,"core_penet":300.5,"core_recov":273.24000000000001}},{"type":"Feature","id":555,"geometry":{"type":"Point","coordinates":[29.650320000000001,-35.681100000000001]},"properties":{"FID":555,"F1":"IODP","leg":392,"site":"U1581B","latitude":-35.681100000000001,"longitude":29.650320000000001,"arrival":"03/16/2022 10:15","water_dept":4591.3500000000004,"core_penet":997.10000000000002,"core_recov":539.46000000000004}},{"type":"Feature","id":556,"geometry":{"type":"Point","coordinates":[24.995280000000001,-37.025003329999997]},"properties":{"FID":556,"F1":"IODP","leg":392,"site":"U1582A","latitude":-37.025002999999998,"longitude":24.995280000000001,"arrival":"03/27/2022 12:45","water_dept":3429.3600000000001,"core_penet":48,"core_recov":18.48}},{"type":"Feature","id":557,"geometry":{"type":"Point","coordinates":[24.995190000000001,-37.025005]},"properties":{"FID":557,"F1":"IODP","leg":392,"site":"U1582B","latitude":-37.025005,"longitude":24.995190000000001,"arrival":"04/01/2022 10:45","water_dept":3429.3600000000001,"core_penet":55.600000000000001,"core_recov":10.08}},{"type":"Feature","id":558,"geometry":{"type":"Point","coordinates":[-24.841370000000001,-30.896356669999999]},"properties":{"FID":558,"F1":"IODP","leg":393,"site":"U1558D","latitude":-30.896356999999998,"longitude":-24.841370000000001,"arrival":"06/28/2022 00:35","water_dept":4334.4200000000001,"core_penet":220.19999999999999,"core_recov":100.8}},{"type":"Feature","id":559,"geometry":{"type":"Point","coordinates":[-24.841370000000001,-30.89653667]},"properties":{"FID":559,"F1":"IODP","leg":393,"site":"U1558E","latitude":-30.896536999999999,"longitude":-24.841370000000001,"arrival":"06/25/2022 11:30","water_dept":4336.8400000000001,"core_penet":9.5,"core_recov":9.9700000000000006}},{"type":"Feature","id":560,"geometry":{"type":"Point","coordinates":[-24.841261670000002,-30.896538329999998]},"properties":{"FID":560,"F1":"IODP","leg":393,"site":"U1558F","latitude":-30.896538,"longitude":-24.841262,"arrival":"06/26/2022 05:15","water_dept":4337.2700000000004,"core_penet":174.19999999999999,"core_recov":164.33000000000001}},{"type":"Feature","id":561,"geometry":{"type":"Point","coordinates":[-15.03490167,-30.260560000000002]},"properties":{"FID":561,"F1":"IODP","leg":393,"site":"U1559B","latitude":-30.260560000000002,"longitude":-15.034902000000001,"arrival":"11/26/2020 21:20","water_dept":3055.04,"core_penet":49,"core_recov":12.82}},{"type":"Feature","id":562,"geometry":{"type":"Point","coordinates":[-16.922836669999999,-30.403428330000001]},"properties":{"FID":562,"F1":"IODP","leg":393,"site":"U1560B","latitude":-30.403428000000002,"longitude":-16.922837000000001,"arrival":"07/19/2022 01:24","water_dept":3723.1999999999998,"core_penet":192.19999999999999,"core_recov":74.790000000000006}},{"type":"Feature","id":563,"geometry":{"type":"Point","coordinates":[-16.922838330000001,-30.40334167]},"properties":{"FID":563,"F1":"IODP","leg":393,"site":"U1560C","latitude":-30.403341999999999,"longitude":-16.922837999999999,"arrival":"07/28/2022 23:55","water_dept":3724.3899999999999,"core_penet":127.3,"core_recov":122.75}},{"type":"Feature","id":564,"geometry":{"type":"Point","coordinates":[-20.433900000000001,-30.710100000000001]},"properties":{"FID":564,"F1":"IODP","leg":393,"site":"U1583A","latitude":-30.710100000000001,"longitude":-20.433900000000001,"arrival":"07/06/2022 03:24","water_dept":4214.5900000000001,"core_penet":9.0999999999999996,"core_recov":9.1400000000000006}},{"type":"Feature","id":565,"geometry":{"type":"Point","coordinates":[-20.433901670000001,-30.710103329999999]},"properties":{"FID":565,"F1":"IODP","leg":393,"site":"U1583B","latitude":-30.710103,"longitude":-20.433902,"arrival":"07/06/2022 16:15","water_dept":4214.5900000000001,"core_penet":9.4000000000000004,"core_recov":9.3800000000000008}},{"type":"Feature","id":566,"geometry":{"type":"Point","coordinates":[-20.433904999999999,-30.71001833]},"properties":{"FID":566,"F1":"IODP","leg":393,"site":"U1583C","latitude":-30.710018000000002,"longitude":-20.433904999999999,"arrival":"07/06/2022 18:00","water_dept":4214.5900000000001,"core_penet":107.5,"core_recov":110.19}},{"type":"Feature","id":567,"geometry":{"type":"Point","coordinates":[-20.433900000000001,-30.71048]},"properties":{"FID":567,"F1":"IODP","leg":393,"site":"U1583D","latitude":-30.71048,"longitude":-20.433900000000001,"arrival":"07/07/2022 15:40","water_dept":4210.04,"core_penet":9.5,"core_recov":10.039999999999999}},{"type":"Feature","id":568,"geometry":{"type":"Point","coordinates":[-20.433900000000001,-30.710474999999999]},"properties":{"FID":568,"F1":"IODP","leg":393,"site":"U1583E","latitude":-30.710474999999999,"longitude":-20.433900000000001,"arrival":"07/07/2022 17:30","water_dept":4210.04,"core_penet":105.2,"core_recov":105.15000000000001}},{"type":"Feature","id":569,"geometry":{"type":"Point","coordinates":[-20.43389333,-30.71029167]},"properties":{"FID":569,"F1":"IODP","leg":393,"site":"U1583F","latitude":-30.710291999999999,"longitude":-20.433893000000001,"arrival":"07/10/2022 04:30","water_dept":4210.0500000000002,"core_penet":138.5,"core_recov":45.789999999999999}},{"type":"Feature","id":570,"geometry":{"type":"Point","coordinates":[-26.701881669999999,60.125061500000001]},"properties":{"FID":570,"F1":"IODP","leg":395,"site":"U1554G","latitude":60.125062,"longitude":-26.701882000000001,"arrival":"06/27/2023 18:45","water_dept":1868.6500000000001,"core_penet":355,"core_recov":362.29000000000002}},{"type":"Feature","id":571,"geometry":{"type":"Point","coordinates":[-26.701979999999999,60.124920000000003]},"properties":{"FID":571,"F1":"IODP","leg":395,"site":"U1554H","latitude":60.124920000000003,"longitude":-26.701979999999999,"arrival":"06/29/2023 17:45","water_dept":1866.6500000000001,"core_penet":354.89999999999998,"core_recov":370.10000000000002}},{"type":"Feature","id":572,"geometry":{"type":"Point","coordinates":[-26.50125667,60.105024999999998]},"properties":{"FID":572,"F1":"IODP","leg":395,"site":"U1562C","latitude":60.105024999999998,"longitude":-26.501256999999999,"arrival":"07/01/2023 12:15","water_dept":2002.75,"core_penet":293.39999999999998,"core_recov":308.44999999999999}},{"type":"Feature","id":573,"geometry":{"type":"Point","coordinates":[-23.2668,59.850805000000001]},"properties":{"FID":573,"F1":"IODP","leg":395,"site":"U1564D","latitude":59.850805000000001,"longitude":-23.2668,"arrival":"06/21/2023 15:00","water_dept":2208.1399999999999,"core_penet":655.29999999999995,"core_recov":632.41999999999996}},{"type":"Feature","id":574,"geometry":{"type":"Point","coordinates":[-23.266459999999999,59.85080833]},"properties":{"FID":574,"F1":"IODP","leg":395,"site":"U1564E","latitude":59.850808000000001,"longitude":-23.266459999999999,"arrival":"06/25/2023 20:15","water_dept":2207.29,"core_penet":263.5,"core_recov":273.69999999999999}},{"type":"Feature","id":575,"geometry":{"type":"Point","coordinates":[-23.266400000000001,59.850605000000002]},"properties":{"FID":575,"F1":"IODP","leg":395,"site":"U1564F","latitude":59.850605000000002,"longitude":-23.266400000000001,"arrival":"07/25/2023 21:00","water_dept":2208.1399999999999,"core_penet":571.70000000000005,"core_recov":434.14999999999998}},{"type":"Feature","id":576,"geometry":{"type":"Point","coordinates":[-38.180309999999999,61.195230000000002]},"properties":{"FID":576,"F1":"IODP","leg":395,"site":"U1602A","latitude":61.195230000000002,"longitude":-38.180309999999999,"arrival":"07/04/2023 17:18","water_dept":2708.5900000000001,"core_penet":8.8000000000000007,"core_recov":8.8100000000000005}},{"type":"Feature","id":577,"geometry":{"type":"Point","coordinates":[-38.18030667,61.195239999999998]},"properties":{"FID":577,"F1":"IODP","leg":395,"site":"U1602B","latitude":61.195239999999998,"longitude":-38.180306999999999,"arrival":"07/05/2023 05:00","water_dept":2709.1900000000001,"core_penet":251.09999999999999,"core_recov":262.37}},{"type":"Feature","id":578,"geometry":{"type":"Point","coordinates":[-38.180321669999998,61.195421670000002]},"properties":{"FID":578,"F1":"IODP","leg":395,"site":"U1602C","latitude":61.195422000000001,"longitude":-38.180321999999997,"arrival":"07/06/2023 16:00","water_dept":2709.9899999999998,"core_penet":267.30000000000001,"core_recov":272.63}},{"type":"Feature","id":579,"geometry":{"type":"Point","coordinates":[-38.179944999999996,61.195431669999998]},"properties":{"FID":579,"F1":"IODP","leg":395,"site":"U1602D","latitude":61.195431999999997,"longitude":-38.179944999999996,"arrival":"07/08/2023 05:30","water_dept":2709.0700000000002,"core_penet":540.70000000000005,"core_recov":450.44999999999999}},{"type":"Feature","id":580,"geometry":{"type":"Point","coordinates":[-38.179935,61.195250000000001]},"properties":{"FID":580,"F1":"IODP","leg":395,"site":"U1602E","latitude":61.195250000000001,"longitude":-38.179935,"arrival":"07/11/2023 16:45","water_dept":2709.1900000000001,"core_penet":835.89999999999998,"core_recov":450.38999999999999}},{"type":"Feature","id":581,"geometry":{"type":"Point","coordinates":[2.749821667,64.962675000000004]},"properties":{"FID":581,"F1":"IODP","leg":396,"site":"U1565A","latitude":64.962675000000004,"longitude":2.749822,"arrival":"08/14/2021 16:00","water_dept":2072.27,"core_penet":28,"core_recov":4.21}},{"type":"Feature","id":582,"geometry":{"type":"Point","coordinates":[2.747423333,64.963406669999998]},"properties":{"FID":582,"F1":"IODP","leg":396,"site":"U1565B","latitude":64.963407000000004,"longitude":2.7474229999999999,"arrival":"08/15/2021 15:15","water_dept":2070.3699999999999,"core_penet":31.699999999999999,"core_recov":15.449999999999999}},{"type":"Feature","id":583,"geometry":{"type":"Point","coordinates":[2.729221667,64.964781669999994]},"properties":{"FID":583,"F1":"IODP","leg":396,"site":"U1566A","latitude":64.964782,"longitude":2.729222,"arrival":"08/16/2021 04:00","water_dept":2099.0900000000001,"core_penet":181.69999999999999,"core_recov":100.5}},{"type":"Feature","id":584,"geometry":{"type":"Point","coordinates":[3.0542699999999998,65.364189999999994]},"properties":{"FID":584,"F1":"IODP","leg":396,"site":"U1567A","latitude":65.364189999999994,"longitude":3.0542699999999998,"arrival":"08/21/2021 12:05","water_dept":1703.23,"core_penet":195.90000000000001,"core_recov":181.58000000000001}},{"type":"Feature","id":585,"geometry":{"type":"Point","coordinates":[3.0534716670000002,65.362804999999994]},"properties":{"FID":585,"F1":"IODP","leg":396,"site":"U1567B","latitude":65.362804999999994,"longitude":3.0534720000000002,"arrival":"08/23/2021 06:40","water_dept":1704.3,"core_penet":83,"core_recov":55.289999999999999}},{"type":"Feature","id":586,"geometry":{"type":"Point","coordinates":[3.053655,65.363079999999997]},"properties":{"FID":586,"F1":"IODP","leg":396,"site":"U1567C","latitude":65.363079999999997,"longitude":3.053655,"arrival":"08/26/2021 20:05","water_dept":1705.1400000000001,"core_penet":106,"core_recov":66.480000000000004}},{"type":"Feature","id":587,"geometry":{"type":"Point","coordinates":[3.0518183329999999,65.359903329999995]},"properties":{"FID":587,"F1":"IODP","leg":396,"site":"U1568A","latitude":65.359903000000003,"longitude":3.0518179999999999,"arrival":"08/23/2021 19:36","water_dept":1704.4000000000001,"core_penet":200,"core_recov":156.61000000000001}},{"type":"Feature","id":588,"geometry":{"type":"Point","coordinates":[3.0525666669999998,65.361050000000006]},"properties":{"FID":588,"F1":"IODP","leg":396,"site":"U1568B","latitude":65.361050000000006,"longitude":3.0525669999999998,"arrival":"08/25/2021 22:01","water_dept":1706.1400000000001,"core_penet":124.59999999999999,"core_recov":82.760000000000005}},{"type":"Feature","id":589,"geometry":{"type":"Point","coordinates":[2.026801667,65.831291669999999]},"properties":{"FID":589,"F1":"IODP","leg":396,"site":"U1569A","latitude":65.831292000000005,"longitude":2.026802,"arrival":"08/27/2021 17:59","water_dept":2171.1199999999999,"core_penet":404.60000000000002,"core_recov":144.91}},{"type":"Feature","id":590,"geometry":{"type":"Point","coordinates":[1.9937083330000001,65.831501669999994]},"properties":{"FID":590,"F1":"IODP","leg":396,"site":"U1570A","latitude":65.831502,"longitude":1.993708,"arrival":"08/30/2021 20:20","water_dept":2196.3800000000001,"core_penet":200,"core_recov":98.590000000000003}},{"type":"Feature","id":591,"geometry":{"type":"Point","coordinates":[1.956008333,65.827979999999997]},"properties":{"FID":591,"F1":"IODP","leg":396,"site":"U1570B","latitude":65.827979999999997,"longitude":1.956008,"arrival":"09/01/2021 11:59","water_dept":2270.8800000000001,"core_penet":163.59999999999999,"core_recov":71.420000000000002}},{"type":"Feature","id":592,"geometry":{"type":"Point","coordinates":[1.9784616669999999,65.83081]},"properties":{"FID":592,"F1":"IODP","leg":396,"site":"U1570C","latitude":65.83081,"longitude":1.9784619999999999,"arrival":"09/03/2021 01:00","water_dept":2225.0900000000001,"core_penet":200,"core_recov":49.590000000000003}},{"type":"Feature","id":593,"geometry":{"type":"Point","coordinates":[1.986238333,65.831180000000003]},"properties":{"FID":593,"F1":"IODP","leg":396,"site":"U1570D","latitude":65.831180000000003,"longitude":1.9862379999999999,"arrival":"09/04/2021 00:30","water_dept":2207.6900000000001,"core_penet":200,"core_recov":50.490000000000002}},{"type":"Feature","id":594,"geometry":{"type":"Point","coordinates":[3.7374933330000002,67.306695000000005]},"properties":{"FID":594,"F1":"IODP","leg":396,"site":"U1571A","latitude":67.306695000000005,"longitude":3.7374930000000002,"arrival":"09/06/2021 09:52","water_dept":1205.77,"core_penet":247.59999999999999,"core_recov":116.55}},{"type":"Feature","id":595,"geometry":{"type":"Point","coordinates":[3.7379466670000001,67.306698330000003]},"properties":{"FID":595,"F1":"IODP","leg":396,"site":"U1571B","latitude":67.306697999999997,"longitude":3.7379470000000001,"arrival":"09/10/2021 07:30","water_dept":1205.3,"core_penet":143.69999999999999,"core_recov":112.51000000000001}},{"type":"Feature","id":596,"geometry":{"type":"Point","coordinates":[3.619366667,67.330794999999995]},"properties":{"FID":596,"F1":"IODP","leg":396,"site":"U1572A","latitude":67.330794999999995,"longitude":3.619367,"arrival":"09/11/2021 13:45","water_dept":1206.53,"core_penet":330.5,"core_recov":139.53}},{"type":"Feature","id":597,"geometry":{"type":"Point","coordinates":[3.6176166670000001,67.331963329999994]},"properties":{"FID":597,"F1":"IODP","leg":396,"site":"U1572B","latitude":67.331963000000002,"longitude":3.6176170000000001,"arrival":"09/15/2021 04:00","water_dept":1206.5,"core_penet":224.30000000000001,"core_recov":218.34999999999999}},{"type":"Feature","id":598,"geometry":{"type":"Point","coordinates":[5.7948000000000004,68.760400000000004]},"properties":{"FID":598,"F1":"IODP","leg":396,"site":"U1573A","latitude":68.760400000000004,"longitude":5.7948000000000004,"arrival":"09/17/2021 01:53","water_dept":3167.1700000000001,"core_penet":440.89999999999998,"core_recov":100.97}},{"type":"Feature","id":599,"geometry":{"type":"Point","coordinates":[4.6405983329999998,68.600176669999996]},"properties":{"FID":599,"F1":"IODP","leg":396,"site":"U1574A","latitude":68.600177000000002,"longitude":4.6405979999999998,"arrival":"09/24/2021 12:00","water_dept":2825.1100000000001,"core_penet":260,"core_recov":88.409999999999997}},{"type":"Feature","id":600,"geometry":{"type":"Point","coordinates":[4.6410533330000003,68.600194999999999]},"properties":{"FID":600,"F1":"IODP","leg":396,"site":"U1574B","latitude":68.600194999999999,"longitude":4.6410530000000003,"arrival":"09/30/2021 05:20","water_dept":2819.6399999999999,"core_penet":9.5,"core_recov":9.7200000000000006}},{"type":"Feature","id":601,"geometry":{"type":"Point","coordinates":[4.6410533330000003,68.600008329999994]},"properties":{"FID":601,"F1":"IODP","leg":396,"site":"U1574C","latitude":68.600008000000003,"longitude":4.6410530000000003,"arrival":"09/30/2021 15:30","water_dept":2819.6399999999999,"core_penet":171.5,"core_recov":174.97}},{"type":"Feature","id":602,"geometry":{"type":"Point","coordinates":[-10.127644999999999,37.566665]},"properties":{"FID":602,"F1":"IODP","leg":397,"site":"U1385F","latitude":37.566665,"longitude":-10.127644999999999,"arrival":"11/16/2022 01:20","water_dept":2589.0799999999999,"core_penet":400,"core_recov":290.79000000000002}},{"type":"Feature","id":603,"geometry":{"type":"Point","coordinates":[-10.12776,37.566846669999997]},"properties":{"FID":603,"F1":"IODP","leg":397,"site":"U1385G","latitude":37.566847000000003,"longitude":-10.12776,"arrival":"11/19/2022 22:35","water_dept":2592.3899999999999,"core_penet":397.30000000000001,"core_recov":396.30000000000001}},{"type":"Feature","id":604,"geometry":{"type":"Point","coordinates":[-10.127734999999999,37.567038330000003]},"properties":{"FID":604,"F1":"IODP","leg":397,"site":"U1385H","latitude":37.567037999999997,"longitude":-10.127734999999999,"arrival":"11/22/2022 02:00","water_dept":2592.3899999999999,"core_penet":399.19999999999999,"core_recov":284.97000000000003}},{"type":"Feature","id":605,"geometry":{"type":"Point","coordinates":[-10.12750833,37.56700833]},"properties":{"FID":605,"F1":"IODP","leg":397,"site":"U1385I","latitude":37.567008000000001,"longitude":-10.127508000000001,"arrival":"11/26/2022 08:00","water_dept":2589.1399999999999,"core_penet":152.5,"core_recov":145.37}},{"type":"Feature","id":606,"geometry":{"type":"Point","coordinates":[-10.12752167,37.566838330000003]},"properties":{"FID":606,"F1":"IODP","leg":397,"site":"U1385J","latitude":37.566837999999997,"longitude":-10.127522000000001,"arrival":"11/27/2022 02:15","water_dept":2593.1399999999999,"core_penet":400,"core_recov":397.76999999999998}},{"type":"Feature","id":607,"geometry":{"type":"Point","coordinates":[-10.70997833,37.621846669999996]},"properties":{"FID":607,"F1":"IODP","leg":397,"site":"U1586A","latitude":37.621847000000002,"longitude":-10.709978,"arrival":"10/16/2022 17:30","water_dept":4691.0699999999997,"core_penet":350,"core_recov":339.56}},{"type":"Feature","id":608,"geometry":{"type":"Point","coordinates":[-10.70917667,37.622463330000002]},"properties":{"FID":608,"F1":"IODP","leg":397,"site":"U1586B","latitude":37.622463000000003,"longitude":-10.709177,"arrival":"10/21/2022 09:00","water_dept":4690.4499999999998,"core_penet":350,"core_recov":335.13}},{"type":"Feature","id":609,"geometry":{"type":"Point","coordinates":[-10.71036,37.621518330000001]},"properties":{"FID":609,"F1":"IODP","leg":397,"site":"U1586C","latitude":37.621518000000002,"longitude":-10.71036,"arrival":"10/25/2022 12:20","water_dept":4692.4099999999999,"core_penet":349.10000000000002,"core_recov":334.37}},{"type":"Feature","id":610,"geometry":{"type":"Point","coordinates":[-10.71048167,37.621391670000001]},"properties":{"FID":610,"F1":"IODP","leg":397,"site":"U1586D","latitude":37.621392,"longitude":-10.710482000000001,"arrival":"10/28/2022 03:45","water_dept":4693.5900000000001,"core_penet":350,"core_recov":337.79000000000002}},{"type":"Feature","id":611,"geometry":{"type":"Point","coordinates":[-10.359,37.581003330000001]},"properties":{"FID":611,"F1":"IODP","leg":397,"site":"U1587A","latitude":37.581003000000003,"longitude":-10.359,"arrival":"11/01/2022 11:30","water_dept":3480.54,"core_penet":500,"core_recov":478.13}},{"type":"Feature","id":612,"geometry":{"type":"Point","coordinates":[-10.35885667,37.581083329999998]},"properties":{"FID":612,"F1":"IODP","leg":397,"site":"U1587B","latitude":37.581083,"longitude":-10.358857,"arrival":"11/05/2022 02:50","water_dept":3478,"core_penet":547.79999999999995,"core_recov":534.26999999999998}},{"type":"Feature","id":613,"geometry":{"type":"Point","coordinates":[-10.358675,37.581249999999997]},"properties":{"FID":613,"F1":"IODP","leg":397,"site":"U1587C","latitude":37.581249999999997,"longitude":-10.358675,"arrival":"11/10/2022 15:30","water_dept":3478.9899999999998,"core_penet":567.89999999999998,"core_recov":553.34000000000003}},{"type":"Feature","id":614,"geometry":{"type":"Point","coordinates":[-9.5166016669999998,37.96007333]},"properties":{"FID":614,"F1":"IODP","leg":397,"site":"U1588A","latitude":37.960073000000001,"longitude":-9.5166020000000007,"arrival":"11/30/2022 06:00","water_dept":1339.3,"core_penet":353,"core_recov":378.37}},{"type":"Feature","id":615,"geometry":{"type":"Point","coordinates":[-9.5165933329999994,37.960248329999999]},"properties":{"FID":615,"F1":"IODP","leg":397,"site":"U1588B","latitude":37.960248,"longitude":-9.5165930000000003,"arrival":"12/02/2022 01:45","water_dept":1339.3,"core_penet":350,"core_recov":456.07999999999998}},{"type":"Feature","id":616,"geometry":{"type":"Point","coordinates":[-9.5163566670000002,37.960266670000003]},"properties":{"FID":616,"F1":"IODP","leg":397,"site":"U1588C","latitude":37.960267000000002,"longitude":-9.5163569999999993,"arrival":"12/03/2022 21:45","water_dept":1339.29,"core_penet":353.60000000000002,"core_recov":345.04000000000002}},{"type":"Feature","id":617,"geometry":{"type":"Point","coordinates":[-9.5163666669999998,37.960038330000003]},"properties":{"FID":617,"F1":"IODP","leg":397,"site":"U1588D","latitude":37.960037999999997,"longitude":-9.5163670000000007,"arrival":"12/05/2022 15:50","water_dept":1338.54,"core_penet":412.5,"core_recov":569.44000000000005}},{"type":"Feature","id":618,"geometry":{"type":"Point","coordinates":[25.648191669999999,36.729295]},"properties":{"FID":618,"F1":"IODP","leg":398,"site":"U1589A","latitude":36.729295,"longitude":25.648192000000002,"arrival":"12/21/2022 05:45","water_dept":484.31,"core_penet":446.69999999999999,"core_recov":350.55000000000001}},{"type":"Feature","id":619,"geometry":{"type":"Point","coordinates":[25.648428330000002,36.729289999999999]},"properties":{"FID":619,"F1":"IODP","leg":398,"site":"U1589B","latitude":36.729289999999999,"longitude":25.648427999999999,"arrival":"12/24/2022 06:15","water_dept":482.60000000000002,"core_penet":359.39999999999998,"core_recov":331.45999999999998}},{"type":"Feature","id":620,"geometry":{"type":"Point","coordinates":[25.648409999999998,36.729104999999997]},"properties":{"FID":620,"F1":"IODP","leg":398,"site":"U1589C","latitude":36.729104999999997,"longitude":25.648409999999998,"arrival":"12/26/2022 14:30","water_dept":482.60000000000002,"core_penet":261.89999999999998,"core_recov":62.079999999999998}},{"type":"Feature","id":621,"geometry":{"type":"Point","coordinates":[25.43981333,36.554896669999998]},"properties":{"FID":621,"F1":"IODP","leg":398,"site":"U1590A","latitude":36.554896999999997,"longitude":25.439813000000001,"arrival":"12/31/2022 18:15","water_dept":397.10000000000002,"core_penet":99.299999999999997,"core_recov":60.869999999999997}},{"type":"Feature","id":622,"geometry":{"type":"Point","coordinates":[25.43940667,36.555214999999997]},"properties":{"FID":622,"F1":"IODP","leg":398,"site":"U1590B","latitude":36.555214999999997,"longitude":25.439406999999999,"arrival":"01/10/2023 17:30","water_dept":397.10000000000002,"core_penet":541.70000000000005,"core_recov":74.730000000000004}},{"type":"Feature","id":623,"geometry":{"type":"Point","coordinates":[25.150095,36.31269167]},"properties":{"FID":623,"F1":"IODP","leg":398,"site":"U1591A","latitude":36.312691999999998,"longitude":25.150095,"arrival":"01/01/2023 22:15","water_dept":514.55999999999995,"core_penet":98.799999999999997,"core_recov":64.760000000000005}},{"type":"Feature","id":624,"geometry":{"type":"Point","coordinates":[25.150316669999999,36.312701670000003]},"properties":{"FID":624,"F1":"IODP","leg":398,"site":"U1591B","latitude":36.312702000000002,"longitude":25.150317000000001,"arrival":"01/02/2023 15:00","water_dept":513.75999999999999,"core_penet":364.5,"core_recov":155.08000000000001}},{"type":"Feature","id":625,"geometry":{"type":"Point","coordinates":[25.149936669999999,36.313016670000003]},"properties":{"FID":625,"F1":"IODP","leg":398,"site":"U1591C","latitude":36.313017000000002,"longitude":25.149937000000001,"arrival":"01/05/2023 07:45","water_dept":513.75999999999999,"core_penet":668.60000000000002,"core_recov":384.47000000000003}},{"type":"Feature","id":626,"geometry":{"type":"Point","coordinates":[25.76130667,36.565596669999998]},"properties":{"FID":626,"F1":"IODP","leg":398,"site":"U1592A","latitude":36.565596999999997,"longitude":25.761306999999999,"arrival":"01/14/2023 02:15","water_dept":693.11000000000001,"core_penet":339.19999999999999,"core_recov":240.44999999999999}},{"type":"Feature","id":627,"geometry":{"type":"Point","coordinates":[25.76171167,36.565273329999997]},"properties":{"FID":627,"F1":"IODP","leg":398,"site":"U1592B","latitude":36.565272999999998,"longitude":25.761711999999999,"arrival":"01/16/2023 09:15","water_dept":693.11000000000001,"core_penet":234.80000000000001,"core_recov":117.04000000000001}},{"type":"Feature","id":628,"geometry":{"type":"Point","coordinates":[25.41460833,36.575171670000003]},"properties":{"FID":628,"F1":"IODP","leg":398,"site":"U1593A","latitude":36.575172000000002,"longitude":25.414608000000001,"arrival":"01/18/2023 21:30","water_dept":402.50999999999999,"core_penet":250.59999999999999,"core_recov":149.55000000000001}},{"type":"Feature","id":629,"geometry":{"type":"Point","coordinates":[25.414999999999999,36.574860000000001]},"properties":{"FID":629,"F1":"IODP","leg":398,"site":"U1593B","latitude":36.574860000000001,"longitude":25.414999999999999,"arrival":"01/20/2023 05:45","water_dept":404,"core_penet":232.80000000000001,"core_recov":156.78}},{"type":"Feature","id":630,"geometry":{"type":"Point","coordinates":[25.414991669999999,36.575099999999999]},"properties":{"FID":630,"F1":"IODP","leg":398,"site":"U1593C","latitude":36.575099999999999,"longitude":25.414992000000002,"arrival":"01/21/2023 12:00","water_dept":404,"core_penet":0,"core_recov":0}},{"type":"Feature","id":631,"geometry":{"type":"Point","coordinates":[25.417149999999999,36.388946670000003]},"properties":{"FID":631,"F1":"IODP","leg":398,"site":"U1594A","latitude":36.388947000000002,"longitude":25.417149999999999,"arrival":"01/22/2023 16:45","water_dept":291,"core_penet":51.700000000000003,"core_recov":47.939999999999998}},{"type":"Feature","id":632,"geometry":{"type":"Point","coordinates":[25.40605,36.381591669999999]},"properties":{"FID":632,"F1":"IODP","leg":398,"site":"U1595A","latitude":36.381591999999998,"longitude":25.40605,"arrival":"01/23/2023 03:30","water_dept":291.57999999999998,"core_penet":98.599999999999994,"core_recov":72.299999999999997}},{"type":"Feature","id":633,"geometry":{"type":"Point","coordinates":[25.405596670000001,36.381365000000002]},"properties":{"FID":633,"F1":"IODP","leg":398,"site":"U1595B","latitude":36.381365000000002,"longitude":25.405597,"arrival":"02/02/2023 02:45","water_dept":291.42000000000002,"core_penet":127.09999999999999,"core_recov":74.019999999999996}},{"type":"Feature","id":634,"geometry":{"type":"Point","coordinates":[25.405103329999999,36.381123330000001]},"properties":{"FID":634,"F1":"IODP","leg":398,"site":"U1595C","latitude":36.381123000000002,"longitude":25.405103,"arrival":"02/02/2023 21:15","water_dept":291.31,"core_penet":46.100000000000001,"core_recov":21.370000000000001}},{"type":"Feature","id":635,"geometry":{"type":"Point","coordinates":[25.37521667,36.442296669999998]},"properties":{"FID":635,"F1":"IODP","leg":398,"site":"U1596A","latitude":36.442297000000003,"longitude":25.375216999999999,"arrival":"01/24/2023 01:30","water_dept":382.05000000000001,"core_penet":41.899999999999999,"core_recov":38}},{"type":"Feature","id":636,"geometry":{"type":"Point","coordinates":[25.37479167,36.44261333]},"properties":{"FID":636,"F1":"IODP","leg":398,"site":"U1596B","latitude":36.442613000000001,"longitude":25.374791999999999,"arrival":"02/03/2023 14:15","water_dept":381.91000000000003,"core_penet":42.200000000000003,"core_recov":36.630000000000003}},{"type":"Feature","id":637,"geometry":{"type":"Point","coordinates":[25.37887667,36.437489999999997]},"properties":{"FID":637,"F1":"IODP","leg":398,"site":"U1597A","latitude":36.437489999999997,"longitude":25.378876999999999,"arrival":"01/24/2023 09:30","water_dept":382.35000000000002,"core_penet":43.600000000000001,"core_recov":40.840000000000003}},{"type":"Feature","id":638,"geometry":{"type":"Point","coordinates":[25.128591669999999,36.304895000000002]},"properties":{"FID":638,"F1":"IODP","leg":398,"site":"U1598A","latitude":36.304895000000002,"longitude":25.128592000000001,"arrival":"01/24/2023 18:15","water_dept":521.46000000000004,"core_penet":79.599999999999994,"core_recov":54.5}},{"type":"Feature","id":639,"geometry":{"type":"Point","coordinates":[25.128215000000001,36.304578329999998]},"properties":{"FID":639,"F1":"IODP","leg":398,"site":"U1598B","latitude":36.304577999999999,"longitude":25.128215000000001,"arrival":"01/25/2023 05:15","water_dept":521.46000000000004,"core_penet":23.5,"core_recov":7.9100000000000001}},{"type":"Feature","id":640,"geometry":{"type":"Point","coordinates":[25.780008330000001,36.44932]},"properties":{"FID":640,"F1":"IODP","leg":398,"site":"U1599A","latitude":36.44932,"longitude":25.780007999999999,"arrival":"01/25/2023 19:15","water_dept":591.19000000000005,"core_penet":245.40000000000001,"core_recov":204.56999999999999}},{"type":"Feature","id":641,"geometry":{"type":"Point","coordinates":[25.780394999999999,36.449606670000001]},"properties":{"FID":641,"F1":"IODP","leg":398,"site":"U1599B","latitude":36.449607,"longitude":25.780394999999999,"arrival":"01/27/2023 19:45","water_dept":592.67999999999995,"core_penet":241,"core_recov":199.13}},{"type":"Feature","id":642,"geometry":{"type":"Point","coordinates":[25.77960333,36.448981670000002]},"properties":{"FID":642,"F1":"IODP","leg":398,"site":"U1599C","latitude":36.448982000000001,"longitude":25.779603000000002,"arrival":"01/30/2023 13:15","water_dept":592.67999999999995,"core_penet":474.80000000000001,"core_recov":244.18000000000001}},{"type":"Feature","id":643,"geometry":{"type":"Point","coordinates":[25.650921669999999,36.543795000000003]},"properties":{"FID":643,"F1":"IODP","leg":398,"site":"U1600A","latitude":36.543795000000003,"longitude":25.650922000000001,"arrival":"01/29/2023 02:45","water_dept":326.18000000000001,"core_penet":84.400000000000006,"core_recov":51.710000000000001}},{"type":"Feature","id":644,"geometry":{"type":"Point","coordinates":[25.650518330000001,36.54348667]},"properties":{"FID":644,"F1":"IODP","leg":398,"site":"U1600B","latitude":36.543486999999999,"longitude":25.650518000000002,"arrival":"01/29/2023 17:00","water_dept":326.33999999999997,"core_penet":91.400000000000006,"core_recov":68.670000000000002}},{"type":"Feature","id":645,"geometry":{"type":"Point","coordinates":[25.650110000000002,36.543149999999997]},"properties":{"FID":645,"F1":"IODP","leg":398,"site":"U1600C","latitude":36.543149999999997,"longitude":25.650110000000002,"arrival":"02/04/2023 02:00","water_dept":326.33999999999997,"core_penet":113.5,"core_recov":36.780000000000001}},{"type":"Feature","id":646,"geometry":{"type":"Point","coordinates":[-42.118551670000002,30.16865833]},"properties":{"FID":646,"F1":"IODP","leg":399,"site":"U1309D","latitude":30.168658000000001,"longitude":-42.118552000000001,"arrival":"04/25/2004 07:15","water_dept":1644.9300000000001,"core_penet":82.5,"core_recov":48.93}},{"type":"Feature","id":647,"geometry":{"type":"Point","coordinates":[-42.120424999999997,30.132100000000001]},"properties":{"FID":647,"F1":"IODP","leg":399,"site":"U1601A","latitude":30.132100000000001,"longitude":-42.120424999999997,"arrival":"04/19/2023 05:45","water_dept":850.02999999999997,"core_penet":60.600000000000001,"core_recov":14.52}},{"type":"Feature","id":648,"geometry":{"type":"Point","coordinates":[-42.120285000000003,30.132231669999999]},"properties":{"FID":648,"F1":"IODP","leg":399,"site":"U1601B","latitude":30.132231999999998,"longitude":-42.120285000000003,"arrival":"04/22/2023 17:30","water_dept":850.02999999999997,"core_penet":0,"core_recov":0}},{"type":"Feature","id":649,"geometry":{"type":"Point","coordinates":[-42.12012,30.132361670000002]},"properties":{"FID":649,"F1":"IODP","leg":399,"site":"U1601C","latitude":30.132362000000001,"longitude":-42.12012,"arrival":"05/01/2023 22:45","water_dept":850.02999999999997,"core_penet":1244.8,"core_recov":889.23000000000002}},{"type":"Feature","id":650,"geometry":{"type":"Point","coordinates":[-62.980555000000003,72.983976670000004]},"properties":{"FID":650,"F1":"IODP","leg":400,"site":"U1603A","latitude":72.983976999999996,"longitude":-62.980555000000003,"arrival":"08/23/2023 17:15","water_dept":1800.76,"core_penet":118.59999999999999,"core_recov":119}},{"type":"Feature","id":651,"geometry":{"type":"Point","coordinates":[-62.980718330000002,72.984068329999999]},"properties":{"FID":651,"F1":"IODP","leg":400,"site":"U1603B","latitude":72.984067999999994,"longitude":-62.980718000000003,"arrival":"08/24/2023 20:45","water_dept":1800.76,"core_penet":134.88,"core_recov":122.68000000000001}},{"type":"Feature","id":652,"geometry":{"type":"Point","coordinates":[-62.980903329999997,72.984133330000006]},"properties":{"FID":652,"F1":"IODP","leg":400,"site":"U1603C","latitude":72.984133,"longitude":-62.980902999999998,"arrival":"08/26/2023 15:00","water_dept":1800.76,"core_penet":73.5,"core_recov":22.780000000000001}},{"type":"Feature","id":653,"geometry":{"type":"Point","coordinates":[-62.981225000000002,72.984176669999997]},"properties":{"FID":653,"F1":"IODP","leg":400,"site":"U1603D","latitude":72.984177000000003,"longitude":-62.981225000000002,"arrival":"08/28/2023 03:15","water_dept":1800.76,"core_penet":152.59999999999999,"core_recov":43.310000000000002}},{"type":"Feature","id":654,"geometry":{"type":"Point","coordinates":[-62.981381669999998,72.984251670000006]},"properties":{"FID":654,"F1":"IODP","leg":400,"site":"U1603E","latitude":72.984251999999998,"longitude":-62.981382000000004,"arrival":"09/01/2023 12:00","water_dept":1800.3699999999999,"core_penet":59.100000000000001,"core_recov":17.48}},{"type":"Feature","id":655,"geometry":{"type":"Point","coordinates":[-62.9803,72.983935000000002]},"properties":{"FID":655,"F1":"IODP","leg":400,"site":"U1603F","latitude":72.983935000000002,"longitude":-62.9803,"arrival":"09/02/2023 04:45","water_dept":1801.25,"core_penet":134.30000000000001,"core_recov":116.93000000000001}},{"type":"Feature","id":656,"geometry":{"type":"Point","coordinates":[-63.790378330000003,73.115003329999993]},"properties":{"FID":656,"F1":"IODP","leg":400,"site":"U1604A","latitude":73.115003000000002,"longitude":-63.790377999999997,"arrival":"09/03/2023 06:30","water_dept":1942.24,"core_penet":250.59999999999999,"core_recov":232.91}},{"type":"Feature","id":657,"geometry":{"type":"Point","coordinates":[-63.789993330000001,73.115128330000005]},"properties":{"FID":657,"F1":"IODP","leg":400,"site":"U1604B","latitude":73.115127999999999,"longitude":-63.789993000000003,"arrival":"09/05/2023 10:15","water_dept":1943.6300000000001,"core_penet":429.60000000000002,"core_recov":317.85000000000002}},{"type":"Feature","id":658,"geometry":{"type":"Point","coordinates":[-62.151145,73.56070167]},"properties":{"FID":658,"F1":"IODP","leg":400,"site":"U1605A","latitude":73.560702000000006,"longitude":-62.151145,"arrival":"09/10/2023 01:30","water_dept":528.65999999999997,"core_penet":282,"core_recov":38.450000000000003}},{"type":"Feature","id":659,"geometry":{"type":"Point","coordinates":[-61.03737667,74.232299999999995]},"properties":{"FID":659,"F1":"IODP","leg":400,"site":"U1606A","latitude":74.232299999999995,"longitude":-61.037376999999999,"arrival":"09/14/2023 01:00","water_dept":652.64999999999998,"core_penet":182.40000000000001,"core_recov":30.140000000000001}},{"type":"Feature","id":660,"geometry":{"type":"Point","coordinates":[-61.02758833,74.238074999999995]},"properties":{"FID":660,"F1":"IODP","leg":400,"site":"U1606B","latitude":74.238074999999995,"longitude":-61.027588000000002,"arrival":"09/30/2023 20:45","water_dept":656.38,"core_penet":350,"core_recov":164.44}},{"type":"Feature","id":661,"geometry":{"type":"Point","coordinates":[-61.030259999999998,74.236591669999996]},"properties":{"FID":661,"F1":"IODP","leg":400,"site":"U1606C","latitude":74.236592000000002,"longitude":-61.030259999999998,"arrival":"10/03/2023 04:15","water_dept":654.04999999999995,"core_penet":161.69999999999999,"core_recov":45.310000000000002}},{"type":"Feature","id":662,"geometry":{"type":"Point","coordinates":[-61.045913329999998,74.227431670000001]},"properties":{"FID":662,"F1":"IODP","leg":400,"site":"U1606D","latitude":74.227431999999993,"longitude":-61.045912999999999,"arrival":"10/04/2023 07:00","water_dept":648.32000000000005,"core_penet":118.5,"core_recov":7.8300000000000001}},{"type":"Feature","id":663,"geometry":{"type":"Point","coordinates":[-60.583166669999997,74.492498330000004]},"properties":{"FID":663,"F1":"IODP","leg":400,"site":"U1607A","latitude":74.492497999999998,"longitude":-60.583167000000003,"arrival":"09/15/2023 20:00","water_dept":738.62,"core_penet":978,"core_recov":752.63999999999999}},{"type":"Feature","id":664,"geometry":{"type":"Point","coordinates":[-60.971953329999998,74.128029999999995]},"properties":{"FID":664,"F1":"IODP","leg":400,"site":"U1608A","latitude":74.128029999999995,"longitude":-60.971952999999999,"arrival":"09/26/2023 03:45","water_dept":606.88,"core_penet":561,"core_recov":267.35000000000002}},{"type":"Feature","id":665,"geometry":{"type":"Point","coordinates":[-10.127283329999999,37.566831669999999]},"properties":{"FID":665,"F1":"IODP","leg":401,"site":"U1385K","latitude":37.566831999999998,"longitude":-10.127283,"arrival":"01/12/2024 16:45","water_dept":2584.1700000000001,"core_penet":167.5,"core_recov":127.89}},{"type":"Feature","id":666,"geometry":{"type":"Point","coordinates":[-10.127278329999999,37.566994999999999]},"properties":{"FID":666,"F1":"IODP","leg":401,"site":"U1385L","latitude":37.566994999999999,"longitude":-10.127278,"arrival":"01/15/2024 13:30","water_dept":2584.1700000000001,"core_penet":67.900000000000006,"core_recov":58.439999999999998}},{"type":"Feature","id":667,"geometry":{"type":"Point","coordinates":[-9.5985333330000007,37.377098330000003]},"properties":{"FID":667,"F1":"IODP","leg":401,"site":"U1609A","latitude":37.377097999999997,"longitude":-9.5985329999999998,"arrival":"12/17/2023 17:15","water_dept":1659.5,"core_penet":610,"core_recov":572.23000000000002}},{"type":"Feature","id":668,"geometry":{"type":"Point","coordinates":[-9.5985316669999996,37.376931669999998]},"properties":{"FID":668,"F1":"IODP","leg":401,"site":"U1609B","latitude":37.376931999999996,"longitude":-9.5985320000000005,"arrival":"12/23/2023 22:30","water_dept":1659.5,"core_penet":436.10000000000002,"core_recov":410.75}},{"type":"Feature","id":669,"geometry":{"type":"Point","coordinates":[-7.4314066670000001,36.699686669999998]},"properties":{"FID":669,"F1":"IODP","leg":401,"site":"U1610A","latitude":36.699686999999997,"longitude":-7.4314070000000001,"arrival":"12/28/2023 10:30","water_dept":556.34000000000003,"core_penet":933.5,"core_recov":751.20000000000005}},{"type":"Feature","id":670,"geometry":{"type":"Point","coordinates":[-4.5711950000000003,36.312561670000001]},"properties":{"FID":670,"F1":"IODP","leg":401,"site":"U1611A","latitude":36.312562,"longitude":-4.5711950000000003,"arrival":"01/19/2024 13:45","water_dept":810.07000000000005,"core_penet":625.60000000000002,"core_recov":431.22000000000003}},{"type":"Feature","id":671,"geometry":{"type":"Point","coordinates":[-4.5792000000000002,36.322965000000003]},"properties":{"FID":671,"F1":"IODP","leg":401,"site":"U1611B","latitude":36.322965000000003,"longitude":-4.5792000000000002,"arrival":"01/30/2024 14:00","water_dept":784,"core_penet":325,"core_recov":253.38}},{"type":"Feature","id":672,"geometry":{"type":"Point","coordinates":[12.63243333,40.18386667]},"properties":{"FID":672,"F1":"IODP","leg":402,"site":"U1612A","latitude":40.183866999999999,"longitude":12.632433000000001,"arrival":"02/14/24 15:00","water_dept":3573.77,"core_penet":348.69999999999999,"core_recov":75.409999999999997}},{"type":"Feature","id":673,"geometry":{"type":"Point","coordinates":[12.63266333,40.017215]},"properties":{"FID":673,"F1":"IODP","leg":402,"site":"U1612B","latitude":40.017215,"longitude":12.632663000000001,"arrival":"2004/6/24 4:30","water_dept":3573.77,"core_penet":334.89999999999998,"core_recov":3.7999999999999998}},{"type":"Feature","id":674,"geometry":{"type":"Point","coordinates":[10.986219999999999,40.000987670000001]},"properties":{"FID":674,"F1":"IODP","leg":402,"site":"U1613A","latitude":40.000988,"longitude":10.986219999999999,"arrival":"02/19/24 19:07","water_dept":2706.75,"core_penet":223.59999999999999,"core_recov":99.629999999999995}},{"type":"Feature","id":675,"geometry":{"type":"Point","coordinates":[12.705273330000001,40.266301669999997]},"properties":{"FID":675,"F1":"IODP","leg":402,"site":"U1614A","latitude":40.266302000000003,"longitude":12.705273,"arrival":"02/23/24 17:00","water_dept":3579.02,"core_penet":280.10000000000002,"core_recov":179.36000000000001}},{"type":"Feature","id":676,"geometry":{"type":"Point","coordinates":[12.70529,40.26632]},"properties":{"FID":676,"F1":"IODP","leg":402,"site":"U1614B","latitude":40.26632,"longitude":12.70529,"arrival":"02/26/24 21:00","water_dept":3579.02,"core_penet":65.5,"core_recov":0}},{"type":"Feature","id":677,"geometry":{"type":"Point","coordinates":[12.70529,40.266138329999997]},"properties":{"FID":677,"F1":"IODP","leg":402,"site":"U1614C","latitude":40.266137999999998,"longitude":12.70529,"arrival":"02/27/24 18:00","water_dept":3579.02,"core_penet":410.60000000000002,"core_recov":71.579999999999998}},{"type":"Feature","id":678,"geometry":{"type":"Point","coordinates":[12.677165,40.184049999999999]},"properties":{"FID":678,"F1":"IODP","leg":402,"site":"U1615A","latitude":40.184049999999999,"longitude":12.677165,"arrival":"2003/7/24 9:00","water_dept":3568.6300000000001,"core_penet":300,"core_recov":115.09}},{"type":"Feature","id":679,"geometry":{"type":"Point","coordinates":[12.56715833,40.184395000000002]},"properties":{"FID":679,"F1":"IODP","leg":402,"site":"U1616A","latitude":40.184395000000002,"longitude":12.567157999999999,"arrival":"2003/10/24 2:15","water_dept":3566.9299999999998,"core_penet":50.200000000000003,"core_recov":47.719999999999999}},{"type":"Feature","id":680,"geometry":{"type":"Point","coordinates":[12.567301670000001,40.184379999999997]},"properties":{"FID":680,"F1":"IODP","leg":402,"site":"U1616B","latitude":40.184379999999997,"longitude":12.567302,"arrival":"2003/10/24 14:00","water_dept":3566.9299999999998,"core_penet":302.60000000000002,"core_recov":156.56999999999999}},{"type":"Feature","id":681,"geometry":{"type":"Point","coordinates":[12.56732833,40.184151669999999]},"properties":{"FID":681,"F1":"IODP","leg":402,"site":"U1616C","latitude":40.184151999999997,"longitude":12.567328,"arrival":"03/17/24 00:15","water_dept":3566.9299999999998,"core_penet":76.900000000000006,"core_recov":0}},{"type":"Feature","id":682,"geometry":{"type":"Point","coordinates":[12.5671,40.184199999999997]},"properties":{"FID":682,"F1":"IODP","leg":402,"site":"U1616D","latitude":40.184199999999997,"longitude":12.5671,"arrival":"03/17/24 21:15","water_dept":3566.9299999999998,"core_penet":66.099999999999994,"core_recov":0}},{"type":"Feature","id":683,"geometry":{"type":"Point","coordinates":[12.56662,40.184176669999999]},"properties":{"FID":683,"F1":"IODP","leg":402,"site":"U1616E","latitude":40.184176999999998,"longitude":12.56662,"arrival":"03/19/24 15:00","water_dept":3566.9299999999998,"core_penet":427.19999999999999,"core_recov":31.109999999999999}},{"type":"Feature","id":684,"geometry":{"type":"Point","coordinates":[13.407769999999999,40.000351670000001]},"properties":{"FID":684,"F1":"IODP","leg":402,"site":"U1617A","latitude":40.000351999999999,"longitude":13.407769999999999,"arrival":"2003/12/24 21:00","water_dept":2822.3299999999999,"core_penet":339.89999999999998,"core_recov":304.19999999999999}},{"type":"Feature","id":685,"geometry":{"type":"Point","coordinates":[13.407769999999999,40.000528330000002]},"properties":{"FID":685,"F1":"IODP","leg":402,"site":"U1617B","latitude":40.000528000000003,"longitude":13.407769999999999,"arrival":"03/27/24 14:38","water_dept":2822.3299999999999,"core_penet":370.39999999999998,"core_recov":68.909999999999997}},{"type":"Feature","id":686,"geometry":{"type":"Point","coordinates":[7.4731100000000001,78.948449999999994]},"properties":{"FID":686,"F1":"IODP","leg":403,"site":"U1618A","latitude":78.948449999999994,"longitude":7.4731100000000001,"arrival":"06/14/2024 07:19","water_dept":1196,"core_penet":276.89999999999998,"core_recov":252.62}},{"type":"Feature","id":687,"geometry":{"type":"Point","coordinates":[7.4746966669999999,78.948091669999997]},"properties":{"FID":687,"F1":"IODP","leg":403,"site":"U1618B","latitude":78.948092000000003,"longitude":7.4746969999999999,"arrival":"06/16/2024 08:45","water_dept":1195.23,"core_penet":414.30000000000001,"core_recov":375.24000000000001}},{"type":"Feature","id":688,"geometry":{"type":"Point","coordinates":[7.4739466669999999,78.948266669999995]},"properties":{"FID":688,"F1":"IODP","leg":403,"site":"U1618C","latitude":78.948267000000001,"longitude":7.4739469999999999,"arrival":"06/20/2024 05:45","water_dept":1195.79,"core_penet":411.10000000000002,"core_recov":450.58999999999997}},{"type":"Feature","id":689,"geometry":{"type":"Point","coordinates":[4.4887116669999996,79.159823329999995]},"properties":{"FID":689,"F1":"IODP","leg":403,"site":"U1619A","latitude":79.159823000000003,"longitude":4.4887119999999996,"arrival":"06/23/2024 13:47","water_dept":1676.1500000000001,"core_penet":627.89999999999998,"core_recov":728.35000000000002}},{"type":"Feature","id":690,"geometry":{"type":"Point","coordinates":[5.8896483330000002,78.271811670000005]},"properties":{"FID":690,"F1":"IODP","leg":403,"site":"U1620A","latitude":78.271811999999997,"longitude":5.8896480000000002,"arrival":"06/29/2024 00:52","water_dept":1577.72,"core_penet":239.90000000000001,"core_recov":277.10000000000002}},{"type":"Feature","id":691,"geometry":{"type":"Point","coordinates":[5.8975749999999998,78.27261]},"properties":{"FID":691,"F1":"IODP","leg":403,"site":"U1620B","latitude":78.27261,"longitude":5.8975749999999998,"arrival":"06/30/2024 18:25","water_dept":1597.1199999999999,"core_penet":0.40000000000000002,"core_recov":0.34000000000000002}},{"type":"Feature","id":692,"geometry":{"type":"Point","coordinates":[5.8976116669999996,78.27261]},"properties":{"FID":692,"F1":"IODP","leg":403,"site":"U1620C","latitude":78.27261,"longitude":5.8976119999999996,"arrival":"06/30/2024 22:00","water_dept":1597.1199999999999,"core_penet":169.90000000000001,"core_recov":186.87}},{"type":"Feature","id":693,"geometry":{"type":"Point","coordinates":[5.8936016670000004,78.272220000000004]},"properties":{"FID":693,"F1":"IODP","leg":403,"site":"U1620D","latitude":78.272220000000004,"longitude":5.8936019999999996,"arrival":"07/01/2024 21:45","water_dept":1586.02,"core_penet":616,"core_recov":667.88999999999999}},{"type":"Feature","id":694,"geometry":{"type":"Point","coordinates":[12.738625000000001,76.521593330000002]},"properties":{"FID":694,"F1":"IODP","leg":403,"site":"U1621A","latitude":76.521592999999996,"longitude":12.738625000000001,"arrival":"07/07/2024 05:43","water_dept":1638.6300000000001,"core_penet":215.30000000000001,"core_recov":180.40000000000001}},{"type":"Feature","id":695,"geometry":{"type":"Point","coordinates":[12.73893,76.521754999999999]},"properties":{"FID":695,"F1":"IODP","leg":403,"site":"U1621B","latitude":76.521754999999999,"longitude":12.73893,"arrival":"07/08/2024 15:45","water_dept":1636.51,"core_penet":216.09999999999999,"core_recov":203.38999999999999}},{"type":"Feature","id":696,"geometry":{"type":"Point","coordinates":[12.73925333,76.521919999999994]},"properties":{"FID":696,"F1":"IODP","leg":403,"site":"U1621C","latitude":76.521919999999994,"longitude":12.739253,"arrival":"07/10/2024 06:12","water_dept":1635.9300000000001,"core_penet":207.90000000000001,"core_recov":195.18000000000001}},{"type":"Feature","id":697,"geometry":{"type":"Point","coordinates":[12.554765,76.457491669999996]},"properties":{"FID":697,"F1":"IODP","leg":403,"site":"U1622A","latitude":76.457492000000002,"longitude":12.554765,"arrival":"07/11/2024 22:12","water_dept":1705.51,"core_penet":46.5,"core_recov":46.259999999999998}},{"type":"Feature","id":698,"geometry":{"type":"Point","coordinates":[12.57326333,76.530656669999999]},"properties":{"FID":698,"F1":"IODP","leg":403,"site":"U1623A","latitude":76.530657000000005,"longitude":12.573263000000001,"arrival":"07/12/2024 16:00","water_dept":1707.7,"core_penet":369.30000000000001,"core_recov":330.72000000000003}},{"type":"Feature","id":699,"geometry":{"type":"Point","coordinates":[12.57353,76.530833329999993]},"properties":{"FID":699,"F1":"IODP","leg":403,"site":"U1623B","latitude":76.530833000000001,"longitude":12.57353,"arrival":"07/14/2024 22:11","water_dept":1707.6800000000001,"core_penet":0.10000000000000001,"core_recov":0.050000000000000003}},{"type":"Feature","id":700,"geometry":{"type":"Point","coordinates":[12.573793330000001,76.530990000000003]},"properties":{"FID":700,"F1":"IODP","leg":403,"site":"U1623C","latitude":76.530990000000003,"longitude":12.573793,"arrival":"07/15/2024 01:00","water_dept":1706.3800000000001,"core_penet":369,"core_recov":322.38}},{"type":"Feature","id":701,"geometry":{"type":"Point","coordinates":[12.574536670000001,76.530918330000006]},"properties":{"FID":701,"F1":"IODP","leg":403,"site":"U1623D","latitude":76.530918,"longitude":12.574536999999999,"arrival":"07/21/2024 16:46","water_dept":1715.5699999999999,"core_penet":370,"core_recov":351.06}},{"type":"Feature","id":702,"geometry":{"type":"Point","coordinates":[12.574165000000001,76.530955000000006]},"properties":{"FID":702,"F1":"IODP","leg":403,"site":"U1623E","latitude":76.530955000000006,"longitude":12.574165000000001,"arrival":"07/24/2024 22:31","water_dept":1707.23,"core_penet":9.5999999999999996,"core_recov":9.6300000000000008}},{"type":"Feature","id":703,"geometry":{"type":"Point","coordinates":[12.574168329999999,76.530941670000004]},"properties":{"FID":703,"F1":"IODP","leg":403,"site":"U1623F","latitude":76.530941999999996,"longitude":12.574168,"arrival":"07/25/2024 01:00","water_dept":1706.73,"core_penet":162.30000000000001,"core_recov":147.03999999999999}},{"type":"Feature","id":704,"geometry":{"type":"Point","coordinates":[12.57410833,76.531156670000001]},"properties":{"FID":704,"F1":"IODP","leg":403,"site":"U1623G","latitude":76.531156999999993,"longitude":12.574108000000001,"arrival":"07/25/2024 19:05","water_dept":1704.8299999999999,"core_penet":142.09999999999999,"core_recov":153.5}},{"type":"Feature","id":705,"geometry":{"type":"Point","coordinates":[10.093795,77.587711670000004]},"properties":{"FID":705,"F1":"IODP","leg":403,"site":"U1624A","latitude":77.587711999999996,"longitude":10.093795,"arrival":"07/18/2024 04:00","water_dept":1319.8099999999999,"core_penet":1.3,"core_recov":1.3300000000000001}},{"type":"Feature","id":706,"geometry":{"type":"Point","coordinates":[10.09399833,77.587708329999998]},"properties":{"FID":706,"F1":"IODP","leg":403,"site":"U1624B","latitude":77.587708000000006,"longitude":10.093997999999999,"arrival":"07/18/2024 09:30","water_dept":1319.8099999999999,"core_penet":258,"core_recov":223.05000000000001}},{"type":"Feature","id":707,"geometry":{"type":"Point","coordinates":[10.093453329999999,77.587571670000003]},"properties":{"FID":707,"F1":"IODP","leg":403,"site":"U1624C","latitude":77.587571999999994,"longitude":10.093453,"arrival":"07/19/2024 22:22","water_dept":1319.5799999999999,"core_penet":258,"core_recov":240.24000000000001}},{"type":"Feature","id":708,"geometry":{"type":"Point","coordinates":[143.9135,37.938899999999997]},"properties":{"FID":708,"F1":"IODP","leg":405,"site":"C0019","latitude":37.938899999999997,"longitude":143.9135,"arrival":" ","water_dept":0,"core_penet":0,"core_recov":0}},{"type":"Feature","id":709,"geometry":{"type":"Point","coordinates":[144.06880000000001,37.926699999999997]},"properties":{"FID":709,"F1":"IODP","leg":405,"site":"C0026","latitude":37.926699999999997,"longitude":144.06880000000001,"arrival":" ","water_dept":0,"core_penet":0,"core_recov":0}},{"type":"Feature","id":710,"geometry":{"type":"Point","coordinates":[-86.190561669999994,9.6476400000000009]},"properties":{"FID":710,"F1":"IODP","leg":0,"site":"1253A","latitude":9.6476400000000009,"longitude":-86.190562,"arrival":" ","water_dept":0,"core_penet":0,"core_recov":0}},{"type":"Feature","id":711,"geometry":{"type":"Point","coordinates":[-86.185820000000007,9.6545299999999994]},"properties":{"FID":711,"F1":"IODP","leg":0,"site":"1255A","latitude":9.6545299999999994,"longitude":-86.185820000000007,"arrival":" ","water_dept":0,"core_penet":0,"core_recov":0}},{"type":"Feature","id":712,"geometry":{"type":"Point","coordinates":[156.6241,3.6055799999999998]},"properties":{"FID":712,"F1":"IODP","leg":0,"site":"U1330A","latitude":3.6055799999999998,"longitude":156.6241,"arrival":"02/15/2009 04:15","water_dept":0,"core_penet":19.100000000000001,"core_recov":16.09}},{"type":"Feature","id":713,"geometry":{"type":"Point","coordinates":[156.6241,3.6053500000000001]},"properties":{"FID":713,"F1":"IODP","leg":0,"site":"U1330B","latitude":3.6053500000000001,"longitude":156.6241,"arrival":"02/19/2009 09:45","water_dept":0,"core_penet":92.200000000000003,"core_recov":87.180000000000007}},{"type":"Feature","id":714,"geometry":{"type":"Point","coordinates":[-127.7638833,47.753500000000003]},"properties":{"FID":714,"F1":"IODP","leg":0,"site":"U1301A","latitude":47.753500000000003,"longitude":-127.76388300000001,"arrival":" ","water_dept":2668.6999999999998,"core_penet":0,"core_recov":0}},{"type":"Feature","id":715,"geometry":{"type":"Point","coordinates":[-127.76376670000001,47.753819999999997]},"properties":{"FID":715,"F1":"IODP","leg":0,"site":"U1301B","latitude":47.753819999999997,"longitude":-127.763767,"arrival":" ","water_dept":2667.8000000000002,"core_penet":0,"core_recov":0}},{"type":"Feature","id":716,"geometry":{"type":"Point","coordinates":[-42.118551670000002,30.168659999999999]},"properties":{"FID":716,"F1":"IODP","leg":0,"site":"U1309D","latitude":30.168659999999999,"longitude":-42.118552000000001,"arrival":" ","water_dept":0,"core_penet":0,"core_recov":0}},{"type":"Feature","id":717,"geometry":{"type":"Point","coordinates":[-42.118551629999999,30.168659999999999]},"properties":{"FID":717,"F1":"IODP","leg":0,"site":"U1392A","latitude":30.168659999999999,"longitude":-42.118552000000001,"arrival":"01/00/1900 00:00","water_dept":1644.55,"core_penet":0.01,"core_recov":0.01}},{"type":"Feature","id":718,"geometry":{"type":"Point","coordinates":[-128.7089033,48.455979999999997]},"properties":{"FID":718,"F1":"IODP","leg":0,"site":"858G","latitude":48.455979999999997,"longitude":-128.70890299999999,"arrival":"05/21/2013 00:00","water_dept":2416.8400000000001,"core_penet":0,"core_recov":0}},{"type":"Feature","id":719,"geometry":{"type":"Point","coordinates":[-126.847515,48.669710000000002]},"properties":{"FID":719,"F1":"IODP","leg":0,"site":"U1416A","latitude":48.669710000000002,"longitude":-126.847515,"arrival":"05/23/2013 22:57","water_dept":1260.8299999999999,"core_penet":0,"core_recov":0}},{"type":"Feature","id":720,"geometry":{"type":"Point","coordinates":[-126.84749170000001,48.670050000000003]},"properties":{"FID":720,"F1":"IODP","leg":0,"site":"U1416B","latitude":48.670050000000003,"longitude":-126.847492,"arrival":"05/25/2013 14:20","water_dept":1260.8299999999999,"core_penet":0,"core_recov":0}},{"type":"Feature","id":721,"geometry":{"type":"Point","coordinates":[57.278133330000003,-32.706029999999998]},"properties":{"FID":721,"F1":"IODP","leg":0,"site":"U1473A","latitude":-32.706029999999998,"longitude":57.278132999999997,"arrival":"07/12/2016 08:00","water_dept":710.35000000000002,"core_penet":19.699999999999999,"core_recov":16.91}},{"type":"Feature","id":722,"geometry":{"type":"Point","coordinates":[116.3140933,18.143830000000001]},"properties":{"FID":722,"F1":"IODP","leg":0,"site":"U1503A","latitude":18.143830000000001,"longitude":116.314093,"arrival":"05/14/2017 04:30","water_dept":3867.71,"core_penet":1710.0999999999999,"core_recov":175.72999999999999}},{"type":"Feature","id":723,"geometry":{"type":"Point","coordinates":[-83.730225000000004,1.2269099999999999]},"properties":{"FID":723,"F1":"IODP","leg":0,"site":"504B","latitude":1.2269099999999999,"longitude":-83.730225000000004,"arrival":" ","water_dept":3463,"core_penet":0,"core_recov":0}},{"type":"Feature","id":724,"geometry":{"type":"Point","coordinates":[-83.723293330000004,1.21698]},"properties":{"FID":724,"F1":"IODP","leg":0,"site":"896A","latitude":1.21698,"longitude":-83.723292999999998,"arrival":" ","water_dept":3448,"core_penet":0,"core_recov":0}},{"type":"Feature","id":725,"geometry":{"type":"Point","coordinates":[-26.699120000000001,-30.942073329999999]},"properties":{"FID":725,"F1":"IODP","leg":0,"site":"U1556A","latitude":-30.942073000000001,"longitude":-26.699120000000001,"arrival":"10/28/2020 01:30","water_dept":5006.3699999999999,"core_penet":283.80000000000001,"core_recov":243.78}},{"type":"Feature","id":726,"geometry":{"type":"Point","coordinates":[-26.62985333,-30.940915]},"properties":{"FID":726,"F1":"IODP","leg":0,"site":"U1557A","latitude":-30.940915,"longitude":-26.629853000000001,"arrival":"11/1/2020 07:40","water_dept":5012.2799999999997,"core_penet":9.5,"core_recov":9.6300000000000008}},{"type":"Feature","id":727,"geometry":{"type":"Point","coordinates":[-26.629625000000001,-30.940911669999998]},"properties":{"FID":727,"F1":"IODP","leg":0,"site":"U1557B","latitude":-30.940912000000001,"longitude":-26.629625000000001,"arrival":"11/1/2020 13:45","water_dept":5012.2799999999997,"core_penet":574,"core_recov":414.94}},{"type":"Feature","id":728,"geometry":{"type":"Point","coordinates":[-26.629828329999999,-30.941076670000001]},"properties":{"FID":728,"F1":"IODP","leg":0,"site":"U1557C","latitude":-30.941077,"longitude":-26.629828,"arrival":"11/9/2020 01:10","water_dept":5012.2799999999997,"core_penet":3,"core_recov":0}},{"type":"Feature","id":729,"geometry":{"type":"Point","coordinates":[-26.629819999999999,-30.941085000000001]},"properties":{"FID":729,"F1":"IODP","leg":0,"site":"U1557D","latitude":-30.941085000000001,"longitude":-26.629819999999999,"arrival":"11/9/2020 18:35","water_dept":5010.6599999999999,"core_penet":64.200000000000003,"core_recov":0}},{"type":"Feature","id":730,"geometry":{"type":"Point","coordinates":[-24.841616670000001,-30.896213329999998]},"properties":{"FID":730,"F1":"IODP","leg":0,"site":"U1558A","latitude":-30.896212999999999,"longitude":-24.841616999999999,"arrival":"11/12/2020 16:30","water_dept":4336.8699999999999,"core_penet":163.90000000000001,"core_recov":138.69}},{"type":"Feature","id":731,"geometry":{"type":"Point","coordinates":[-24.841405000000002,-30.896178330000001]},"properties":{"FID":731,"F1":"IODP","leg":0,"site":"U1558B","latitude":-30.896177999999999,"longitude":-24.841405000000002,"arrival":"11/15/2020 06:10","water_dept":4336.8100000000004,"core_penet":161.09999999999999,"core_recov":0}},{"type":"Feature","id":732,"geometry":{"type":"Point","coordinates":[-24.841570000000001,-30.896268330000002]},"properties":{"FID":732,"F1":"IODP","leg":0,"site":"U1558C","latitude":-30.896267999999999,"longitude":-24.841570000000001,"arrival":"11/18/2020 19:00","water_dept":4336.8599999999997,"core_penet":162.69999999999999,"core_recov":0}},{"type":"Feature","id":733,"geometry":{"type":"Point","coordinates":[-24.841370000000001,-30.896356669999999]},"properties":{"FID":733,"F1":"IODP","leg":0,"site":"U1558D","latitude":-30.896356999999998,"longitude":-24.841370000000001,"arrival":"11/21/2020 09:56","water_dept":4334.4399999999996,"core_penet":150,"core_recov":0}},{"type":"Feature","id":734,"geometry":{"type":"Point","coordinates":[-15.034903330000001,-30.260558329999999]},"properties":{"FID":734,"F1":"IODP","leg":0,"site":"U1559A","latitude":-30.260558,"longitude":-15.034903,"arrival":"11/25/2020 16:40","water_dept":3055.7199999999998,"core_penet":66.200000000000003,"core_recov":58.009999999999998}},{"type":"Feature","id":735,"geometry":{"type":"Point","coordinates":[-15.03490167,-30.260560000000002]},"properties":{"FID":735,"F1":"IODP","leg":0,"site":"U1559B","latitude":-30.260560000000002,"longitude":-15.034902000000001,"arrival":"11/26/2020 21:20","water_dept":3055.04,"core_penet":58.899999999999999,"core_recov":0}},{"type":"Feature","id":736,"geometry":{"type":"Point","coordinates":[-26.702206669999999,60.125391669999999]},"properties":{"FID":736,"F1":"IODP","leg":0,"site":"U1554E","latitude":60.125391999999998,"longitude":-26.702207000000001,"arrival":"06/24/2021 01:45","water_dept":1869.8299999999999,"core_penet":647.70000000000005,"core_recov":541.07000000000005}},{"type":"Feature","id":737,"geometry":{"type":"Point","coordinates":[-26.701899999999998,60.125226670000004]},"properties":{"FID":737,"F1":"IODP","leg":0,"site":"U1554F","latitude":60.125227000000002,"longitude":-26.701899999999998,"arrival":"06/29/2021 02:45","water_dept":1869.71,"core_penet":779.89999999999998,"core_recov":100.15000000000001}},{"type":"Feature","id":738,"geometry":{"type":"Point","coordinates":[-28.500399170000001,60.228206999999998]},"properties":{"FID":738,"F1":"IODP","leg":0,"site":"U1555H","latitude":60.228206999999998,"longitude":-28.500399000000002,"arrival":"06/12/2021 13:00","water_dept":1523.6500000000001,"core_penet":177.5,"core_recov":180.06}},{"type":"Feature","id":739,"geometry":{"type":"Point","coordinates":[-28.499973669999999,60.228161]},"properties":{"FID":739,"F1":"IODP","leg":0,"site":"U1555I","latitude":60.228161,"longitude":-28.499974000000002,"arrival":"06/14/2021 20:20","water_dept":1523.5899999999999,"core_penet":376.5,"core_recov":104.19}},{"type":"Feature","id":740,"geometry":{"type":"Point","coordinates":[-26.502075000000001,60.105049999999999]},"properties":{"FID":740,"F1":"IODP","leg":0,"site":"U1562A","latitude":60.105049999999999,"longitude":-26.502075000000001,"arrival":"07/10/2021 13:06","water_dept":2003.3499999999999,"core_penet":429.80000000000001,"core_recov":411.04000000000002}},{"type":"Feature","id":741,"geometry":{"type":"Point","coordinates":[-26.501709999999999,60.104988329999998]},"properties":{"FID":741,"F1":"IODP","leg":0,"site":"U1562B","latitude":60.104987999999999,"longitude":-26.501709999999999,"arrival":"07/13/2021 19:35","water_dept":2003.3499999999999,"core_penet":561.5,"core_recov":73.079999999999998}},{"type":"Feature","id":742,"geometry":{"type":"Point","coordinates":[-28.000348670000001,60.199975670000001]},"properties":{"FID":742,"F1":"IODP","leg":0,"site":"U1563A","latitude":60.199975999999999,"longitude":-28.000349,"arrival":"07/22/2021 02:30","water_dept":1417.9200000000001,"core_penet":327.60000000000002,"core_recov":334.98000000000002}},{"type":"Feature","id":743,"geometry":{"type":"Point","coordinates":[-27.999993329999999,60.199910330000002]},"properties":{"FID":743,"F1":"IODP","leg":0,"site":"U1563B","latitude":60.199910000000003,"longitude":-27.999993,"arrival":"07/24/2021 07:15","water_dept":1417.9200000000001,"core_penet":456.60000000000002,"core_recov":44.380000000000003}},{"type":"Feature","id":744,"geometry":{"type":"Point","coordinates":[-23.266784999999999,59.850628329999999]},"properties":{"FID":744,"F1":"IODP","leg":0,"site":"U1564A","latitude":59.850628,"longitude":-23.266784999999999,"arrival":"07/30/2021 17:57","water_dept":2208.1399999999999,"core_penet":9.5,"core_recov":9.8900000000000006}},{"type":"Feature","id":745,"geometry":{"type":"Point","coordinates":[-23.266446500000001,59.850619500000001]},"properties":{"FID":745,"F1":"IODP","leg":0,"site":"U1564B","latitude":59.850619999999999,"longitude":-23.266446999999999,"arrival":"07/31/2021 03:18","water_dept":2207.9400000000001,"core_penet":26.199999999999999,"core_recov":26.809999999999999}},{"type":"Feature","id":746,"geometry":{"type":"Point","coordinates":[-23.26681233,59.850623830000004]},"properties":{"FID":746,"F1":"IODP","leg":0,"site":"U1564C","latitude":59.850624000000003,"longitude":-23.266812000000002,"arrival":"07/31/2021 06:30","water_dept":2208.1399999999999,"core_penet":628.89999999999998,"core_recov":618.71000000000004}},{"type":"Feature","id":747,"geometry":{"type":"Point","coordinates":[-26.699120000000001,-30.942073329999999]},"properties":{"FID":747,"F1":"IODP","leg":0,"site":"U1556B","latitude":-30.942073000000001,"longitude":-26.699120000000001,"arrival":"05/5/2021 06:30","water_dept":5016,"core_penet":0,"core_recov":0}},{"type":"Feature","id":748,"geometry":{"type":"Point","coordinates":[-16.922863329999998,-30.40344]},"properties":{"FID":748,"F1":"IODP","leg":0,"site":"U1560A","latitude":-30.40344,"longitude":-16.922863,"arrival":"04/22/2021 02:30","water_dept":3723.6700000000001,"core_penet":122.5,"core_recov":119.04000000000001}},{"type":"Feature","id":749,"geometry":{"type":"Point","coordinates":[-16.922836669999999,-30.403428330000001]},"properties":{"FID":749,"F1":"IODP","leg":0,"site":"U1560B","latitude":-30.403428000000002,"longitude":-16.922837000000001,"arrival":"04/24/2021 15:15","water_dept":3723.6599999999999,"core_penet":0,"core_recov":0}},{"type":"Feature","id":750,"geometry":{"type":"Point","coordinates":[-26.695270000000001,-30.721503330000001]},"properties":{"FID":750,"F1":"IODP","leg":0,"site":"U1561A","latitude":-30.721502999999998,"longitude":-26.695270000000001,"arrival":"05/11/2021 03:45","water_dept":4923.7399999999998,"core_penet":48.899999999999999,"core_recov":45.409999999999997}},{"type":"Feature","id":751,"geometry":{"type":"Point","coordinates":[-26.695270000000001,-30.721503330000001]},"properties":{"FID":751,"F1":"IODP","leg":0,"site":"U1561B","latitude":-30.721502999999998,"longitude":-26.695270000000001,"arrival":"05/11/2021 03:45","water_dept":4923.7399999999998,"core_penet":9.5,"core_recov":9.6300000000000008}},{"type":"Feature","id":752,"geometry":{"type":"Point","coordinates":[-26.695270000000001,-30.721503330000001]},"properties":{"FID":752,"F1":"IODP","leg":0,"site":"U1561C","latitude":-30.721502999999998,"longitude":-26.695270000000001,"arrival":"05/11/2021 03:45","water_dept":4923.7399999999998,"core_penet":9.5,"core_recov":10.199999999999999}},{"type":"Feature","id":753,"geometry":{"type":"Point","coordinates":[2.837008333,-31.338695000000001]},"properties":{"FID":753,"F1":"IODP","leg":0,"site":"U1584A","latitude":-31.338695000000001,"longitude":2.837008,"arrival":"09/15/2022 07:45","water_dept":2304.77,"core_penet":208.19999999999999,"core_recov":23.68}},{"type":"Feature","id":754,"geometry":{"type":"Point","coordinates":[1.1774849999999999,-30.166933329999999]},"properties":{"FID":754,"F1":"IODP","leg":0,"site":"U1585A","latitude":-30.166933,"longitude":1.1774849999999999,"arrival":"09/17/2022 15:45","water_dept":3457.3400000000001,"core_penet":498.80000000000001,"core_recov":217.72999999999999}}]
}