{
  "type" : "FeatureCollection",
  "features" : [{"type":"Feature","id":0,"geometry":{"type":"Point","coordinates":[-127.76389999999998,47.753500000000031]},"properties":{"FID":0,"Name":"U1301A","FolderPath":"301","fullname":"301-U1301-A"}},{"type":"Feature","id":1,"geometry":{"type":"Point","coordinates":[-127.76379999999995,47.753800000000069]},"properties":{"FID":1,"Name":"U1301B","FolderPath":"301","fullname":"301-U1301-B"}},{"type":"Feature","id":2,"geometry":{"type":"Point","coordinates":[-127.76329999999996,47.754700000000071]},"properties":{"FID":2,"Name":"U1301C","FolderPath":"301","fullname":"301-U1301-C"}},{"type":"Feature","id":3,"geometry":{"type":"Point","coordinates":[-127.76299999999998,47.754600000000039]},"properties":{"FID":3,"Name":"U1301D","FolderPath":"301","fullname":"301-U1301-D"}},{"type":"Feature","id":4,"geometry":{"type":"Point","coordinates":[138.46060000000011,87.90360000000004]},"properties":{"FID":4,"Name":"M0001A","FolderPath":"302","fullname":"302-M0001-A"}},{"type":"Feature","id":5,"geometry":{"type":"Point","coordinates":[139.36500000000001,87.921200000000056]},"properties":{"FID":5,"Name":"M0002A","FolderPath":"302","fullname":"302-M0002-A"}},{"type":"Feature","id":6,"geometry":{"type":"Point","coordinates":[139.53500000000008,87.933300000000031]},"properties":{"FID":6,"Name":"M0003A","FolderPath":"302","fullname":"302-M0003-A"}},{"type":"Feature","id":7,"geometry":{"type":"Point","coordinates":[136.17740000000003,87.866600000000062]},"properties":{"FID":7,"Name":"M0004A","FolderPath":"302","fullname":"302-M0004-A"}},{"type":"Feature","id":8,"geometry":{"type":"Point","coordinates":[136.17460000000005,87.867000000000075]},"properties":{"FID":8,"Name":"M0004B","FolderPath":"302","fullname":"302-M0004-B"}},{"type":"Feature","id":9,"geometry":{"type":"Point","coordinates":[136.18970000000002,87.867800000000045]},"properties":{"FID":9,"Name":"M0004C","FolderPath":"302","fullname":"302-M0004-C"}},{"type":"Feature","id":10,"geometry":{"type":"Point","coordinates":[-45.637899999999945,50.166400000000067]},"properties":{"FID":10,"Name":"U1302A","FolderPath":"303","fullname":"303-U1302-A"}},{"type":"Feature","id":11,"geometry":{"type":"Point","coordinates":[-45.638199999999983,50.166600000000074]},"properties":{"FID":11,"Name":"U1302B","FolderPath":"303","fullname":"303-U1302-B"}},{"type":"Feature","id":12,"geometry":{"type":"Point","coordinates":[-45.638499999999965,50.16680000000008]},"properties":{"FID":12,"Name":"U1302C","FolderPath":"303","fullname":"303-U1302-C"}},{"type":"Feature","id":13,"geometry":{"type":"Point","coordinates":[-45.638699999999972,50.16700000000003]},"properties":{"FID":13,"Name":"U1302D","FolderPath":"303","fullname":"303-U1302-D"}},{"type":"Feature","id":14,"geometry":{"type":"Point","coordinates":[-45.638999999999953,50.167200000000037]},"properties":{"FID":14,"Name":"U1302E","FolderPath":"303","fullname":"303-U1302-E"}},{"type":"Feature","id":15,"geometry":{"type":"Point","coordinates":[-45.686999999999955,50.206700000000069]},"properties":{"FID":15,"Name":"U1303A","FolderPath":"303","fullname":"303-U1303-A"}},{"type":"Feature","id":16,"geometry":{"type":"Point","coordinates":[-45.686599999999942,50.206400000000031]},"properties":{"FID":16,"Name":"U1303B","FolderPath":"303","fullname":"303-U1303-B"}},{"type":"Feature","id":17,"geometry":{"type":"Point","coordinates":[-33.529699999999934,53.056700000000035]},"properties":{"FID":17,"Name":"U1304A","FolderPath":"303","fullname":"303-U1304-A"}},{"type":"Feature","id":18,"geometry":{"type":"Point","coordinates":[-33.529499999999985,53.056500000000028]},"properties":{"FID":18,"Name":"U1304B","FolderPath":"303","fullname":"303-U1304-B"}},{"type":"Feature","id":19,"geometry":{"type":"Point","coordinates":[-33.529199999999946,53.056400000000053]},"properties":{"FID":19,"Name":"U1304C","FolderPath":"303","fullname":"303-U1304-C"}},{"type":"Feature","id":20,"geometry":{"type":"Point","coordinates":[-33.52899999999994,53.056300000000078]},"properties":{"FID":20,"Name":"U1304D","FolderPath":"303","fullname":"303-U1304-D"}},{"type":"Feature","id":21,"geometry":{"type":"Point","coordinates":[-48.530699999999968,57.475100000000054]},"properties":{"FID":21,"Name":"U1305A","FolderPath":"303","fullname":"303-U1305-A"}},{"type":"Feature","id":22,"geometry":{"type":"Point","coordinates":[-48.530199999999979,57.475100000000054]},"properties":{"FID":22,"Name":"U1305B","FolderPath":"303","fullname":"303-U1305-B"}},{"type":"Feature","id":23,"geometry":{"type":"Point","coordinates":[-48.529699999999934,57.475100000000054]},"properties":{"FID":23,"Name":"U1305C","FolderPath":"303","fullname":"303-U1305-C"}},{"type":"Feature","id":24,"geometry":{"type":"Point","coordinates":[-45.643099999999947,58.237100000000055]},"properties":{"FID":24,"Name":"U1306A","FolderPath":"303","fullname":"303-U1306-A"}},{"type":"Feature","id":25,"geometry":{"type":"Point","coordinates":[-45.642599999999959,58.237100000000055]},"properties":{"FID":25,"Name":"U1306B","FolderPath":"303","fullname":"303-U1306-B"}},{"type":"Feature","id":26,"geometry":{"type":"Point","coordinates":[-45.642099999999971,58.237100000000055]},"properties":{"FID":26,"Name":"U1306C","FolderPath":"303","fullname":"303-U1306-C"}},{"type":"Feature","id":27,"geometry":{"type":"Point","coordinates":[-45.641699999999958,58.237100000000055]},"properties":{"FID":27,"Name":"U1306D","FolderPath":"303","fullname":"303-U1306-D"}},{"type":"Feature","id":28,"geometry":{"type":"Point","coordinates":[-46.400499999999965,58.505800000000079]},"properties":{"FID":28,"Name":"U1307A","FolderPath":"303","fullname":"303-U1307-A"}},{"type":"Feature","id":29,"geometry":{"type":"Point","coordinates":[-46.400899999999979,58.506000000000029]},"properties":{"FID":29,"Name":"U1307B","FolderPath":"303","fullname":"303-U1307-B"}},{"type":"Feature","id":30,"geometry":{"type":"Point","coordinates":[-24.238099999999974,49.877800000000036]},"properties":{"FID":30,"Name":"U1308A","FolderPath":"303","fullname":"303-U1308-A"}},{"type":"Feature","id":31,"geometry":{"type":"Point","coordinates":[-24.238499999999931,49.877800000000036]},"properties":{"FID":31,"Name":"U1308B","FolderPath":"303","fullname":"303-U1308-B"}},{"type":"Feature","id":32,"geometry":{"type":"Point","coordinates":[-24.238099999999974,49.878100000000074]},"properties":{"FID":32,"Name":"U1308C","FolderPath":"303","fullname":"303-U1308-C"}},{"type":"Feature","id":33,"geometry":{"type":"Point","coordinates":[-24.238099999999974,49.878300000000081]},"properties":{"FID":33,"Name":"U1308D","FolderPath":"303","fullname":"303-U1308-D"}},{"type":"Feature","id":34,"geometry":{"type":"Point","coordinates":[-24.238099999999974,49.878300000000081]},"properties":{"FID":34,"Name":"U1308E","FolderPath":"303","fullname":"303-U1308-E"}},{"type":"Feature","id":35,"geometry":{"type":"Point","coordinates":[-24.238499999999931,49.878300000000081]},"properties":{"FID":35,"Name":"U1308F","FolderPath":"303","fullname":"303-U1308-F"}},{"type":"Feature","id":36,"geometry":{"type":"Point","coordinates":[-42.118499999999983,30.168500000000051]},"properties":{"FID":36,"Name":"U1309A","FolderPath":"304","fullname":"304-U1309-A"}},{"type":"Feature","id":37,"geometry":{"type":"Point","coordinates":[-42.118499999999983,30.168500000000051]},"properties":{"FID":37,"Name":"U1309B","FolderPath":"304","fullname":"304-U1309-B"}},{"type":"Feature","id":38,"geometry":{"type":"Point","coordinates":[-42.118699999999933,30.168500000000051]},"properties":{"FID":38,"Name":"U1309C","FolderPath":"304","fullname":"304-U1309-C"}},{"type":"Feature","id":39,"geometry":{"type":"Point","coordinates":[-42.118599999999958,30.168700000000058]},"properties":{"FID":39,"Name":"U1309D","FolderPath":"304","fullname":"304-U1309-D"}},{"type":"Feature","id":40,"geometry":{"type":"Point","coordinates":[-42.118599999999958,30.168700000000058]},"properties":{"FID":40,"Name":"U1309E","FolderPath":"304","fullname":"304-U1309-E"}},{"type":"Feature","id":41,"geometry":{"type":"Point","coordinates":[-42.120829999999955,30.170000000000073]},"properties":{"FID":41,"Name":"U1309F","FolderPath":"304","fullname":"304-U1309-F"}},{"type":"Feature","id":42,"geometry":{"type":"Point","coordinates":[-42.105329999999981,30.175670000000025]},"properties":{"FID":42,"Name":"U1309G","FolderPath":"304","fullname":"304-U1309-G"}},{"type":"Feature","id":43,"geometry":{"type":"Point","coordinates":[-42.105329999999981,30.175670000000025]},"properties":{"FID":43,"Name":"U1309H","FolderPath":"304","fullname":"304-U1309-H"}},{"type":"Feature","id":44,"geometry":{"type":"Point","coordinates":[-42.065399999999954,30.191400000000044]},"properties":{"FID":44,"Name":"U1310A","FolderPath":"304","fullname":"304-U1310-A"}},{"type":"Feature","id":45,"geometry":{"type":"Point","coordinates":[-42.065299999999979,30.191400000000044]},"properties":{"FID":45,"Name":"U1310B","FolderPath":"304","fullname":"304-U1310-B"}},{"type":"Feature","id":46,"geometry":{"type":"Point","coordinates":[-42.06979999999993,30.176800000000071]},"properties":{"FID":46,"Name":"U1311A","FolderPath":"304","fullname":"304-U1311-A"}},{"type":"Feature","id":47,"geometry":{"type":"Point","coordinates":[-42.070299999999975,30.177700000000073]},"properties":{"FID":47,"Name":"U1311B","FolderPath":"304","fullname":"304-U1311-B"}},{"type":"Feature","id":48,"geometry":{"type":"Point","coordinates":[-42.118599999999958,30.168700000000058]},"properties":{"FID":48,"Name":"U1309D","FolderPath":"305","fullname":"305-U1309-D"}},{"type":"Feature","id":49,"geometry":{"type":"Point","coordinates":[-23.087499999999977,42.836700000000064]},"properties":{"FID":49,"Name":"U1312A","FolderPath":"306","fullname":"306-U1312-A"}},{"type":"Feature","id":50,"geometry":{"type":"Point","coordinates":[-23.087799999999959,42.836900000000071]},"properties":{"FID":50,"Name":"U1312B","FolderPath":"306","fullname":"306-U1312-B"}},{"type":"Feature","id":51,"geometry":{"type":"Point","coordinates":[-32.957299999999975,41.001100000000065]},"properties":{"FID":51,"Name":"U1313A","FolderPath":"306","fullname":"306-U1313-A"}},{"type":"Feature","id":52,"geometry":{"type":"Point","coordinates":[-32.957299999999975,41.001400000000046]},"properties":{"FID":52,"Name":"U1313B","FolderPath":"306","fullname":"306-U1313-B"}},{"type":"Feature","id":53,"geometry":{"type":"Point","coordinates":[-32.956999999999937,41.001300000000072]},"properties":{"FID":53,"Name":"U1313C","FolderPath":"306","fullname":"306-U1313-C"}},{"type":"Feature","id":54,"geometry":{"type":"Point","coordinates":[-32.956999999999937,41.001100000000065]},"properties":{"FID":54,"Name":"U1313D","FolderPath":"306","fullname":"306-U1313-D"}},{"type":"Feature","id":55,"geometry":{"type":"Point","coordinates":[-27.888499999999965,56.364700000000028]},"properties":{"FID":55,"Name":"U1314A","FolderPath":"306","fullname":"306-U1314-A"}},{"type":"Feature","id":56,"geometry":{"type":"Point","coordinates":[-27.888499999999965,56.364900000000034]},"properties":{"FID":56,"Name":"U1314B","FolderPath":"306","fullname":"306-U1314-B"}},{"type":"Feature","id":57,"geometry":{"type":"Point","coordinates":[-27.888099999999952,56.364900000000034]},"properties":{"FID":57,"Name":"U1314C","FolderPath":"306","fullname":"306-U1314-C"}},{"type":"Feature","id":58,"geometry":{"type":"Point","coordinates":[2.9374000000000251,67.212300000000027]},"properties":{"FID":58,"Name":"U1315A","FolderPath":"306","fullname":"306-U1315-A"}},{"type":"Feature","id":59,"geometry":{"type":"Point","coordinates":[-11.730099999999936,51.375900000000058]},"properties":{"FID":59,"Name":"U1316A","FolderPath":"307","fullname":"307-U1316-A"}},{"type":"Feature","id":60,"geometry":{"type":"Point","coordinates":[-11.730199999999968,51.376000000000033]},"properties":{"FID":60,"Name":"U1316B","FolderPath":"307","fullname":"307-U1316-B"}},{"type":"Feature","id":61,"geometry":{"type":"Point","coordinates":[-11.72989999999993,51.375700000000052]},"properties":{"FID":61,"Name":"U1316C","FolderPath":"307","fullname":"307-U1316-C"}},{"type":"Feature","id":62,"geometry":{"type":"Point","coordinates":[-11.718499999999949,51.380800000000079]},"properties":{"FID":62,"Name":"U1317A","FolderPath":"307","fullname":"307-U1317-A"}},{"type":"Feature","id":63,"geometry":{"type":"Point","coordinates":[-11.718199999999968,51.380700000000047]},"properties":{"FID":63,"Name":"U1317B","FolderPath":"307","fullname":"307-U1317-B"}},{"type":"Feature","id":64,"geometry":{"type":"Point","coordinates":[-11.717899999999929,51.38050000000004]},"properties":{"FID":64,"Name":"U1317C","FolderPath":"307","fullname":"307-U1317-C"}},{"type":"Feature","id":65,"geometry":{"type":"Point","coordinates":[-11.718199999999968,51.38050000000004]},"properties":{"FID":65,"Name":"U1317D","FolderPath":"307","fullname":"307-U1317-D"}},{"type":"Feature","id":66,"geometry":{"type":"Point","coordinates":[-11.717599999999948,51.380000000000052]},"properties":{"FID":66,"Name":"U1317E","FolderPath":"307","fullname":"307-U1317-E"}},{"type":"Feature","id":67,"geometry":{"type":"Point","coordinates":[-11.550299999999936,51.436000000000035]},"properties":{"FID":67,"Name":"U1318A","FolderPath":"307","fullname":"307-U1318-A"}},{"type":"Feature","id":68,"geometry":{"type":"Point","coordinates":[-11.550299999999936,51.435800000000029]},"properties":{"FID":68,"Name":"U1318B","FolderPath":"307","fullname":"307-U1318-B"}},{"type":"Feature","id":69,"geometry":{"type":"Point","coordinates":[-11.550699999999949,51.435800000000029]},"properties":{"FID":69,"Name":"U1318C","FolderPath":"307","fullname":"307-U1318-C"}},{"type":"Feature","id":70,"geometry":{"type":"Point","coordinates":[-94.40319999999997,27.266300000000058]},"properties":{"FID":70,"Name":"U1319A","FolderPath":"308","fullname":"308-U1319-A"}},{"type":"Feature","id":71,"geometry":{"type":"Point","coordinates":[-94.40319999999997,27.266400000000033]},"properties":{"FID":71,"Name":"U1319B","FolderPath":"308","fullname":"308-U1319-B"}},{"type":"Feature","id":72,"geometry":{"type":"Point","coordinates":[-94.387599999999964,27.301300000000026]},"properties":{"FID":72,"Name":"U1320A","FolderPath":"308","fullname":"308-U1320-A"}},{"type":"Feature","id":73,"geometry":{"type":"Point","coordinates":[-94.387499999999989,27.301500000000033]},"properties":{"FID":73,"Name":"U1320B","FolderPath":"308","fullname":"308-U1320-B"}},{"type":"Feature","id":74,"geometry":{"type":"Point","coordinates":[-94.398899999999969,27.275700000000029]},"properties":{"FID":74,"Name":"U1321A","FolderPath":"308","fullname":"308-U1321-A"}},{"type":"Feature","id":75,"geometry":{"type":"Point","coordinates":[-89.025199999999984,28.09940000000006]},"properties":{"FID":75,"Name":"U1322A","FolderPath":"308","fullname":"308-U1322-A"}},{"type":"Feature","id":76,"geometry":{"type":"Point","coordinates":[-89.024999999999977,28.09940000000006]},"properties":{"FID":76,"Name":"U1322B","FolderPath":"308","fullname":"308-U1322-B"}},{"type":"Feature","id":77,"geometry":{"type":"Point","coordinates":[-89.025399999999991,28.09940000000006]},"properties":{"FID":77,"Name":"U1322C","FolderPath":"308","fullname":"308-U1322-C"}},{"type":"Feature","id":78,"geometry":{"type":"Point","coordinates":[-89.025199999999984,28.099600000000066]},"properties":{"FID":78,"Name":"U1322D","FolderPath":"308","fullname":"308-U1322-D"}},{"type":"Feature","id":79,"geometry":{"type":"Point","coordinates":[-89.072499999999991,28.091200000000072]},"properties":{"FID":79,"Name":"U1323A","FolderPath":"308","fullname":"308-U1323-A"}},{"type":"Feature","id":80,"geometry":{"type":"Point","coordinates":[-89.139299999999935,28.079800000000034]},"properties":{"FID":80,"Name":"U1324A","FolderPath":"308","fullname":"308-U1324-A"}},{"type":"Feature","id":81,"geometry":{"type":"Point","coordinates":[-89.139099999999985,28.079700000000059]},"properties":{"FID":81,"Name":"U1324B","FolderPath":"308","fullname":"308-U1324-B"}},{"type":"Feature","id":82,"geometry":{"type":"Point","coordinates":[-89.139499999999941,28.079700000000059]},"properties":{"FID":82,"Name":"U1324C","FolderPath":"308","fullname":"308-U1324-C"}},{"type":"Feature","id":83,"geometry":{"type":"Point","coordinates":[-91.934352999999987,6.7360520000000292]},"properties":{"FID":83,"Name":"1256D","FolderPath":"309","fullname":"309-1256-D"}},{"type":"Feature","id":84,"geometry":{"type":"Point","coordinates":[-149.55086999999997,-17.766489999999976]},"properties":{"FID":84,"Name":"M0005A","FolderPath":"310","fullname":"310-M0005-A"}},{"type":"Feature","id":85,"geometry":{"type":"Point","coordinates":[-149.55086999999997,-17.766489999999976]},"properties":{"FID":85,"Name":"M0005B","FolderPath":"310","fullname":"310-M0005-B"}},{"type":"Feature","id":86,"geometry":{"type":"Point","coordinates":[-149.55078999999998,-17.766519999999957]},"properties":{"FID":86,"Name":"M0005C","FolderPath":"310","fullname":"310-M0005-C"}},{"type":"Feature","id":87,"geometry":{"type":"Point","coordinates":[-149.55078999999998,-17.766519999999957]},"properties":{"FID":87,"Name":"M0005D","FolderPath":"310","fullname":"310-M0005-D"}},{"type":"Feature","id":88,"geometry":{"type":"Point","coordinates":[-149.55074999999997,-17.766529999999932]},"properties":{"FID":88,"Name":"M0005E","FolderPath":"310","fullname":"310-M0005-E"}},{"type":"Feature","id":89,"geometry":{"type":"Point","coordinates":[-149.55084999999997,-17.766909999999939]},"properties":{"FID":89,"Name":"M0006A","FolderPath":"310","fullname":"310-M0006-A"}},{"type":"Feature","id":90,"geometry":{"type":"Point","coordinates":[-149.55067999999997,-17.765919999999937]},"properties":{"FID":90,"Name":"M0007A","FolderPath":"310","fullname":"310-M0007-A"}},{"type":"Feature","id":91,"geometry":{"type":"Point","coordinates":[-149.55112999999997,-17.765769999999975]},"properties":{"FID":91,"Name":"M0007B","FolderPath":"310","fullname":"310-M0007-B"}},{"type":"Feature","id":92,"geometry":{"type":"Point","coordinates":[-149.55020999999996,-17.765919999999937]},"properties":{"FID":92,"Name":"M0007C","FolderPath":"310","fullname":"310-M0007-C"}},{"type":"Feature","id":93,"geometry":{"type":"Point","coordinates":[-149.40717999999998,-17.493669999999952]},"properties":{"FID":93,"Name":"M0008A","FolderPath":"310","fullname":"310-M0008-A"}},{"type":"Feature","id":94,"geometry":{"type":"Point","coordinates":[-149.40342999999996,-17.488619999999969]},"properties":{"FID":94,"Name":"M0009A","FolderPath":"310","fullname":"310-M0009-A"}},{"type":"Feature","id":95,"geometry":{"type":"Point","coordinates":[-149.40339999999998,-17.488579999999956]},"properties":{"FID":95,"Name":"M0009B","FolderPath":"310","fullname":"310-M0009-B"}},{"type":"Feature","id":96,"geometry":{"type":"Point","coordinates":[-149.40346999999997,-17.488539999999944]},"properties":{"FID":96,"Name":"M0009C","FolderPath":"310","fullname":"310-M0009-C"}},{"type":"Feature","id":97,"geometry":{"type":"Point","coordinates":[-149.40334999999996,-17.488579999999956]},"properties":{"FID":97,"Name":"M0009D","FolderPath":"310","fullname":"310-M0009-D"}},{"type":"Feature","id":98,"geometry":{"type":"Point","coordinates":[-149.40352999999996,-17.488569999999982]},"properties":{"FID":98,"Name":"M0009E","FolderPath":"310","fullname":"310-M0009-E"}},{"type":"Feature","id":99,"geometry":{"type":"Point","coordinates":[-149.40278999999998,-17.48995999999994]},"properties":{"FID":99,"Name":"M0010A","FolderPath":"310","fullname":"310-M0010-A"}},{"type":"Feature","id":100,"geometry":{"type":"Point","coordinates":[-149.40266999999997,-17.489489999999932]},"properties":{"FID":100,"Name":"M0011A","FolderPath":"310","fullname":"310-M0011-A"}},{"type":"Feature","id":101,"geometry":{"type":"Point","coordinates":[-149.40182999999996,-17.490479999999934]},"properties":{"FID":101,"Name":"M0012A","FolderPath":"310","fullname":"310-M0012-A"}},{"type":"Feature","id":102,"geometry":{"type":"Point","coordinates":[-149.40205999999998,-17.489489999999932]},"properties":{"FID":102,"Name":"M0014A","FolderPath":"310","fullname":"310-M0014-A"}},{"type":"Feature","id":103,"geometry":{"type":"Point","coordinates":[-149.54748999999998,-17.767399999999952]},"properties":{"FID":103,"Name":"M0015A","FolderPath":"310","fullname":"310-M0015-A"}},{"type":"Feature","id":104,"geometry":{"type":"Point","coordinates":[-149.54742999999996,-17.767389999999978]},"properties":{"FID":104,"Name":"M0015B","FolderPath":"310","fullname":"310-M0015-B"}},{"type":"Feature","id":105,"geometry":{"type":"Point","coordinates":[-149.54759999999996,-17.767549999999972]},"properties":{"FID":105,"Name":"M0016A","FolderPath":"310","fullname":"310-M0016-A"}},{"type":"Feature","id":106,"geometry":{"type":"Point","coordinates":[-149.54754999999997,-17.767549999999972]},"properties":{"FID":106,"Name":"M0016B","FolderPath":"310","fullname":"310-M0016-B"}},{"type":"Feature","id":107,"geometry":{"type":"Point","coordinates":[-149.54737999999998,-17.766869999999926]},"properties":{"FID":107,"Name":"M0017A","FolderPath":"310","fullname":"310-M0017-A"}},{"type":"Feature","id":108,"geometry":{"type":"Point","coordinates":[-149.54825999999997,-17.767349999999965]},"properties":{"FID":108,"Name":"M0018A","FolderPath":"310","fullname":"310-M0018-A"}},{"type":"Feature","id":109,"geometry":{"type":"Point","coordinates":[-149.59864999999996,-17.534659999999974]},"properties":{"FID":109,"Name":"M0019A","FolderPath":"310","fullname":"310-M0019-A"}},{"type":"Feature","id":110,"geometry":{"type":"Point","coordinates":[-149.59878999999998,-17.534019999999941]},"properties":{"FID":110,"Name":"M0020A","FolderPath":"310","fullname":"310-M0020-A"}},{"type":"Feature","id":111,"geometry":{"type":"Point","coordinates":[-149.40280999999996,-17.489009999999951]},"properties":{"FID":111,"Name":"M0021A","FolderPath":"310","fullname":"310-M0021-A"}},{"type":"Feature","id":112,"geometry":{"type":"Point","coordinates":[-149.40281999999996,-17.489039999999932]},"properties":{"FID":112,"Name":"M0021B","FolderPath":"310","fullname":"310-M0021-B"}},{"type":"Feature","id":113,"geometry":{"type":"Point","coordinates":[-149.40447999999998,-17.48784999999998]},"properties":{"FID":113,"Name":"M0022A","FolderPath":"310","fullname":"310-M0022-A"}},{"type":"Feature","id":114,"geometry":{"type":"Point","coordinates":[-149.40460999999996,-17.490279999999927]},"properties":{"FID":114,"Name":"M0023A","FolderPath":"310","fullname":"310-M0023-A"}},{"type":"Feature","id":115,"geometry":{"type":"Point","coordinates":[-149.40463999999997,-17.490309999999965]},"properties":{"FID":115,"Name":"M0023B","FolderPath":"310","fullname":"310-M0023-B"}},{"type":"Feature","id":116,"geometry":{"type":"Point","coordinates":[-149.40392999999997,-17.488189999999975]},"properties":{"FID":116,"Name":"M0024A","FolderPath":"310","fullname":"310-M0024-A"}},{"type":"Feature","id":117,"geometry":{"type":"Point","coordinates":[-149.40402999999998,-17.488019999999949]},"properties":{"FID":117,"Name":"M0025A","FolderPath":"310","fullname":"310-M0025-A"}},{"type":"Feature","id":118,"geometry":{"type":"Point","coordinates":[-149.40414999999996,-17.488099999999974]},"properties":{"FID":118,"Name":"M0025B","FolderPath":"310","fullname":"310-M0025-B"}},{"type":"Feature","id":119,"geometry":{"type":"Point","coordinates":[-149.40250999999998,-17.489309999999932]},"properties":{"FID":119,"Name":"M0026A","FolderPath":"310","fullname":"310-M0026-A"}},{"type":"Feature","id":120,"geometry":{"type":"Point","coordinates":[-126.98319999999995,48.644800000000032]},"properties":{"FID":120,"Name":"U1325A","FolderPath":"311","fullname":"311-U1325-A"}},{"type":"Feature","id":121,"geometry":{"type":"Point","coordinates":[-126.98329999999999,48.644900000000064]},"properties":{"FID":121,"Name":"U1325B","FolderPath":"311","fullname":"311-U1325-B"}},{"type":"Feature","id":122,"geometry":{"type":"Point","coordinates":[-126.98349999999999,48.645000000000039]},"properties":{"FID":122,"Name":"U1325C","FolderPath":"311","fullname":"311-U1325-C"}},{"type":"Feature","id":123,"geometry":{"type":"Point","coordinates":[-126.98349999999999,48.645000000000039]},"properties":{"FID":123,"Name":"U1325D","FolderPath":"311","fullname":"311-U1325-D"}},{"type":"Feature","id":124,"geometry":{"type":"Point","coordinates":[-127.05049999999994,48.627300000000048]},"properties":{"FID":124,"Name":"U1326A","FolderPath":"311","fullname":"311-U1326-A"}},{"type":"Feature","id":125,"geometry":{"type":"Point","coordinates":[-127.05039999999997,48.627300000000048]},"properties":{"FID":125,"Name":"U1326B","FolderPath":"311","fullname":"311-U1326-B"}},{"type":"Feature","id":126,"geometry":{"type":"Point","coordinates":[-127.05039999999997,48.627300000000048]},"properties":{"FID":126,"Name":"U1326C","FolderPath":"311","fullname":"311-U1326-C"}},{"type":"Feature","id":127,"geometry":{"type":"Point","coordinates":[-127.05069999999995,48.627100000000041]},"properties":{"FID":127,"Name":"U1326D","FolderPath":"311","fullname":"311-U1326-D"}},{"type":"Feature","id":128,"geometry":{"type":"Point","coordinates":[-126.86529999999999,48.698100000000068]},"properties":{"FID":128,"Name":"U1327A","FolderPath":"311","fullname":"311-U1327-A"}},{"type":"Feature","id":129,"geometry":{"type":"Point","coordinates":[-126.86519999999996,48.698100000000068]},"properties":{"FID":129,"Name":"U1327B","FolderPath":"311","fullname":"311-U1327-B"}},{"type":"Feature","id":130,"geometry":{"type":"Point","coordinates":[-126.86519999999996,48.698100000000068]},"properties":{"FID":130,"Name":"U1327C","FolderPath":"311","fullname":"311-U1327-C"}},{"type":"Feature","id":131,"geometry":{"type":"Point","coordinates":[-126.86509999999998,48.698300000000074]},"properties":{"FID":131,"Name":"U1327D","FolderPath":"311","fullname":"311-U1327-D"}},{"type":"Feature","id":132,"geometry":{"type":"Point","coordinates":[-126.86489999999998,48.698300000000074]},"properties":{"FID":132,"Name":"U1327E","FolderPath":"311","fullname":"311-U1327-E"}},{"type":"Feature","id":133,"geometry":{"type":"Point","coordinates":[-126.85039999999998,48.667900000000031]},"properties":{"FID":133,"Name":"U1328A","FolderPath":"311","fullname":"311-U1328-A"}},{"type":"Feature","id":134,"geometry":{"type":"Point","coordinates":[-126.85089999999997,48.667500000000075]},"properties":{"FID":134,"Name":"U1328B","FolderPath":"311","fullname":"311-U1328-B"}},{"type":"Feature","id":135,"geometry":{"type":"Point","coordinates":[-126.85069999999996,48.66760000000005]},"properties":{"FID":135,"Name":"U1328C","FolderPath":"311","fullname":"311-U1328-C"}},{"type":"Feature","id":136,"geometry":{"type":"Point","coordinates":[-126.85029999999995,48.667800000000057]},"properties":{"FID":136,"Name":"U1328D","FolderPath":"311","fullname":"311-U1328-D"}},{"type":"Feature","id":137,"geometry":{"type":"Point","coordinates":[-126.84979999999996,48.668000000000063]},"properties":{"FID":137,"Name":"U1328E","FolderPath":"311","fullname":"311-U1328-E"}},{"type":"Feature","id":138,"geometry":{"type":"Point","coordinates":[-126.67849999999999,48.789500000000032]},"properties":{"FID":138,"Name":"U1329A","FolderPath":"311","fullname":"311-U1329-A"}},{"type":"Feature","id":139,"geometry":{"type":"Point","coordinates":[-126.67869999999999,48.789600000000064]},"properties":{"FID":139,"Name":"U1329B","FolderPath":"311","fullname":"311-U1329-B"}},{"type":"Feature","id":140,"geometry":{"type":"Point","coordinates":[-126.67869999999999,48.789600000000064]},"properties":{"FID":140,"Name":"U1329C","FolderPath":"311","fullname":"311-U1329-C"}},{"type":"Feature","id":141,"geometry":{"type":"Point","coordinates":[-126.67859999999996,48.789400000000057]},"properties":{"FID":141,"Name":"U1329D","FolderPath":"311","fullname":"311-U1329-D"}},{"type":"Feature","id":142,"geometry":{"type":"Point","coordinates":[-126.67859999999996,48.789800000000071]},"properties":{"FID":142,"Name":"U1329E","FolderPath":"311","fullname":"311-U1329-E"}},{"type":"Feature","id":143,"geometry":{"type":"Point","coordinates":[-91.934352999999987,6.7360520000000292]},"properties":{"FID":143,"Name":"1256D","FolderPath":"312","fullname":"312-1256-D"}},{"type":"Feature","id":144,"geometry":{"type":"Point","coordinates":[-73.621645999999942,39.634091000000069]},"properties":{"FID":144,"Name":"1A","FolderPath":"313","fullname":"313-1-A"}},{"type":"Feature","id":145,"geometry":{"type":"Point","coordinates":[-73.620799999999974,39.635066000000052]},"properties":{"FID":145,"Name":"1B","FolderPath":"313","fullname":"313-1-B"}},{"type":"Feature","id":146,"geometry":{"type":"Point","coordinates":[-73.616618999999957,39.639419000000032]},"properties":{"FID":146,"Name":"1C","FolderPath":"313","fullname":"313-1-C"}},{"type":"Feature","id":147,"geometry":{"type":"Point","coordinates":[-73.497265999999968,39.565720000000056]},"properties":{"FID":147,"Name":"2D","FolderPath":"313","fullname":"313-2-D"}},{"type":"Feature","id":148,"geometry":{"type":"Point","coordinates":[-73.496049999999968,39.567083000000025]},"properties":{"FID":148,"Name":"2E","FolderPath":"313","fullname":"313-2-E"}},{"type":"Feature","id":149,"geometry":{"type":"Point","coordinates":[-73.492316999999957,39.571200000000033]},"properties":{"FID":149,"Name":"2F","FolderPath":"313","fullname":"313-2-F"}},{"type":"Feature","id":150,"geometry":{"type":"Point","coordinates":[-73.413237999999978,39.519533000000024]},"properties":{"FID":150,"Name":"3A","FolderPath":"313","fullname":"313-3-A"}},{"type":"Feature","id":151,"geometry":{"type":"Point","coordinates":[-73.418143999999984,39.514094000000057]},"properties":{"FID":151,"Name":"3B","FolderPath":"313","fullname":"313-3-B"}},{"type":"Feature","id":152,"geometry":{"type":"Point","coordinates":[-73.408024999999952,39.525037000000054]},"properties":{"FID":152,"Name":"3C","FolderPath":"313","fullname":"313-3-C"}},{"type":"Feature","id":153,"geometry":{"type":"Point","coordinates":[136.71190000000001,33.238240000000076]},"properties":{"FID":153,"Name":"C0001A","FolderPath":"314","fullname":"314-C0001-A"}},{"type":"Feature","id":154,"geometry":{"type":"Point","coordinates":[136.7120900000001,33.238560000000064]},"properties":{"FID":154,"Name":"C0001B","FolderPath":"314","fullname":"314-C0001-B"}},{"type":"Feature","id":155,"geometry":{"type":"Point","coordinates":[136.71169000000009,33.238910000000033]},"properties":{"FID":155,"Name":"C0001C","FolderPath":"314","fullname":"314-C0001-C"}},{"type":"Feature","id":156,"geometry":{"type":"Point","coordinates":[136.7117300000001,33.238810000000058]},"properties":{"FID":156,"Name":"C0001D","FolderPath":"314","fullname":"314-C0001-D"}},{"type":"Feature","id":157,"geometry":{"type":"Point","coordinates":[136.63635000000011,33.300320000000056]},"properties":{"FID":157,"Name":"C0002A","FolderPath":"314","fullname":"314-C0002-A"}},{"type":"Feature","id":158,"geometry":{"type":"Point","coordinates":[136.70230000000004,33.223300000000052]},"properties":{"FID":158,"Name":"C0003A","FolderPath":"314","fullname":"314-C0003-A"}},{"type":"Feature","id":159,"geometry":{"type":"Point","coordinates":[136.72225000000003,33.220710000000054]},"properties":{"FID":159,"Name":"C0004A","FolderPath":"314","fullname":"314-C0004-A"}},{"type":"Feature","id":160,"geometry":{"type":"Point","coordinates":[136.72243000000003,33.220440000000053]},"properties":{"FID":160,"Name":"C0004B","FolderPath":"314","fullname":"314-C0004-B"}},{"type":"Feature","id":161,"geometry":{"type":"Point","coordinates":[136.71842000000004,33.226010000000031]},"properties":{"FID":161,"Name":"C0005A","FolderPath":"314","fullname":"314-C0005-A"}},{"type":"Feature","id":162,"geometry":{"type":"Point","coordinates":[136.72041000000002,33.223570000000052]},"properties":{"FID":162,"Name":"C0005B","FolderPath":"314","fullname":"314-C0005-B"}},{"type":"Feature","id":163,"geometry":{"type":"Point","coordinates":[136.79425000000003,33.027380000000051]},"properties":{"FID":163,"Name":"C0006A","FolderPath":"314","fullname":"314-C0006-A"}},{"type":"Feature","id":164,"geometry":{"type":"Point","coordinates":[136.79398000000003,33.027250000000038]},"properties":{"FID":164,"Name":"C0006B","FolderPath":"314","fullname":"314-C0006-B"}},{"type":"Feature","id":165,"geometry":{"type":"Point","coordinates":[136.71154000000001,33.239070000000027]},"properties":{"FID":165,"Name":"C0001E","FolderPath":"315","fullname":"315-C0001-E"}},{"type":"Feature","id":166,"geometry":{"type":"Point","coordinates":[136.71178000000009,33.239060000000052]},"properties":{"FID":166,"Name":"C0001F","FolderPath":"315","fullname":"315-C0001-F"}},{"type":"Feature","id":167,"geometry":{"type":"Point","coordinates":[136.71156000000008,33.238730000000032]},"properties":{"FID":167,"Name":"C0001G","FolderPath":"315","fullname":"315-C0001-G"}},{"type":"Feature","id":168,"geometry":{"type":"Point","coordinates":[136.71140000000003,33.238720000000058]},"properties":{"FID":168,"Name":"C0001H","FolderPath":"315","fullname":"315-C0001-H"}},{"type":"Feature","id":169,"geometry":{"type":"Point","coordinates":[136.70722000000012,33.236720000000048]},"properties":{"FID":169,"Name":"C0001I","FolderPath":"315","fullname":"315-C0001-I"}},{"type":"Feature","id":170,"geometry":{"type":"Point","coordinates":[136.63672000000008,33.29988000000003]},"properties":{"FID":170,"Name":"C0002B","FolderPath":"315","fullname":"315-C0002-B"}},{"type":"Feature","id":171,"geometry":{"type":"Point","coordinates":[136.63645000000008,33.300040000000024]},"properties":{"FID":171,"Name":"C0002C","FolderPath":"315","fullname":"315-C0002-C"}},{"type":"Feature","id":172,"geometry":{"type":"Point","coordinates":[136.63652000000002,33.300130000000024]},"properties":{"FID":172,"Name":"C0002D","FolderPath":"315","fullname":"315-C0002-D"}},{"type":"Feature","id":173,"geometry":{"type":"Point","coordinates":[136.72219000000007,33.22046000000006]},"properties":{"FID":173,"Name":"C0004C","FolderPath":"316","fullname":"316-C0004-C"}},{"type":"Feature","id":174,"geometry":{"type":"Point","coordinates":[136.72215000000006,33.220320000000072]},"properties":{"FID":174,"Name":"C0004D","FolderPath":"316","fullname":"316-C0004-D"}},{"type":"Feature","id":175,"geometry":{"type":"Point","coordinates":[136.79380000000003,33.027430000000038]},"properties":{"FID":175,"Name":"C0006C","FolderPath":"316","fullname":"316-C0006-C"}},{"type":"Feature","id":176,"geometry":{"type":"Point","coordinates":[136.79380000000003,33.027390000000025]},"properties":{"FID":176,"Name":"C0006D","FolderPath":"316","fullname":"316-C0006-D"}},{"type":"Feature","id":177,"geometry":{"type":"Point","coordinates":[136.79380000000003,33.027410000000032]},"properties":{"FID":177,"Name":"C0006E","FolderPath":"316","fullname":"316-C0006-E"}},{"type":"Feature","id":178,"geometry":{"type":"Point","coordinates":[136.79380000000003,33.027070000000037]},"properties":{"FID":178,"Name":"C0006F","FolderPath":"316","fullname":"316-C0006-F"}},{"type":"Feature","id":179,"geometry":{"type":"Point","coordinates":[136.79914000000008,33.02054000000004]},"properties":{"FID":179,"Name":"C0007A","FolderPath":"316","fullname":"316-C0007-A"}},{"type":"Feature","id":180,"geometry":{"type":"Point","coordinates":[136.79914000000008,33.02054000000004]},"properties":{"FID":180,"Name":"C0007B","FolderPath":"316","fullname":"316-C0007-B"}},{"type":"Feature","id":181,"geometry":{"type":"Point","coordinates":[136.79914000000008,33.02054000000004]},"properties":{"FID":181,"Name":"C0007C","FolderPath":"316","fullname":"316-C0007-C"}},{"type":"Feature","id":182,"geometry":{"type":"Point","coordinates":[136.79812000000004,33.021950000000061]},"properties":{"FID":182,"Name":"C0007D","FolderPath":"316","fullname":"316-C0007-D"}},{"type":"Feature","id":183,"geometry":{"type":"Point","coordinates":[136.72666000000004,33.213720000000023]},"properties":{"FID":183,"Name":"C0008A","FolderPath":"316","fullname":"316-C0008-A"}},{"type":"Feature","id":184,"geometry":{"type":"Point","coordinates":[136.72788000000003,33.212190000000078]},"properties":{"FID":184,"Name":"C0008B","FolderPath":"316","fullname":"316-C0008-B"}},{"type":"Feature","id":185,"geometry":{"type":"Point","coordinates":[136.72788000000003,33.212190000000078]},"properties":{"FID":185,"Name":"C0008C","FolderPath":"316","fullname":"316-C0008-C"}},{"type":"Feature","id":186,"geometry":{"type":"Point","coordinates":[171.8400620000001,-44.883844999999951]},"properties":{"FID":186,"Name":"U1351A","FolderPath":"317","fullname":"317-U1351-A"}},{"type":"Feature","id":187,"geometry":{"type":"Point","coordinates":[171.8401080000001,-44.884036999999978]},"properties":{"FID":187,"Name":"U1351B","FolderPath":"317","fullname":"317-U1351-B"}},{"type":"Feature","id":188,"geometry":{"type":"Point","coordinates":[171.84009500000002,-44.884286999999972]},"properties":{"FID":188,"Name":"U1351C","FolderPath":"317","fullname":"317-U1351-C"}},{"type":"Feature","id":189,"geometry":{"type":"Point","coordinates":[172.02269200000012,-44.937399999999968]},"properties":{"FID":189,"Name":"U1352A","FolderPath":"317","fullname":"317-U1352-A"}},{"type":"Feature","id":190,"geometry":{"type":"Point","coordinates":[172.02271700000006,-44.937596999999982]},"properties":{"FID":190,"Name":"U1352B","FolderPath":"317","fullname":"317-U1352-B"}},{"type":"Feature","id":191,"geometry":{"type":"Point","coordinates":[172.02271700000006,-44.937769999999944]},"properties":{"FID":191,"Name":"U1352C","FolderPath":"317","fullname":"317-U1352-C"}},{"type":"Feature","id":192,"geometry":{"type":"Point","coordinates":[172.02268500000002,-44.937209999999936]},"properties":{"FID":192,"Name":"U1352D","FolderPath":"317","fullname":"317-U1352-D"}},{"type":"Feature","id":193,"geometry":{"type":"Point","coordinates":[171.67394700000011,-44.768464999999935]},"properties":{"FID":193,"Name":"U1353A","FolderPath":"317","fullname":"317-U1353-A"}},{"type":"Feature","id":194,"geometry":{"type":"Point","coordinates":[171.67401200000006,-44.768671999999981]},"properties":{"FID":194,"Name":"U1353B","FolderPath":"317","fullname":"317-U1353-B"}},{"type":"Feature","id":195,"geometry":{"type":"Point","coordinates":[171.67396700000006,-44.768302999999946]},"properties":{"FID":195,"Name":"U1353C","FolderPath":"317","fullname":"317-U1353-C"}},{"type":"Feature","id":196,"geometry":{"type":"Point","coordinates":[171.78682700000002,-44.84713499999998]},"properties":{"FID":196,"Name":"U1354A","FolderPath":"317","fullname":"317-U1354-A"}},{"type":"Feature","id":197,"geometry":{"type":"Point","coordinates":[171.78678200000002,-44.84727799999996]},"properties":{"FID":197,"Name":"U1354B","FolderPath":"317","fullname":"317-U1354-B"}},{"type":"Feature","id":198,"geometry":{"type":"Point","coordinates":[171.78680000000008,-44.847477999999967]},"properties":{"FID":198,"Name":"U1354C","FolderPath":"317","fullname":"317-U1354-C"}},{"type":"Feature","id":199,"geometry":{"type":"Point","coordinates":[138.82378300000005,-63.841172999999969]},"properties":{"FID":199,"Name":"U1355A","FolderPath":"318","fullname":"318-U1355-A"}},{"type":"Feature","id":200,"geometry":{"type":"Point","coordinates":[135.99896000000001,-63.310229999999933]},"properties":{"FID":200,"Name":"U1356A","FolderPath":"318","fullname":"318-U1356-A"}},{"type":"Feature","id":201,"geometry":{"type":"Point","coordinates":[140.42501300000004,-66.413317999999947]},"properties":{"FID":201,"Name":"U1357A","FolderPath":"318","fullname":"318-U1357-A"}},{"type":"Feature","id":202,"geometry":{"type":"Point","coordinates":[140.42617500000006,-66.41331699999995]},"properties":{"FID":202,"Name":"U1357B","FolderPath":"318","fullname":"318-U1357-B"}},{"type":"Feature","id":203,"geometry":{"type":"Point","coordinates":[140.42441800000006,-66.413354999999967]},"properties":{"FID":203,"Name":"U1357C","FolderPath":"318","fullname":"318-U1357-C"}},{"type":"Feature","id":204,"geometry":{"type":"Point","coordinates":[143.31284500000004,-66.090397999999936]},"properties":{"FID":204,"Name":"U1358A","FolderPath":"318","fullname":"318-U1358-A"}},{"type":"Feature","id":205,"geometry":{"type":"Point","coordinates":[143.3127770000001,-66.090406999999971]},"properties":{"FID":205,"Name":"U1358B","FolderPath":"318","fullname":"318-U1358-B"}},{"type":"Feature","id":206,"geometry":{"type":"Point","coordinates":[143.96137500000009,-64.903961999999979]},"properties":{"FID":206,"Name":"U1359A","FolderPath":"318","fullname":"318-U1359-A"}},{"type":"Feature","id":207,"geometry":{"type":"Point","coordinates":[143.9609220000001,-64.904051999999979]},"properties":{"FID":207,"Name":"U1359B","FolderPath":"318","fullname":"318-U1359-B"}},{"type":"Feature","id":208,"geometry":{"type":"Point","coordinates":[143.96041300000002,-64.904127999999957]},"properties":{"FID":208,"Name":"U1359C","FolderPath":"318","fullname":"318-U1359-C"}},{"type":"Feature","id":209,"geometry":{"type":"Point","coordinates":[143.95937300000003,-64.904326999999967]},"properties":{"FID":209,"Name":"U1359D","FolderPath":"318","fullname":"318-U1359-D"}},{"type":"Feature","id":210,"geometry":{"type":"Point","coordinates":[142.74508300000002,-66.367324999999937]},"properties":{"FID":210,"Name":"U1360A","FolderPath":"318","fullname":"318-U1360-A"}},{"type":"Feature","id":211,"geometry":{"type":"Point","coordinates":[143.88665300000002,-64.409546999999975]},"properties":{"FID":211,"Name":"U1361A","FolderPath":"318","fullname":"318-U1361-A"}},{"type":"Feature","id":212,"geometry":{"type":"Point","coordinates":[143.88661000000002,-64.409089999999935]},"properties":{"FID":212,"Name":"U1361B","FolderPath":"318","fullname":"318-U1361-B"}},{"type":"Feature","id":213,"geometry":{"type":"Point","coordinates":[136.53582000000006,33.457840000000033]},"properties":{"FID":213,"Name":"C0009A","FolderPath":"319","fullname":"319-C0009-A"}},{"type":"Feature","id":214,"geometry":{"type":"Point","coordinates":[136.68657000000007,33.209970000000055]},"properties":{"FID":214,"Name":"C0010A","FolderPath":"319","fullname":"319-C0010-A"}},{"type":"Feature","id":215,"geometry":{"type":"Point","coordinates":[136.88150000000007,32.828830000000039]},"properties":{"FID":215,"Name":"C0011A","FolderPath":"319","fullname":"319-C0011-A"}},{"type":"Feature","id":216,"geometry":{"type":"Point","coordinates":[156.62410000000011,3.6055830000000242]},"properties":{"FID":216,"Name":"#NAME?","FolderPath":"320T","fullname":"320T-U1330-A"}},{"type":"Feature","id":217,"geometry":{"type":"Point","coordinates":[156.62410000000011,3.605350000000044]},"properties":{"FID":217,"Name":"#NAME?","FolderPath":"320T","fullname":"320T-U1330-B"}},{"type":"Feature","id":218,"geometry":{"type":"Point","coordinates":[-142.16160199999996,12.068140000000028]},"properties":{"FID":218,"Name":"U1331A","FolderPath":"320","fullname":"320-U1331-A"}},{"type":"Feature","id":219,"geometry":{"type":"Point","coordinates":[-142.16180799999995,12.068128000000058]},"properties":{"FID":219,"Name":"U1331B","FolderPath":"320","fullname":"320-U1331-B"}},{"type":"Feature","id":220,"geometry":{"type":"Point","coordinates":[-142.16200199999997,12.068153000000052]},"properties":{"FID":220,"Name":"U1331C","FolderPath":"320","fullname":"320-U1331-C"}},{"type":"Feature","id":221,"geometry":{"type":"Point","coordinates":[-141.04571299999998,11.911825000000022]},"properties":{"FID":221,"Name":"U1332A","FolderPath":"320","fullname":"320-U1332-A"}},{"type":"Feature","id":222,"geometry":{"type":"Point","coordinates":[-141.04571199999998,11.912015000000054]},"properties":{"FID":222,"Name":"U1332B","FolderPath":"320","fullname":"320-U1332-B"}},{"type":"Feature","id":223,"geometry":{"type":"Point","coordinates":[-141.04570299999995,11.912277000000074]},"properties":{"FID":223,"Name":"U1332C","FolderPath":"320","fullname":"320-U1332-C"}},{"type":"Feature","id":224,"geometry":{"type":"Point","coordinates":[-138.41954699999997,10.51658800000007]},"properties":{"FID":224,"Name":"U1333A","FolderPath":"320","fullname":"320-U1333-A"}},{"type":"Feature","id":225,"geometry":{"type":"Point","coordinates":[-138.41932799999995,10.516600000000039]},"properties":{"FID":225,"Name":"U1333B","FolderPath":"320","fullname":"320-U1333-B"}},{"type":"Feature","id":226,"geometry":{"type":"Point","coordinates":[-138.41909799999996,10.516597000000047]},"properties":{"FID":226,"Name":"U1333C","FolderPath":"320","fullname":"320-U1333-C"}},{"type":"Feature","id":227,"geometry":{"type":"Point","coordinates":[-131.97322799999995,7.9999670000000265]},"properties":{"FID":227,"Name":"U1334A","FolderPath":"320","fullname":"320-U1334-A"}},{"type":"Feature","id":228,"geometry":{"type":"Point","coordinates":[-131.97345199999995,7.9999650000000315]},"properties":{"FID":228,"Name":"U1334B","FolderPath":"320","fullname":"320-U1334-B"}},{"type":"Feature","id":229,"geometry":{"type":"Point","coordinates":[-131.97369799999996,7.9999650000000315]},"properties":{"FID":229,"Name":"U1334C","FolderPath":"320","fullname":"320-U1334-C"}},{"type":"Feature","id":230,"geometry":{"type":"Point","coordinates":[-126.28324799999996,5.3122350000000438]},"properties":{"FID":230,"Name":"U1335A","FolderPath":"320","fullname":"320-U1335-A"}},{"type":"Feature","id":231,"geometry":{"type":"Point","coordinates":[-126.28347999999994,5.3122700000000691]},"properties":{"FID":231,"Name":"U1335B","FolderPath":"320","fullname":"320-U1335-B"}},{"type":"Feature","id":232,"geometry":{"type":"Point","coordinates":[-128.25420999999994,7.7012250000000222]},"properties":{"FID":232,"Name":"U1336A","FolderPath":"320","fullname":"320-U1336-A"}},{"type":"Feature","id":233,"geometry":{"type":"Point","coordinates":[-128.25421699999998,7.7009980000000269]},"properties":{"FID":233,"Name":"U1336B","FolderPath":"320","fullname":"320-U1336-B"}},{"type":"Feature","id":234,"geometry":{"type":"Point","coordinates":[-123.20592999999997,3.8334420000000478]},"properties":{"FID":234,"Name":"U1337A","FolderPath":"321","fullname":"321-U1337-A"}},{"type":"Feature","id":235,"geometry":{"type":"Point","coordinates":[-123.20603499999999,3.8334450000000402]},"properties":{"FID":235,"Name":"U1337B","FolderPath":"321","fullname":"321-U1337-B"}},{"type":"Feature","id":236,"geometry":{"type":"Point","coordinates":[-123.20625799999999,3.8334450000000402]},"properties":{"FID":236,"Name":"U1337C","FolderPath":"321","fullname":"321-U1337-C"}},{"type":"Feature","id":237,"geometry":{"type":"Point","coordinates":[-123.20642999999995,3.8334450000000402]},"properties":{"FID":237,"Name":"U1337D","FolderPath":"321","fullname":"321-U1337-D"}},{"type":"Feature","id":238,"geometry":{"type":"Point","coordinates":[-117.96937199999996,2.5078080000000682]},"properties":{"FID":238,"Name":"U1338A","FolderPath":"321","fullname":"321-U1338-A"}},{"type":"Feature","id":239,"geometry":{"type":"Point","coordinates":[-117.96955999999994,2.5078200000000379]},"properties":{"FID":239,"Name":"U1338B","FolderPath":"321","fullname":"321-U1338-B"}},{"type":"Feature","id":240,"geometry":{"type":"Point","coordinates":[-117.96973699999995,2.5078120000000581]},"properties":{"FID":240,"Name":"U1338C","FolderPath":"321","fullname":"321-U1338-C"}},{"type":"Feature","id":241,"geometry":{"type":"Point","coordinates":[-117.96991299999996,2.5078150000000505]},"properties":{"FID":241,"Name":"U1338D","FolderPath":"321","fullname":"321-U1338-D"}},{"type":"Feature","id":242,"geometry":{"type":"Point","coordinates":[136.88179000000002,32.828950000000077]},"properties":{"FID":242,"Name":"C0011B","FolderPath":"322","fullname":"322-C0011-B"}},{"type":"Feature","id":243,"geometry":{"type":"Point","coordinates":[136.91707000000008,32.74813000000006]},"properties":{"FID":243,"Name":"C0012A","FolderPath":"322","fullname":"322-C0012-A"}},{"type":"Feature","id":244,"geometry":{"type":"Point","coordinates":[136.91707000000008,32.74813000000006]},"properties":{"FID":244,"Name":"C0012B","FolderPath":"322","fullname":"322-C0012-B"}},{"type":"Feature","id":245,"geometry":{"type":"Point","coordinates":[-169.98169499999997,54.670002000000068]},"properties":{"FID":245,"Name":"U1339A","FolderPath":"323","fullname":"323-U1339-A"}},{"type":"Feature","id":246,"geometry":{"type":"Point","coordinates":[-169.98184299999997,54.670172000000036]},"properties":{"FID":246,"Name":"U1339B","FolderPath":"323","fullname":"323-U1339-B"}},{"type":"Feature","id":247,"geometry":{"type":"Point","coordinates":[-169.98141999999999,54.670105000000035]},"properties":{"FID":247,"Name":"U1339C","FolderPath":"323","fullname":"323-U1339-C"}},{"type":"Feature","id":248,"geometry":{"type":"Point","coordinates":[-169.98151499999997,54.669818000000078]},"properties":{"FID":248,"Name":"U1339D","FolderPath":"323","fullname":"323-U1339-D"}},{"type":"Feature","id":249,"geometry":{"type":"Point","coordinates":[-179.52162199999998,53.400013000000058]},"properties":{"FID":249,"Name":"U1340A","FolderPath":"323","fullname":"323-U1340-A"}},{"type":"Feature","id":250,"geometry":{"type":"Point","coordinates":[-179.51635799999997,53.400003000000027]},"properties":{"FID":250,"Name":"U1340B","FolderPath":"323","fullname":"323-U1340-B"}},{"type":"Feature","id":251,"geometry":{"type":"Point","coordinates":[-179.52162499999997,53.396855000000073]},"properties":{"FID":251,"Name":"U1340C","FolderPath":"323","fullname":"323-U1340-C"}},{"type":"Feature","id":252,"geometry":{"type":"Point","coordinates":[-179.52162299999998,53.396673000000078]},"properties":{"FID":252,"Name":"U1340D","FolderPath":"323","fullname":"323-U1340-D"}},{"type":"Feature","id":253,"geometry":{"type":"Point","coordinates":[179.00833200000011,54.033375000000035]},"properties":{"FID":253,"Name":"U1341A","FolderPath":"323","fullname":"323-U1341-A"}},{"type":"Feature","id":254,"geometry":{"type":"Point","coordinates":[179.00861800000007,54.033307000000036]},"properties":{"FID":254,"Name":"U1341B","FolderPath":"323","fullname":"323-U1341-B"}},{"type":"Feature","id":255,"geometry":{"type":"Point","coordinates":[179.00898300000006,54.033350000000041]},"properties":{"FID":255,"Name":"U1341C","FolderPath":"323","fullname":"323-U1341-C"}},{"type":"Feature","id":256,"geometry":{"type":"Point","coordinates":[176.91671200000008,54.828312000000039]},"properties":{"FID":256,"Name":"U1342A","FolderPath":"323","fullname":"323-U1342-A"}},{"type":"Feature","id":257,"geometry":{"type":"Point","coordinates":[176.91705300000012,54.828340000000082]},"properties":{"FID":257,"Name":"U1342B","FolderPath":"323","fullname":"323-U1342-B"}},{"type":"Feature","id":258,"geometry":{"type":"Point","coordinates":[176.91735200000005,54.828362000000027]},"properties":{"FID":258,"Name":"U1342C","FolderPath":"323","fullname":"323-U1342-C"}},{"type":"Feature","id":259,"geometry":{"type":"Point","coordinates":[176.91763500000002,54.828363000000081]},"properties":{"FID":259,"Name":"U1342D","FolderPath":"323","fullname":"323-U1342-D"}},{"type":"Feature","id":260,"geometry":{"type":"Point","coordinates":[-175.81609799999998,57.556655000000035]},"properties":{"FID":260,"Name":"U1343A","FolderPath":"323","fullname":"323-U1343-A"}},{"type":"Feature","id":261,"geometry":{"type":"Point","coordinates":[-175.81658499999998,57.55692700000003]},"properties":{"FID":261,"Name":"U1343B","FolderPath":"323","fullname":"323-U1343-B"}},{"type":"Feature","id":262,"geometry":{"type":"Point","coordinates":[-175.81712499999998,57.55663700000008]},"properties":{"FID":262,"Name":"U1343C","FolderPath":"323","fullname":"323-U1343-C"}},{"type":"Feature","id":263,"geometry":{"type":"Point","coordinates":[-175.81661799999998,57.556362000000036]},"properties":{"FID":263,"Name":"U1343D","FolderPath":"323","fullname":"323-U1343-D"}},{"type":"Feature","id":264,"geometry":{"type":"Point","coordinates":[-175.81662299999996,57.556357000000048]},"properties":{"FID":264,"Name":"U1343E","FolderPath":"323","fullname":"323-U1343-E"}},{"type":"Feature","id":265,"geometry":{"type":"Point","coordinates":[-179.20335199999997,59.050008000000048]},"properties":{"FID":265,"Name":"U1344A","FolderPath":"323","fullname":"323-U1344-A"}},{"type":"Feature","id":266,"geometry":{"type":"Point","coordinates":[-179.20341799999997,59.050187000000051]},"properties":{"FID":266,"Name":"U1344B","FolderPath":"323","fullname":"323-U1344-B"}},{"type":"Feature","id":267,"geometry":{"type":"Point","coordinates":[-179.20341999999997,59.050193000000036]},"properties":{"FID":267,"Name":"U1344C","FolderPath":"323","fullname":"323-U1344-C"}},{"type":"Feature","id":268,"geometry":{"type":"Point","coordinates":[-179.20338299999997,59.050373000000036]},"properties":{"FID":268,"Name":"U1344D","FolderPath":"323","fullname":"323-U1344-D"}},{"type":"Feature","id":269,"geometry":{"type":"Point","coordinates":[-179.20338199999998,59.050565000000063]},"properties":{"FID":269,"Name":"U1344E","FolderPath":"323","fullname":"323-U1344-E"}},{"type":"Feature","id":270,"geometry":{"type":"Point","coordinates":[-179.47005999999996,60.153195000000039]},"properties":{"FID":270,"Name":"U1345A","FolderPath":"323","fullname":"323-U1345-A"}},{"type":"Feature","id":271,"geometry":{"type":"Point","coordinates":[-179.47021199999998,60.153338000000076]},"properties":{"FID":271,"Name":"U1345B","FolderPath":"323","fullname":"323-U1345-B"}},{"type":"Feature","id":272,"geometry":{"type":"Point","coordinates":[-179.47038199999997,60.153495000000078]},"properties":{"FID":272,"Name":"U1345C","FolderPath":"323","fullname":"323-U1345-C"}},{"type":"Feature","id":273,"geometry":{"type":"Point","coordinates":[-179.47047199999997,60.153625000000034]},"properties":{"FID":273,"Name":"U1345D","FolderPath":"323","fullname":"323-U1345-D"}},{"type":"Feature","id":274,"geometry":{"type":"Point","coordinates":[-179.47067799999996,60.153773000000058]},"properties":{"FID":274,"Name":"U1345E","FolderPath":"323","fullname":"323-U1345-E"}},{"type":"Feature","id":275,"geometry":{"type":"Point","coordinates":[162.64516000000003,38.006668000000047]},"properties":{"FID":275,"Name":"U1346A","FolderPath":"324","fullname":"324-U1346-A"}},{"type":"Feature","id":276,"geometry":{"type":"Point","coordinates":[159.2346500000001,32.507933000000037]},"properties":{"FID":276,"Name":"U1347A","FolderPath":"324","fullname":"324-U1347-A"}},{"type":"Feature","id":277,"geometry":{"type":"Point","coordinates":[159.38179000000002,34.415660000000059]},"properties":{"FID":277,"Name":"U1348A","FolderPath":"324","fullname":"324-U1348-A"}},{"type":"Feature","id":278,"geometry":{"type":"Point","coordinates":[158.45876700000008,36.115733000000034]},"properties":{"FID":278,"Name":"U1349A","FolderPath":"324","fullname":"324-U1349-A"}},{"type":"Feature","id":279,"geometry":{"type":"Point","coordinates":[159.28441700000008,36.07486700000004]},"properties":{"FID":279,"Name":"U1350A","FolderPath":"324","fullname":"324-U1350-A"}},{"type":"Feature","id":280,"geometry":{"type":"Point","coordinates":[150.23790000000008,-19.681899999999928]},"properties":{"FID":280,"Name":"M0030A","FolderPath":"325","fullname":"325-M0030-A"}},{"type":"Feature","id":281,"geometry":{"type":"Point","coordinates":[150.23791000000006,-19.681879999999978]},"properties":{"FID":281,"Name":"M0030B","FolderPath":"325","fullname":"325-M0030-B"}},{"type":"Feature","id":282,"geometry":{"type":"Point","coordinates":[150.23961000000008,-19.678949999999929]},"properties":{"FID":282,"Name":"M0031A","FolderPath":"325","fullname":"325-M0031-A"}},{"type":"Feature","id":283,"geometry":{"type":"Point","coordinates":[150.23967000000005,-19.67883999999998]},"properties":{"FID":283,"Name":"M0032A","FolderPath":"325","fullname":"325-M0032-A"}},{"type":"Feature","id":284,"geometry":{"type":"Point","coordinates":[150.23986000000002,-19.678889999999967]},"properties":{"FID":284,"Name":"M0033A","FolderPath":"325","fullname":"325-M0033-A"}},{"type":"Feature","id":285,"geometry":{"type":"Point","coordinates":[150.23025000000007,-19.692259999999976]},"properties":{"FID":285,"Name":"M0034A","FolderPath":"325","fullname":"325-M0034-A"}},{"type":"Feature","id":286,"geometry":{"type":"Point","coordinates":[150.24383000000012,-19.672639999999944]},"properties":{"FID":286,"Name":"M0035A","FolderPath":"325","fullname":"325-M0035-A"}},{"type":"Feature","id":287,"geometry":{"type":"Point","coordinates":[150.24396000000002,-19.672399999999982]},"properties":{"FID":287,"Name":"M0036A","FolderPath":"325","fullname":"325-M0036-A"}},{"type":"Feature","id":288,"geometry":{"type":"Point","coordinates":[150.2462700000001,-19.670749999999941]},"properties":{"FID":288,"Name":"M0037A","FolderPath":"325","fullname":"325-M0037-A"}},{"type":"Feature","id":289,"geometry":{"type":"Point","coordinates":[150.24490000000003,-19.671599999999955]},"properties":{"FID":289,"Name":"M0038A","FolderPath":"325","fullname":"325-M0038-A"}},{"type":"Feature","id":290,"geometry":{"type":"Point","coordinates":[150.24489000000005,-19.671589999999981]},"properties":{"FID":290,"Name":"M0039A","FolderPath":"325","fullname":"325-M0039-A"}},{"type":"Feature","id":291,"geometry":{"type":"Point","coordinates":[150.48142000000007,-19.796289999999942]},"properties":{"FID":291,"Name":"M0040A","FolderPath":"325","fullname":"325-M0040-A"}},{"type":"Feature","id":292,"geometry":{"type":"Point","coordinates":[150.4815000000001,-19.79631999999998]},"properties":{"FID":292,"Name":"M0041A","FolderPath":"325","fullname":"325-M0041-A"}},{"type":"Feature","id":293,"geometry":{"type":"Point","coordinates":[150.44803000000002,-19.843979999999931]},"properties":{"FID":293,"Name":"M0042A","FolderPath":"325","fullname":"325-M0042-A"}},{"type":"Feature","id":294,"geometry":{"type":"Point","coordinates":[150.47937000000002,-19.798849999999959]},"properties":{"FID":294,"Name":"M0043A","FolderPath":"325","fullname":"325-M0043-A"}},{"type":"Feature","id":295,"geometry":{"type":"Point","coordinates":[150.47962000000007,-19.798449999999946]},"properties":{"FID":295,"Name":"M0044A","FolderPath":"325","fullname":"325-M0044-A"}},{"type":"Feature","id":296,"geometry":{"type":"Point","coordinates":[150.47961000000009,-19.798419999999965]},"properties":{"FID":296,"Name":"M0045A","FolderPath":"325","fullname":"325-M0045-A"}},{"type":"Feature","id":297,"geometry":{"type":"Point","coordinates":[150.47963000000004,-19.798469999999952]},"properties":{"FID":297,"Name":"M0046A","FolderPath":"325","fullname":"325-M0046-A"}},{"type":"Feature","id":298,"geometry":{"type":"Point","coordinates":[150.47885000000008,-19.79974999999996]},"properties":{"FID":298,"Name":"M0047A","FolderPath":"325","fullname":"325-M0047-A"}},{"type":"Feature","id":299,"geometry":{"type":"Point","coordinates":[150.47765000000004,-19.801179999999931]},"properties":{"FID":299,"Name":"M0048A","FolderPath":"325","fullname":"325-M0048-A"}},{"type":"Feature","id":300,"geometry":{"type":"Point","coordinates":[145.82370000000003,-15.472369999999955]},"properties":{"FID":300,"Name":"M0049A","FolderPath":"325","fullname":"325-M0049-A"}},{"type":"Feature","id":301,"geometry":{"type":"Point","coordinates":[145.82369000000006,-15.472369999999955]},"properties":{"FID":301,"Name":"M0049B","FolderPath":"325","fullname":"325-M0049-B"}},{"type":"Feature","id":302,"geometry":{"type":"Point","coordinates":[145.82370000000003,-15.472339999999974]},"properties":{"FID":302,"Name":"M0050A","FolderPath":"325","fullname":"325-M0050-A"}},{"type":"Feature","id":303,"geometry":{"type":"Point","coordinates":[145.82301000000007,-15.472139999999968]},"properties":{"FID":303,"Name":"M0051A","FolderPath":"325","fullname":"325-M0051-A"}},{"type":"Feature","id":304,"geometry":{"type":"Point","coordinates":[146.57632000000001,-17.101109999999949]},"properties":{"FID":304,"Name":"M0052A","FolderPath":"325","fullname":"325-M0052-A"}},{"type":"Feature","id":305,"geometry":{"type":"Point","coordinates":[146.5763300000001,-17.101109999999949]},"properties":{"FID":305,"Name":"M0052B","FolderPath":"325","fullname":"325-M0052-B"}},{"type":"Feature","id":306,"geometry":{"type":"Point","coordinates":[146.5763300000001,-17.101109999999949]},"properties":{"FID":306,"Name":"M0052C","FolderPath":"325","fullname":"325-M0052-C"}},{"type":"Feature","id":307,"geometry":{"type":"Point","coordinates":[146.5763300000001,-17.101169999999968]},"properties":{"FID":307,"Name":"M0053A","FolderPath":"325","fullname":"325-M0053-A"}},{"type":"Feature","id":308,"geometry":{"type":"Point","coordinates":[146.57674000000009,-17.100699999999961]},"properties":{"FID":308,"Name":"M0054A","FolderPath":"325","fullname":"325-M0054-A"}},{"type":"Feature","id":309,"geometry":{"type":"Point","coordinates":[146.57674000000009,-17.100699999999961]},"properties":{"FID":309,"Name":"M0054B","FolderPath":"325","fullname":"325-M0054-B"}},{"type":"Feature","id":310,"geometry":{"type":"Point","coordinates":[146.57470000000012,-17.101889999999969]},"properties":{"FID":310,"Name":"M0055A","FolderPath":"325","fullname":"325-M0055-A"}},{"type":"Feature","id":311,"geometry":{"type":"Point","coordinates":[146.57416000000012,-17.102239999999938]},"properties":{"FID":311,"Name":"M0056A","FolderPath":"325","fullname":"325-M0056-A"}},{"type":"Feature","id":312,"geometry":{"type":"Point","coordinates":[146.5639900000001,-17.105019999999968]},"properties":{"FID":312,"Name":"M0057A","FolderPath":"325","fullname":"325-M0057-A"}},{"type":"Feature","id":313,"geometry":{"type":"Point","coordinates":[146.58928000000003,-17.09726999999998]},"properties":{"FID":313,"Name":"M0058A","FolderPath":"325","fullname":"325-M0058-A"}},{"type":"Feature","id":314,"geometry":{"type":"Point","coordinates":[-127.76119999999997,47.761047000000076]},"properties":{"FID":314,"Name":"U1362A","FolderPath":"327","fullname":"327-U1362-A"}},{"type":"Feature","id":315,"geometry":{"type":"Point","coordinates":[-127.76218699999998,47.758328000000063]},"properties":{"FID":315,"Name":"U1362B","FolderPath":"327","fullname":"327-U1362-B"}},{"type":"Feature","id":316,"geometry":{"type":"Point","coordinates":[-128.03517799999997,47.289258000000075]},"properties":{"FID":316,"Name":"U1363A","FolderPath":"327","fullname":"327-U1363-A"}},{"type":"Feature","id":317,"geometry":{"type":"Point","coordinates":[-128.03509999999994,47.289197000000058]},"properties":{"FID":317,"Name":"U1363B","FolderPath":"327","fullname":"327-U1363-B"}},{"type":"Feature","id":318,"geometry":{"type":"Point","coordinates":[-128.02940199999995,47.292932000000064]},"properties":{"FID":318,"Name":"U1363C","FolderPath":"327","fullname":"327-U1363-C"}},{"type":"Feature","id":319,"geometry":{"type":"Point","coordinates":[-128.02933199999995,47.292873000000043]},"properties":{"FID":319,"Name":"U1363D","FolderPath":"327","fullname":"327-U1363-D"}},{"type":"Feature","id":320,"geometry":{"type":"Point","coordinates":[-128.03574499999996,47.288850000000025]},"properties":{"FID":320,"Name":"U1363E","FolderPath":"327","fullname":"327-U1363-E"}},{"type":"Feature","id":321,"geometry":{"type":"Point","coordinates":[-128.03562299999999,47.288768000000061]},"properties":{"FID":321,"Name":"U1363F","FolderPath":"327","fullname":"327-U1363-F"}},{"type":"Feature","id":322,"geometry":{"type":"Point","coordinates":[-128.03616299999999,47.288530000000037]},"properties":{"FID":322,"Name":"U1363G","FolderPath":"327","fullname":"327-U1363-G"}},{"type":"Feature","id":323,"geometry":{"type":"Point","coordinates":[-126.87215199999997,48.699937000000034]},"properties":{"FID":323,"Name":"U1364A","FolderPath":"328","fullname":"328-U1364-A"}},{"type":"Feature","id":324,"geometry":{"type":"Point","coordinates":[-165.64437299999997,-23.850821999999937]},"properties":{"FID":324,"Name":"U1365A","FolderPath":"329","fullname":"329-U1365-A"}},{"type":"Feature","id":325,"geometry":{"type":"Point","coordinates":[-165.64438199999998,-23.850646999999981]},"properties":{"FID":325,"Name":"U1365B","FolderPath":"329","fullname":"329-U1365-B"}},{"type":"Feature","id":326,"geometry":{"type":"Point","coordinates":[-165.64416999999997,-23.850627999999972]},"properties":{"FID":326,"Name":"U1365C","FolderPath":"329","fullname":"329-U1365-C"}},{"type":"Feature","id":327,"geometry":{"type":"Point","coordinates":[-165.64396799999997,-23.850597999999934]},"properties":{"FID":327,"Name":"U1365D","FolderPath":"329","fullname":"329-U1365-D"}},{"type":"Feature","id":328,"geometry":{"type":"Point","coordinates":[-165.64403299999998,-23.850814999999955]},"properties":{"FID":328,"Name":"U1365E","FolderPath":"329","fullname":"329-U1365-E"}},{"type":"Feature","id":329,"geometry":{"type":"Point","coordinates":[-156.89431799999997,-26.051574999999957]},"properties":{"FID":329,"Name":"U1366A","FolderPath":"329","fullname":"329-U1366-A"}},{"type":"Feature","id":330,"geometry":{"type":"Point","coordinates":[-156.89452299999996,-26.051582999999937]},"properties":{"FID":330,"Name":"U1366B","FolderPath":"329","fullname":"329-U1366-B"}},{"type":"Feature","id":331,"geometry":{"type":"Point","coordinates":[-156.89449999999997,-26.051407999999981]},"properties":{"FID":331,"Name":"U1366C","FolderPath":"329","fullname":"329-U1366-C"}},{"type":"Feature","id":332,"geometry":{"type":"Point","coordinates":[-156.89441999999997,-26.051416999999958]},"properties":{"FID":332,"Name":"U1366D","FolderPath":"329","fullname":"329-U1366-D"}},{"type":"Feature","id":333,"geometry":{"type":"Point","coordinates":[-156.89470799999998,-26.051404999999932]},"properties":{"FID":333,"Name":"U1366E","FolderPath":"329","fullname":"329-U1366-E"}},{"type":"Feature","id":334,"geometry":{"type":"Point","coordinates":[-156.89489499999996,-26.051392999999962]},"properties":{"FID":334,"Name":"U1366F","FolderPath":"329","fullname":"329-U1366-F"}},{"type":"Feature","id":335,"geometry":{"type":"Point","coordinates":[-137.93940999999995,-26.481619999999964]},"properties":{"FID":335,"Name":"U1367A","FolderPath":"329","fullname":"329-U1367-A"}},{"type":"Feature","id":336,"geometry":{"type":"Point","coordinates":[-137.93962799999997,-26.481609999999932]},"properties":{"FID":336,"Name":"U1367B","FolderPath":"329","fullname":"329-U1367-B"}},{"type":"Feature","id":337,"geometry":{"type":"Point","coordinates":[-137.93963799999995,-26.481432999999981]},"properties":{"FID":337,"Name":"U1367C","FolderPath":"329","fullname":"329-U1367-C"}},{"type":"Feature","id":338,"geometry":{"type":"Point","coordinates":[-137.93943199999995,-26.481434999999976]},"properties":{"FID":338,"Name":"U1367D","FolderPath":"329","fullname":"329-U1367-D"}},{"type":"Feature","id":339,"geometry":{"type":"Point","coordinates":[-137.93922999999995,-26.48142699999994]},"properties":{"FID":339,"Name":"U1367E","FolderPath":"329","fullname":"329-U1367-E"}},{"type":"Feature","id":340,"geometry":{"type":"Point","coordinates":[-137.93922999999995,-26.481599999999958]},"properties":{"FID":340,"Name":"U1367F","FolderPath":"329","fullname":"329-U1367-F"}},{"type":"Feature","id":341,"geometry":{"type":"Point","coordinates":[-123.16093699999999,-27.916694999999947]},"properties":{"FID":341,"Name":"U1368A","FolderPath":"329","fullname":"329-U1368-A"}},{"type":"Feature","id":342,"geometry":{"type":"Point","coordinates":[-123.16113199999995,-27.916706999999974]},"properties":{"FID":342,"Name":"U1368B","FolderPath":"329","fullname":"329-U1368-B"}},{"type":"Feature","id":343,"geometry":{"type":"Point","coordinates":[-123.16113499999994,-27.916526999999974]},"properties":{"FID":343,"Name":"U1368C","FolderPath":"329","fullname":"329-U1368-C"}},{"type":"Feature","id":344,"geometry":{"type":"Point","coordinates":[-123.16093499999999,-27.916532999999959]},"properties":{"FID":344,"Name":"U1368D","FolderPath":"329","fullname":"329-U1368-D"}},{"type":"Feature","id":345,"geometry":{"type":"Point","coordinates":[-123.16073699999998,-27.916529999999966]},"properties":{"FID":345,"Name":"U1368E","FolderPath":"329","fullname":"329-U1368-E"}},{"type":"Feature","id":346,"geometry":{"type":"Point","coordinates":[-123.16072199999996,-27.91670199999993]},"properties":{"FID":346,"Name":"U1368F","FolderPath":"329","fullname":"329-U1368-F"}},{"type":"Feature","id":347,"geometry":{"type":"Point","coordinates":[-139.80063799999999,-39.31029499999994]},"properties":{"FID":347,"Name":"U1369A","FolderPath":"329","fullname":"329-U1369-A"}},{"type":"Feature","id":348,"geometry":{"type":"Point","coordinates":[-139.80086999999997,-39.310296999999935]},"properties":{"FID":348,"Name":"U1369B","FolderPath":"329","fullname":"329-U1369-B"}},{"type":"Feature","id":349,"geometry":{"type":"Point","coordinates":[-139.80086499999999,-39.310116999999934]},"properties":{"FID":349,"Name":"U1369C","FolderPath":"329","fullname":"329-U1369-C"}},{"type":"Feature","id":350,"geometry":{"type":"Point","coordinates":[-139.80062999999996,-39.310114999999939]},"properties":{"FID":350,"Name":"U1369D","FolderPath":"329","fullname":"329-U1369-D"}},{"type":"Feature","id":351,"geometry":{"type":"Point","coordinates":[-139.80040999999994,-39.310116999999934]},"properties":{"FID":351,"Name":"U1369E","FolderPath":"329","fullname":"329-U1369-E"}},{"type":"Feature","id":352,"geometry":{"type":"Point","coordinates":[-153.10633199999998,-41.852147999999943]},"properties":{"FID":352,"Name":"U1370A","FolderPath":"329","fullname":"329-U1370-A"}},{"type":"Feature","id":353,"geometry":{"type":"Point","coordinates":[-153.10658799999996,-41.852141999999958]},"properties":{"FID":353,"Name":"U1370B","FolderPath":"329","fullname":"329-U1370-B"}},{"type":"Feature","id":354,"geometry":{"type":"Point","coordinates":[-153.10662499999998,-41.851951999999983]},"properties":{"FID":354,"Name":"U1370C","FolderPath":"329","fullname":"329-U1370-C"}},{"type":"Feature","id":355,"geometry":{"type":"Point","coordinates":[-153.10635299999998,-41.851926999999932]},"properties":{"FID":355,"Name":"U1370D","FolderPath":"329","fullname":"329-U1370-D"}},{"type":"Feature","id":356,"geometry":{"type":"Point","coordinates":[-153.10611299999997,-41.851929999999982]},"properties":{"FID":356,"Name":"U1370E","FolderPath":"329","fullname":"329-U1370-E"}},{"type":"Feature","id":357,"geometry":{"type":"Point","coordinates":[-153.10612299999997,-41.852111999999977]},"properties":{"FID":357,"Name":"U1370F","FolderPath":"329","fullname":"329-U1370-F"}},{"type":"Feature","id":358,"geometry":{"type":"Point","coordinates":[-163.18418799999998,-45.964152999999953]},"properties":{"FID":358,"Name":"U1371A","FolderPath":"329","fullname":"329-U1371-A"}},{"type":"Feature","id":359,"geometry":{"type":"Point","coordinates":[-163.18445499999999,-45.964181999999937]},"properties":{"FID":359,"Name":"U1371B","FolderPath":"329","fullname":"329-U1371-B"}},{"type":"Feature","id":360,"geometry":{"type":"Point","coordinates":[-163.18447299999997,-45.964006999999981]},"properties":{"FID":360,"Name":"U1371C","FolderPath":"329","fullname":"329-U1371-C"}},{"type":"Feature","id":361,"geometry":{"type":"Point","coordinates":[-163.18418699999998,-45.963989999999967]},"properties":{"FID":361,"Name":"U1371D","FolderPath":"329","fullname":"329-U1371-D"}},{"type":"Feature","id":362,"geometry":{"type":"Point","coordinates":[-163.18394199999997,-45.963994999999954]},"properties":{"FID":362,"Name":"U1371E","FolderPath":"329","fullname":"329-U1371-E"}},{"type":"Feature","id":363,"geometry":{"type":"Point","coordinates":[-163.18394799999996,-45.964169999999967]},"properties":{"FID":363,"Name":"U1371F","FolderPath":"329","fullname":"329-U1371-F"}},{"type":"Feature","id":364,"geometry":{"type":"Point","coordinates":[-163.18393299999997,-45.964394999999968]},"properties":{"FID":364,"Name":"U1371G","FolderPath":"329","fullname":"329-U1371-G"}},{"type":"Feature","id":365,"geometry":{"type":"Point","coordinates":[-163.18418699999998,-45.964412999999979]},"properties":{"FID":365,"Name":"U1371H","FolderPath":"329","fullname":"329-U1371-H"}},{"type":"Feature","id":366,"geometry":{"type":"Point","coordinates":[-174.72917699999996,-26.493361999999934]},"properties":{"FID":366,"Name":"U1372A","FolderPath":"330","fullname":"330-U1372-A"}},{"type":"Feature","id":367,"geometry":{"type":"Point","coordinates":[-173.28083199999998,-28.564844999999934]},"properties":{"FID":367,"Name":"U1373A","FolderPath":"330","fullname":"330-U1373-A"}},{"type":"Feature","id":368,"geometry":{"type":"Point","coordinates":[-173.38048999999998,-28.595854999999972]},"properties":{"FID":368,"Name":"U1374A","FolderPath":"330","fullname":"330-U1374-A"}},{"type":"Feature","id":369,"geometry":{"type":"Point","coordinates":[-171.44899199999998,-33.698366999999962]},"properties":{"FID":369,"Name":"U1375A","FolderPath":"330","fullname":"330-U1375-A"}},{"type":"Feature","id":370,"geometry":{"type":"Point","coordinates":[-171.45125499999997,-33.696432999999956]},"properties":{"FID":370,"Name":"U1375B","FolderPath":"330","fullname":"330-U1375-B"}},{"type":"Feature","id":371,"geometry":{"type":"Point","coordinates":[-171.88065999999998,-32.21738199999993]},"properties":{"FID":371,"Name":"U1376A","FolderPath":"330","fullname":"330-U1376-A"}},{"type":"Feature","id":372,"geometry":{"type":"Point","coordinates":[-168.63769999999997,-38.18301299999996]},"properties":{"FID":372,"Name":"U1377A","FolderPath":"330","fullname":"330-U1377-A"}},{"type":"Feature","id":373,"geometry":{"type":"Point","coordinates":[-168.63764499999996,-38.187499999999943]},"properties":{"FID":373,"Name":"U1377B","FolderPath":"330","fullname":"330-U1377-B"}},{"type":"Feature","id":374,"geometry":{"type":"Point","coordinates":[126.89768000000004,27.790250000000071]},"properties":{"FID":374,"Name":"C0013A","FolderPath":"331","fullname":"331-C0013-A"}},{"type":"Feature","id":375,"geometry":{"type":"Point","coordinates":[126.89767000000006,27.790230000000065]},"properties":{"FID":375,"Name":"C0013B","FolderPath":"331","fullname":"331-C0013-B"}},{"type":"Feature","id":376,"geometry":{"type":"Point","coordinates":[126.89768000000004,27.790200000000027]},"properties":{"FID":376,"Name":"C0013C","FolderPath":"331","fullname":"331-C0013-C"}},{"type":"Feature","id":377,"geometry":{"type":"Point","coordinates":[126.89768000000004,27.790220000000033]},"properties":{"FID":377,"Name":"C0013D","FolderPath":"331","fullname":"331-C0013-D"}},{"type":"Feature","id":378,"geometry":{"type":"Point","coordinates":[126.89758000000006,27.790260000000046]},"properties":{"FID":378,"Name":"C0013E","FolderPath":"331","fullname":"331-C0013-E"}},{"type":"Feature","id":379,"geometry":{"type":"Point","coordinates":[126.89767000000006,27.790200000000027]},"properties":{"FID":379,"Name":"C0013F","FolderPath":"331","fullname":"331-C0013-F"}},{"type":"Feature","id":380,"geometry":{"type":"Point","coordinates":[126.89759000000004,27.790170000000046]},"properties":{"FID":380,"Name":"C0013G","FolderPath":"331","fullname":"331-C0013-G"}},{"type":"Feature","id":381,"geometry":{"type":"Point","coordinates":[126.8976100000001,27.790160000000071]},"properties":{"FID":381,"Name":"C0013H","FolderPath":"331","fullname":"331-C0013-H"}},{"type":"Feature","id":382,"geometry":{"type":"Point","coordinates":[126.90081000000009,27.790230000000065]},"properties":{"FID":382,"Name":"C0014A","FolderPath":"331","fullname":"331-C0014-A"}},{"type":"Feature","id":383,"geometry":{"type":"Point","coordinates":[126.90075000000002,27.790220000000033]},"properties":{"FID":383,"Name":"C0014B","FolderPath":"331","fullname":"331-C0014-B"}},{"type":"Feature","id":384,"geometry":{"type":"Point","coordinates":[126.90065000000004,27.790320000000065]},"properties":{"FID":384,"Name":"C0014C","FolderPath":"331","fullname":"331-C0014-C"}},{"type":"Feature","id":385,"geometry":{"type":"Point","coordinates":[126.90068000000008,27.790260000000046]},"properties":{"FID":385,"Name":"C0014D","FolderPath":"331","fullname":"331-C0014-D"}},{"type":"Feature","id":386,"geometry":{"type":"Point","coordinates":[126.90068000000008,27.790260000000046]},"properties":{"FID":386,"Name":"C0014E","FolderPath":"331","fullname":"331-C0014-E"}},{"type":"Feature","id":387,"geometry":{"type":"Point","coordinates":[126.90074000000004,27.790310000000034]},"properties":{"FID":387,"Name":"C0014F","FolderPath":"331","fullname":"331-C0014-F"}},{"type":"Feature","id":388,"geometry":{"type":"Point","coordinates":[126.90077000000008,27.790280000000052]},"properties":{"FID":388,"Name":"C0014G","FolderPath":"331","fullname":"331-C0014-G"}},{"type":"Feature","id":389,"geometry":{"type":"Point","coordinates":[126.89164000000005,27.794460000000072]},"properties":{"FID":389,"Name":"C0015A","FolderPath":"331","fullname":"331-C0015-A"}},{"type":"Feature","id":390,"geometry":{"type":"Point","coordinates":[126.89164000000005,27.794460000000072]},"properties":{"FID":390,"Name":"C0015B","FolderPath":"331","fullname":"331-C0015-B"}},{"type":"Feature","id":391,"geometry":{"type":"Point","coordinates":[126.89166000000012,27.794480000000078]},"properties":{"FID":391,"Name":"C0015C","FolderPath":"331","fullname":"331-C0015-C"}},{"type":"Feature","id":392,"geometry":{"type":"Point","coordinates":[126.89672000000007,27.790910000000054]},"properties":{"FID":392,"Name":"C0016A","FolderPath":"331","fullname":"331-C0016-A"}},{"type":"Feature","id":393,"geometry":{"type":"Point","coordinates":[126.89643000000001,27.790900000000079]},"properties":{"FID":393,"Name":"C0016B","FolderPath":"331","fullname":"331-C0016-B"}},{"type":"Feature","id":394,"geometry":{"type":"Point","coordinates":[126.91196000000002,27.791720000000055]},"properties":{"FID":394,"Name":"C0017A","FolderPath":"331","fullname":"331-C0017-A"}},{"type":"Feature","id":395,"geometry":{"type":"Point","coordinates":[126.91196000000002,27.791710000000023]},"properties":{"FID":395,"Name":"C0017B","FolderPath":"331","fullname":"331-C0017-B"}},{"type":"Feature","id":396,"geometry":{"type":"Point","coordinates":[126.91200000000003,27.79173000000003]},"properties":{"FID":396,"Name":"C0017C","FolderPath":"331","fullname":"331-C0017-C"}},{"type":"Feature","id":397,"geometry":{"type":"Point","coordinates":[126.91203000000007,27.791750000000036]},"properties":{"FID":397,"Name":"C0017D","FolderPath":"331","fullname":"331-C0017-D"}},{"type":"Feature","id":398,"geometry":{"type":"Point","coordinates":[136.63583000000006,33.300220000000024]},"properties":{"FID":398,"Name":"C0002G","FolderPath":"332","fullname":"332-C0002-G"}},{"type":"Feature","id":399,"geometry":{"type":"Point","coordinates":[136.68654000000004,32.209970000000055]},"properties":{"FID":399,"Name":"C0010A","FolderPath":"332","fullname":"332-C0010-A"}},{"type":"Feature","id":400,"geometry":{"type":"Point","coordinates":[136.88150000000007,32.828830000000039]},"properties":{"FID":400,"Name":"C0018A","FolderPath":"332","fullname":"332-C0018-A"}},{"type":"Feature","id":401,"geometry":{"type":"Point","coordinates":[136.88208000000009,32.829060000000027]},"properties":{"FID":401,"Name":"C0011C","FolderPath":"333","fullname":"333-C0011-C"}},{"type":"Feature","id":402,"geometry":{"type":"Point","coordinates":[136.88208000000009,32.829060000000027]},"properties":{"FID":402,"Name":"C0011D","FolderPath":"333","fullname":"333-C0011-D"}},{"type":"Feature","id":403,"geometry":{"type":"Point","coordinates":[136.91736000000003,32.748240000000067]},"properties":{"FID":403,"Name":"C0012C","FolderPath":"333","fullname":"333-C0012-C"}},{"type":"Feature","id":404,"geometry":{"type":"Point","coordinates":[136.91736000000003,32.748330000000067]},"properties":{"FID":404,"Name":"C0012D","FolderPath":"333","fullname":"333-C0012-D"}},{"type":"Feature","id":405,"geometry":{"type":"Point","coordinates":[136.91736000000003,32.748330000000067]},"properties":{"FID":405,"Name":"C0012E","FolderPath":"333","fullname":"333-C0012-E"}},{"type":"Feature","id":406,"geometry":{"type":"Point","coordinates":[136.91678000000002,32.748030000000028]},"properties":{"FID":406,"Name":"C0012F","FolderPath":"333","fullname":"333-C0012-F"}},{"type":"Feature","id":407,"geometry":{"type":"Point","coordinates":[136.91692000000012,32.748080000000073]},"properties":{"FID":407,"Name":"C0012G","FolderPath":"333","fullname":"333-C0012-G"}},{"type":"Feature","id":408,"geometry":{"type":"Point","coordinates":[136.68148000000008,33.156990000000064]},"properties":{"FID":408,"Name":"C0018A","FolderPath":"333","fullname":"333-C0018-A"}},{"type":"Feature","id":409,"geometry":{"type":"Point","coordinates":[-84.077187999999978,8.592358000000047]},"properties":{"FID":409,"Name":"U1378A","FolderPath":"334","fullname":"334-U1378-A"}},{"type":"Feature","id":410,"geometry":{"type":"Point","coordinates":[-84.077357999999947,8.5923470000000748]},"properties":{"FID":410,"Name":"U1378B","FolderPath":"334","fullname":"334-U1378-B"}},{"type":"Feature","id":411,"geometry":{"type":"Point","coordinates":[-84.033609999999953,8.6808350000000587]},"properties":{"FID":411,"Name":"U1379A","FolderPath":"334","fullname":"334-U1379-A"}},{"type":"Feature","id":412,"geometry":{"type":"Point","coordinates":[-84.033794999999941,8.6808370000000536]},"properties":{"FID":412,"Name":"U1379B","FolderPath":"334","fullname":"334-U1379-B"}},{"type":"Feature","id":413,"geometry":{"type":"Point","coordinates":[-84.033789999999954,8.6810080000000767]},"properties":{"FID":413,"Name":"U1379C","FolderPath":"334","fullname":"334-U1379-C"}},{"type":"Feature","id":414,"geometry":{"type":"Point","coordinates":[-84.073386999999968,8.5999600000000669]},"properties":{"FID":414,"Name":"U1380A","FolderPath":"334","fullname":"334-U1380-A"}},{"type":"Feature","id":415,"geometry":{"type":"Point","coordinates":[-84.157816999999966,8.4285830000000601]},"properties":{"FID":415,"Name":"U1381A","FolderPath":"334","fullname":"334-U1381-A"}},{"type":"Feature","id":416,"geometry":{"type":"Point","coordinates":[-84.158007999999938,8.4285820000000626]},"properties":{"FID":416,"Name":"U1381B","FolderPath":"334","fullname":"334-U1381-B"}},{"type":"Feature","id":417,"geometry":{"type":"Point","coordinates":[-91.934352999999987,6.7360520000000292]},"properties":{"FID":417,"Name":"U1256D","FolderPath":"335","fullname":"335-U1256-D"}},{"type":"Feature","id":418,"geometry":{"type":"Point","coordinates":[-46.08151799999996,22.755885000000035]},"properties":{"FID":418,"Name":"U1382A","FolderPath":"336","fullname":"336-U1382-A"}},{"type":"Feature","id":419,"geometry":{"type":"Point","coordinates":[-46.081246999999962,22.755880000000047]},"properties":{"FID":419,"Name":"U1382B","FolderPath":"336","fullname":"336-U1382-B"}},{"type":"Feature","id":420,"geometry":{"type":"Point","coordinates":[-46.052767999999958,22.80204800000007]},"properties":{"FID":420,"Name":"U1383A","FolderPath":"336","fullname":"336-U1383-A"}},{"type":"Feature","id":421,"geometry":{"type":"Point","coordinates":[-46.052592999999945,22.802213000000052]},"properties":{"FID":421,"Name":"U1383B","FolderPath":"336","fullname":"336-U1383-B"}},{"type":"Feature","id":422,"geometry":{"type":"Point","coordinates":[-46.052769999999953,22.802068000000077]},"properties":{"FID":422,"Name":"U1383C","FolderPath":"336","fullname":"336-U1383-C"}},{"type":"Feature","id":423,"geometry":{"type":"Point","coordinates":[-46.052712999999983,22.802193000000045]},"properties":{"FID":423,"Name":"U1383D","FolderPath":"336","fullname":"336-U1383-D"}},{"type":"Feature","id":424,"geometry":{"type":"Point","coordinates":[-46.052636999999947,22.80213800000007]},"properties":{"FID":424,"Name":"U1383E","FolderPath":"336","fullname":"336-U1383-E"}},{"type":"Feature","id":425,"geometry":{"type":"Point","coordinates":[-46.089106999999956,22.811810000000037]},"properties":{"FID":425,"Name":"U1384A","FolderPath":"336","fullname":"336-U1384-A"}},{"type":"Feature","id":426,"geometry":{"type":"Point","coordinates":[-46.081014999999979,22.755865000000028]},"properties":{"FID":426,"Name":"U395A","FolderPath":"336","fullname":"336-U395-A"}},{"type":"Feature","id":427,"geometry":{"type":"Point","coordinates":[142.20054700000003,41.176638000000025]},"properties":{"FID":427,"Name":"C0020A","FolderPath":"337","fullname":"337-C0020-A"}},{"type":"Feature","id":428,"geometry":{"type":"Point","coordinates":[142.20055000000002,41.176640000000077]},"properties":{"FID":428,"Name":"C9001C0020A","FolderPath":"337","fullname":"337-C9001-C0020A"}},{"type":"Feature","id":429,"geometry":{"type":"Point","coordinates":[136.91725000000008,32.747970000000066]},"properties":{"FID":429,"Name":"C00012H","FolderPath":"338","fullname":"338-C00012-H"}},{"type":"Feature","id":430,"geometry":{"type":"Point","coordinates":[136.6813800000001,33.157200000000046]},"properties":{"FID":430,"Name":"C00018B","FolderPath":"338","fullname":"338-C00018-B"}},{"type":"Feature","id":431,"geometry":{"type":"Point","coordinates":[136.63671500000009,33.300845000000038]},"properties":{"FID":431,"Name":"C0002F","FolderPath":"338","fullname":"338-C0002-F"}},{"type":"Feature","id":432,"geometry":{"type":"Point","coordinates":[136.63671500000009,33.300845000000038]},"properties":{"FID":432,"Name":"C0002F","FolderPath":"338","fullname":"338-C0002-F"}},{"type":"Feature","id":433,"geometry":{"type":"Point","coordinates":[136.63692000000003,33.300420000000031]},"properties":{"FID":433,"Name":"C0002H","FolderPath":"338","fullname":"338-C0002-H"}},{"type":"Feature","id":434,"geometry":{"type":"Point","coordinates":[136.63679500000012,33.300603000000024]},"properties":{"FID":434,"Name":"C0002I","FolderPath":"338","fullname":"338-C0002-I"}},{"type":"Feature","id":435,"geometry":{"type":"Point","coordinates":[136.63718700000004,33.30028800000008]},"properties":{"FID":435,"Name":"C0002J","FolderPath":"338","fullname":"338-C0002-J"}},{"type":"Feature","id":436,"geometry":{"type":"Point","coordinates":[136.63683800000001,33.30010500000003]},"properties":{"FID":436,"Name":"C0002K","FolderPath":"338","fullname":"338-C0002-K"}},{"type":"Feature","id":437,"geometry":{"type":"Point","coordinates":[136.63700000000006,33.299950000000024]},"properties":{"FID":437,"Name":"C0002L","FolderPath":"338","fullname":"338-C0002-L"}},{"type":"Feature","id":438,"geometry":{"type":"Point","coordinates":[136.65809000000002,33.167470000000037]},"properties":{"FID":438,"Name":"C00021A","FolderPath":"338","fullname":"338-C00021-A"}},{"type":"Feature","id":439,"geometry":{"type":"Point","coordinates":[136.66435000000001,33.167590000000075]},"properties":{"FID":439,"Name":"C00021B","FolderPath":"338","fullname":"338-C00021-B"}},{"type":"Feature","id":440,"geometry":{"type":"Point","coordinates":[136.72423000000003,33.217800000000068]},"properties":{"FID":440,"Name":"C00022A","FolderPath":"338","fullname":"338-C00022-A"}},{"type":"Feature","id":441,"geometry":{"type":"Point","coordinates":[136.72445000000005,33.218060000000037]},"properties":{"FID":441,"Name":"C00022B","FolderPath":"338","fullname":"338-C00022-B"}},{"type":"Feature","id":442,"geometry":{"type":"Point","coordinates":[136.91725200000008,32.747972000000061]},"properties":{"FID":442,"Name":"C0012H","FolderPath":"338","fullname":"338-C0012-H"}},{"type":"Feature","id":443,"geometry":{"type":"Point","coordinates":[136.68137700000011,33.157198000000051]},"properties":{"FID":443,"Name":"C0018B","FolderPath":"338","fullname":"338-C0018-B"}},{"type":"Feature","id":444,"geometry":{"type":"Point","coordinates":[136.65809000000002,33.167470000000037]},"properties":{"FID":444,"Name":"C0021A","FolderPath":"338","fullname":"338-C0021-A"}},{"type":"Feature","id":445,"geometry":{"type":"Point","coordinates":[136.66435000000001,33.16759200000007]},"properties":{"FID":445,"Name":"C0021B","FolderPath":"338","fullname":"338-C0021-B"}},{"type":"Feature","id":446,"geometry":{"type":"Point","coordinates":[136.72423300000003,33.217800000000068]},"properties":{"FID":446,"Name":"C0022A","FolderPath":"338","fullname":"338-C0022-A"}},{"type":"Feature","id":447,"geometry":{"type":"Point","coordinates":[136.72444500000006,33.218055000000049]},"properties":{"FID":447,"Name":"C0022B","FolderPath":"338","fullname":"338-C0022-B"}},{"type":"Feature","id":448,"geometry":{"type":"Point","coordinates":[-10.126179999999977,37.57149000000004]},"properties":{"FID":448,"Name":"U1385A","FolderPath":"339","fullname":"339-U1385-A"}},{"type":"Feature","id":449,"geometry":{"type":"Point","coordinates":[-10.12593499999997,37.571487000000047]},"properties":{"FID":449,"Name":"U1385B","FolderPath":"339","fullname":"339-U1385-B"}},{"type":"Feature","id":450,"geometry":{"type":"Point","coordinates":[-10.12593499999997,37.571487000000047]},"properties":{"FID":450,"Name":"U1385C","FolderPath":"339","fullname":"339-U1385-C"}},{"type":"Feature","id":451,"geometry":{"type":"Point","coordinates":[-10.125931999999978,37.571307000000047]},"properties":{"FID":451,"Name":"U1385D","FolderPath":"339","fullname":"339-U1385-D"}},{"type":"Feature","id":452,"geometry":{"type":"Point","coordinates":[-10.126152999999931,37.571308000000045]},"properties":{"FID":452,"Name":"U1385E","FolderPath":"339","fullname":"339-U1385-E"}},{"type":"Feature","id":453,"geometry":{"type":"Point","coordinates":[-7.7555149999999458,36.828142000000071]},"properties":{"FID":453,"Name":"U1386A","FolderPath":"339","fullname":"339-U1386-A"}},{"type":"Feature","id":454,"geometry":{"type":"Point","coordinates":[-7.7552799999999706,36.828133000000037]},"properties":{"FID":454,"Name":"U1386B","FolderPath":"339","fullname":"339-U1386-B"}},{"type":"Feature","id":455,"geometry":{"type":"Point","coordinates":[-7.7552749999999264,36.827955000000031]},"properties":{"FID":455,"Name":"U1386C","FolderPath":"339","fullname":"339-U1386-C"}},{"type":"Feature","id":456,"geometry":{"type":"Point","coordinates":[-7.7190129999999613,36.805410000000052]},"properties":{"FID":456,"Name":"U1387A","FolderPath":"339","fullname":"339-U1387-A"}},{"type":"Feature","id":457,"geometry":{"type":"Point","coordinates":[-7.7187969999999382,36.805410000000052]},"properties":{"FID":457,"Name":"U1387B","FolderPath":"339","fullname":"339-U1387-B"}},{"type":"Feature","id":458,"geometry":{"type":"Point","coordinates":[-7.7187949999999432,36.805232000000046]},"properties":{"FID":458,"Name":"U1387C","FolderPath":"339","fullname":"339-U1387-C"}},{"type":"Feature","id":459,"geometry":{"type":"Point","coordinates":[-6.7943369999999277,36.268963000000042]},"properties":{"FID":459,"Name":"U1388A","FolderPath":"339","fullname":"339-U1388-A"}},{"type":"Feature","id":460,"geometry":{"type":"Point","coordinates":[-6.7940219999999272,36.268972000000076]},"properties":{"FID":460,"Name":"U1388B","FolderPath":"339","fullname":"339-U1388-B"}},{"type":"Feature","id":461,"geometry":{"type":"Point","coordinates":[-6.7940179999999373,36.269158000000061]},"properties":{"FID":461,"Name":"U1388C","FolderPath":"339","fullname":"339-U1388-C"}},{"type":"Feature","id":462,"geometry":{"type":"Point","coordinates":[-7.2781779999999685,36.425305000000037]},"properties":{"FID":462,"Name":"U1389A","FolderPath":"339","fullname":"339-U1389-A"}},{"type":"Feature","id":463,"geometry":{"type":"Point","coordinates":[-7.2779529999999681,36.425332000000026]},"properties":{"FID":463,"Name":"U1389B","FolderPath":"339","fullname":"339-U1389-B"}},{"type":"Feature","id":464,"geometry":{"type":"Point","coordinates":[-7.2779529999999681,36.425332000000026]},"properties":{"FID":464,"Name":"U1389C","FolderPath":"339","fullname":"339-U1389-C"}},{"type":"Feature","id":465,"geometry":{"type":"Point","coordinates":[-7.2779529999999681,36.42515300000008]},"properties":{"FID":465,"Name":"U1389D","FolderPath":"339","fullname":"339-U1389-D"}},{"type":"Feature","id":466,"geometry":{"type":"Point","coordinates":[-7.278176999999971,36.425140000000056]},"properties":{"FID":466,"Name":"U1389E","FolderPath":"339","fullname":"339-U1389-E"}},{"type":"Feature","id":467,"geometry":{"type":"Point","coordinates":[-7.7180199999999672,36.317312000000072]},"properties":{"FID":467,"Name":"U1390A","FolderPath":"339","fullname":"339-U1390-A"}},{"type":"Feature","id":468,"geometry":{"type":"Point","coordinates":[-7.7180249999999546,36.319100000000049]},"properties":{"FID":468,"Name":"U1390B","FolderPath":"339","fullname":"339-U1390-B"}},{"type":"Feature","id":469,"geometry":{"type":"Point","coordinates":[-7.7177899999999795,36.31911000000008]},"properties":{"FID":469,"Name":"U1390C","FolderPath":"339","fullname":"339-U1390-C"}},{"type":"Feature","id":470,"geometry":{"type":"Point","coordinates":[-9.4110019999999395,37.35898700000007]},"properties":{"FID":470,"Name":"U1391A","FolderPath":"339","fullname":"339-U1391-A"}},{"type":"Feature","id":471,"geometry":{"type":"Point","coordinates":[-9.4110069999999268,37.358813000000055]},"properties":{"FID":471,"Name":"U1391B","FolderPath":"339","fullname":"339-U1391-B"}},{"type":"Feature","id":472,"geometry":{"type":"Point","coordinates":[-9.4107799999999315,37.358810000000062]},"properties":{"FID":472,"Name":"U1391C","FolderPath":"339","fullname":"339-U1391-C"}},{"type":"Feature","id":473,"geometry":{"type":"Point","coordinates":[-42.118499999999983,30.16847000000007]},"properties":{"FID":473,"Name":"#NAME?","FolderPath":"340T","fullname":"340T-U1309-A"}},{"type":"Feature","id":474,"geometry":{"type":"Point","coordinates":[-42.118499999999983,30.16847000000007]},"properties":{"FID":474,"Name":"#NAME?","FolderPath":"340T","fullname":"340T-U1309-B"}},{"type":"Feature","id":475,"geometry":{"type":"Point","coordinates":[-42.118679999999983,30.16847000000007]},"properties":{"FID":475,"Name":"U1309C","FolderPath":"340T","fullname":"340T-U1309-C"}},{"type":"Feature","id":476,"geometry":{"type":"Point","coordinates":[-42.118549999999971,30.168660000000045]},"properties":{"FID":476,"Name":"#NAME?","FolderPath":"340T","fullname":"340T-U1309-D"}},{"type":"Feature","id":477,"geometry":{"type":"Point","coordinates":[-42.118429999999933,30.168680000000052]},"properties":{"FID":477,"Name":"#NAME?","FolderPath":"340T","fullname":"340T-U1309-E"}},{"type":"Feature","id":478,"geometry":{"type":"Point","coordinates":[-42.118529999999964,30.168630000000064]},"properties":{"FID":478,"Name":"#NAME?","FolderPath":"340T","fullname":"340T-U1392-A"}},{"type":"Feature","id":479,"geometry":{"type":"Point","coordinates":[-62.084322999999983,16.718860000000063]},"properties":{"FID":479,"Name":"U1393A","FolderPath":"340","fullname":"340-U1393-A"}},{"type":"Feature","id":480,"geometry":{"type":"Point","coordinates":[-62.038036999999974,16.640432000000033]},"properties":{"FID":480,"Name":"U1394A","FolderPath":"340","fullname":"340-U1394-A"}},{"type":"Feature","id":481,"geometry":{"type":"Point","coordinates":[-62.038031999999987,16.640625000000057]},"properties":{"FID":481,"Name":"U1394B","FolderPath":"340","fullname":"340-U1394-B"}},{"type":"Feature","id":482,"geometry":{"type":"Point","coordinates":[-61.951429999999959,16.493313000000057]},"properties":{"FID":482,"Name":"U1395A","FolderPath":"340","fullname":"340-U1395-A"}},{"type":"Feature","id":483,"geometry":{"type":"Point","coordinates":[-61.951251999999954,16.49330800000007]},"properties":{"FID":483,"Name":"U1395B","FolderPath":"340","fullname":"340-U1395-B"}},{"type":"Feature","id":484,"geometry":{"type":"Point","coordinates":[-62.451694999999972,16.508068000000037]},"properties":{"FID":484,"Name":"U1396A","FolderPath":"340","fullname":"340-U1396-A"}},{"type":"Feature","id":485,"geometry":{"type":"Point","coordinates":[-62.45151999999996,16.508078000000069]},"properties":{"FID":485,"Name":"U1396B","FolderPath":"340","fullname":"340-U1396-B"}},{"type":"Feature","id":486,"geometry":{"type":"Point","coordinates":[-62.451507999999933,16.507882000000052]},"properties":{"FID":486,"Name":"U1396C","FolderPath":"340","fullname":"340-U1396-C"}},{"type":"Feature","id":487,"geometry":{"type":"Point","coordinates":[-61.422549999999944,14.906802000000027]},"properties":{"FID":487,"Name":"U1397A","FolderPath":"340","fullname":"340-U1397-A"}},{"type":"Feature","id":488,"geometry":{"type":"Point","coordinates":[-61.422367999999949,14.906792000000053]},"properties":{"FID":488,"Name":"U1397B","FolderPath":"340","fullname":"340-U1397-B"}},{"type":"Feature","id":489,"geometry":{"type":"Point","coordinates":[-61.889036999999973,14.278307000000041]},"properties":{"FID":489,"Name":"U1398A","FolderPath":"340","fullname":"340-U1398-A"}},{"type":"Feature","id":490,"geometry":{"type":"Point","coordinates":[-61.888847999999939,14.278312000000028]},"properties":{"FID":490,"Name":"U1398B","FolderPath":"340","fullname":"340-U1398-B"}},{"type":"Feature","id":491,"geometry":{"type":"Point","coordinates":[-61.711471999999958,14.387365000000045]},"properties":{"FID":491,"Name":"U1399A","FolderPath":"340","fullname":"340-U1399-A"}},{"type":"Feature","id":492,"geometry":{"type":"Point","coordinates":[-61.708966999999973,14.389398000000028]},"properties":{"FID":492,"Name":"U1399B","FolderPath":"340","fullname":"340-U1399-B"}},{"type":"Feature","id":493,"geometry":{"type":"Point","coordinates":[-61.711107999999967,14.387655000000052]},"properties":{"FID":493,"Name":"U1399C","FolderPath":"340","fullname":"340-U1399-C"}},{"type":"Feature","id":494,"geometry":{"type":"Point","coordinates":[-61.459152999999958,14.543052000000046]},"properties":{"FID":494,"Name":"U1400A","FolderPath":"340","fullname":"340-U1400-A"}},{"type":"Feature","id":495,"geometry":{"type":"Point","coordinates":[-61.456774999999936,14.53670500000004]},"properties":{"FID":495,"Name":"U1400B","FolderPath":"340","fullname":"340-U1400-B"}},{"type":"Feature","id":496,"geometry":{"type":"Point","coordinates":[-61.456712999999979,14.53655800000007]},"properties":{"FID":496,"Name":"U1400C","FolderPath":"340","fullname":"340-U1400-C"}},{"type":"Feature","id":497,"geometry":{"type":"Point","coordinates":[-61.417994999999962,14.65165200000007]},"properties":{"FID":497,"Name":"U1401A","FolderPath":"340","fullname":"340-U1401-A"}},{"type":"Feature","id":498,"geometry":{"type":"Point","coordinates":[-61.420454999999947,14.65039500000006]},"properties":{"FID":498,"Name":"U1401B","FolderPath":"340","fullname":"340-U1401-B"}},{"type":"Feature","id":499,"geometry":{"type":"Point","coordinates":[-61.41553799999997,14.652907000000027]},"properties":{"FID":499,"Name":"U1401C","FolderPath":"340","fullname":"340-U1401-C"}},{"type":"Feature","id":500,"geometry":{"type":"Point","coordinates":[-61.422904999999957,14.649105000000077]},"properties":{"FID":500,"Name":"U1401D","FolderPath":"340","fullname":"340-U1401-D"}},{"type":"Feature","id":501,"geometry":{"type":"Point","coordinates":[-126.84751499999999,48.669705000000079]},"properties":{"FID":501,"Name":"#NAME?","FolderPath":"341S","fullname":"341S-U1416-A"}},{"type":"Feature","id":502,"geometry":{"type":"Point","coordinates":[-126.84749199999999,48.670053000000053]},"properties":{"FID":502,"Name":"#NAME?","FolderPath":"341S","fullname":"341S-U1416-B"}},{"type":"Feature","id":503,"geometry":{"type":"Point","coordinates":[-147.10997499999996,56.959993000000054]},"properties":{"FID":503,"Name":"U1417A","FolderPath":"341","fullname":"341-U1417-A"}},{"type":"Feature","id":504,"geometry":{"type":"Point","coordinates":[-147.10963499999997,56.959998000000041]},"properties":{"FID":504,"Name":"U1417B","FolderPath":"341","fullname":"341-U1417-B"}},{"type":"Feature","id":505,"geometry":{"type":"Point","coordinates":[-147.10961499999996,56.959813000000054]},"properties":{"FID":505,"Name":"U1417C","FolderPath":"341","fullname":"341-U1417-C"}},{"type":"Feature","id":506,"geometry":{"type":"Point","coordinates":[-147.10995499999996,56.959827000000075]},"properties":{"FID":506,"Name":"U1417D","FolderPath":"341","fullname":"341-U1417-D"}},{"type":"Feature","id":507,"geometry":{"type":"Point","coordinates":[-147.10997199999997,56.959813000000054]},"properties":{"FID":507,"Name":"U1417E","FolderPath":"341","fullname":"341-U1417-E"}},{"type":"Feature","id":508,"geometry":{"type":"Point","coordinates":[-144.49296199999998,58.776825000000031]},"properties":{"FID":508,"Name":"U1418A","FolderPath":"341","fullname":"341-U1418-A"}},{"type":"Feature","id":509,"geometry":{"type":"Point","coordinates":[-144.49259799999996,58.776833000000067]},"properties":{"FID":509,"Name":"U1418B","FolderPath":"341","fullname":"341-U1418-B"}},{"type":"Feature","id":510,"geometry":{"type":"Point","coordinates":[-144.49261699999997,58.77665200000007]},"properties":{"FID":510,"Name":"U1418C","FolderPath":"341","fullname":"341-U1418-C"}},{"type":"Feature","id":511,"geometry":{"type":"Point","coordinates":[-144.49296499999997,58.776655000000062]},"properties":{"FID":511,"Name":"U1418D","FolderPath":"341","fullname":"341-U1418-D"}},{"type":"Feature","id":512,"geometry":{"type":"Point","coordinates":[-144.49295199999997,58.776483000000042]},"properties":{"FID":512,"Name":"U1418E","FolderPath":"341","fullname":"341-U1418-E"}},{"type":"Feature","id":513,"geometry":{"type":"Point","coordinates":[-144.49330999999998,58.776472000000069]},"properties":{"FID":513,"Name":"U1418F","FolderPath":"341","fullname":"341-U1418-F"}},{"type":"Feature","id":514,"geometry":{"type":"Point","coordinates":[-144.13380299999997,59.532162000000028]},"properties":{"FID":514,"Name":"U1419A","FolderPath":"341","fullname":"341-U1419-A"}},{"type":"Feature","id":515,"geometry":{"type":"Point","coordinates":[-144.13346699999997,59.532182000000034]},"properties":{"FID":515,"Name":"U1419B","FolderPath":"341","fullname":"341-U1419-B"}},{"type":"Feature","id":516,"geometry":{"type":"Point","coordinates":[-144.13346499999997,59.532007000000078]},"properties":{"FID":516,"Name":"U1419C","FolderPath":"341","fullname":"341-U1419-C"}},{"type":"Feature","id":517,"geometry":{"type":"Point","coordinates":[-144.13419199999996,59.532000000000039]},"properties":{"FID":517,"Name":"U1419D","FolderPath":"341","fullname":"341-U1419-D"}},{"type":"Feature","id":518,"geometry":{"type":"Point","coordinates":[-144.13412299999996,59.532183000000032]},"properties":{"FID":518,"Name":"U1419E","FolderPath":"341","fullname":"341-U1419-E"}},{"type":"Feature","id":519,"geometry":{"type":"Point","coordinates":[-143.20099799999997,59.688998000000026]},"properties":{"FID":519,"Name":"U1420A","FolderPath":"341","fullname":"341-U1420-A"}},{"type":"Feature","id":520,"geometry":{"type":"Point","coordinates":[-143.04565799999995,59.507332000000076]},"properties":{"FID":520,"Name":"U1421A","FolderPath":"341","fullname":"341-U1421-A"}},{"type":"Feature","id":521,"geometry":{"type":"Point","coordinates":[-143.04531299999996,59.507140000000049]},"properties":{"FID":521,"Name":"U1421B","FolderPath":"341","fullname":"341-U1421-B"}},{"type":"Feature","id":522,"geometry":{"type":"Point","coordinates":[-143.04564499999998,59.507163000000048]},"properties":{"FID":522,"Name":"U1421C","FolderPath":"341","fullname":"341-U1421-C"}},{"type":"Feature","id":523,"geometry":{"type":"Point","coordinates":[-128.70890299999996,48.455980000000068]},"properties":{"FID":523,"Name":"#NAME?","FolderPath":"341S","fullname":"341S-U858-G"}},{"type":"Feature","id":524,"geometry":{"type":"Point","coordinates":[-72.275812999999971,39.225303000000054]},"properties":{"FID":524,"Name":"U1402A","FolderPath":"342","fullname":"342-U1402-A"}},{"type":"Feature","id":525,"geometry":{"type":"Point","coordinates":[-72.275589999999966,39.225305000000048]},"properties":{"FID":525,"Name":"U1402B","FolderPath":"342","fullname":"342-U1402-B"}},{"type":"Feature","id":526,"geometry":{"type":"Point","coordinates":[-51.80332999999996,39.943328000000065]},"properties":{"FID":526,"Name":"U1403A","FolderPath":"342","fullname":"342-U1403-A"}},{"type":"Feature","id":527,"geometry":{"type":"Point","coordinates":[-51.803091999999936,39.94332200000008]},"properties":{"FID":527,"Name":"U1403B","FolderPath":"342","fullname":"342-U1403-B"}},{"type":"Feature","id":528,"geometry":{"type":"Point","coordinates":[-51.809982999999932,40.013328000000058]},"properties":{"FID":528,"Name":"U1404A","FolderPath":"342","fullname":"342-U1404-A"}},{"type":"Feature","id":529,"geometry":{"type":"Point","coordinates":[-51.809759999999983,40.013332000000048]},"properties":{"FID":529,"Name":"U1404B","FolderPath":"342","fullname":"342-U1404-B"}},{"type":"Feature","id":530,"geometry":{"type":"Point","coordinates":[-51.809761999999978,40.013150000000053]},"properties":{"FID":530,"Name":"U1404C","FolderPath":"342","fullname":"342-U1404-C"}},{"type":"Feature","id":531,"geometry":{"type":"Point","coordinates":[-51.819992999999954,40.138335000000041]},"properties":{"FID":531,"Name":"U1405A","FolderPath":"342","fullname":"342-U1405-A"}},{"type":"Feature","id":532,"geometry":{"type":"Point","coordinates":[-51.819741999999962,40.138325000000066]},"properties":{"FID":532,"Name":"U1405B","FolderPath":"342","fullname":"342-U1405-B"}},{"type":"Feature","id":533,"geometry":{"type":"Point","coordinates":[-51.819744999999955,40.138150000000053]},"properties":{"FID":533,"Name":"U1405C","FolderPath":"342","fullname":"342-U1405-C"}},{"type":"Feature","id":534,"geometry":{"type":"Point","coordinates":[-51.649989999999946,40.349987000000056]},"properties":{"FID":534,"Name":"U1406A","FolderPath":"342","fullname":"342-U1406-A"}},{"type":"Feature","id":535,"geometry":{"type":"Point","coordinates":[-51.649751999999978,40.349992000000043]},"properties":{"FID":535,"Name":"U1406B","FolderPath":"342","fullname":"342-U1406-B"}},{"type":"Feature","id":536,"geometry":{"type":"Point","coordinates":[-51.649754999999971,40.349820000000079]},"properties":{"FID":536,"Name":"U1406C","FolderPath":"342","fullname":"342-U1406-C"}},{"type":"Feature","id":537,"geometry":{"type":"Point","coordinates":[-49.813311999999939,41.424988000000042]},"properties":{"FID":537,"Name":"U1407A","FolderPath":"342","fullname":"342-U1407-A"}},{"type":"Feature","id":538,"geometry":{"type":"Point","coordinates":[-49.813066999999933,41.424983000000054]},"properties":{"FID":538,"Name":"U1407B","FolderPath":"342","fullname":"342-U1407-B"}},{"type":"Feature","id":539,"geometry":{"type":"Point","coordinates":[-49.813561999999934,41.425000000000068]},"properties":{"FID":539,"Name":"U1407C","FolderPath":"342","fullname":"342-U1407-C"}},{"type":"Feature","id":540,"geometry":{"type":"Point","coordinates":[-49.785804999999982,41.438308000000063]},"properties":{"FID":540,"Name":"U1408A","FolderPath":"342","fullname":"342-U1408-A"}},{"type":"Feature","id":541,"geometry":{"type":"Point","coordinates":[-49.785601999999983,41.438315000000046]},"properties":{"FID":541,"Name":"U1408B","FolderPath":"342","fullname":"342-U1408-B"}},{"type":"Feature","id":542,"geometry":{"type":"Point","coordinates":[-49.785574999999938,41.438130000000058]},"properties":{"FID":542,"Name":"U1408C","FolderPath":"342","fullname":"342-U1408-C"}},{"type":"Feature","id":543,"geometry":{"type":"Point","coordinates":[-49.233326999999974,41.295835000000068]},"properties":{"FID":543,"Name":"U1409A","FolderPath":"342","fullname":"342-U1409-A"}},{"type":"Feature","id":544,"geometry":{"type":"Point","coordinates":[-49.233086999999955,41.295822000000044]},"properties":{"FID":544,"Name":"U1409B","FolderPath":"342","fullname":"342-U1409-B"}},{"type":"Feature","id":545,"geometry":{"type":"Point","coordinates":[-49.233087999999952,41.295653000000073]},"properties":{"FID":545,"Name":"U1409C","FolderPath":"342","fullname":"342-U1409-C"}},{"type":"Feature","id":546,"geometry":{"type":"Point","coordinates":[-49.169991999999979,41.328312000000039]},"properties":{"FID":546,"Name":"U1410A","FolderPath":"342","fullname":"342-U1410-A"}},{"type":"Feature","id":547,"geometry":{"type":"Point","coordinates":[-49.169744999999978,41.328322000000071]},"properties":{"FID":547,"Name":"U1410B","FolderPath":"342","fullname":"342-U1410-B"}},{"type":"Feature","id":548,"geometry":{"type":"Point","coordinates":[-49.169756999999947,41.328142000000071]},"properties":{"FID":548,"Name":"U1410C","FolderPath":"342","fullname":"342-U1410-C"}},{"type":"Feature","id":549,"geometry":{"type":"Point","coordinates":[-48.999982999999986,41.61832000000004]},"properties":{"FID":549,"Name":"U1411A","FolderPath":"342","fullname":"342-U1411-A"}},{"type":"Feature","id":550,"geometry":{"type":"Point","coordinates":[-48.999731999999938,41.618322000000035]},"properties":{"FID":550,"Name":"U1411B","FolderPath":"342","fullname":"342-U1411-B"}},{"type":"Feature","id":551,"geometry":{"type":"Point","coordinates":[-48.999759999999981,41.618150000000071]},"properties":{"FID":551,"Name":"U1411C","FolderPath":"342","fullname":"342-U1411-C"}},{"type":"Feature","id":552,"geometry":{"type":"Point","coordinates":[143.91350000000011,37.938945000000047]},"properties":{"FID":552,"Name":"C0019A","FolderPath":"343","fullname":"343-C0019-A"}},{"type":"Feature","id":553,"geometry":{"type":"Point","coordinates":[143.91312500000004,37.938388000000032]},"properties":{"FID":553,"Name":"C0019B","FolderPath":"343","fullname":"343-C0019-B"}},{"type":"Feature","id":554,"geometry":{"type":"Point","coordinates":[143.91312500000004,37.938388000000032]},"properties":{"FID":554,"Name":"C0019C","FolderPath":"343","fullname":"343-C0019-C"}},{"type":"Feature","id":555,"geometry":{"type":"Point","coordinates":[143.91334000000006,37.938707000000079]},"properties":{"FID":555,"Name":"C0019D","FolderPath":"343","fullname":"343-C0019-D"}},{"type":"Feature","id":556,"geometry":{"type":"Point","coordinates":[143.91347300000007,37.938905000000034]},"properties":{"FID":556,"Name":"C0019E","FolderPath":"343","fullname":"343-C0019-E"}},{"type":"Feature","id":557,"geometry":{"type":"Point","coordinates":[143.91401000000008,37.938370000000077]},"properties":{"FID":557,"Name":"JFAST3","FolderPath":"343","fullname":"343-JFAST-3"}},{"type":"Feature","id":558,"geometry":{"type":"Point","coordinates":[143.9084600000001,37.93921000000006]},"properties":{"FID":558,"Name":"JFAST4","FolderPath":"343","fullname":"343-JFAST-4"}},{"type":"Feature","id":559,"geometry":{"type":"Point","coordinates":[-84.073179999999979,8.5999200000000542]},"properties":{"FID":559,"Name":"U1380B","FolderPath":"344","fullname":"344-U1380-B"}},{"type":"Feature","id":560,"geometry":{"type":"Point","coordinates":[-84.073196999999936,8.5997980000000211]},"properties":{"FID":560,"Name":"U1380C","FolderPath":"344","fullname":"344-U1380-C"}},{"type":"Feature","id":561,"geometry":{"type":"Point","coordinates":[-84.157999999999959,8.4283780000000661]},"properties":{"FID":561,"Name":"U1381C","FolderPath":"344","fullname":"344-U1381-C"}},{"type":"Feature","id":562,"geometry":{"type":"Point","coordinates":[-84.127809999999954,8.4888230000000249]},"properties":{"FID":562,"Name":"U1412A","FolderPath":"344","fullname":"344-U1412-A"}},{"type":"Feature","id":563,"geometry":{"type":"Point","coordinates":[-84.129186999999945,8.4859980000000519]},"properties":{"FID":563,"Name":"U1412B","FolderPath":"344","fullname":"344-U1412-B"}},{"type":"Feature","id":564,"geometry":{"type":"Point","coordinates":[-84.129111999999964,8.4861670000000231]},"properties":{"FID":564,"Name":"U1412C","FolderPath":"344","fullname":"344-U1412-C"}},{"type":"Feature","id":565,"geometry":{"type":"Point","coordinates":[-84.129654999999957,8.4856700000000274]},"properties":{"FID":565,"Name":"U1412D","FolderPath":"344","fullname":"344-U1412-D"}},{"type":"Feature","id":566,"geometry":{"type":"Point","coordinates":[-84.113491999999951,8.7409880000000726]},"properties":{"FID":566,"Name":"U1413A","FolderPath":"344","fullname":"344-U1413-A"}},{"type":"Feature","id":567,"geometry":{"type":"Point","coordinates":[-84.113319999999987,8.7409880000000726]},"properties":{"FID":567,"Name":"U1413B","FolderPath":"344","fullname":"344-U1413-B"}},{"type":"Feature","id":568,"geometry":{"type":"Point","coordinates":[-84.113321999999982,8.7408030000000281]},"properties":{"FID":568,"Name":"U1413C","FolderPath":"344","fullname":"344-U1413-C"}},{"type":"Feature","id":569,"geometry":{"type":"Point","coordinates":[-84.225496999999962,8.5038400000000252]},"properties":{"FID":569,"Name":"U1414A","FolderPath":"344","fullname":"344-U1414-A"}},{"type":"Feature","id":570,"geometry":{"type":"Point","coordinates":[-101.54282499999994,2.252928000000054]},"properties":{"FID":570,"Name":"U1415A","FolderPath":"345","fullname":"345-U1415-A"}},{"type":"Feature","id":571,"geometry":{"type":"Point","coordinates":[-101.54778499999998,2.2522580000000403]},"properties":{"FID":571,"Name":"U1415B","FolderPath":"345","fullname":"345-U1415-B"}},{"type":"Feature","id":572,"geometry":{"type":"Point","coordinates":[-101.54778199999998,2.2522480000000655]},"properties":{"FID":572,"Name":"U1415C","FolderPath":"345","fullname":"345-U1415-C"}},{"type":"Feature","id":573,"geometry":{"type":"Point","coordinates":[-101.54573499999998,2.2523950000000355]},"properties":{"FID":573,"Name":"U1415D","FolderPath":"345","fullname":"345-U1415-D"}},{"type":"Feature","id":574,"geometry":{"type":"Point","coordinates":[-101.54570699999994,2.2524350000000481]},"properties":{"FID":574,"Name":"U1415E","FolderPath":"345","fullname":"345-U1415-E"}},{"type":"Feature","id":575,"geometry":{"type":"Point","coordinates":[-101.54376799999994,2.2523230000000467]},"properties":{"FID":575,"Name":"U1415F","FolderPath":"345","fullname":"345-U1415-F"}},{"type":"Feature","id":576,"geometry":{"type":"Point","coordinates":[-101.54377199999999,2.2523170000000619]},"properties":{"FID":576,"Name":"U1415G","FolderPath":"345","fullname":"345-U1415-G"}},{"type":"Feature","id":577,"geometry":{"type":"Point","coordinates":[-101.54394999999994,2.2521950000000288]},"properties":{"FID":577,"Name":"U1415H","FolderPath":"345","fullname":"345-U1415-H"}},{"type":"Feature","id":578,"geometry":{"type":"Point","coordinates":[-101.54436999999996,2.2525780000000282]},"properties":{"FID":578,"Name":"U1415I","FolderPath":"345","fullname":"345-U1415-I"}},{"type":"Feature","id":579,"geometry":{"type":"Point","coordinates":[-101.54436999999996,2.2526730000000725]},"properties":{"FID":579,"Name":"U1415J","FolderPath":"345","fullname":"345-U1415-J"}},{"type":"Feature","id":580,"geometry":{"type":"Point","coordinates":[-101.54754499999996,2.255512000000067]},"properties":{"FID":580,"Name":"U1415K","FolderPath":"345","fullname":"345-U1415-K"}},{"type":"Feature","id":581,"geometry":{"type":"Point","coordinates":[-101.54673499999996,2.2555000000000405]},"properties":{"FID":581,"Name":"U1415L","FolderPath":"345","fullname":"345-U1415-L"}},{"type":"Feature","id":582,"geometry":{"type":"Point","coordinates":[-101.54673299999996,2.2555070000000228]},"properties":{"FID":582,"Name":"U1415M","FolderPath":"345","fullname":"345-U1415-M"}},{"type":"Feature","id":583,"geometry":{"type":"Point","coordinates":[-101.54686799999996,2.2555070000000228]},"properties":{"FID":583,"Name":"U1415N","FolderPath":"345","fullname":"345-U1415-N"}},{"type":"Feature","id":584,"geometry":{"type":"Point","coordinates":[-101.54307999999997,2.2525270000000432]},"properties":{"FID":584,"Name":"U1415O","FolderPath":"345","fullname":"345-U1415-O"}},{"type":"Feature","id":585,"geometry":{"type":"Point","coordinates":[-101.54350299999999,2.2524770000000558]},"properties":{"FID":585,"Name":"U1415P","FolderPath":"345","fullname":"345-U1415-P"}},{"type":"Feature","id":586,"geometry":{"type":"Point","coordinates":[138.83315700000003,43.766505000000052]},"properties":{"FID":586,"Name":"U1422A","FolderPath":"346","fullname":"346-U1422-A"}},{"type":"Feature","id":587,"geometry":{"type":"Point","coordinates":[138.83318300000008,43.766635000000065]},"properties":{"FID":587,"Name":"U1422B","FolderPath":"346","fullname":"346-U1422-B"}},{"type":"Feature","id":588,"geometry":{"type":"Point","coordinates":[138.83316200000002,43.766360000000077]},"properties":{"FID":588,"Name":"U1422C","FolderPath":"346","fullname":"346-U1422-C"}},{"type":"Feature","id":589,"geometry":{"type":"Point","coordinates":[138.83297500000003,43.76649800000007]},"properties":{"FID":589,"Name":"U1422D","FolderPath":"346","fullname":"346-U1422-D"}},{"type":"Feature","id":590,"geometry":{"type":"Point","coordinates":[138.83333800000003,43.766493000000025]},"properties":{"FID":590,"Name":"U1422E","FolderPath":"346","fullname":"346-U1422-E"}},{"type":"Feature","id":591,"geometry":{"type":"Point","coordinates":[139.08300800000006,41.699157000000071]},"properties":{"FID":591,"Name":"U1423A","FolderPath":"346","fullname":"346-U1423-A"}},{"type":"Feature","id":592,"geometry":{"type":"Point","coordinates":[139.08300000000008,41.699292000000071]},"properties":{"FID":592,"Name":"U1423B","FolderPath":"346","fullname":"346-U1423-B"}},{"type":"Feature","id":593,"geometry":{"type":"Point","coordinates":[139.08300700000007,41.699185000000057]},"properties":{"FID":593,"Name":"U1423C","FolderPath":"346","fullname":"346-U1423-C"}},{"type":"Feature","id":594,"geometry":{"type":"Point","coordinates":[138.23167200000012,40.19000200000005]},"properties":{"FID":594,"Name":"U1424A","FolderPath":"346","fullname":"346-U1424-A"}},{"type":"Feature","id":595,"geometry":{"type":"Point","coordinates":[138.23166200000003,40.190127000000075]},"properties":{"FID":595,"Name":"U1424B","FolderPath":"346","fullname":"346-U1424-B"}},{"type":"Feature","id":596,"geometry":{"type":"Point","coordinates":[138.23166300000003,40.189857000000075]},"properties":{"FID":596,"Name":"U1424C","FolderPath":"346","fullname":"346-U1424-C"}},{"type":"Feature","id":597,"geometry":{"type":"Point","coordinates":[134.44250800000009,39.490660000000048]},"properties":{"FID":597,"Name":"U1425A","FolderPath":"346","fullname":"346-U1425-A"}},{"type":"Feature","id":598,"geometry":{"type":"Point","coordinates":[134.4425030000001,39.490793000000053]},"properties":{"FID":598,"Name":"U1425B","FolderPath":"346","fullname":"346-U1425-B"}},{"type":"Feature","id":599,"geometry":{"type":"Point","coordinates":[134.4425020000001,39.490518000000066]},"properties":{"FID":599,"Name":"U1425C","FolderPath":"346","fullname":"346-U1425-C"}},{"type":"Feature","id":600,"geometry":{"type":"Point","coordinates":[134.4423250000001,39.490653000000066]},"properties":{"FID":600,"Name":"U1425D","FolderPath":"346","fullname":"346-U1425-D"}},{"type":"Feature","id":601,"geometry":{"type":"Point","coordinates":[134.44267800000011,39.490653000000066]},"properties":{"FID":601,"Name":"U1425E","FolderPath":"346","fullname":"346-U1425-E"}},{"type":"Feature","id":602,"geometry":{"type":"Point","coordinates":[134.79999800000007,37.033327000000043]},"properties":{"FID":602,"Name":"U1426A","FolderPath":"346","fullname":"346-U1426-A"}},{"type":"Feature","id":603,"geometry":{"type":"Point","coordinates":[134.80000800000005,37.033480000000054]},"properties":{"FID":603,"Name":"U1426B","FolderPath":"346","fullname":"346-U1426-B"}},{"type":"Feature","id":604,"geometry":{"type":"Point","coordinates":[134.79999500000008,37.033187000000055]},"properties":{"FID":604,"Name":"U1426C","FolderPath":"346","fullname":"346-U1426-C"}},{"type":"Feature","id":605,"geometry":{"type":"Point","coordinates":[134.79984500000012,37.033327000000043]},"properties":{"FID":605,"Name":"U1426D","FolderPath":"346","fullname":"346-U1426-D"}},{"type":"Feature","id":606,"geometry":{"type":"Point","coordinates":[134.43434000000002,35.965333000000044]},"properties":{"FID":606,"Name":"U1427A","FolderPath":"346","fullname":"346-U1427-A"}},{"type":"Feature","id":607,"geometry":{"type":"Point","coordinates":[134.43433300000004,35.965460000000064]},"properties":{"FID":607,"Name":"U1427B","FolderPath":"346","fullname":"346-U1427-B"}},{"type":"Feature","id":608,"geometry":{"type":"Point","coordinates":[134.43433300000004,35.965182000000027]},"properties":{"FID":608,"Name":"U1427C","FolderPath":"346","fullname":"346-U1427-C"}},{"type":"Feature","id":609,"geometry":{"type":"Point","coordinates":[129.03333800000007,31.677318000000071]},"properties":{"FID":609,"Name":"U1428A","FolderPath":"346","fullname":"346-U1428-A"}},{"type":"Feature","id":610,"geometry":{"type":"Point","coordinates":[129.03334000000007,31.67747200000008]},"properties":{"FID":610,"Name":"U1428B","FolderPath":"346","fullname":"346-U1428-B"}},{"type":"Feature","id":611,"geometry":{"type":"Point","coordinates":[128.99751500000002,31.617313000000024]},"properties":{"FID":611,"Name":"U1429A","FolderPath":"346","fullname":"346-U1429-A"}},{"type":"Feature","id":612,"geometry":{"type":"Point","coordinates":[128.99752000000001,31.617448000000024]},"properties":{"FID":612,"Name":"U1429B","FolderPath":"346","fullname":"346-U1429-B"}},{"type":"Feature","id":613,"geometry":{"type":"Point","coordinates":[128.99750500000005,31.617192000000045]},"properties":{"FID":613,"Name":"U1429C","FolderPath":"346","fullname":"346-U1429-C"}},{"type":"Feature","id":614,"geometry":{"type":"Point","coordinates":[131.53749800000003,37.902658000000031]},"properties":{"FID":614,"Name":"U1430A","FolderPath":"346","fullname":"346-U1430-A"}},{"type":"Feature","id":615,"geometry":{"type":"Point","coordinates":[131.53750200000002,37.902783000000056]},"properties":{"FID":615,"Name":"U1430B","FolderPath":"346","fullname":"346-U1430-B"}},{"type":"Feature","id":616,"geometry":{"type":"Point","coordinates":[131.53749500000004,37.902518000000043]},"properties":{"FID":616,"Name":"U1430C","FolderPath":"346","fullname":"346-U1430-C"}},{"type":"Feature","id":617,"geometry":{"type":"Point","coordinates":[10.108000000000061,55.004000000000076]},"properties":{"FID":617,"Name":"M0059A","FolderPath":"347","fullname":"347-M0059-A"}},{"type":"Feature","id":618,"geometry":{"type":"Point","coordinates":[10.108000000000061,55.004000000000076]},"properties":{"FID":618,"Name":"M0059B","FolderPath":"347","fullname":"347-M0059-B"}},{"type":"Feature","id":619,"geometry":{"type":"Point","coordinates":[10.107000000000028,55.004000000000076]},"properties":{"FID":619,"Name":"M0059C","FolderPath":"347","fullname":"347-M0059-C"}},{"type":"Feature","id":620,"geometry":{"type":"Point","coordinates":[10.108000000000061,55.005000000000052]},"properties":{"FID":620,"Name":"M0059D","FolderPath":"347","fullname":"347-M0059-D"}},{"type":"Feature","id":621,"geometry":{"type":"Point","coordinates":[10.108000000000061,55.004000000000076]},"properties":{"FID":621,"Name":"M0059E","FolderPath":"347","fullname":"347-M0059-E"}},{"type":"Feature","id":622,"geometry":{"type":"Point","coordinates":[11.670000000000073,56.620000000000061]},"properties":{"FID":622,"Name":"M0060A","FolderPath":"347","fullname":"347-M0060-A"}},{"type":"Feature","id":623,"geometry":{"type":"Point","coordinates":[11.670000000000073,56.620000000000061]},"properties":{"FID":623,"Name":"M0060B","FolderPath":"347","fullname":"347-M0060-B"}},{"type":"Feature","id":624,"geometry":{"type":"Point","coordinates":[18.049000000000035,62.778000000000077]},"properties":{"FID":624,"Name":"M0061A","FolderPath":"347","fullname":"347-M0061-A"}},{"type":"Feature","id":625,"geometry":{"type":"Point","coordinates":[18.048000000000059,62.778000000000077]},"properties":{"FID":625,"Name":"M0061B","FolderPath":"347","fullname":"347-M0061-B"}},{"type":"Feature","id":626,"geometry":{"type":"Point","coordinates":[18.049000000000035,62.778000000000077]},"properties":{"FID":626,"Name":"M0061C","FolderPath":"347","fullname":"347-M0061-C"}},{"type":"Feature","id":627,"geometry":{"type":"Point","coordinates":[18.049000000000035,62.778000000000077]},"properties":{"FID":627,"Name":"M0061K","FolderPath":"347","fullname":"347-M0061-K"}},{"type":"Feature","id":628,"geometry":{"type":"Point","coordinates":[18.049000000000035,62.778000000000077]},"properties":{"FID":628,"Name":"M0061L","FolderPath":"347","fullname":"347-M0061-L"}},{"type":"Feature","id":629,"geometry":{"type":"Point","coordinates":[18.049000000000035,62.778000000000077]},"properties":{"FID":629,"Name":"M0061M","FolderPath":"347","fullname":"347-M0061-M"}},{"type":"Feature","id":630,"geometry":{"type":"Point","coordinates":[17.795000000000073,62.955000000000041]},"properties":{"FID":630,"Name":"M0062A","FolderPath":"347","fullname":"347-M0062-A"}},{"type":"Feature","id":631,"geometry":{"type":"Point","coordinates":[17.79400000000004,62.955000000000041]},"properties":{"FID":631,"Name":"M0062B","FolderPath":"347","fullname":"347-M0062-B"}},{"type":"Feature","id":632,"geometry":{"type":"Point","coordinates":[17.795000000000073,62.955000000000041]},"properties":{"FID":632,"Name":"M0062C","FolderPath":"347","fullname":"347-M0062-C"}},{"type":"Feature","id":633,"geometry":{"type":"Point","coordinates":[17.795000000000073,62.955000000000041]},"properties":{"FID":633,"Name":"M0062D","FolderPath":"347","fullname":"347-M0062-D"}},{"type":"Feature","id":634,"geometry":{"type":"Point","coordinates":[17.795000000000073,62.955000000000041]},"properties":{"FID":634,"Name":"M0062K","FolderPath":"347","fullname":"347-M0062-K"}},{"type":"Feature","id":635,"geometry":{"type":"Point","coordinates":[17.795000000000073,62.955000000000041]},"properties":{"FID":635,"Name":"M0062L","FolderPath":"347","fullname":"347-M0062-L"}},{"type":"Feature","id":636,"geometry":{"type":"Point","coordinates":[18.254000000000076,58.622000000000071]},"properties":{"FID":636,"Name":"M0063A","FolderPath":"347","fullname":"347-M0063-A"}},{"type":"Feature","id":637,"geometry":{"type":"Point","coordinates":[18.253000000000043,58.622000000000071]},"properties":{"FID":637,"Name":"M0063B","FolderPath":"347","fullname":"347-M0063-B"}},{"type":"Feature","id":638,"geometry":{"type":"Point","coordinates":[18.254000000000076,58.622000000000071]},"properties":{"FID":638,"Name":"M0063C","FolderPath":"347","fullname":"347-M0063-C"}},{"type":"Feature","id":639,"geometry":{"type":"Point","coordinates":[18.254000000000076,58.622000000000071]},"properties":{"FID":639,"Name":"M0063D","FolderPath":"347","fullname":"347-M0063-D"}},{"type":"Feature","id":640,"geometry":{"type":"Point","coordinates":[18.254000000000076,58.622000000000071]},"properties":{"FID":640,"Name":"M0063E","FolderPath":"347","fullname":"347-M0063-E"}},{"type":"Feature","id":641,"geometry":{"type":"Point","coordinates":[15.226000000000056,55.72100000000006]},"properties":{"FID":641,"Name":"M0064A","FolderPath":"347","fullname":"347-M0064-A"}},{"type":"Feature","id":642,"geometry":{"type":"Point","coordinates":[15.226000000000056,55.72100000000006]},"properties":{"FID":642,"Name":"M0064B","FolderPath":"347","fullname":"347-M0064-B"}},{"type":"Feature","id":643,"geometry":{"type":"Point","coordinates":[15.226000000000056,55.72100000000006]},"properties":{"FID":643,"Name":"M0064C","FolderPath":"347","fullname":"347-M0064-C"}},{"type":"Feature","id":644,"geometry":{"type":"Point","coordinates":[15.226000000000056,55.72100000000006]},"properties":{"FID":644,"Name":"M0064D","FolderPath":"347","fullname":"347-M0064-D"}},{"type":"Feature","id":645,"geometry":{"type":"Point","coordinates":[15.477000000000032,55.468000000000075]},"properties":{"FID":645,"Name":"M0065A","FolderPath":"347","fullname":"347-M0065-A"}},{"type":"Feature","id":646,"geometry":{"type":"Point","coordinates":[15.477000000000032,55.468000000000075]},"properties":{"FID":646,"Name":"M0065B","FolderPath":"347","fullname":"347-M0065-B"}},{"type":"Feature","id":647,"geometry":{"type":"Point","coordinates":[15.477000000000032,55.468000000000075]},"properties":{"FID":647,"Name":"M0065C","FolderPath":"347","fullname":"347-M0065-C"}},{"type":"Feature","id":648,"geometry":{"type":"Point","coordinates":[15.492000000000075,55.462000000000046]},"properties":{"FID":648,"Name":"M0066A","FolderPath":"347","fullname":"347-M0066-A"}},{"type":"Feature","id":649,"geometry":{"type":"Point","coordinates":[15.492000000000075,55.462000000000046]},"properties":{"FID":649,"Name":"M0066B","FolderPath":"347","fullname":"347-M0066-B"}},{"type":"Feature","id":650,"geometry":{"type":"Point","coordinates":[9.8000000000000682,55.135000000000048]},"properties":{"FID":650,"Name":"M0067A","FolderPath":"347","fullname":"347-M0067-A"}},{"type":"Feature","id":651,"geometry":{"type":"Point","coordinates":[9.8000000000000682,55.135000000000048]},"properties":{"FID":651,"Name":"M0067B","FolderPath":"347","fullname":"347-M0067-B"}},{"type":"Feature","id":652,"geometry":{"type":"Point","coordinates":[136.63732800000002,33.300097000000051]},"properties":{"FID":652,"Name":"C0002M","FolderPath":"348","fullname":"348-C0002-M"}},{"type":"Feature","id":653,"geometry":{"type":"Point","coordinates":[136.63671500000009,33.300845000000038]},"properties":{"FID":653,"Name":"C0002N","FolderPath":"348","fullname":"348-C0002-N"}},{"type":"Feature","id":654,"geometry":{"type":"Point","coordinates":[136.63671500000009,33.300845000000038]},"properties":{"FID":654,"Name":"C0002P","FolderPath":"348","fullname":"348-C0002-P"}}]
}