{
  "type": "FeatureCollection",
  "features": [
    {
      "type": "Feature",
      "properties": {
        "Name": "28I-TVG21",
        "Reference": "Han,2017",
        "SiO2": "50.2",
        "La": "7",
        "87Sr/86Sr": "0.703329",
        "143Nd/144Nd": "0.513132",
        "206Pb/204Pb": "17.824",
        "207Pb/204Pb": "15.484",
        "208Pb/204Pb": "37.747",
        "_featureIndex": 0
      },
      "geometry": {
        "type": "Point",
        "coordinates": [
          57.73,
          10.2414
        ]
      },
      "_featureIndex": 0
    },
    {
      "type": "Feature",
      "properties": {
        "Name": "28I-TVG19",
        "Reference": "Han,2017",
        "SiO2": "50.4",
        "La": "5.5",
        "87Sr/86Sr": "0.702945",
        "143Nd/144Nd": "0.513137",
        "206Pb/204Pb": "17.707",
        "207Pb/204Pb": "15.469",
        "208Pb/204Pb": "37.619",
        "_featureIndex": 1
      },
      "geometry": {
        "type": "Point",
        "coordinates": [
          57.6757,
          10.0227
        ]
      },
      "_featureIndex": 1
    },
    {
      "type": "Feature",
      "properties": {
        "Name": "DAR0149-019-003",
        "Elevation": "-2664",
        "Reference": "MURTON, 2015",
        "SiO2": "50.9",
        "_featureIndex": 2
      },
      "geometry": {
        "type": "Point",
        "coordinates": [
          57.0973,
          9.9705
        ]
      },
      "_featureIndex": 2
    },
    {
      "type": "Feature",
      "properties": {
        "Name": "DAR0149-019-002",
        "Elevation": "-2664",
        "Reference": "MURTON, 2015",
        "SiO2": "50.9",
        "_featureIndex": 3
      },
      "geometry": {
        "type": "Point",
        "coordinates": [
          57.0973,
          9.9705
        ]
      },
      "_featureIndex": 3
    },
    {
      "type": "Feature",
      "properties": {
        "Name": "DAR0149-019-004",
        "Elevation": "-2664",
        "Reference": "MURTON, 2015",
        "SiO2": "50.3",
        "_featureIndex": 4
      },
      "geometry": {
        "type": "Point",
        "coordinates": [
          57.0973,
          9.9705
        ]
      },
      "_featureIndex": 4
    },
    {
      "type": "Feature",
      "properties": {
        "Name": "DAR0149-018-002",
        "Elevation": "-4100",
        "Reference": "MURTON, 2015",
        "SiO2": "51.2",
        "_featureIndex": 5
      },
      "geometry": {
        "type": "Point",
        "coordinates": [
          57.6405,
          9.9218
        ]
      },
      "_featureIndex": 5
    },
    {
      "type": "Feature",
      "properties": {
        "Name": "DAR0149-018-004",
        "Elevation": "-4100",
        "Reference": "MURTON, 2015",
        "SiO2": "51",
        "_featureIndex": 6
      },
      "geometry": {
        "type": "Point",
        "coordinates": [
          57.6405,
          9.9218
        ]
      },
      "_featureIndex": 6
    },
    {
      "type": "Feature",
      "properties": {
        "Name": "RSR1979-003-060",
        "Elevation": "-3146",
        "Reference": "GALE, 2013",
        "La": "0.791",
        "_featureIndex": 7
      },
      "geometry": {
        "type": "Point",
        "coordinates": [
          57.945,
          9.825
        ]
      },
      "_featureIndex": 7
    },
    {
      "type": "Feature",
      "properties": {
        "Name": "RSR1979-003-004",
        "Elevation": "-3146",
        "Reference": "MELSON, 2003",
        "SiO2": "50.72",
        "_featureIndex": 8
      },
      "geometry": {
        "type": "Point",
        "coordinates": [
          57.945,
          9.825
        ]
      },
      "_featureIndex": 8
    },
    {
      "type": "Feature",
      "properties": {
        "Name": "RSR1979-003-027",
        "Elevation": "-3146",
        "Reference": "MELSON, 2003",
        "SiO2": "50.7",
        "_featureIndex": 9
      },
      "geometry": {
        "type": "Point",
        "coordinates": [
          57.945,
          9.825
        ]
      },
      "_featureIndex": 9
    },
    {
      "type": "Feature",
      "properties": {
        "Name": "RSR1979-003-017",
        "Elevation": "-3146",
        "Reference": "MELSON, 2003; AREVALO JR, 2008; AREVALO JR, 2009",
        "SiO2": "50.69",
        "La": "0.8",
        "_featureIndex": 10
      },
      "geometry": {
        "type": "Point",
        "coordinates": [
          57.945,
          9.825
        ]
      },
      "_featureIndex": 10
    },
    {
      "type": "Feature",
      "properties": {
        "Name": "RSR1979-003-012",
        "Elevation": "-3146",
        "Reference": "MELSON, 2003",
        "SiO2": "50.64",
        "_featureIndex": 11
      },
      "geometry": {
        "type": "Point",
        "coordinates": [
          57.945,
          9.825
        ]
      },
      "_featureIndex": 11
    },
    {
      "type": "Feature",
      "properties": {
        "Name": "RSR1979-003-001",
        "Elevation": "-3146",
        "Reference": "MELSON, 2003; AREVALO JR, 2008; AREVALO JR, 2009",
        "SiO2": "50.37",
        "La": "0.82",
        "_featureIndex": 12
      },
      "geometry": {
        "type": "Point",
        "coordinates": [
          57.945,
          9.825
        ]
      },
      "_featureIndex": 12
    },
    {
      "type": "Feature",
      "properties": {
        "Name": "RSR1979-003-060-VG5259",
        "Elevation": "-3146",
        "Reference": "MELSON, 2003; AREVALO JR, 2008; AREVALO JR, 2009",
        "SiO2": "50.3",
        "La": "0.88",
        "_featureIndex": 13
      },
      "geometry": {
        "type": "Point",
        "coordinates": [
          57.945,
          9.825
        ]
      },
      "_featureIndex": 13
    },
    {
      "type": "Feature",
      "properties": {
        "Name": "RSR1979-002-044",
        "Elevation": "-3146",
        "Reference": "MELSON, 2003; AREVALO JR, 2008; AREVALO JR, 2009",
        "SiO2": "50.19",
        "La": "0.82",
        "_featureIndex": 14
      },
      "geometry": {
        "type": "Point",
        "coordinates": [
          57.945,
          9.825
        ]
      },
      "_featureIndex": 14
    },
    {
      "type": "Feature",
      "properties": {
        "Name": "RSR1979-003-060-VG5258",
        "Elevation": "-3146",
        "Reference": "MELSON, 2003",
        "SiO2": "50.07",
        "_featureIndex": 15
      },
      "geometry": {
        "type": "Point",
        "coordinates": [
          57.945,
          9.825
        ]
      },
      "_featureIndex": 15
    },
    {
      "type": "Feature",
      "properties": {
        "Name": "RSR1979-003-010",
        "Elevation": "-3146",
        "Reference": "DUPRE, 1983; KURZ, 1982",
        "87Sr/86Sr": "0.70262",
        "206Pb/204Pb": "17.353",
        "207Pb/204Pb": "15.425",
        "208Pb/204Pb": "37.19",
        "_featureIndex": 16
      },
      "geometry": {
        "type": "Point",
        "coordinates": [
          57.945,
          9.825
        ]
      },
      "_featureIndex": 16
    },
    {
      "type": "Feature",
      "properties": {
        "Name": "RSR1979-002-053",
        "Elevation": "-3146",
        "Reference": "KURZ, 1982",
        "_featureIndex": 17
      },
      "geometry": {
        "type": "Point",
        "coordinates": [
          57.945,
          9.825
        ]
      },
      "_featureIndex": 17
    },
    {
      "type": "Feature",
      "properties": {
        "Name": "RSR1979-001-001",
        "Elevation": "-3054",
        "Reference": "MELSON, 2003",
        "SiO2": "50.44",
        "_featureIndex": 18
      },
      "geometry": {
        "type": "Point",
        "coordinates": [
          57.93,
          9.82
        ]
      },
      "_featureIndex": 18
    },
    {
      "type": "Feature",
      "properties": {
        "Name": "DAR0149-017-001",
        "Elevation": "-3908",
        "Reference": "MURTON, 2015",
        "SiO2": "51.7",
        "_featureIndex": 19
      },
      "geometry": {
        "type": "Point",
        "coordinates": [
          58.0295,
          9.7363
        ]
      },
      "_featureIndex": 19
    },
    {
      "type": "Feature",
      "properties": {
        "Name": "VG05252",
        "Elevation": "-3146",
        "Reference": "MAHONEY, 1992",
        "87Sr/86Sr": "0.70267",
        "143Nd/144Nd": "0.513175",
        "206Pb/204Pb": "17.335",
        "207Pb/204Pb": "15.37",
        "208Pb/204Pb": "37.084",
        "_featureIndex": 20
      },
      "geometry": {
        "type": "Point",
        "coordinates": [
          57.95,
          9.38
        ]
      },
      "_featureIndex": 20
    },
    {
      "type": "Feature",
      "properties": {
        "Name": "DAR0149-016-002",
        "Elevation": "-3725",
        "Reference": "MURTON, 2015",
        "SiO2": "51.5",
        "_featureIndex": 21
      },
      "geometry": {
        "type": "Point",
        "coordinates": [
          58.2823,
          9.1542
        ]
      },
      "_featureIndex": 21
    },
    {
      "type": "Feature",
      "properties": {
        "Name": "DAR0149-016-001",
        "Elevation": "-3725",
        "Reference": "MURTON, 2015",
        "SiO2": "51.2",
        "_featureIndex": 22
      },
      "geometry": {
        "type": "Point",
        "coordinates": [
          58.2823,
          9.1542
        ]
      },
      "_featureIndex": 22
    },
    {
      "type": "Feature",
      "properties": {
        "Name": "DAR0149-014-002",
        "Elevation": "-2731",
        "Reference": "MURTON, 2015",
        "SiO2": "51.3",
        "_featureIndex": 23
      },
      "geometry": {
        "type": "Point",
        "coordinates": [
          58.572,
          8.3785
        ]
      },
      "_featureIndex": 23
    },
    {
      "type": "Feature",
      "properties": {
        "Name": "DAR0149-015-005",
        "Elevation": "-2731",
        "Reference": "MURTON, 2015",
        "SiO2": "50.9",
        "_featureIndex": 24
      },
      "geometry": {
        "type": "Point",
        "coordinates": [
          58.572,
          8.3785
        ]
      },
      "_featureIndex": 24
    },
    {
      "type": "Feature",
      "properties": {
        "Name": "DAR0149-013-005",
        "Elevation": "-3902",
        "Reference": "MURTON, 2015",
        "SiO2": "51",
        "_featureIndex": 25
      },
      "geometry": {
        "type": "Point",
        "coordinates": [
          58.7595,
          8.2067
        ]
      },
      "_featureIndex": 25
    },
    {
      "type": "Feature",
      "properties": {
        "Name": "DAR0149-013-004",
        "Elevation": "-3902",
        "Reference": "MURTON, 2015",
        "SiO2": "51",
        "_featureIndex": 26
      },
      "geometry": {
        "type": "Point",
        "coordinates": [
          58.7595,
          8.2067
        ]
      },
      "_featureIndex": 26
    },
    {
      "type": "Feature",
      "properties": {
        "Name": "DAR0149-013-003",
        "Elevation": "-3902",
        "Reference": "MURTON, 2015",
        "SiO2": "50.9",
        "_featureIndex": 27
      },
      "geometry": {
        "type": "Point",
        "coordinates": [
          58.7595,
          8.2067
        ]
      },
      "_featureIndex": 27
    },
    {
      "type": "Feature",
      "properties": {
        "Name": "DAR0149-011-002",
        "Elevation": "-2563",
        "Reference": "MURTON, 2015",
        "SiO2": "52.2",
        "_featureIndex": 28
      },
      "geometry": {
        "type": "Point",
        "coordinates": [
          59.4773,
          7.8745
        ]
      },
      "_featureIndex": 28
    },
    {
      "type": "Feature",
      "properties": {
        "Name": "DAR0149-011-003",
        "Elevation": "-2563",
        "Reference": "MURTON, 2015",
        "SiO2": "51.6",
        "_featureIndex": 29
      },
      "geometry": {
        "type": "Point",
        "coordinates": [
          59.4773,
          7.8745
        ]
      },
      "_featureIndex": 29
    },
    {
      "type": "Feature",
      "properties": {
        "Name": "DAR0149-009-005",
        "Elevation": "-2918",
        "Reference": "MURTON, 2015",
        "SiO2": "51.8",
        "_featureIndex": 30
      },
      "geometry": {
        "type": "Point",
        "coordinates": [
          59.9508,
          7.0417
        ]
      },
      "_featureIndex": 30
    },
    {
      "type": "Feature",
      "properties": {
        "Name": "DAR0149-009-002",
        "Elevation": "-2918",
        "Reference": "MURTON, 2015",
        "SiO2": "51.4",
        "_featureIndex": 31
      },
      "geometry": {
        "type": "Point",
        "coordinates": [
          59.9508,
          7.0417
        ]
      },
      "_featureIndex": 31
    },
    {
      "type": "Feature",
      "properties": {
        "Name": "DAR0149-009-003",
        "Elevation": "-2918",
        "Reference": "MURTON, 2015",
        "SiO2": "51.2",
        "_featureIndex": 32
      },
      "geometry": {
        "type": "Point",
        "coordinates": [
          59.9508,
          7.0417
        ]
      },
      "_featureIndex": 32
    },
    {
      "type": "Feature",
      "properties": {
        "Name": "VEM0019-186/45",
        "Elevation": "-3813",
        "Reference": "HEKINIAN, 1968",
        "SiO2": "49.47",
        "_featureIndex": 33
      },
      "geometry": {
        "type": "Point",
        "coordinates": [
          60.2,
          6.83
        ]
      },
      "_featureIndex": 33
    },
    {
      "type": "Feature",
      "properties": {
        "Name": "DAR0149-008-002",
        "Elevation": "-3451",
        "Reference": "MURTON, 2015",
        "SiO2": "50.6",
        "_featureIndex": 34
      },
      "geometry": {
        "type": "Point",
        "coordinates": [
          60.346,
          6.6045
        ]
      },
      "_featureIndex": 34
    },
    {
      "type": "Feature",
      "properties": {
        "Name": "DAR0149-008-001",
        "Elevation": "-3451",
        "Reference": "MURTON, 2015",
        "SiO2": "49.6",
        "_featureIndex": 35
      },
      "geometry": {
        "type": "Point",
        "coordinates": [
          60.346,
          6.6045
        ]
      },
      "_featureIndex": 35
    },
    {
      "type": "Feature",
      "properties": {
        "Name": "28I-TVG13",
        "Reference": "Han,2017",
        "SiO2": "50.2",
        "La": "4",
        "87Sr/86Sr": "0.702912",
        "143Nd/144Nd": "0.513064",
        "206Pb/204Pb": "18.134",
        "207Pb/204Pb": "15.525",
        "208Pb/204Pb": "38.069",
        "_featureIndex": 36
      },
      "geometry": {
        "type": "Point",
        "coordinates": [
          60.2258,
          6.5077
        ]
      },
      "_featureIndex": 36
    },
    {
      "type": "Feature",
      "properties": {
        "Name": "28I-TVG07",
        "Reference": "Han,2017",
        "SiO2": "50",
        "La": "4.9",
        "_featureIndex": 37
      },
      "geometry": {
        "type": "Point",
        "coordinates": [
          60.5256,
          6.3633
        ]
      },
      "_featureIndex": 37
    },
    {
      "type": "Feature",
      "properties": {
        "Name": "28I-TVG09",
        "Reference": "Han,2017",
        "SiO2": "50.2",
        "La": "3.7",
        "_featureIndex": 38
      },
      "geometry": {
        "type": "Point",
        "coordinates": [
          60.5256,
          6.3633
        ]
      },
      "_featureIndex": 38
    },
    {
      "type": "Feature",
      "properties": {
        "Name": "DAR0149-007-004",
        "Elevation": "-2166",
        "Reference": "MURTON, 2015",
        "SiO2": "51.2",
        "_featureIndex": 39
      },
      "geometry": {
        "type": "Point",
        "coordinates": [
          60.6018,
          6.3452
        ]
      },
      "_featureIndex": 39
    },
    {
      "type": "Feature",
      "properties": {
        "Name": "DAR0149-007-001",
        "Elevation": "-2166",
        "Reference": "MURTON, 2015",
        "SiO2": "51.1",
        "_featureIndex": 40
      },
      "geometry": {
        "type": "Point",
        "coordinates": [
          60.6018,
          6.3452
        ]
      },
      "_featureIndex": 40
    },
    {
      "type": "Feature",
      "properties": {
        "Name": "DAR0149-007-003",
        "Elevation": "-2166",
        "Reference": "MURTON, 2015",
        "SiO2": "50.3",
        "_featureIndex": 41
      },
      "geometry": {
        "type": "Point",
        "coordinates": [
          60.6018,
          6.3452
        ]
      },
      "_featureIndex": 41
    },
    {
      "type": "Feature",
      "properties": {
        "Name": "RSR1979-005",
        "Elevation": "-3840",
        "Reference": "GALE, 2013",
        "La": "3.419",
        "_featureIndex": 42
      },
      "geometry": {
        "type": "Point",
        "coordinates": [
          60.82,
          6.22
        ]
      },
      "_featureIndex": 42
    },
    {
      "type": "Feature",
      "properties": {
        "Name": "RSR1979-005-VG5260",
        "Elevation": "-3840",
        "Reference": "MELSON, 2003",
        "SiO2": "50.99",
        "_featureIndex": 43
      },
      "geometry": {
        "type": "Point",
        "coordinates": [
          60.82,
          6.22
        ]
      },
      "_featureIndex": 43
    },
    {
      "type": "Feature",
      "properties": {
        "Name": "SON0028-013",
        "Elevation": "-4010",
        "Reference": "REHKAEMPER, 1997",
        "La": "4.1",
        "87Sr/86Sr": "0.702574",
        "143Nd/144Nd": "0.513077",
        "206Pb/204Pb": "18.157",
        "207Pb/204Pb": "15.45",
        "208Pb/204Pb": "37.822",
        "_featureIndex": 44
      },
      "geometry": {
        "type": "Point",
        "coordinates": [
          60.85,
          6.15
        ]
      },
      "_featureIndex": 44
    },
    {
      "type": "Feature",
      "properties": {
        "Name": "DAR0149-006-003",
        "Elevation": "-3578",
        "Reference": "MURTON, 2015",
        "SiO2": "50.9",
        "_featureIndex": 45
      },
      "geometry": {
        "type": "Point",
        "coordinates": [
          60.9695,
          6.0517
        ]
      },
      "_featureIndex": 45
    },
    {
      "type": "Feature",
      "properties": {
        "Name": "DAR0149-006-006",
        "Elevation": "-3578",
        "Reference": "MURTON, 2015",
        "SiO2": "50.4",
        "_featureIndex": 46
      },
      "geometry": {
        "type": "Point",
        "coordinates": [
          60.9695,
          6.0517
        ]
      },
      "_featureIndex": 46
    },
    {
      "type": "Feature",
      "properties": {
        "Name": "28I-TVG05",
        "Reference": "Han,2017",
        "SiO2": "49.9",
        "La": "4.2",
        "87Sr/86Sr": "0.703117",
        "143Nd/144Nd": "0.513082",
        "206Pb/204Pb": "18.554",
        "207Pb/204Pb": "15.624",
        "208Pb/204Pb": "38.636",
        "_featureIndex": 47
      },
      "geometry": {
        "type": "Point",
        "coordinates": [
          61.0494,
          6.0264
        ]
      },
      "_featureIndex": 47
    },
    {
      "type": "Feature",
      "properties": {
        "Name": "DAR0149-004A-001",
        "Elevation": "-3743",
        "Reference": "MURTON, 2015",
        "SiO2": "51.1",
        "_featureIndex": 48
      },
      "geometry": {
        "type": "Point",
        "coordinates": [
          61.4723,
          5.7487
        ]
      },
      "_featureIndex": 48
    },
    {
      "type": "Feature",
      "properties": {
        "Name": "DAR0149-004A-002",
        "Elevation": "-3743",
        "Reference": "MURTON, 2015",
        "SiO2": "50.5",
        "_featureIndex": 49
      },
      "geometry": {
        "type": "Point",
        "coordinates": [
          61.4723,
          5.7487
        ]
      },
      "_featureIndex": 49
    },
    {
      "type": "Feature",
      "properties": {
        "Name": "28I-TVG04",
        "Reference": "Han,2017",
        "SiO2": "50.2",
        "La": "4.5",
        "87Sr/86Sr": "0.702766",
        "143Nd/144Nd": "0.513084",
        "_featureIndex": 50
      },
      "geometry": {
        "type": "Point",
        "coordinates": [
          61.4622,
          5.7167
        ]
      },
      "_featureIndex": 50
    },
    {
      "type": "Feature",
      "properties": {
        "Name": "DIS1963-5106-021",
        "Reference": "NICHOLLS, 1971; CANN, 1969",
        "SiO2": "49.19",
        "La": "7",
        "_featureIndex": 51
      },
      "geometry": {
        "type": "Point",
        "coordinates": [
          61.83,
          5.67
        ]
      },
      "_featureIndex": 51
    },
    {
      "type": "Feature",
      "properties": {
        "Name": "DIS1963-5106-018",
        "Reference": "CANN, 1970; NICHOLLS, 1971; CANN, 1969",
        "SiO2": "49.2",
        "La": "3.5",
        "_featureIndex": 52
      },
      "geometry": {
        "type": "Point",
        "coordinates": [
          61.83,
          5.67
        ]
      },
      "_featureIndex": 52
    },
    {
      "type": "Feature",
      "properties": {
        "Name": "*VG1586",
        "Elevation": "-2360",
        "Reference": "MELSON, 2003",
        "SiO2": "49.58",
        "_featureIndex": 53
      },
      "geometry": {
        "type": "Point",
        "coordinates": [
          61.89,
          5.6
        ]
      },
      "_featureIndex": 53
    },
    {
      "type": "Feature",
      "properties": {
        "Name": "DIS1963-5111-002",
        "Reference": "SUBBARAO, 1973; CANN, 1970; NICHOLLS, 1971; CANN, 1969",
        "SiO2": "48.88",
        "La": "4.2",
        "_featureIndex": 54
      },
      "geometry": {
        "type": "Point",
        "coordinates": [
          61.8,
          5.45
        ]
      },
      "_featureIndex": 54
    },
    {
      "type": "Feature",
      "properties": {
        "Name": "DIS1963-5111-005",
        "Reference": "CANN, 1970; NICHOLLS, 1971; CANN, 1969",
        "SiO2": "48.96",
        "La": "5.3",
        "_featureIndex": 55
      },
      "geometry": {
        "type": "Point",
        "coordinates": [
          61.8,
          5.45
        ]
      },
      "_featureIndex": 55
    },
    {
      "type": "Feature",
      "properties": {
        "Name": "DIS1963-5111-007",
        "Reference": "HART, 1971; SUBBARAO, 1973; CANN, 1969",
        "SiO2": "49.5",
        "_featureIndex": 56
      },
      "geometry": {
        "type": "Point",
        "coordinates": [
          61.8,
          5.45
        ]
      },
      "_featureIndex": 56
    },
    {
      "type": "Feature",
      "properties": {
        "Name": "078_I5.27N",
        "Reference": "COHEN, 1982",
        "SiO2": "50.3",
        "87Sr/86Sr": "0.70266",
        "143Nd/144Nd": "0.51312",
        "206Pb/204Pb": "18.24",
        "207Pb/204Pb": "15.44",
        "208Pb/204Pb": "37.81",
        "_featureIndex": 57
      },
      "geometry": {
        "type": "Point",
        "coordinates": [
          61.83,
          5.45
        ]
      },
      "_featureIndex": 57
    },
    {
      "type": "Feature",
      "properties": {
        "Name": "VIT0033-4822",
        "Elevation": "-1920",
        "Reference": "CANN, 1969",
        "SiO2": "49.1",
        "_featureIndex": 58
      },
      "geometry": {
        "type": "Point",
        "coordinates": [
          62.13,
          5.4
        ]
      },
      "_featureIndex": 58
    },
    {
      "type": "Feature",
      "properties": {
        "Name": "28II-TVG03",
        "Reference": "Han,2017",
        "SiO2": "50.3",
        "La": "13.1",
        "87Sr/86Sr": "0.702968",
        "143Nd/144Nd": "0.513046",
        "_featureIndex": 59
      },
      "geometry": {
        "type": "Point",
        "coordinates": [
          61.6751,
          5.2969
        ]
      },
      "_featureIndex": 59
    },
    {
      "type": "Feature",
      "properties": {
        "Name": "28II-TVG01",
        "Reference": "Han,2017",
        "SiO2": "50.4",
        "La": "6.6",
        "87Sr/86Sr": "0.703042",
        "143Nd/144Nd": "0.513071",
        "_featureIndex": 60
      },
      "geometry": {
        "type": "Point",
        "coordinates": [
          61.9821,
          5.0583
        ]
      },
      "_featureIndex": 60
    },
    {
      "type": "Feature",
      "properties": {
        "Name": "*23-003-005-VG1585",
        "Elevation": "-3400",
        "Reference": "MELSON, 2003",
        "SiO2": "50.21",
        "_featureIndex": 61
      },
      "geometry": {
        "type": "Point",
        "coordinates": [
          62.08,
          5.05
        ]
      },
      "_featureIndex": 61
    },
    {
      "type": "Feature",
      "properties": {
        "Name": "28II-TVG07",
        "Reference": "Han,2017",
        "SiO2": "48.9",
        "La": "3.3",
        "87Sr/86Sr": "0.703008",
        "143Nd/144Nd": "0.513018",
        "206Pb/204Pb": "18.65",
        "207Pb/204Pb": "15.659",
        "208Pb/204Pb": "38.84",
        "_featureIndex": 62
      },
      "geometry": {
        "type": "Point",
        "coordinates": [
          63.0162,
          4.1266
        ]
      },
      "_featureIndex": 62
    },
    {
      "type": "Feature",
      "properties": {
        "Name": "RSR1979-006-009",
        "Elevation": "-4023",
        "Reference": "ITO, 1987; KURZ, 1982; GALE, 2013",
        "La": "3.557",
        "87Sr/86Sr": "0.70283",
        "143Nd/144Nd": "0.513074",
        "206Pb/204Pb": "17.978",
        "207Pb/204Pb": "15.451",
        "208Pb/204Pb": "37.76",
        "_featureIndex": 63
      },
      "geometry": {
        "type": "Point",
        "coordinates": [
          63.87,
          3.78
        ]
      },
      "_featureIndex": 63
    },
    {
      "type": "Feature",
      "properties": {
        "Name": "RSR1979-006-009-VG5261",
        "Elevation": "-4023",
        "Reference": "MELSON, 2003; GALE, 2013",
        "SiO2": "51.22",
        "La": "3.59",
        "_featureIndex": 64
      },
      "geometry": {
        "type": "Point",
        "coordinates": [
          63.87,
          3.78
        ]
      },
      "_featureIndex": 64
    },
    {
      "type": "Feature",
      "properties": {
        "Name": "RSR1979-006-037",
        "Elevation": "-4023",
        "Reference": "MELSON, 2003",
        "SiO2": "50.83",
        "_featureIndex": 65
      },
      "geometry": {
        "type": "Point",
        "coordinates": [
          63.87,
          3.78
        ]
      },
      "_featureIndex": 65
    },
    {
      "type": "Feature",
      "properties": {
        "Name": "RSR1979-006-032",
        "Elevation": "-4023",
        "Reference": "MELSON, 2003",
        "SiO2": "50.66",
        "_featureIndex": 66
      },
      "geometry": {
        "type": "Point",
        "coordinates": [
          63.87,
          3.78
        ]
      },
      "_featureIndex": 66
    },
    {
      "type": "Feature",
      "properties": {
        "Name": "RSR1979-006-058",
        "Elevation": "-4023",
        "Reference": "MELSON, 2003",
        "SiO2": "50.43",
        "_featureIndex": 67
      },
      "geometry": {
        "type": "Point",
        "coordinates": [
          63.87,
          3.78
        ]
      },
      "_featureIndex": 67
    },
    {
      "type": "Feature",
      "properties": {
        "Name": "RSR1979-006-009-VG5262",
        "Elevation": "-4023",
        "Reference": "MELSON, 2003; AREVALO JR, 2009",
        "SiO2": "50.35",
        "La": "3.39",
        "_featureIndex": 68
      },
      "geometry": {
        "type": "Point",
        "coordinates": [
          63.87,
          3.78
        ]
      },
      "_featureIndex": 68
    },
    {
      "type": "Feature",
      "properties": {
        "Name": "RSR1979-006-026",
        "Elevation": "-4023",
        "Reference": "MELSON, 2003",
        "SiO2": "50.3",
        "_featureIndex": 69
      },
      "geometry": {
        "type": "Point",
        "coordinates": [
          63.87,
          3.78
        ]
      },
      "_featureIndex": 69
    },
    {
      "type": "Feature",
      "properties": {
        "Name": "RSR1979-006",
        "Elevation": "-4023",
        "Reference": "WHITE, 1993",
        "_featureIndex": 70
      },
      "geometry": {
        "type": "Point",
        "coordinates": [
          63.87,
          3.78
        ]
      },
      "_featureIndex": 70
    },
    {
      "type": "Feature",
      "properties": {
        "Name": "28I-TVG03",
        "Reference": "Han,2017",
        "SiO2": "50.5",
        "La": "4.3",
        "_featureIndex": 71
      },
      "geometry": {
        "type": "Point",
        "coordinates": [
          63.6573,
          3.7107
        ]
      },
      "_featureIndex": 71
    },
    {
      "type": "Feature",
      "properties": {
        "Name": "RSR1979-007-061",
        "Elevation": "-3749",
        "Reference": "MELSON, 2003; GALE, 2013",
        "SiO2": "50.5",
        "La": "3.692",
        "_featureIndex": 72
      },
      "geometry": {
        "type": "Point",
        "coordinates": [
          63.89,
          3.7
        ]
      },
      "_featureIndex": 72
    },
    {
      "type": "Feature",
      "properties": {
        "Name": "RSR1979-007-VG5276",
        "Elevation": "-3749",
        "Reference": "MELSON, 2003",
        "SiO2": "51.09",
        "_featureIndex": 73
      },
      "geometry": {
        "type": "Point",
        "coordinates": [
          63.89,
          3.7
        ]
      },
      "_featureIndex": 73
    },
    {
      "type": "Feature",
      "properties": {
        "Name": "RSR1979-007-VG5278",
        "Elevation": "-3749",
        "Reference": "MELSON, 2003",
        "SiO2": "50.9",
        "_featureIndex": 74
      },
      "geometry": {
        "type": "Point",
        "coordinates": [
          63.89,
          3.7
        ]
      },
      "_featureIndex": 74
    },
    {
      "type": "Feature",
      "properties": {
        "Name": "RSR1979-007-047",
        "Elevation": "-3749",
        "Reference": "MELSON, 2003",
        "SiO2": "50.86",
        "_featureIndex": 75
      },
      "geometry": {
        "type": "Point",
        "coordinates": [
          63.89,
          3.7
        ]
      },
      "_featureIndex": 75
    },
    {
      "type": "Feature",
      "properties": {
        "Name": "RSR1979-007-VG5273",
        "Elevation": "-3749",
        "Reference": "MELSON, 2003",
        "SiO2": "50.84",
        "_featureIndex": 76
      },
      "geometry": {
        "type": "Point",
        "coordinates": [
          63.89,
          3.7
        ]
      },
      "_featureIndex": 76
    },
    {
      "type": "Feature",
      "properties": {
        "Name": "RSR1979-007-VG5272",
        "Elevation": "-3749",
        "Reference": "MELSON, 2003",
        "SiO2": "50.83",
        "_featureIndex": 77
      },
      "geometry": {
        "type": "Point",
        "coordinates": [
          63.89,
          3.7
        ]
      },
      "_featureIndex": 77
    },
    {
      "type": "Feature",
      "properties": {
        "Name": "RSR1979-007-VG5271",
        "Elevation": "-3749",
        "Reference": "MELSON, 2003",
        "SiO2": "50.76",
        "_featureIndex": 78
      },
      "geometry": {
        "type": "Point",
        "coordinates": [
          63.89,
          3.7
        ]
      },
      "_featureIndex": 78
    },
    {
      "type": "Feature",
      "properties": {
        "Name": "RSR1979-007-VG5274",
        "Elevation": "-3749",
        "Reference": "MELSON, 2003",
        "SiO2": "50.7",
        "_featureIndex": 79
      },
      "geometry": {
        "type": "Point",
        "coordinates": [
          63.89,
          3.7
        ]
      },
      "_featureIndex": 79
    },
    {
      "type": "Feature",
      "properties": {
        "Name": "RSR1979-007-VG5277",
        "Elevation": "-3749",
        "Reference": "MELSON, 2003",
        "SiO2": "50.6",
        "_featureIndex": 80
      },
      "geometry": {
        "type": "Point",
        "coordinates": [
          63.89,
          3.7
        ]
      },
      "_featureIndex": 80
    },
    {
      "type": "Feature",
      "properties": {
        "Name": "RSR1979-007-VG5275",
        "Elevation": "-3749",
        "Reference": "MELSON, 2003",
        "SiO2": "50.56",
        "_featureIndex": 81
      },
      "geometry": {
        "type": "Point",
        "coordinates": [
          63.89,
          3.7
        ]
      },
      "_featureIndex": 81
    },
    {
      "type": "Feature",
      "properties": {
        "Name": "RSR1979-007-015",
        "Elevation": "-3749",
        "Reference": "MELSON, 2003",
        "SiO2": "50.17",
        "_featureIndex": 82
      },
      "geometry": {
        "type": "Point",
        "coordinates": [
          63.89,
          3.7
        ]
      },
      "_featureIndex": 82
    },
    {
      "type": "Feature",
      "properties": {
        "Name": "RSR1979-007-057",
        "Elevation": "-3749",
        "Reference": "KURZ, 1982",
        "_featureIndex": 83
      },
      "geometry": {
        "type": "Point",
        "coordinates": [
          63.89,
          3.7
        ]
      },
      "_featureIndex": 83
    },
    {
      "type": "Feature",
      "properties": {
        "Name": "RSR1979-007-060",
        "Elevation": "-3749",
        "Reference": "ITO, 1987; WHITE, 1993; MELSON, 2003; AREVALO JR, 2009",
        "La": "3.31",
        "87Sr/86Sr": "0.70274",
        "143Nd/144Nd": "0.513096",
        "206Pb/204Pb": "18.009",
        "207Pb/204Pb": "15.473",
        "208Pb/204Pb": "37.846",
        "_featureIndex": 84
      },
      "geometry": {
        "type": "Point",
        "coordinates": [
          63.89,
          3.7
        ]
      },
      "_featureIndex": 84
    },
    {
      "type": "Feature",
      "properties": {
        "Name": "26I-NWIR-S006-TVG4",
        "Reference": "Chen,2016",
        "SiO2": "50.6",
        "La": "3.5",
        "87Sr/86Sr": "0.702808",
        "143Nd/144Nd": "0.513084",
        "206Pb/204Pb": "18.223",
        "207Pb/204Pb": "15.535",
        "208Pb/204Pb": "38.066",
        "_featureIndex": 85
      },
      "geometry": {
        "type": "Point",
        "coordinates": [
          63.81,
          3.7
        ]
      },
      "_featureIndex": 85
    },
    {
      "type": "Feature",
      "properties": {
        "Name": "26I-NWIR-S007-TVG5-1",
        "Reference": "Chen,2016",
        "SiO2": "50.3",
        "La": "3.8",
        "_featureIndex": 86
      },
      "geometry": {
        "type": "Point",
        "coordinates": [
          63.83233,
          3.6945
        ]
      },
      "_featureIndex": 86
    },
    {
      "type": "Feature",
      "properties": {
        "Name": "26I-NWIR-S007-TVG5-2",
        "Reference": "Chen,2016",
        "SiO2": "50",
        "La": "3.3",
        "_featureIndex": 87
      },
      "geometry": {
        "type": "Point",
        "coordinates": [
          63.83233,
          3.6945
        ]
      },
      "_featureIndex": 87
    },
    {
      "type": "Feature",
      "properties": {
        "Name": "26I-NWIR-S005-TVG3-1",
        "Reference": "Chen,2016",
        "SiO2": "49.5",
        "La": "3",
        "87Sr/86Sr": "0.702942",
        "143Nd/144Nd": "0.513038",
        "206Pb/204Pb": "18.463",
        "207Pb/204Pb": "15.585",
        "208Pb/204Pb": "38.476",
        "_featureIndex": 88
      },
      "geometry": {
        "type": "Point",
        "coordinates": [
          63.72,
          3.69
        ]
      },
      "_featureIndex": 88
    },
    {
      "type": "Feature",
      "properties": {
        "Name": "26I-NWIR-S005-TVG3-2",
        "Reference": "Chen,2016",
        "SiO2": "49.4",
        "La": "3.2",
        "_featureIndex": 89
      },
      "geometry": {
        "type": "Point",
        "coordinates": [
          63.72,
          3.69
        ]
      },
      "_featureIndex": 89
    },
    {
      "type": "Feature",
      "properties": {
        "Name": "SGRKNYA-II/III-002A",
        "Elevation": "-3750",
        "Reference": "RAY, 2013",
        "SiO2": "51.01",
        "La": "3.1",
        "_featureIndex": 90
      },
      "geometry": {
        "type": "Point",
        "coordinates": [
          64.15,
          3.68
        ]
      },
      "_featureIndex": 90
    },
    {
      "type": "Feature",
      "properties": {
        "Name": "SGRKNYA-II/III-002E",
        "Elevation": "-3750",
        "Reference": "RAY, 2013",
        "SiO2": "51.51",
        "La": "3.29",
        "_featureIndex": 91
      },
      "geometry": {
        "type": "Point",
        "coordinates": [
          64.15,
          3.68
        ]
      },
      "_featureIndex": 91
    },
    {
      "type": "Feature",
      "properties": {
        "Name": "SGRKNYA-II/III-002F",
        "Elevation": "-3750",
        "Reference": "RAY, 2013",
        "SiO2": "50.85",
        "La": "3.67",
        "_featureIndex": 92
      },
      "geometry": {
        "type": "Point",
        "coordinates": [
          64.15,
          3.68
        ]
      },
      "_featureIndex": 92
    },
    {
      "type": "Feature",
      "properties": {
        "Name": "SGRKNYA-II/III-001M",
        "Elevation": "-3750",
        "Reference": "RAY, 2013",
        "SiO2": "51.23",
        "La": "3.73",
        "_featureIndex": 93
      },
      "geometry": {
        "type": "Point",
        "coordinates": [
          64.15,
          3.68
        ]
      },
      "_featureIndex": 93
    },
    {
      "type": "Feature",
      "properties": {
        "Name": "SGRKNYA-II/III-002C",
        "Elevation": "-3750",
        "Reference": "RAY, 2013",
        "SiO2": "50.95",
        "La": "3.17",
        "_featureIndex": 94
      },
      "geometry": {
        "type": "Point",
        "coordinates": [
          64.15,
          3.68
        ]
      },
      "_featureIndex": 94
    },
    {
      "type": "Feature",
      "properties": {
        "Name": "SGRKNYA-II/III-002B",
        "Elevation": "-3750",
        "Reference": "RAY, 2013",
        "SiO2": "50.54",
        "La": "3.28",
        "_featureIndex": 95
      },
      "geometry": {
        "type": "Point",
        "coordinates": [
          64.15,
          3.68
        ]
      },
      "_featureIndex": 95
    },
    {
      "type": "Feature",
      "properties": {
        "Name": "SGRKNYA-II/III-002D",
        "Elevation": "-3750",
        "Reference": "RAY, 2013",
        "SiO2": "50.91",
        "La": "3.3",
        "_featureIndex": 96
      },
      "geometry": {
        "type": "Point",
        "coordinates": [
          64.15,
          3.68
        ]
      },
      "_featureIndex": 96
    },
    {
      "type": "Feature",
      "properties": {
        "Name": "26I-NWIR-S004-TVG2-1",
        "Reference": "Chen,2016",
        "SiO2": "49.9",
        "La": "4.3",
        "87Sr/86Sr": "0.702927",
        "143Nd/144Nd": "0.513076",
        "206Pb/204Pb": "18.457",
        "207Pb/204Pb": "15.588",
        "208Pb/204Pb": "38.475",
        "_featureIndex": 97
      },
      "geometry": {
        "type": "Point",
        "coordinates": [
          63.75,
          3.67
        ]
      },
      "_featureIndex": 97
    },
    {
      "type": "Feature",
      "properties": {
        "Name": "26I-NWIR-S004-TVG2-2",
        "Reference": "Chen,2016",
        "SiO2": "50.1",
        "La": "4.6",
        "_featureIndex": 98
      },
      "geometry": {
        "type": "Point",
        "coordinates": [
          63.75,
          3.67
        ]
      },
      "_featureIndex": 98
    },
    {
      "type": "Feature",
      "properties": {
        "Name": "SGRKNYA-II/III-001F",
        "Elevation": "-3750",
        "Reference": "RAY, 2013",
        "SiO2": "50.79",
        "La": "3.72",
        "_featureIndex": 99
      },
      "geometry": {
        "type": "Point",
        "coordinates": [
          64.08,
          3.58
        ]
      },
      "_featureIndex": 99
    },
    {
      "type": "Feature",
      "properties": {
        "Name": "SGRKNYA-II/III-001E",
        "Elevation": "-3750",
        "Reference": "RAY, 2013",
        "SiO2": "51.2",
        "La": "3.82",
        "_featureIndex": 100
      },
      "geometry": {
        "type": "Point",
        "coordinates": [
          64.08,
          3.58
        ]
      },
      "_featureIndex": 100
    },
    {
      "type": "Feature",
      "properties": {
        "Name": "SGRKNYA-II/III-001G",
        "Elevation": "-3750",
        "Reference": "RAY, 2013",
        "SiO2": "51.15",
        "La": "2.76",
        "_featureIndex": 101
      },
      "geometry": {
        "type": "Point",
        "coordinates": [
          64.08,
          3.58
        ]
      },
      "_featureIndex": 101
    },
    {
      "type": "Feature",
      "properties": {
        "Name": "SGRKNYA-II/III-001H",
        "Elevation": "-3750",
        "Reference": "RAY, 2013",
        "SiO2": "51.21",
        "La": "2.7",
        "_featureIndex": 102
      },
      "geometry": {
        "type": "Point",
        "coordinates": [
          64.08,
          3.58
        ]
      },
      "_featureIndex": 102
    },
    {
      "type": "Feature",
      "properties": {
        "Name": "SGRKNYA-II/III-001I",
        "Elevation": "-3750",
        "Reference": "RAY, 2013",
        "SiO2": "50.64",
        "La": "2.71",
        "_featureIndex": 103
      },
      "geometry": {
        "type": "Point",
        "coordinates": [
          64.08,
          3.58
        ]
      },
      "_featureIndex": 103
    },
    {
      "type": "Feature",
      "properties": {
        "Name": "SGRKNYA-II/III-001B",
        "Elevation": "-3750",
        "Reference": "RAY, 2013",
        "SiO2": "50.82",
        "La": "4.71",
        "_featureIndex": 104
      },
      "geometry": {
        "type": "Point",
        "coordinates": [
          64.08,
          3.58
        ]
      },
      "_featureIndex": 104
    },
    {
      "type": "Feature",
      "properties": {
        "Name": "SGRKNYA-II/III-001K",
        "Elevation": "-3750",
        "Reference": "RAY, 2013",
        "SiO2": "51.05",
        "La": "3.7",
        "_featureIndex": 105
      },
      "geometry": {
        "type": "Point",
        "coordinates": [
          64.08,
          3.58
        ]
      },
      "_featureIndex": 105
    },
    {
      "type": "Feature",
      "properties": {
        "Name": "SGRKNYA-II/III-001J",
        "Elevation": "-3750",
        "Reference": "RAY, 2013",
        "SiO2": "50.87",
        "La": "3.81",
        "_featureIndex": 106
      },
      "geometry": {
        "type": "Point",
        "coordinates": [
          64.08,
          3.58
        ]
      },
      "_featureIndex": 106
    },
    {
      "type": "Feature",
      "properties": {
        "Name": "SGRKNYA-II/III-001L",
        "Elevation": "-3750",
        "Reference": "RAY, 2013",
        "SiO2": "51.12",
        "La": "3.7",
        "_featureIndex": 107
      },
      "geometry": {
        "type": "Point",
        "coordinates": [
          64.08,
          3.58
        ]
      },
      "_featureIndex": 107
    },
    {
      "type": "Feature",
      "properties": {
        "Name": "SGRKNYA-II/III-001A",
        "Elevation": "-3750",
        "Reference": "RAY, 2013",
        "SiO2": "51.38",
        "La": "3.62",
        "_featureIndex": 108
      },
      "geometry": {
        "type": "Point",
        "coordinates": [
          64.08,
          3.58
        ]
      },
      "_featureIndex": 108
    },
    {
      "type": "Feature",
      "properties": {
        "Name": "SGRKNYA-II/III-001C",
        "Elevation": "-3750",
        "Reference": "RAY, 2013",
        "SiO2": "51.01",
        "La": "3.54",
        "_featureIndex": 109
      },
      "geometry": {
        "type": "Point",
        "coordinates": [
          64.08,
          3.58
        ]
      },
      "_featureIndex": 109
    },
    {
      "type": "Feature",
      "properties": {
        "Name": "SGRKNYA-II/III-001D",
        "Elevation": "-3750",
        "Reference": "RAY, 2013",
        "SiO2": "50.96",
        "La": "3.55",
        "_featureIndex": 110
      },
      "geometry": {
        "type": "Point",
        "coordinates": [
          64.08,
          3.58
        ]
      },
      "_featureIndex": 110
    },
    {
      "type": "Feature",
      "properties": {
        "Name": "SGRKNYA-II/III-012",
        "Elevation": "-3750",
        "Reference": "BANERJEE, 1991",
        "SiO2": "52.53",
        "_featureIndex": 111
      },
      "geometry": {
        "type": "Point",
        "coordinates": [
          64.08,
          3.58
        ]
      },
      "_featureIndex": 111
    },
    {
      "type": "Feature",
      "properties": {
        "Name": "SGRKNYA-II/III-021",
        "Elevation": "-3750",
        "Reference": "BANERJEE, 1991",
        "SiO2": "52.31",
        "_featureIndex": 112
      },
      "geometry": {
        "type": "Point",
        "coordinates": [
          64.08,
          3.58
        ]
      },
      "_featureIndex": 112
    },
    {
      "type": "Feature",
      "properties": {
        "Name": "SGRKNYA-II/III-005",
        "Elevation": "-3750",
        "Reference": "BANERJEE, 1991",
        "SiO2": "52.26",
        "_featureIndex": 113
      },
      "geometry": {
        "type": "Point",
        "coordinates": [
          64.08,
          3.58
        ]
      },
      "_featureIndex": 113
    },
    {
      "type": "Feature",
      "properties": {
        "Name": "SGRKNYA-II/III-001",
        "Elevation": "-3750",
        "Reference": "BANERJEE, 1991",
        "SiO2": "51.98",
        "_featureIndex": 114
      },
      "geometry": {
        "type": "Point",
        "coordinates": [
          64.08,
          3.58
        ]
      },
      "_featureIndex": 114
    },
    {
      "type": "Feature",
      "properties": {
        "Name": "SGRKNYA-II/III-039",
        "Elevation": "-3750",
        "Reference": "BANERJEE, 1991",
        "SiO2": "51.85",
        "_featureIndex": 115
      },
      "geometry": {
        "type": "Point",
        "coordinates": [
          64.08,
          3.58
        ]
      },
      "_featureIndex": 115
    },
    {
      "type": "Feature",
      "properties": {
        "Name": "SGRKNYA-II/III-022",
        "Elevation": "-3750",
        "Reference": "BANERJEE, 1991",
        "SiO2": "51.84",
        "_featureIndex": 116
      },
      "geometry": {
        "type": "Point",
        "coordinates": [
          64.08,
          3.58
        ]
      },
      "_featureIndex": 116
    },
    {
      "type": "Feature",
      "properties": {
        "Name": "SGRKNYA-II/III-011",
        "Elevation": "-3750",
        "Reference": "BANERJEE, 1991",
        "SiO2": "51.82",
        "_featureIndex": 117
      },
      "geometry": {
        "type": "Point",
        "coordinates": [
          64.08,
          3.58
        ]
      },
      "_featureIndex": 117
    },
    {
      "type": "Feature",
      "properties": {
        "Name": "SGRKNYA-II/III-004",
        "Elevation": "-3750",
        "Reference": "BANERJEE, 1991",
        "SiO2": "51.8",
        "_featureIndex": 118
      },
      "geometry": {
        "type": "Point",
        "coordinates": [
          64.08,
          3.58
        ]
      },
      "_featureIndex": 118
    },
    {
      "type": "Feature",
      "properties": {
        "Name": "SGRKNYA-II/III-024",
        "Elevation": "-3750",
        "Reference": "BANERJEE, 1991",
        "SiO2": "51.73",
        "_featureIndex": 119
      },
      "geometry": {
        "type": "Point",
        "coordinates": [
          64.08,
          3.58
        ]
      },
      "_featureIndex": 119
    },
    {
      "type": "Feature",
      "properties": {
        "Name": "SGRKNYA-II/III-027",
        "Elevation": "-3750",
        "Reference": "BANERJEE, 1991",
        "SiO2": "51.72",
        "_featureIndex": 120
      },
      "geometry": {
        "type": "Point",
        "coordinates": [
          64.08,
          3.58
        ]
      },
      "_featureIndex": 120
    },
    {
      "type": "Feature",
      "properties": {
        "Name": "SGRKNYA-II/III-015",
        "Elevation": "-3750",
        "Reference": "BANERJEE, 1991",
        "SiO2": "51.67",
        "_featureIndex": 121
      },
      "geometry": {
        "type": "Point",
        "coordinates": [
          64.08,
          3.58
        ]
      },
      "_featureIndex": 121
    },
    {
      "type": "Feature",
      "properties": {
        "Name": "SGRKNYA-II/III-031",
        "Elevation": "-3750",
        "Reference": "BANERJEE, 1991",
        "SiO2": "51.54",
        "_featureIndex": 122
      },
      "geometry": {
        "type": "Point",
        "coordinates": [
          64.08,
          3.58
        ]
      },
      "_featureIndex": 122
    },
    {
      "type": "Feature",
      "properties": {
        "Name": "SGRKNYA-II/III-038",
        "Elevation": "-3750",
        "Reference": "BANERJEE, 1991",
        "SiO2": "51.47",
        "_featureIndex": 123
      },
      "geometry": {
        "type": "Point",
        "coordinates": [
          64.08,
          3.58
        ]
      },
      "_featureIndex": 123
    },
    {
      "type": "Feature",
      "properties": {
        "Name": "SGRKNYA-II/III-002",
        "Elevation": "-3750",
        "Reference": "BANERJEE, 1991",
        "SiO2": "51.45",
        "_featureIndex": 124
      },
      "geometry": {
        "type": "Point",
        "coordinates": [
          64.08,
          3.58
        ]
      },
      "_featureIndex": 124
    },
    {
      "type": "Feature",
      "properties": {
        "Name": "SGRKNYA-II/III-003",
        "Elevation": "-3750",
        "Reference": "BANERJEE, 1991",
        "SiO2": "51.35",
        "_featureIndex": 125
      },
      "geometry": {
        "type": "Point",
        "coordinates": [
          64.08,
          3.58
        ]
      },
      "_featureIndex": 125
    },
    {
      "type": "Feature",
      "properties": {
        "Name": "SGRKNYA-II/III-033",
        "Elevation": "-3750",
        "Reference": "BANERJEE, 1991",
        "SiO2": "51.33",
        "_featureIndex": 126
      },
      "geometry": {
        "type": "Point",
        "coordinates": [
          64.08,
          3.58
        ]
      },
      "_featureIndex": 126
    },
    {
      "type": "Feature",
      "properties": {
        "Name": "SGRKNYA-II/III-026",
        "Elevation": "-3750",
        "Reference": "BANERJEE, 1991",
        "SiO2": "51.27",
        "_featureIndex": 127
      },
      "geometry": {
        "type": "Point",
        "coordinates": [
          64.08,
          3.58
        ]
      },
      "_featureIndex": 127
    },
    {
      "type": "Feature",
      "properties": {
        "Name": "SGRKNYA-II/III-010",
        "Elevation": "-3750",
        "Reference": "BANERJEE, 1991",
        "SiO2": "51.14",
        "_featureIndex": 128
      },
      "geometry": {
        "type": "Point",
        "coordinates": [
          64.08,
          3.58
        ]
      },
      "_featureIndex": 128
    },
    {
      "type": "Feature",
      "properties": {
        "Name": "SGRKNYA-II/III-032",
        "Elevation": "-3750",
        "Reference": "BANERJEE, 1991",
        "SiO2": "51.13",
        "_featureIndex": 129
      },
      "geometry": {
        "type": "Point",
        "coordinates": [
          64.08,
          3.58
        ]
      },
      "_featureIndex": 129
    },
    {
      "type": "Feature",
      "properties": {
        "Name": "SGRKNYA-II/III-014",
        "Elevation": "-3750",
        "Reference": "BANERJEE, 1991",
        "SiO2": "50.99",
        "_featureIndex": 130
      },
      "geometry": {
        "type": "Point",
        "coordinates": [
          64.08,
          3.58
        ]
      },
      "_featureIndex": 130
    },
    {
      "type": "Feature",
      "properties": {
        "Name": "SGRKNYA-II/III-025",
        "Elevation": "-3750",
        "Reference": "BANERJEE, 1991",
        "SiO2": "50.91",
        "_featureIndex": 131
      },
      "geometry": {
        "type": "Point",
        "coordinates": [
          64.08,
          3.58
        ]
      },
      "_featureIndex": 131
    },
    {
      "type": "Feature",
      "properties": {
        "Name": "SGRKNYA-II/III-023",
        "Elevation": "-3750",
        "Reference": "BANERJEE, 1991",
        "SiO2": "50.89",
        "_featureIndex": 132
      },
      "geometry": {
        "type": "Point",
        "coordinates": [
          64.08,
          3.58
        ]
      },
      "_featureIndex": 132
    },
    {
      "type": "Feature",
      "properties": {
        "Name": "SGRKNYA-II/III-037",
        "Elevation": "-3750",
        "Reference": "BANERJEE, 1991",
        "SiO2": "50.83",
        "_featureIndex": 133
      },
      "geometry": {
        "type": "Point",
        "coordinates": [
          64.08,
          3.58
        ]
      },
      "_featureIndex": 133
    },
    {
      "type": "Feature",
      "properties": {
        "Name": "SGRKNYA-II/III-019",
        "Elevation": "-3750",
        "Reference": "BANERJEE, 1991",
        "SiO2": "50.83",
        "_featureIndex": 134
      },
      "geometry": {
        "type": "Point",
        "coordinates": [
          64.08,
          3.58
        ]
      },
      "_featureIndex": 134
    },
    {
      "type": "Feature",
      "properties": {
        "Name": "SGRKNYA-II/III-030",
        "Elevation": "-3750",
        "Reference": "BANERJEE, 1991",
        "SiO2": "50.59",
        "_featureIndex": 135
      },
      "geometry": {
        "type": "Point",
        "coordinates": [
          64.08,
          3.58
        ]
      },
      "_featureIndex": 135
    },
    {
      "type": "Feature",
      "properties": {
        "Name": "SGRKNYA-II/III-013",
        "Elevation": "-3750",
        "Reference": "BANERJEE, 1991",
        "SiO2": "50.59",
        "_featureIndex": 136
      },
      "geometry": {
        "type": "Point",
        "coordinates": [
          64.08,
          3.58
        ]
      },
      "_featureIndex": 136
    },
    {
      "type": "Feature",
      "properties": {
        "Name": "SGRKNYA-II/III-018",
        "Elevation": "-3750",
        "Reference": "BANERJEE, 1991",
        "SiO2": "50.44",
        "_featureIndex": 137
      },
      "geometry": {
        "type": "Point",
        "coordinates": [
          64.08,
          3.58
        ]
      },
      "_featureIndex": 137
    },
    {
      "type": "Feature",
      "properties": {
        "Name": "SGRKNYA-II/III-028",
        "Elevation": "-3750",
        "Reference": "BANERJEE, 1991",
        "SiO2": "50.39",
        "_featureIndex": 138
      },
      "geometry": {
        "type": "Point",
        "coordinates": [
          64.08,
          3.58
        ]
      },
      "_featureIndex": 138
    },
    {
      "type": "Feature",
      "properties": {
        "Name": "SGRKNYA-II/III-016",
        "Elevation": "-3750",
        "Reference": "BANERJEE, 1991",
        "SiO2": "50.28",
        "_featureIndex": 139
      },
      "geometry": {
        "type": "Point",
        "coordinates": [
          64.08,
          3.58
        ]
      },
      "_featureIndex": 139
    },
    {
      "type": "Feature",
      "properties": {
        "Name": "SGRKNYA-II/III-036",
        "Elevation": "-3750",
        "Reference": "BANERJEE, 1991",
        "SiO2": "50.21",
        "_featureIndex": 140
      },
      "geometry": {
        "type": "Point",
        "coordinates": [
          64.08,
          3.58
        ]
      },
      "_featureIndex": 140
    },
    {
      "type": "Feature",
      "properties": {
        "Name": "SGRKNYA-II/III-035",
        "Elevation": "-3750",
        "Reference": "BANERJEE, 1991",
        "SiO2": "50.16",
        "_featureIndex": 141
      },
      "geometry": {
        "type": "Point",
        "coordinates": [
          64.08,
          3.58
        ]
      },
      "_featureIndex": 141
    },
    {
      "type": "Feature",
      "properties": {
        "Name": "SGRKNYA-II/III-017",
        "Elevation": "-3750",
        "Reference": "BANERJEE, 1991",
        "SiO2": "50.05",
        "_featureIndex": 142
      },
      "geometry": {
        "type": "Point",
        "coordinates": [
          64.08,
          3.58
        ]
      },
      "_featureIndex": 142
    },
    {
      "type": "Feature",
      "properties": {
        "Name": "SGRKNYA-II/III-007",
        "Elevation": "-3750",
        "Reference": "BANERJEE, 1991",
        "SiO2": "49.84",
        "_featureIndex": 143
      },
      "geometry": {
        "type": "Point",
        "coordinates": [
          64.08,
          3.58
        ]
      },
      "_featureIndex": 143
    },
    {
      "type": "Feature",
      "properties": {
        "Name": "SGRKNYA-II/III-006",
        "Elevation": "-3750",
        "Reference": "BANERJEE, 1991",
        "SiO2": "49.68",
        "_featureIndex": 144
      },
      "geometry": {
        "type": "Point",
        "coordinates": [
          64.08,
          3.58
        ]
      },
      "_featureIndex": 144
    },
    {
      "type": "Feature",
      "properties": {
        "Name": "SGRKNYA-II/III-008",
        "Elevation": "-3750",
        "Reference": "BANERJEE, 1991",
        "SiO2": "49.6",
        "_featureIndex": 145
      },
      "geometry": {
        "type": "Point",
        "coordinates": [
          64.08,
          3.58
        ]
      },
      "_featureIndex": 145
    },
    {
      "type": "Feature",
      "properties": {
        "Name": "SGRKNYA-II/III-034",
        "Elevation": "-3750",
        "Reference": "BANERJEE, 1991",
        "SiO2": "49.4",
        "_featureIndex": 146
      },
      "geometry": {
        "type": "Point",
        "coordinates": [
          64.08,
          3.58
        ]
      },
      "_featureIndex": 146
    },
    {
      "type": "Feature",
      "properties": {
        "Name": "SGRKNYA-II/III-029",
        "Elevation": "-3750",
        "Reference": "BANERJEE, 1991",
        "SiO2": "49.24",
        "_featureIndex": 147
      },
      "geometry": {
        "type": "Point",
        "coordinates": [
          64.08,
          3.58
        ]
      },
      "_featureIndex": 147
    },
    {
      "type": "Feature",
      "properties": {
        "Name": "SGRKNYA-II/III-009",
        "Elevation": "-3750",
        "Reference": "BANERJEE, 1991",
        "SiO2": "49.05",
        "_featureIndex": 148
      },
      "geometry": {
        "type": "Point",
        "coordinates": [
          64.08,
          3.58
        ]
      },
      "_featureIndex": 148
    },
    {
      "type": "Feature",
      "properties": {
        "Name": "SGRKNYA-II/III-040",
        "Elevation": "-3750",
        "Reference": "BANERJEE, 1991",
        "SiO2": "48.99",
        "_featureIndex": 149
      },
      "geometry": {
        "type": "Point",
        "coordinates": [
          64.08,
          3.58
        ]
      },
      "_featureIndex": 149
    },
    {
      "type": "Feature",
      "properties": {
        "Name": "SGRKNYA-II/III-020",
        "Elevation": "-3750",
        "Reference": "BANERJEE, 1991",
        "SiO2": "48.94",
        "_featureIndex": 150
      },
      "geometry": {
        "type": "Point",
        "coordinates": [
          64.08,
          3.58
        ]
      },
      "_featureIndex": 150
    },
    {
      "type": "Feature",
      "properties": {
        "Name": "28II-TVG16",
        "Reference": "Han,2017",
        "SiO2": "50.9",
        "La": "4.5",
        "_featureIndex": 151
      },
      "geometry": {
        "type": "Point",
        "coordinates": [
          66.3231,
          2.7484
        ]
      },
      "_featureIndex": 151
    },
    {
      "type": "Feature",
      "properties": {
        "Name": "28II-TVG17",
        "Reference": "Han,2017",
        "SiO2": "49.9",
        "La": "4.1",
        "87Sr/86Sr": "0.703222",
        "143Nd/144Nd": "0.513077",
        "_featureIndex": 152
      },
      "geometry": {
        "type": "Point",
        "coordinates": [
          66.4409,
          2.6657
        ]
      },
      "_featureIndex": 152
    },
    {
      "type": "Feature",
      "properties": {
        "Name": "28II-TVG13",
        "Reference": "Han,2017",
        "SiO2": "48.8",
        "La": "7.1",
        "87Sr/86Sr": "0.703547",
        "143Nd/144Nd": "0.512985",
        "206Pb/204Pb": "18.052",
        "207Pb/204Pb": "15.615",
        "208Pb/204Pb": "38.205",
        "_featureIndex": 153
      },
      "geometry": {
        "type": "Point",
        "coordinates": [
          66.6137,
          2.5151
        ]
      },
      "_featureIndex": 153
    },
    {
      "type": "Feature",
      "properties": {
        "Name": "28II-TVG11",
        "Reference": "Han,2017",
        "SiO2": "50.7",
        "La": "3.5",
        "87Sr/86Sr": "0.703662",
        "143Nd/144Nd": "0.513852",
        "206Pb/204Pb": "18.141",
        "207Pb/204Pb": "15.51",
        "208Pb/204Pb": "38.079",
        "_featureIndex": 154
      },
      "geometry": {
        "type": "Point",
        "coordinates": [
          66.9101,
          1.7001
        ]
      },
      "_featureIndex": 154
    },
    {
      "type": "Feature",
      "properties": {
        "Name": "28II-TVG10",
        "Reference": "Han,2017",
        "SiO2": "52.1",
        "La": "3.3",
        "_featureIndex": 155
      },
      "geometry": {
        "type": "Point",
        "coordinates": [
          66.8908,
          1.6741
        ]
      },
      "_featureIndex": 155
    },
    {
      "type": "Feature",
      "properties": {
        "Name": "DUF0057-013-007",
        "Reference": "Schiano, 1997",
        "SiO2": "51.23",
        "87Sr/86Sr": "0.702907",
        "143Nd/144Nd": "0.513089",
        "206Pb/204Pb": "18.066",
        "207Pb/204Pb": "15.472",
        "208Pb/204Pb": "37.889",
        "_featureIndex": 156
      },
      "geometry": {
        "type": "Point",
        "coordinates": [
          67.65,
          -1.48
        ]
      },
      "_featureIndex": 156
    },
    {
      "type": "Feature",
      "properties": {
        "Name": "SON0028-025",
        "Reference": "Rehkaemper, 1997",
        "La": "3.3",
        "87Sr/86Sr": "0.702841",
        "143Nd/144Nd": "0.513055",
        "206Pb/204Pb": "18",
        "207Pb/204Pb": "15.443",
        "208Pb/204Pb": "37.781",
        "_featureIndex": 157
      },
      "geometry": {
        "type": "Point",
        "coordinates": [
          67.7,
          -1.48
        ]
      },
      "_featureIndex": 157
    },
    {
      "type": "Feature",
      "properties": {
        "Name": "SON0028-024",
        "Reference": "Rehkaemper, 1997",
        "La": "2.5",
        "87Sr/86Sr": "0.702865",
        "143Nd/144Nd": "0.513063",
        "206Pb/204Pb": "18.041",
        "207Pb/204Pb": "15.451",
        "208Pb/204Pb": "37.838",
        "_featureIndex": 158
      },
      "geometry": {
        "type": "Point",
        "coordinates": [
          67.66,
          -1.51
        ]
      },
      "_featureIndex": 158
    },
    {
      "type": "Feature",
      "properties": {
        "Name": "SON0028-023",
        "Reference": "Rehkaemper, 1997",
        "La": "1.9",
        "87Sr/86Sr": "0.702772",
        "143Nd/144Nd": "0.513067",
        "206Pb/204Pb": "18.149",
        "207Pb/204Pb": "15.472",
        "208Pb/204Pb": "38.001",
        "_featureIndex": 159
      },
      "geometry": {
        "type": "Point",
        "coordinates": [
          67.61,
          -1.55
        ]
      },
      "_featureIndex": 159
    },
    {
      "type": "Feature",
      "properties": {
        "Name": "RSR1979-009",
        "Reference": "Ito, 1987",
        "87Sr/86Sr": "0.70284",
        "143Nd/144Nd": "0.513114",
        "206Pb/204Pb": "17.997",
        "207Pb/204Pb": "15.46",
        "208Pb/204Pb": "37.816",
        "_featureIndex": 160
      },
      "geometry": {
        "type": "Point",
        "coordinates": [
          67.773,
          -1.658
        ]
      },
      "_featureIndex": 160
    },
    {
      "type": "Feature",
      "properties": {
        "Name": "RSR1979-009-001",
        "Reference": "Melson, 2003",
        "SiO2": "51",
        "_featureIndex": 161
      },
      "geometry": {
        "type": "Point",
        "coordinates": [
          67.773,
          -1.658
        ]
      },
      "_featureIndex": 161
    },
    {
      "type": "Feature",
      "properties": {
        "Name": "RSR1979-009-005",
        "Reference": "Melson, 2003",
        "SiO2": "51.06",
        "_featureIndex": 162
      },
      "geometry": {
        "type": "Point",
        "coordinates": [
          67.773,
          -1.658
        ]
      },
      "_featureIndex": 162
    },
    {
      "type": "Feature",
      "properties": {
        "Name": "RSR1979-009-096",
        "Reference": "Dupre, 1983",
        "87Sr/86Sr": "0.70279",
        "206Pb/204Pb": "17.985",
        "207Pb/204Pb": "15.446",
        "208Pb/204Pb": "37.77",
        "_featureIndex": 163
      },
      "geometry": {
        "type": "Point",
        "coordinates": [
          67.773,
          -1.658
        ]
      },
      "_featureIndex": 163
    },
    {
      "type": "Feature",
      "properties": {
        "Name": "RSR1979-009-VG5281",
        "Reference": "Melson, 2003",
        "SiO2": "50.88",
        "_featureIndex": 164
      },
      "geometry": {
        "type": "Point",
        "coordinates": [
          67.773,
          -1.658
        ]
      },
      "_featureIndex": 164
    },
    {
      "type": "Feature",
      "properties": {
        "Name": "RSR1979-009-VG5282",
        "Reference": "Melson, 2003",
        "SiO2": "51.17",
        "_featureIndex": 165
      },
      "geometry": {
        "type": "Point",
        "coordinates": [
          67.773,
          -1.658
        ]
      },
      "_featureIndex": 165
    },
    {
      "type": "Feature",
      "properties": {
        "Name": "RSR1979-009-VG5283",
        "Reference": "Melson, 2003",
        "SiO2": "50.96",
        "_featureIndex": 166
      },
      "geometry": {
        "type": "Point",
        "coordinates": [
          67.773,
          -1.658
        ]
      },
      "_featureIndex": 166
    },
    {
      "type": "Feature",
      "properties": {
        "Name": "RSR1979-009-VG5284",
        "Reference": "Melson, 2003",
        "SiO2": "50.92",
        "La": "3.42",
        "_featureIndex": 167
      },
      "geometry": {
        "type": "Point",
        "coordinates": [
          67.773,
          -1.658
        ]
      },
      "_featureIndex": 167
    },
    {
      "type": "Feature",
      "properties": {
        "Name": "RSR1979-009-VG5285",
        "Reference": "Melson, 2003",
        "SiO2": "51.22",
        "La": "2.131",
        "_featureIndex": 168
      },
      "geometry": {
        "type": "Point",
        "coordinates": [
          67.773,
          -1.658
        ]
      },
      "_featureIndex": 168
    },
    {
      "type": "Feature",
      "properties": {
        "Name": "RSR1979-009-VG5286",
        "Reference": "Melson, 2003",
        "SiO2": "51.07",
        "_featureIndex": 169
      },
      "geometry": {
        "type": "Point",
        "coordinates": [
          67.773,
          -1.658
        ]
      },
      "_featureIndex": 169
    },
    {
      "type": "Feature",
      "properties": {
        "Name": "RSR1979-009-VG5287",
        "Reference": "Melson, 2003",
        "SiO2": "50.71",
        "_featureIndex": 170
      },
      "geometry": {
        "type": "Point",
        "coordinates": [
          67.773,
          -1.658
        ]
      },
      "_featureIndex": 170
    },
    {
      "type": "Feature",
      "properties": {
        "Name": "RSR1979-009-VG5288",
        "Reference": "Melson, 2003",
        "SiO2": "50.93",
        "_featureIndex": 171
      },
      "geometry": {
        "type": "Point",
        "coordinates": [
          67.773,
          -1.658
        ]
      },
      "_featureIndex": 171
    },
    {
      "type": "Feature",
      "properties": {
        "Name": "DUF0057-0014-001",
        "Reference": "Escrig, 2004",
        "87Sr/86Sr": "0.702936",
        "143Nd/144Nd": "0.513095",
        "206Pb/204Pb": "18.068",
        "207Pb/204Pb": "15.498",
        "208Pb/204Pb": "37.767",
        "_featureIndex": 172
      },
      "geometry": {
        "type": "Point",
        "coordinates": [
          67.97,
          -1.71
        ]
      },
      "_featureIndex": 172
    },
    {
      "type": "Feature",
      "properties": {
        "Name": "DUF0057-014-004",
        "Reference": "Escrig, 2004",
        "87Sr/86Sr": "0.702956",
        "143Nd/144Nd": "0.513117",
        "206Pb/204Pb": "17.983",
        "207Pb/204Pb": "15.45",
        "208Pb/204Pb": "37.772",
        "_featureIndex": 173
      },
      "geometry": {
        "type": "Point",
        "coordinates": [
          67.97,
          -1.71
        ]
      },
      "_featureIndex": 173
    },
    {
      "type": "Feature",
      "properties": {
        "Name": "DUF0057-014-002",
        "Reference": "Bezos, 2005",
        "SiO2": "50.87",
        "_featureIndex": 174
      },
      "geometry": {
        "type": "Point",
        "coordinates": [
          67.95,
          -1.73
        ]
      },
      "_featureIndex": 174
    },
    {
      "type": "Feature",
      "properties": {
        "Name": "DUF0057-011-001",
        "Reference": "Bezos, 2005",
        "SiO2": "50.62",
        "87Sr/86Sr": "0.702839",
        "143Nd/144Nd": "0.513106",
        "206Pb/204Pb": "18.17",
        "207Pb/204Pb": "15.475",
        "208Pb/204Pb": "37.765",
        "_featureIndex": 175
      },
      "geometry": {
        "type": "Point",
        "coordinates": [
          68.33,
          -4.17
        ]
      },
      "_featureIndex": 175
    },
    {
      "type": "Feature",
      "properties": {
        "Name": "VIT0036-5319-047",
        "Reference": "Vinogradov, 1969",
        "SiO2": "48.61",
        "_featureIndex": 176
      },
      "geometry": {
        "type": "Point",
        "coordinates": [
          68,
          -5
        ]
      },
      "_featureIndex": 176
    },
    {
      "type": "Feature",
      "properties": {
        "Name": "RSR1979-012",
        "Reference": "Nielsen, 2014;Gale, 2013",
        "SiO2": "50.9",
        "La": "3.593",
        "_featureIndex": 177
      },
      "geometry": {
        "type": "Point",
        "coordinates": [
          68.53,
          -5.28
        ]
      },
      "_featureIndex": 177
    },
    {
      "type": "Feature",
      "properties": {
        "Name": "RSR1979-012-003",
        "Reference": "Nielsen, 2014",
        "SiO2": "50.7",
        "La": "3.28",
        "87Sr/86Sr": "0.70276",
        "143Nd/144Nd": "0.513128",
        "206Pb/204Pb": "18.1",
        "207Pb/204Pb": "15.474",
        "208Pb/204Pb": "37.9",
        "_featureIndex": 178
      },
      "geometry": {
        "type": "Point",
        "coordinates": [
          68.53,
          -5.28
        ]
      },
      "_featureIndex": 178
    },
    {
      "type": "Feature",
      "properties": {
        "Name": "RSR1979-012-003-VG5293",
        "Reference": "Melson, 2003",
        "SiO2": "50.66",
        "_featureIndex": 179
      },
      "geometry": {
        "type": "Point",
        "coordinates": [
          68.53,
          -5.28
        ]
      },
      "_featureIndex": 179
    },
    {
      "type": "Feature",
      "properties": {
        "Name": "RSR1979-012-003-VG5294",
        "Reference": "Melson, 2003",
        "SiO2": "50.83",
        "_featureIndex": 180
      },
      "geometry": {
        "type": "Point",
        "coordinates": [
          68.53,
          -5.28
        ]
      },
      "_featureIndex": 180
    },
    {
      "type": "Feature",
      "properties": {
        "Name": "RSR1979-012-003-VG5295",
        "Reference": "Melson, 2003",
        "SiO2": "50.72",
        "_featureIndex": 181
      },
      "geometry": {
        "type": "Point",
        "coordinates": [
          68.53,
          -5.28
        ]
      },
      "_featureIndex": 181
    },
    {
      "type": "Feature",
      "properties": {
        "Name": "RSR1979-012-VG5296",
        "Reference": "Melson, 2003",
        "SiO2": "50.45",
        "_featureIndex": 182
      },
      "geometry": {
        "type": "Point",
        "coordinates": [
          68.53,
          -5.28
        ]
      },
      "_featureIndex": 182
    },
    {
      "type": "Feature",
      "properties": {
        "Name": "RSR1979-012-VG5297",
        "Reference": "Melson, 2003",
        "SiO2": "50.86",
        "_featureIndex": 183
      },
      "geometry": {
        "type": "Point",
        "coordinates": [
          68.53,
          -5.28
        ]
      },
      "_featureIndex": 183
    },
    {
      "type": "Feature",
      "properties": {
        "Name": "RSR1979-012-VG5298",
        "Reference": "Melson, 2003",
        "SiO2": "50.62",
        "_featureIndex": 184
      },
      "geometry": {
        "type": "Point",
        "coordinates": [
          68.53,
          -5.28
        ]
      },
      "_featureIndex": 184
    },
    {
      "type": "Feature",
      "properties": {
        "Name": "RSR1979-012-VG5299",
        "Reference": "Melson, 2003",
        "SiO2": "50.32",
        "_featureIndex": 185
      },
      "geometry": {
        "type": "Point",
        "coordinates": [
          68.53,
          -5.28
        ]
      },
      "_featureIndex": 185
    },
    {
      "type": "Feature",
      "properties": {
        "Name": "RSR1979-012-VG5300",
        "Reference": "Melson, 2003",
        "SiO2": "50.61",
        "_featureIndex": 186
      },
      "geometry": {
        "type": "Point",
        "coordinates": [
          68.53,
          -5.28
        ]
      },
      "_featureIndex": 186
    },
    {
      "type": "Feature",
      "properties": {
        "Name": "*28-022-005-VG1584",
        "Reference": "Melson, 2003",
        "SiO2": "49.98",
        "_featureIndex": 187
      },
      "geometry": {
        "type": "Point",
        "coordinates": [
          68.7,
          -5.35
        ]
      },
      "_featureIndex": 187
    },
    {
      "type": "Feature",
      "properties": {
        "Name": "*28-022-VG3098",
        "Reference": "Melson, 2003",
        "SiO2": "51.53",
        "La": "3.488",
        "_featureIndex": 188
      },
      "geometry": {
        "type": "Point",
        "coordinates": [
          68.7,
          -5.35
        ]
      },
      "_featureIndex": 188
    },
    {
      "type": "Feature",
      "properties": {
        "Name": "*28-022-VG5908",
        "Reference": "Melson, 2003",
        "SiO2": "49.51",
        "_featureIndex": 189
      },
      "geometry": {
        "type": "Point",
        "coordinates": [
          68.7,
          -5.35
        ]
      },
      "_featureIndex": 189
    },
    {
      "type": "Feature",
      "properties": {
        "Name": "*VG1583",
        "Reference": "White, 1993",
        "87Sr/86Sr": "0.70295",
        "143Nd/144Nd": "0.513143",
        "206Pb/204Pb": "18.084",
        "207Pb/204Pb": "15.452",
        "208Pb/204Pb": "37.804",
        "_featureIndex": 190
      },
      "geometry": {
        "type": "Point",
        "coordinates": [
          68.69,
          -5.35
        ]
      },
      "_featureIndex": 190
    },
    {
      "type": "Feature",
      "properties": {
        "Name": "RSR1979-011-005",
        "Reference": "Nielsen, 2014",
        "SiO2": "51.7",
        "La": "3.81",
        "87Sr/86Sr": "0.70274",
        "143Nd/144Nd": "0.513109",
        "206Pb/204Pb": "18.17",
        "207Pb/204Pb": "15.5",
        "208Pb/204Pb": "38.064",
        "_featureIndex": 191
      },
      "geometry": {
        "type": "Point",
        "coordinates": [
          68.62,
          -5.36
        ]
      },
      "_featureIndex": 191
    },
    {
      "type": "Feature",
      "properties": {
        "Name": "RSR1979-011-005-VG5289",
        "Reference": "Melson, 2003",
        "SiO2": "51.06",
        "_featureIndex": 192
      },
      "geometry": {
        "type": "Point",
        "coordinates": [
          68.62,
          -5.36
        ]
      },
      "_featureIndex": 192
    },
    {
      "type": "Feature",
      "properties": {
        "Name": "RSR1979-011-005-VG5290",
        "Reference": "Melson, 2003",
        "SiO2": "51.66",
        "_featureIndex": 193
      },
      "geometry": {
        "type": "Point",
        "coordinates": [
          68.62,
          -5.36
        ]
      },
      "_featureIndex": 193
    },
    {
      "type": "Feature",
      "properties": {
        "Name": "RSR1979-011-005-VG5291",
        "Reference": "Melson, 2003",
        "SiO2": "51.27",
        "_featureIndex": 194
      },
      "geometry": {
        "type": "Point",
        "coordinates": [
          68.62,
          -5.36
        ]
      },
      "_featureIndex": 194
    },
    {
      "type": "Feature",
      "properties": {
        "Name": "RSR1979-011-010",
        "Reference": "Nielsen, 2014;Gale, 2013",
        "SiO2": "51.3",
        "La": "3.969",
        "_featureIndex": 195
      },
      "geometry": {
        "type": "Point",
        "coordinates": [
          68.62,
          -5.36
        ]
      },
      "_featureIndex": 195
    },
    {
      "type": "Feature",
      "properties": {
        "Name": "SON0028-033",
        "Reference": "Rehkaemper, 1997",
        "La": "2.3",
        "87Sr/86Sr": "0.702844",
        "143Nd/144Nd": "0.513081",
        "206Pb/204Pb": "18.067",
        "207Pb/204Pb": "15.456",
        "208Pb/204Pb": "37.87",
        "_featureIndex": 196
      },
      "geometry": {
        "type": "Point",
        "coordinates": [
          68.54,
          -5.38
        ]
      },
      "_featureIndex": 196
    },
    {
      "type": "Feature",
      "properties": {
        "Name": "SGRKNYA-125-004-001",
        "Reference": "Ray, 2014",
        "La": "1.93",
        "87Sr/86Sr": "0.703166",
        "143Nd/144Nd": "0.513024",
        "206Pb/204Pb": "18.2547",
        "207Pb/204Pb": "15.5043",
        "208Pb/204Pb": "38.1632",
        "_featureIndex": 197
      },
      "geometry": {
        "type": "Point",
        "coordinates": [
          68.0633,
          -5.6521
        ]
      },
      "_featureIndex": 197
    },
    {
      "type": "Feature",
      "properties": {
        "Name": "SGRKNYA-125-004-002",
        "Reference": "Ray, 2014",
        "La": "1.53",
        "_featureIndex": 198
      },
      "geometry": {
        "type": "Point",
        "coordinates": [
          68.0633,
          -5.6521
        ]
      },
      "_featureIndex": 198
    },
    {
      "type": "Feature",
      "properties": {
        "Name": "SGRKNYA-195-010",
        "Reference": "Ray, 2014",
        "87Sr/86Sr": "0.7028",
        "143Nd/144Nd": "0.513139",
        "206Pb/204Pb": "18.153",
        "207Pb/204Pb": "15.4911",
        "208Pb/204Pb": "37.994",
        "_featureIndex": 199
      },
      "geometry": {
        "type": "Point",
        "coordinates": [
          68.4978,
          -6.0591
        ]
      },
      "_featureIndex": 199
    },
    {
      "type": "Feature",
      "properties": {
        "Name": "DUF0057-010-001",
        "Reference": "Schiano, 1997",
        "87Sr/86Sr": "0.703018",
        "143Nd/144Nd": "0.513022",
        "_featureIndex": 200
      },
      "geometry": {
        "type": "Point",
        "coordinates": [
          68.25,
          -6.22
        ]
      },
      "_featureIndex": 200
    },
    {
      "type": "Feature",
      "properties": {
        "Name": "DUF0057-010-003",
        "Reference": "Bezos, 2005",
        "SiO2": "51.73",
        "_featureIndex": 201
      },
      "geometry": {
        "type": "Point",
        "coordinates": [
          68.25,
          -6.22
        ]
      },
      "_featureIndex": 201
    },
    {
      "type": "Feature",
      "properties": {
        "Name": "DUF0057-010-004",
        "Reference": "Schiano, 1997",
        "SiO2": "51.16",
        "206Pb/204Pb": "18.001",
        "207Pb/204Pb": "15.501",
        "208Pb/204Pb": "37.93",
        "_featureIndex": 202
      },
      "geometry": {
        "type": "Point",
        "coordinates": [
          68.25,
          -6.22
        ]
      },
      "_featureIndex": 202
    },
    {
      "type": "Feature",
      "properties": {
        "Name": "SGRKNYA-195-011",
        "Reference": "Ray, 2014",
        "87Sr/86Sr": "0.703181",
        "143Nd/144Nd": "0.513017",
        "206Pb/204Pb": "18.4618",
        "207Pb/204Pb": "15.536",
        "208Pb/204Pb": "38.5066",
        "_featureIndex": 203
      },
      "geometry": {
        "type": "Point",
        "coordinates": [
          68.2918,
          -6.3395
        ]
      },
      "_featureIndex": 203
    },
    {
      "type": "Feature",
      "properties": {
        "Name": "DUF0057-009-001",
        "Reference": "Escrig, 2004",
        "87Sr/86Sr": "0.702771",
        "143Nd/144Nd": "0.513108",
        "206Pb/204Pb": "18.21",
        "207Pb/204Pb": "15.536",
        "208Pb/204Pb": "37.946",
        "_featureIndex": 204
      },
      "geometry": {
        "type": "Point",
        "coordinates": [
          68.07,
          -8
        ]
      },
      "_featureIndex": 204
    },
    {
      "type": "Feature",
      "properties": {
        "Name": "DUF0057-009-006",
        "Reference": "Escrig, 2004",
        "87Sr/86Sr": "0.702789",
        "143Nd/144Nd": "0.513131",
        "206Pb/204Pb": "18.166",
        "207Pb/204Pb": "15.495",
        "208Pb/204Pb": "37.876",
        "_featureIndex": 205
      },
      "geometry": {
        "type": "Point",
        "coordinates": [
          68.07,
          -8
        ]
      },
      "_featureIndex": 205
    },
    {
      "type": "Feature",
      "properties": {
        "Name": "DUF0057-009-010",
        "Reference": "Bezos, 2005",
        "SiO2": "52.51",
        "_featureIndex": 206
      },
      "geometry": {
        "type": "Point",
        "coordinates": [
          68.07,
          -8
        ]
      },
      "_featureIndex": 206
    },
    {
      "type": "Feature",
      "properties": {
        "Name": "ONU1012-0924-1",
        "Reference": "Yi, 2014",
        "SiO2": "50.98",
        "La": "3.35",
        "_featureIndex": 207
      },
      "geometry": {
        "type": "Point",
        "coordinates": [
          68.1,
          -8.0517
        ]
      },
      "_featureIndex": 207
    },
    {
      "type": "Feature",
      "properties": {
        "Name": "MELANTP-131-002",
        "Reference": "Melson, 2003",
        "SiO2": "50.92",
        "87Sr/86Sr": "0.70298",
        "_featureIndex": 208
      },
      "geometry": {
        "type": "Point",
        "coordinates": [
          68.12,
          -8.198
        ]
      },
      "_featureIndex": 208
    },
    {
      "type": "Feature",
      "properties": {
        "Name": "MELANTP-131-010",
        "Reference": "Melson, 2003",
        "SiO2": "50.29",
        "_featureIndex": 209
      },
      "geometry": {
        "type": "Point",
        "coordinates": [
          68.12,
          -8.198
        ]
      },
      "_featureIndex": 209
    },
    {
      "type": "Feature",
      "properties": {
        "Name": "MELANTP-131-011",
        "Reference": "Melson, 2003",
        "SiO2": "51.06",
        "_featureIndex": 210
      },
      "geometry": {
        "type": "Point",
        "coordinates": [
          68.12,
          -8.198
        ]
      },
      "_featureIndex": 210
    },
    {
      "type": "Feature",
      "properties": {
        "Name": "MELANTP-131-012",
        "Reference": "Melson, 2003",
        "SiO2": "50.61",
        "_featureIndex": 211
      },
      "geometry": {
        "type": "Point",
        "coordinates": [
          68.12,
          -8.198
        ]
      },
      "_featureIndex": 211
    },
    {
      "type": "Feature",
      "properties": {
        "Name": "MELANTP-131-013",
        "Reference": "Melson, 2003",
        "SiO2": "50.44",
        "_featureIndex": 212
      },
      "geometry": {
        "type": "Point",
        "coordinates": [
          68.12,
          -8.198
        ]
      },
      "_featureIndex": 212
    },
    {
      "type": "Feature",
      "properties": {
        "Name": "MELANTP-131-014",
        "Reference": "Yi, 2000",
        "SiO2": "50.66",
        "La": "1.95",
        "87Sr/86Sr": "0.70276",
        "143Nd/144Nd": "0.513156",
        "206Pb/204Pb": "18.028",
        "207Pb/204Pb": "15.473",
        "208Pb/204Pb": "37.82",
        "_featureIndex": 213
      },
      "geometry": {
        "type": "Point",
        "coordinates": [
          68.12,
          -8.198
        ]
      },
      "_featureIndex": 213
    },
    {
      "type": "Feature",
      "properties": {
        "Name": "MELANTP-131-015",
        "Reference": "Melson, 2003",
        "SiO2": "50.67",
        "_featureIndex": 214
      },
      "geometry": {
        "type": "Point",
        "coordinates": [
          68.12,
          -8.198
        ]
      },
      "_featureIndex": 214
    },
    {
      "type": "Feature",
      "properties": {
        "Name": "MELANTP-131-016",
        "Reference": "Melson, 2003",
        "SiO2": "50.85",
        "_featureIndex": 215
      },
      "geometry": {
        "type": "Point",
        "coordinates": [
          68.12,
          -8.198
        ]
      },
      "_featureIndex": 215
    },
    {
      "type": "Feature",
      "properties": {
        "Name": "MELANTP-130-042",
        "Reference": "Melson, 2003",
        "SiO2": "50.98",
        "_featureIndex": 216
      },
      "geometry": {
        "type": "Point",
        "coordinates": [
          68.185,
          -8.242
        ]
      },
      "_featureIndex": 216
    },
    {
      "type": "Feature",
      "properties": {
        "Name": "MELANTP-130-058",
        "Reference": "Melson, 2003",
        "SiO2": "50.96",
        "_featureIndex": 217
      },
      "geometry": {
        "type": "Point",
        "coordinates": [
          68.185,
          -8.242
        ]
      },
      "_featureIndex": 217
    },
    {
      "type": "Feature",
      "properties": {
        "Name": "MELANTP-130-060",
        "Reference": "Melson, 2003",
        "SiO2": "50.87",
        "_featureIndex": 218
      },
      "geometry": {
        "type": "Point",
        "coordinates": [
          68.185,
          -8.242
        ]
      },
      "_featureIndex": 218
    },
    {
      "type": "Feature",
      "properties": {
        "Name": "MELANTP-130-061",
        "Reference": "Melson, 2003",
        "SiO2": "51",
        "_featureIndex": 219
      },
      "geometry": {
        "type": "Point",
        "coordinates": [
          68.185,
          -8.242
        ]
      },
      "_featureIndex": 219
    },
    {
      "type": "Feature",
      "properties": {
        "Name": "MELANTP-130-062",
        "Reference": "Melson, 2003",
        "SiO2": "51.05",
        "La": "3.451",
        "_featureIndex": 220
      },
      "geometry": {
        "type": "Point",
        "coordinates": [
          68.185,
          -8.242
        ]
      },
      "_featureIndex": 220
    },
    {
      "type": "Feature",
      "properties": {
        "Name": "MELANTP-130-063",
        "Reference": "Melson, 2003",
        "SiO2": "50.71",
        "_featureIndex": 221
      },
      "geometry": {
        "type": "Point",
        "coordinates": [
          68.185,
          -8.242
        ]
      },
      "_featureIndex": 221
    },
    {
      "type": "Feature",
      "properties": {
        "Name": "ARGCIRC-087-001",
        "Reference": "Natland, 1991",
        "SiO2": "50.69",
        "_featureIndex": 222
      },
      "geometry": {
        "type": "Point",
        "coordinates": [
          67.28,
          -9
        ]
      },
      "_featureIndex": 222
    },
    {
      "type": "Feature",
      "properties": {
        "Name": "ARGCIRC-087-002A",
        "Reference": "Engel, 1975",
        "_featureIndex": 223
      },
      "geometry": {
        "type": "Point",
        "coordinates": [
          67.28,
          -9
        ]
      },
      "_featureIndex": 223
    },
    {
      "type": "Feature",
      "properties": {
        "Name": "ARGCIRC-087-004",
        "Reference": "Mahoney, 1989",
        "87Sr/86Sr": "0.70319",
        "143Nd/144Nd": "0.513063",
        "_featureIndex": 224
      },
      "geometry": {
        "type": "Point",
        "coordinates": [
          67.28,
          -9
        ]
      },
      "_featureIndex": 224
    },
    {
      "type": "Feature",
      "properties": {
        "Name": "ARGCIRC-087-040",
        "Reference": "Melson, 2003",
        "SiO2": "50.93",
        "206Pb/204Pb": "17.987",
        "207Pb/204Pb": "15.511",
        "208Pb/204Pb": "37.93",
        "_featureIndex": 225
      },
      "geometry": {
        "type": "Point",
        "coordinates": [
          67.28,
          -9
        ]
      },
      "_featureIndex": 225
    },
    {
      "type": "Feature",
      "properties": {
        "Name": "ARGCIRC-087-041",
        "Reference": "Melson, 2003",
        "SiO2": "50.69",
        "_featureIndex": 226
      },
      "geometry": {
        "type": "Point",
        "coordinates": [
          67.28,
          -9
        ]
      },
      "_featureIndex": 226
    },
    {
      "type": "Feature",
      "properties": {
        "Name": "ARGCIRC-087-042",
        "Reference": "Melson, 2003",
        "SiO2": "50.9",
        "_featureIndex": 227
      },
      "geometry": {
        "type": "Point",
        "coordinates": [
          67.28,
          -9
        ]
      },
      "_featureIndex": 227
    },
    {
      "type": "Feature",
      "properties": {
        "Name": "ARGCIRC-087-043",
        "Reference": "Melson, 2003",
        "SiO2": "50.59",
        "_featureIndex": 228
      },
      "geometry": {
        "type": "Point",
        "coordinates": [
          67.28,
          -9
        ]
      },
      "_featureIndex": 228
    },
    {
      "type": "Feature",
      "properties": {
        "Name": "ARGCIRC-087-044",
        "Reference": "Melson, 2003",
        "SiO2": "51.33",
        "_featureIndex": 229
      },
      "geometry": {
        "type": "Point",
        "coordinates": [
          67.28,
          -9
        ]
      },
      "_featureIndex": 229
    },
    {
      "type": "Feature",
      "properties": {
        "Name": "ARGCIRC-087-045",
        "Reference": "Melson, 2003",
        "SiO2": "51.64",
        "_featureIndex": 230
      },
      "geometry": {
        "type": "Point",
        "coordinates": [
          67.28,
          -9
        ]
      },
      "_featureIndex": 230
    },
    {
      "type": "Feature",
      "properties": {
        "Name": "ONU1012-0923-1",
        "Reference": "Yi, 2014",
        "SiO2": "49.83",
        "La": "4.6",
        "_featureIndex": 231
      },
      "geometry": {
        "type": "Point",
        "coordinates": [
          66.65,
          -9.6108
        ]
      },
      "_featureIndex": 231
    },
    {
      "type": "Feature",
      "properties": {
        "Name": "ONU1012-0923-2",
        "Reference": "Yi, 2014",
        "SiO2": "51.64",
        "La": "13.8",
        "_featureIndex": 232
      },
      "geometry": {
        "type": "Point",
        "coordinates": [
          66.65,
          -9.6108
        ]
      },
      "_featureIndex": 232
    },
    {
      "type": "Feature",
      "properties": {
        "Name": "ONU1012-0922-1",
        "Reference": "Yi, 2014",
        "SiO2": "51.35",
        "La": "5.69",
        "_featureIndex": 233
      },
      "geometry": {
        "type": "Point",
        "coordinates": [
          66.7167,
          -9.7619
        ]
      },
      "_featureIndex": 233
    },
    {
      "type": "Feature",
      "properties": {
        "Name": "ONU1012-0921-1",
        "Reference": "Yi, 2014",
        "SiO2": "51.86",
        "La": "4.29",
        "_featureIndex": 234
      },
      "geometry": {
        "type": "Point",
        "coordinates": [
          66.8,
          -9.88
        ]
      },
      "_featureIndex": 234
    },
    {
      "type": "Feature",
      "properties": {
        "Name": "SGRKNYA-165-009-002",
        "Reference": "Ray, 2014",
        "La": "5.1",
        "_featureIndex": 235
      },
      "geometry": {
        "type": "Point",
        "coordinates": [
          66.5953,
          -9.9039
        ]
      },
      "_featureIndex": 235
    },
    {
      "type": "Feature",
      "properties": {
        "Name": "SGRKNYA-165-009-003",
        "Reference": "Ray, 2014",
        "La": "4.69",
        "_featureIndex": 236
      },
      "geometry": {
        "type": "Point",
        "coordinates": [
          66.5953,
          -9.9039
        ]
      },
      "_featureIndex": 236
    },
    {
      "type": "Feature",
      "properties": {
        "Name": "ONU1012-0918-1",
        "Reference": "Yi, 2014",
        "SiO2": "51.61",
        "La": "4.81",
        "_featureIndex": 237
      },
      "geometry": {
        "type": "Point",
        "coordinates": [
          66.2833,
          -10.3547
        ]
      },
      "_featureIndex": 237
    },
    {
      "type": "Feature",
      "properties": {
        "Name": "ONU1012-0918-2",
        "Reference": "Yi, 2014",
        "SiO2": "51.96",
        "La": "5.99",
        "_featureIndex": 238
      },
      "geometry": {
        "type": "Point",
        "coordinates": [
          66.2833,
          -10.3547
        ]
      },
      "_featureIndex": 238
    },
    {
      "type": "Feature",
      "properties": {
        "Name": "ONU1012-0917-1",
        "Reference": "Yi, 2014",
        "SiO2": "51.25",
        "La": "5.52",
        "_featureIndex": 239
      },
      "geometry": {
        "type": "Point",
        "coordinates": [
          66.35,
          -10.4392
        ]
      },
      "_featureIndex": 239
    },
    {
      "type": "Feature",
      "properties": {
        "Name": "ONU1012-0916-1",
        "Reference": "Yi, 2014",
        "SiO2": "51.79",
        "La": "5.01",
        "_featureIndex": 240
      },
      "geometry": {
        "type": "Point",
        "coordinates": [
          66.4667,
          -10.5744
        ]
      },
      "_featureIndex": 240
    },
    {
      "type": "Feature",
      "properties": {
        "Name": "ONU1012-0915-1",
        "Reference": "Yi, 2014",
        "SiO2": "51.76",
        "La": "11.6",
        "_featureIndex": 241
      },
      "geometry": {
        "type": "Point",
        "coordinates": [
          66.5667,
          -10.7094
        ]
      },
      "_featureIndex": 241
    },
    {
      "type": "Feature",
      "properties": {
        "Name": "DUF0057-008-001",
        "Reference": "Schiano, 1997;Salters, 1996",
        "87Sr/86Sr": "0.702767",
        "143Nd/144Nd": "0.513118",
        "206Pb/204Pb": "18.13",
        "207Pb/204Pb": "15.471",
        "208Pb/204Pb": "37.865",
        "_featureIndex": 242
      },
      "geometry": {
        "type": "Point",
        "coordinates": [
          66.63,
          -10.82
        ]
      },
      "_featureIndex": 242
    },
    {
      "type": "Feature",
      "properties": {
        "Name": "ONU1012-0914-1",
        "Reference": "Yi, 2014",
        "SiO2": "51.67",
        "La": "5.03",
        "_featureIndex": 243
      },
      "geometry": {
        "type": "Point",
        "coordinates": [
          66.6667,
          -10.8444
        ]
      },
      "_featureIndex": 243
    },
    {
      "type": "Feature",
      "properties": {
        "Name": "ONU1012-0913-1A",
        "Reference": "Yi, 2014",
        "SiO2": "50.83",
        "La": "5.89",
        "_featureIndex": 244
      },
      "geometry": {
        "type": "Point",
        "coordinates": [
          66.6,
          -10.8933
        ]
      },
      "_featureIndex": 244
    },
    {
      "type": "Feature",
      "properties": {
        "Name": "ONU1012-100321-2",
        "Reference": "Yi, 2014",
        "SiO2": "48.81",
        "La": "2.07",
        "_featureIndex": 245
      },
      "geometry": {
        "type": "Point",
        "coordinates": [
          66.55,
          -11.2758
        ]
      },
      "_featureIndex": 245
    },
    {
      "type": "Feature",
      "properties": {
        "Name": "ONU1012-100321-3",
        "Reference": "Yi, 2014",
        "SiO2": "49.32",
        "La": "1.91",
        "_featureIndex": 246
      },
      "geometry": {
        "type": "Point",
        "coordinates": [
          66.55,
          -11.2758
        ]
      },
      "_featureIndex": 246
    },
    {
      "type": "Feature",
      "properties": {
        "Name": "ONU1012-100312-1",
        "Reference": "Yi, 2014",
        "SiO2": "51.19",
        "La": "5.09",
        "_featureIndex": 247
      },
      "geometry": {
        "type": "Point",
        "coordinates": [
          66.4333,
          -11.3072
        ]
      },
      "_featureIndex": 247
    },
    {
      "type": "Feature",
      "properties": {
        "Name": "ONU1012-0911-1",
        "Reference": "Yi, 2014",
        "SiO2": "51.91",
        "La": "4.7",
        "_featureIndex": 248
      },
      "geometry": {
        "type": "Point",
        "coordinates": [
          66.3333,
          -11.4056
        ]
      },
      "_featureIndex": 248
    },
    {
      "type": "Feature",
      "properties": {
        "Name": "ONU1012-100232-1",
        "Reference": "Yi, 2014",
        "SiO2": "50.79",
        "La": "6.14",
        "_featureIndex": 249
      },
      "geometry": {
        "type": "Point",
        "coordinates": [
          66.3833,
          -11.4064
        ]
      },
      "_featureIndex": 249
    },
    {
      "type": "Feature",
      "properties": {
        "Name": "ARGCIRC-093",
        "Reference": "Roy-Barman, 1998",
        "87Sr/86Sr": "0.70268",
        "_featureIndex": 250
      },
      "geometry": {
        "type": "Point",
        "coordinates": [
          65.93,
          -12.42
        ]
      },
      "_featureIndex": 250
    },
    {
      "type": "Feature",
      "properties": {
        "Name": "ARGCIRC-093-001",
        "Reference": "Melson, 2003",
        "SiO2": "52.05",
        "_featureIndex": 251
      },
      "geometry": {
        "type": "Point",
        "coordinates": [
          65.93,
          -12.42
        ]
      },
      "_featureIndex": 251
    },
    {
      "type": "Feature",
      "properties": {
        "Name": "ARGCIRC-093-004",
        "Reference": "Melson, 2003",
        "SiO2": "52.26",
        "_featureIndex": 252
      },
      "geometry": {
        "type": "Point",
        "coordinates": [
          65.93,
          -12.42
        ]
      },
      "_featureIndex": 252
    },
    {
      "type": "Feature",
      "properties": {
        "Name": "ARGCIRC-093-005",
        "Reference": "Melson, 2003",
        "SiO2": "52.06",
        "_featureIndex": 253
      },
      "geometry": {
        "type": "Point",
        "coordinates": [
          65.93,
          -12.42
        ]
      },
      "_featureIndex": 253
    },
    {
      "type": "Feature",
      "properties": {
        "Name": "ARGCIRC-093-006",
        "Reference": "Melson, 2003",
        "SiO2": "52.29",
        "_featureIndex": 254
      },
      "geometry": {
        "type": "Point",
        "coordinates": [
          65.93,
          -12.42
        ]
      },
      "_featureIndex": 254
    },
    {
      "type": "Feature",
      "properties": {
        "Name": "ARGCIRC-093-007",
        "Reference": "Melson, 2003",
        "SiO2": "51.99",
        "_featureIndex": 255
      },
      "geometry": {
        "type": "Point",
        "coordinates": [
          65.93,
          -12.42
        ]
      },
      "_featureIndex": 255
    },
    {
      "type": "Feature",
      "properties": {
        "Name": "ARGCIRC-093-023",
        "Reference": "Melson, 2003",
        "SiO2": "52.45",
        "_featureIndex": 256
      },
      "geometry": {
        "type": "Point",
        "coordinates": [
          65.93,
          -12.42
        ]
      },
      "_featureIndex": 256
    },
    {
      "type": "Feature",
      "properties": {
        "Name": "ARGCIRC-093-024",
        "Reference": "Melson, 2003",
        "SiO2": "51.79",
        "_featureIndex": 257
      },
      "geometry": {
        "type": "Point",
        "coordinates": [
          65.93,
          -12.42
        ]
      },
      "_featureIndex": 257
    },
    {
      "type": "Feature",
      "properties": {
        "Name": "ARGCIRC-093-025",
        "Reference": "Melson, 2003",
        "SiO2": "52.04",
        "_featureIndex": 258
      },
      "geometry": {
        "type": "Point",
        "coordinates": [
          65.93,
          -12.42
        ]
      },
      "_featureIndex": 258
    },
    {
      "type": "Feature",
      "properties": {
        "Name": "ARGCIRC-093-026",
        "Reference": "Melson, 2003",
        "SiO2": "52.04",
        "87Sr/86Sr": "0.70298",
        "143Nd/144Nd": "0.513115",
        "206Pb/204Pb": "18.137",
        "207Pb/204Pb": "15.505",
        "208Pb/204Pb": "38.121",
        "_featureIndex": 259
      },
      "geometry": {
        "type": "Point",
        "coordinates": [
          65.93,
          -12.42
        ]
      },
      "_featureIndex": 259
    },
    {
      "type": "Feature",
      "properties": {
        "Name": "ARGCIRC-093-027",
        "Reference": "Melson, 2003",
        "SiO2": "51.63",
        "_featureIndex": 260
      },
      "geometry": {
        "type": "Point",
        "coordinates": [
          65.93,
          -12.42
        ]
      },
      "_featureIndex": 260
    },
    {
      "type": "Feature",
      "properties": {
        "Name": "ONU1012-0902-1",
        "Reference": "Yi, 2014",
        "SiO2": "52.62",
        "La": "4.86",
        "_featureIndex": 261
      },
      "geometry": {
        "type": "Point",
        "coordinates": [
          66.1333,
          -12.5689
        ]
      },
      "_featureIndex": 261
    },
    {
      "type": "Feature",
      "properties": {
        "Name": "MELANTP-129-010",
        "Reference": "Melson, 2003",
        "SiO2": "51.59",
        "La": "3.481",
        "_featureIndex": 262
      },
      "geometry": {
        "type": "Point",
        "coordinates": [
          66.07,
          -12.58
        ]
      },
      "_featureIndex": 262
    },
    {
      "type": "Feature",
      "properties": {
        "Name": "MELANTP-129-VG5924",
        "Reference": "Melson, 2003",
        "SiO2": "51.63",
        "_featureIndex": 263
      },
      "geometry": {
        "type": "Point",
        "coordinates": [
          66.07,
          -12.58
        ]
      },
      "_featureIndex": 263
    },
    {
      "type": "Feature",
      "properties": {
        "Name": "ONU1012-100318-2",
        "Reference": "Yi, 2014",
        "SiO2": "48.92",
        "La": "4.06",
        "_featureIndex": 264
      },
      "geometry": {
        "type": "Point",
        "coordinates": [
          66.2333,
          -12.7872
        ]
      },
      "_featureIndex": 264
    },
    {
      "type": "Feature",
      "properties": {
        "Name": "MELANTP-128",
        "Reference": "Nielsen, 2014",
        "SiO2": "51.4",
        "La": "2.53",
        "_featureIndex": 265
      },
      "geometry": {
        "type": "Point",
        "coordinates": [
          66.32,
          -13.02
        ]
      },
      "_featureIndex": 265
    },
    {
      "type": "Feature",
      "properties": {
        "Name": "MELANTP-128-002",
        "Reference": "Natland, 1991",
        "SiO2": "51.64",
        "_featureIndex": 266
      },
      "geometry": {
        "type": "Point",
        "coordinates": [
          66.32,
          -13.02
        ]
      },
      "_featureIndex": 266
    },
    {
      "type": "Feature",
      "properties": {
        "Name": "MELANTP-128-012",
        "Reference": "Melson, 2003",
        "SiO2": "52.35",
        "_featureIndex": 267
      },
      "geometry": {
        "type": "Point",
        "coordinates": [
          66.32,
          -13.02
        ]
      },
      "_featureIndex": 267
    },
    {
      "type": "Feature",
      "properties": {
        "Name": "MELANTP-128-013",
        "Reference": "Melson, 2003",
        "SiO2": "52.17",
        "_featureIndex": 268
      },
      "geometry": {
        "type": "Point",
        "coordinates": [
          66.32,
          -13.02
        ]
      },
      "_featureIndex": 268
    },
    {
      "type": "Feature",
      "properties": {
        "Name": "MELANTP-128-014",
        "Reference": "Melson, 2003",
        "SiO2": "52.15",
        "87Sr/86Sr": "0.7028",
        "143Nd/144Nd": "0.51308",
        "206Pb/204Pb": "18.01",
        "207Pb/204Pb": "15.467",
        "208Pb/204Pb": "37.856",
        "_featureIndex": 269
      },
      "geometry": {
        "type": "Point",
        "coordinates": [
          66.32,
          -13.02
        ]
      },
      "_featureIndex": 269
    },
    {
      "type": "Feature",
      "properties": {
        "Name": "MELANTP-128-015",
        "Reference": "Melson, 2003",
        "SiO2": "52.22",
        "_featureIndex": 270
      },
      "geometry": {
        "type": "Point",
        "coordinates": [
          66.32,
          -13.02
        ]
      },
      "_featureIndex": 270
    },
    {
      "type": "Feature",
      "properties": {
        "Name": "MELANTP-128-016",
        "Reference": "Melson, 2003",
        "SiO2": "52.56",
        "_featureIndex": 271
      },
      "geometry": {
        "type": "Point",
        "coordinates": [
          66.32,
          -13.02
        ]
      },
      "_featureIndex": 271
    },
    {
      "type": "Feature",
      "properties": {
        "Name": "MELANTP-128-017",
        "Reference": "Melson, 2003",
        "SiO2": "51.12",
        "_featureIndex": 272
      },
      "geometry": {
        "type": "Point",
        "coordinates": [
          66.32,
          -13.02
        ]
      },
      "_featureIndex": 272
    },
    {
      "type": "Feature",
      "properties": {
        "Name": "MELANTP-128-018",
        "Reference": "Melson, 2003",
        "SiO2": "52.13",
        "_featureIndex": 273
      },
      "geometry": {
        "type": "Point",
        "coordinates": [
          66.32,
          -13.02
        ]
      },
      "_featureIndex": 273
    },
    {
      "type": "Feature",
      "properties": {
        "Name": "MELANTP-128-019",
        "Reference": "Melson, 2003",
        "SiO2": "51.64",
        "_featureIndex": 274
      },
      "geometry": {
        "type": "Point",
        "coordinates": [
          66.32,
          -13.02
        ]
      },
      "_featureIndex": 274
    },
    {
      "type": "Feature",
      "properties": {
        "Name": "MELANTP-128-EXO_EGG",
        "Reference": "Melson, 2003",
        "SiO2": "51.04",
        "_featureIndex": 275
      },
      "geometry": {
        "type": "Point",
        "coordinates": [
          66.32,
          -13.02
        ]
      },
      "_featureIndex": 275
    },
    {
      "type": "Feature",
      "properties": {
        "Name": "MELANTP-128-EXO_GL",
        "Reference": "Melson, 2003",
        "SiO2": "51.62",
        "_featureIndex": 276
      },
      "geometry": {
        "type": "Point",
        "coordinates": [
          66.32,
          -13.02
        ]
      },
      "_featureIndex": 276
    },
    {
      "type": "Feature",
      "properties": {
        "Name": "MELANTP-128-EXO_PAHO",
        "Reference": "Melson, 2003",
        "SiO2": "50.62",
        "_featureIndex": 277
      },
      "geometry": {
        "type": "Point",
        "coordinates": [
          66.32,
          -13.02
        ]
      },
      "_featureIndex": 277
    },
    {
      "type": "Feature",
      "properties": {
        "Name": "MELANTP-128-TYP1",
        "Reference": "Melson, 2003",
        "SiO2": "51.35",
        "_featureIndex": 278
      },
      "geometry": {
        "type": "Point",
        "coordinates": [
          66.32,
          -13.02
        ]
      },
      "_featureIndex": 278
    },
    {
      "type": "Feature",
      "properties": {
        "Name": "MELANTP-128-TYP2",
        "Reference": "Melson, 2003",
        "SiO2": "51.02",
        "_featureIndex": 279
      },
      "geometry": {
        "type": "Point",
        "coordinates": [
          66.32,
          -13.02
        ]
      },
      "_featureIndex": 279
    },
    {
      "type": "Feature",
      "properties": {
        "Name": "ONU1012-100229-2",
        "Reference": "Yi, 2014",
        "SiO2": "50.78",
        "La": "4.45",
        "_featureIndex": 280
      },
      "geometry": {
        "type": "Point",
        "coordinates": [
          66.55,
          -13.0425
        ]
      },
      "_featureIndex": 280
    },
    {
      "type": "Feature",
      "properties": {
        "Name": "ONU1012-100227-1",
        "Reference": "Yi, 2014",
        "SiO2": "50.91",
        "La": "3.11",
        "_featureIndex": 281
      },
      "geometry": {
        "type": "Point",
        "coordinates": [
          66.6833,
          -13.2614
        ]
      },
      "_featureIndex": 281
    },
    {
      "type": "Feature",
      "properties": {
        "Name": "ONU1012-100227-2",
        "Reference": "Yi, 2014",
        "SiO2": "51.32",
        "La": "3.61",
        "_featureIndex": 282
      },
      "geometry": {
        "type": "Point",
        "coordinates": [
          66.6833,
          -13.2614
        ]
      },
      "_featureIndex": 282
    },
    {
      "type": "Feature",
      "properties": {
        "Name": "ONU1012-100225-1",
        "Reference": "Yi, 2014",
        "SiO2": "51.16",
        "La": "7.95",
        "_featureIndex": 283
      },
      "geometry": {
        "type": "Point",
        "coordinates": [
          65.95,
          -13.9492
        ]
      },
      "_featureIndex": 283
    },
    {
      "type": "Feature",
      "properties": {
        "Name": "ONU1012-100224-1",
        "Reference": "Yi, 2014",
        "SiO2": "49.43",
        "La": "3.43",
        "_featureIndex": 284
      },
      "geometry": {
        "type": "Point",
        "coordinates": [
          66.0667,
          -14.0844
        ]
      },
      "_featureIndex": 284
    },
    {
      "type": "Feature",
      "properties": {
        "Name": "ONU1012-100224-2",
        "Reference": "Yi, 2014",
        "SiO2": "49.49",
        "La": "3.1",
        "_featureIndex": 285
      },
      "geometry": {
        "type": "Point",
        "coordinates": [
          66.0667,
          -14.0844
        ]
      },
      "_featureIndex": 285
    },
    {
      "type": "Feature",
      "properties": {
        "Name": "MELANTP-124-010",
        "Reference": "Melson, 2003",
        "SiO2": "51.1",
        "_featureIndex": 286
      },
      "geometry": {
        "type": "Point",
        "coordinates": [
          66.4,
          -14.2
        ]
      },
      "_featureIndex": 286
    },
    {
      "type": "Feature",
      "properties": {
        "Name": "ONU1012-100223-1",
        "Reference": "Yi, 2014",
        "SiO2": "49.96",
        "La": "3.96",
        "_featureIndex": 287
      },
      "geometry": {
        "type": "Point",
        "coordinates": [
          66.1,
          -14.2517
        ]
      },
      "_featureIndex": 287
    },
    {
      "type": "Feature",
      "properties": {
        "Name": "ONU1012-100222-1",
        "Reference": "Yi, 2014",
        "SiO2": "50.21",
        "La": "5.65",
        "_featureIndex": 288
      },
      "geometry": {
        "type": "Point",
        "coordinates": [
          66.15,
          -14.4192
        ]
      },
      "_featureIndex": 288
    },
    {
      "type": "Feature",
      "properties": {
        "Name": "ONU1012-100221-1",
        "Reference": "Yi, 2014",
        "SiO2": "50.03",
        "La": "4.86",
        "_featureIndex": 289
      },
      "geometry": {
        "type": "Point",
        "coordinates": [
          66.2667,
          -14.5711
        ]
      },
      "_featureIndex": 289
    },
    {
      "type": "Feature",
      "properties": {
        "Name": "ONU1012-100221-2",
        "Reference": "Yi, 2014",
        "SiO2": "50.02",
        "La": "17.1",
        "_featureIndex": 290
      },
      "geometry": {
        "type": "Point",
        "coordinates": [
          66.2667,
          -14.5711
        ]
      },
      "_featureIndex": 290
    },
    {
      "type": "Feature",
      "properties": {
        "Name": "ONU1012-100220-1",
        "Reference": "Yi, 2014",
        "SiO2": "50.51",
        "La": "4.1",
        "_featureIndex": 291
      },
      "geometry": {
        "type": "Point",
        "coordinates": [
          66.4,
          -14.7233
        ]
      },
      "_featureIndex": 291
    },
    {
      "type": "Feature",
      "properties": {
        "Name": "ONU1012-100220-2",
        "Reference": "Yi, 2014",
        "SiO2": "50.54",
        "La": "4.57",
        "_featureIndex": 292
      },
      "geometry": {
        "type": "Point",
        "coordinates": [
          66.4,
          -14.7233
        ]
      },
      "_featureIndex": 292
    },
    {
      "type": "Feature",
      "properties": {
        "Name": "ONU1012-100219-1",
        "Reference": "Yi, 2014",
        "SiO2": "50.43",
        "La": "4.95",
        "_featureIndex": 293
      },
      "geometry": {
        "type": "Point",
        "coordinates": [
          66.5833,
          -14.8431
        ]
      },
      "_featureIndex": 293
    },
    {
      "type": "Feature",
      "properties": {
        "Name": "ONU1012-100218-1",
        "Reference": "Yi, 2014",
        "SiO2": "49.71",
        "La": "2.9",
        "_featureIndex": 294
      },
      "geometry": {
        "type": "Point",
        "coordinates": [
          66.7333,
          -14.8622
        ]
      },
      "_featureIndex": 294
    },
    {
      "type": "Feature",
      "properties": {
        "Name": "ONU1012-100217-2",
        "Reference": "Yi, 2014",
        "SiO2": "50.1",
        "La": "2.58",
        "_featureIndex": 295
      },
      "geometry": {
        "type": "Point",
        "coordinates": [
          66.8833,
          -14.9981
        ]
      },
      "_featureIndex": 295
    },
    {
      "type": "Feature",
      "properties": {
        "Name": "ONU1012-100215-1",
        "Reference": "Yi, 2014",
        "SiO2": "50.07",
        "La": "3.42",
        "_featureIndex": 296
      },
      "geometry": {
        "type": "Point",
        "coordinates": [
          66.8833,
          -15.1481
        ]
      },
      "_featureIndex": 296
    },
    {
      "type": "Feature",
      "properties": {
        "Name": "ONU1012-100215-2",
        "Reference": "Yi, 2014",
        "SiO2": "50.45",
        "La": "1.5",
        "_featureIndex": 297
      },
      "geometry": {
        "type": "Point",
        "coordinates": [
          66.8833,
          -15.1481
        ]
      },
      "_featureIndex": 297
    },
    {
      "type": "Feature",
      "properties": {
        "Name": "ONU1012-100212-1",
        "Reference": "Yi, 2014",
        "SiO2": "50.44",
        "La": "4.99",
        "_featureIndex": 298
      },
      "geometry": {
        "type": "Point",
        "coordinates": [
          67.1167,
          -15.2519
        ]
      },
      "_featureIndex": 298
    },
    {
      "type": "Feature",
      "properties": {
        "Name": "ONU1012-100211-1",
        "Reference": "Yi, 2014",
        "SiO2": "51.44",
        "La": "2.57",
        "_featureIndex": 299
      },
      "geometry": {
        "type": "Point",
        "coordinates": [
          67.25,
          -15.4208
        ]
      },
      "_featureIndex": 299
    },
    {
      "type": "Feature",
      "properties": {
        "Name": "ONU1012-100211-2",
        "Reference": "Yi, 2014",
        "SiO2": "50.76",
        "La": "2.86",
        "_featureIndex": 300
      },
      "geometry": {
        "type": "Point",
        "coordinates": [
          67.25,
          -15.4208
        ]
      },
      "_featureIndex": 300
    },
    {
      "type": "Feature",
      "properties": {
        "Name": "ARGCIRC-094-001",
        "Reference": "Melson, 2003",
        "SiO2": "51.8",
        "_featureIndex": 301
      },
      "geometry": {
        "type": "Point",
        "coordinates": [
          66.75,
          -15.55
        ]
      },
      "_featureIndex": 301
    },
    {
      "type": "Feature",
      "properties": {
        "Name": "ARGCIRC-094-002",
        "Reference": "Hedge, 1979",
        "87Sr/86Sr": "0.70294",
        "_featureIndex": 302
      },
      "geometry": {
        "type": "Point",
        "coordinates": [
          66.75,
          -15.55
        ]
      },
      "_featureIndex": 302
    },
    {
      "type": "Feature",
      "properties": {
        "Name": "ARGCIRC-094-010",
        "Reference": "Melson, 2003",
        "SiO2": "51.56",
        "87Sr/86Sr": "0.70294",
        "143Nd/144Nd": "0.513096",
        "_featureIndex": 303
      },
      "geometry": {
        "type": "Point",
        "coordinates": [
          66.75,
          -15.55
        ]
      },
      "_featureIndex": 303
    },
    {
      "type": "Feature",
      "properties": {
        "Name": "ARGCIRC-094-011",
        "Reference": "Melson, 2003",
        "SiO2": "51.64",
        "La": "3.523",
        "_featureIndex": 304
      },
      "geometry": {
        "type": "Point",
        "coordinates": [
          66.75,
          -15.55
        ]
      },
      "_featureIndex": 304
    },
    {
      "type": "Feature",
      "properties": {
        "Name": "ARGCIRC-094-012",
        "Reference": "Melson, 2003",
        "SiO2": "52.06",
        "La": "3.42",
        "_featureIndex": 305
      },
      "geometry": {
        "type": "Point",
        "coordinates": [
          66.75,
          -15.55
        ]
      },
      "_featureIndex": 305
    },
    {
      "type": "Feature",
      "properties": {
        "Name": "HAK0604-RC015",
        "Reference": "Machida, 2014",
        "SiO2": "51.61",
        "La": "3.16",
        "87Sr/86Sr": "0.702922",
        "143Nd/144Nd": "0.513102",
        "206Pb/204Pb": "18.2923",
        "207Pb/204Pb": "15.5339",
        "208Pb/204Pb": "38.2418",
        "_featureIndex": 306
      },
      "geometry": {
        "type": "Point",
        "coordinates": [
          67.1833,
          -15.6404
        ]
      },
      "_featureIndex": 306
    },
    {
      "type": "Feature",
      "properties": {
        "Name": "ONU1012-100209-1",
        "Reference": "Yi, 2014",
        "SiO2": "50.19",
        "La": "2.1",
        "_featureIndex": 307
      },
      "geometry": {
        "type": "Point",
        "coordinates": [
          67.2167,
          -15.6536
        ]
      },
      "_featureIndex": 307
    },
    {
      "type": "Feature",
      "properties": {
        "Name": "ONU1012-100208-1",
        "Reference": "Yi, 2014",
        "SiO2": "49.54",
        "La": "1.72",
        "_featureIndex": 308
      },
      "geometry": {
        "type": "Point",
        "coordinates": [
          67.2833,
          -15.8214
        ]
      },
      "_featureIndex": 308
    },
    {
      "type": "Feature",
      "properties": {
        "Name": "ONU1012-100208-3",
        "Reference": "Yi, 2014",
        "SiO2": "50.04",
        "La": "1.94",
        "_featureIndex": 309
      },
      "geometry": {
        "type": "Point",
        "coordinates": [
          67.2833,
          -15.8214
        ]
      },
      "_featureIndex": 309
    },
    {
      "type": "Feature",
      "properties": {
        "Name": "DUF0057-006-006",
        "Reference": "Escrig, 2004",
        "87Sr/86Sr": "0.702907",
        "143Nd/144Nd": "0.513133",
        "206Pb/204Pb": "17.872",
        "207Pb/204Pb": "15.45",
        "208Pb/204Pb": "37.664",
        "_featureIndex": 310
      },
      "geometry": {
        "type": "Point",
        "coordinates": [
          67.28,
          -15.86
        ]
      },
      "_featureIndex": 310
    },
    {
      "type": "Feature",
      "properties": {
        "Name": "DUF0057-007-002",
        "Reference": "Escrig, 2004",
        "87Sr/86Sr": "0.702847",
        "143Nd/144Nd": "0.513129",
        "206Pb/204Pb": "18.085",
        "207Pb/204Pb": "15.473",
        "208Pb/204Pb": "37.876",
        "_featureIndex": 311
      },
      "geometry": {
        "type": "Point",
        "coordinates": [
          67.28,
          -15.87
        ]
      },
      "_featureIndex": 311
    },
    {
      "type": "Feature",
      "properties": {
        "Name": "DUF0057-007-005",
        "Reference": "Escrig, 2004",
        "87Sr/86Sr": "0.702782",
        "143Nd/144Nd": "0.513117",
        "206Pb/204Pb": "18.271",
        "207Pb/204Pb": "15.493",
        "208Pb/204Pb": "37.885",
        "_featureIndex": 312
      },
      "geometry": {
        "type": "Point",
        "coordinates": [
          67.28,
          -15.87
        ]
      },
      "_featureIndex": 312
    },
    {
      "type": "Feature",
      "properties": {
        "Name": "DUF0057-007-012",
        "Reference": "Bezos, 2005",
        "SiO2": "51.9",
        "_featureIndex": 313
      },
      "geometry": {
        "type": "Point",
        "coordinates": [
          67.28,
          -15.87
        ]
      },
      "_featureIndex": 313
    },
    {
      "type": "Feature",
      "properties": {
        "Name": "ONU1012-100207-2",
        "Reference": "Yi, 2014",
        "SiO2": "50.09",
        "La": "2.92",
        "_featureIndex": 314
      },
      "geometry": {
        "type": "Point",
        "coordinates": [
          67.3167,
          -15.9053
        ]
      },
      "_featureIndex": 314
    },
    {
      "type": "Feature",
      "properties": {
        "Name": "HAK0604-RC014",
        "Reference": "Machida, 2014",
        "SiO2": "51.47",
        "La": "3.39",
        "87Sr/86Sr": "0.702937",
        "143Nd/144Nd": "0.513103",
        "206Pb/204Pb": "18.0575",
        "207Pb/204Pb": "15.469",
        "208Pb/204Pb": "37.9033",
        "_featureIndex": 315
      },
      "geometry": {
        "type": "Point",
        "coordinates": [
          67.2958,
          -15.9061
        ]
      },
      "_featureIndex": 315
    },
    {
      "type": "Feature",
      "properties": {
        "Name": "HAK0604-DR006",
        "Reference": "Machida, 2014",
        "SiO2": "48.25",
        "La": "1.37",
        "87Sr/86Sr": "0.703202",
        "143Nd/144Nd": "0.513035",
        "206Pb/204Pb": "18.0824",
        "207Pb/204Pb": "15.4684",
        "208Pb/204Pb": "37.9148",
        "_featureIndex": 316
      },
      "geometry": {
        "type": "Point",
        "coordinates": [
          67.3713,
          -15.9959
        ]
      },
      "_featureIndex": 316
    },
    {
      "type": "Feature",
      "properties": {
        "Name": "ONU1012-100206-1",
        "Reference": "Yi, 2014",
        "SiO2": "50.96",
        "La": "2.12",
        "_featureIndex": 317
      },
      "geometry": {
        "type": "Point",
        "coordinates": [
          67.3833,
          -16.0397
        ]
      },
      "_featureIndex": 317
    },
    {
      "type": "Feature",
      "properties": {
        "Name": "ONU1012-100205-1",
        "Reference": "Yi, 2014",
        "SiO2": "49.59",
        "La": "5.48",
        "_featureIndex": 318
      },
      "geometry": {
        "type": "Point",
        "coordinates": [
          66.6833,
          -16.4614
        ]
      },
      "_featureIndex": 318
    },
    {
      "type": "Feature",
      "properties": {
        "Name": "ONU1012-100204-1",
        "Reference": "Yi, 2014",
        "SiO2": "48.77",
        "La": "8.6",
        "_featureIndex": 319
      },
      "geometry": {
        "type": "Point",
        "coordinates": [
          66.55,
          -16.5592
        ]
      },
      "_featureIndex": 319
    },
    {
      "type": "Feature",
      "properties": {
        "Name": "MELANTP-095-007",
        "Reference": "Engel, 1975",
        "_featureIndex": 320
      },
      "geometry": {
        "type": "Point",
        "coordinates": [
          67.495,
          -16.637
        ]
      },
      "_featureIndex": 320
    },
    {
      "type": "Feature",
      "properties": {
        "Name": "HAK0604-RC013",
        "Reference": "Machida, 2014",
        "SiO2": "50.31",
        "La": "5.67",
        "87Sr/86Sr": "0.703142",
        "143Nd/144Nd": "0.513032",
        "206Pb/204Pb": "18.324",
        "207Pb/204Pb": "15.495",
        "208Pb/204Pb": "38.2409",
        "_featureIndex": 321
      },
      "geometry": {
        "type": "Point",
        "coordinates": [
          66.6467,
          -16.6574
        ]
      },
      "_featureIndex": 321
    },
    {
      "type": "Feature",
      "properties": {
        "Name": "HAK0604-DR009",
        "Reference": "Machida, 2014",
        "SiO2": "51.59",
        "La": "13.54",
        "87Sr/86Sr": "0.703263",
        "143Nd/144Nd": "0.513032",
        "206Pb/204Pb": "18.3639",
        "207Pb/204Pb": "15.5129",
        "208Pb/204Pb": "38.351",
        "_featureIndex": 322
      },
      "geometry": {
        "type": "Point",
        "coordinates": [
          66.5622,
          -16.6575
        ]
      },
      "_featureIndex": 322
    },
    {
      "type": "Feature",
      "properties": {
        "Name": "RRKNOX11-001-001",
        "Reference": "Furi, 2011",
        "SiO2": "50.76",
        "La": "5.56",
        "_featureIndex": 323
      },
      "geometry": {
        "type": "Point",
        "coordinates": [
          66.65,
          -16.7
        ]
      },
      "_featureIndex": 323
    },
    {
      "type": "Feature",
      "properties": {
        "Name": "ONU1012-100203-1",
        "Reference": "Yi, 2014",
        "SiO2": "50.19",
        "La": "5.34",
        "_featureIndex": 324
      },
      "geometry": {
        "type": "Point",
        "coordinates": [
          66.6333,
          -16.7106
        ]
      },
      "_featureIndex": 324
    },
    {
      "type": "Feature",
      "properties": {
        "Name": "ONU1012-100203-2",
        "Reference": "Yi, 2014",
        "SiO2": "49.78",
        "La": "17.4",
        "_featureIndex": 325
      },
      "geometry": {
        "type": "Point",
        "coordinates": [
          66.6333,
          -16.7106
        ]
      },
      "_featureIndex": 325
    },
    {
      "type": "Feature",
      "properties": {
        "Name": "ONU1012-100203-5",
        "Reference": "Yi, 2014",
        "SiO2": "50.53",
        "La": "4.39",
        "_featureIndex": 326
      },
      "geometry": {
        "type": "Point",
        "coordinates": [
          66.6333,
          -16.7106
        ]
      },
      "_featureIndex": 326
    },
    {
      "type": "Feature",
      "properties": {
        "Name": "HAK0604-DR008",
        "Reference": "Machida, 2014",
        "SiO2": "49.64",
        "La": "2.85",
        "87Sr/86Sr": "0.703096",
        "143Nd/144Nd": "0.512999",
        "206Pb/204Pb": "18.15",
        "207Pb/204Pb": "15.4813",
        "208Pb/204Pb": "38.0681",
        "_featureIndex": 327
      },
      "geometry": {
        "type": "Point",
        "coordinates": [
          66.7167,
          -16.8294
        ]
      },
      "_featureIndex": 327
    },
    {
      "type": "Feature",
      "properties": {
        "Name": "ONU1012-100202-1",
        "Reference": "Yi, 2014",
        "SiO2": "48.53",
        "La": "1.79",
        "_featureIndex": 328
      },
      "geometry": {
        "type": "Point",
        "coordinates": [
          66.7333,
          -16.8622
        ]
      },
      "_featureIndex": 328
    },
    {
      "type": "Feature",
      "properties": {
        "Name": "RRKNOX11-003-003",
        "Reference": "Furi, 2011",
        "La": "5.79",
        "_featureIndex": 329
      },
      "geometry": {
        "type": "Point",
        "coordinates": [
          66.88,
          -16.96
        ]
      },
      "_featureIndex": 329
    },
    {
      "type": "Feature",
      "properties": {
        "Name": "HAK0604-DR007",
        "Reference": "Machida, 2014",
        "SiO2": "51.16",
        "La": "9.79",
        "87Sr/86Sr": "0.703213",
        "143Nd/144Nd": "0.513029",
        "206Pb/204Pb": "18.3717",
        "207Pb/204Pb": "15.5114",
        "208Pb/204Pb": "38.3539",
        "_featureIndex": 330
      },
      "geometry": {
        "type": "Point",
        "coordinates": [
          66.8887,
          -16.9983
        ]
      },
      "_featureIndex": 330
    },
    {
      "type": "Feature",
      "properties": {
        "Name": "RRKNOX11-002-001",
        "Reference": "Furi, 2011",
        "La": "4.34",
        "_featureIndex": 331
      },
      "geometry": {
        "type": "Point",
        "coordinates": [
          66.83,
          -17.01
        ]
      },
      "_featureIndex": 331
    },
    {
      "type": "Feature",
      "properties": {
        "Name": "MELANTP-093-007",
        "Reference": "Nielsen, 2014",
        "SiO2": "50.76",
        "La": "6.37",
        "_featureIndex": 332
      },
      "geometry": {
        "type": "Point",
        "coordinates": [
          66.58,
          -17.09
        ]
      },
      "_featureIndex": 332
    },
    {
      "type": "Feature",
      "properties": {
        "Name": "MELANTP-093-008",
        "Reference": "Nielsen, 2014",
        "SiO2": "51.29",
        "La": "7.25",
        "_featureIndex": 333
      },
      "geometry": {
        "type": "Point",
        "coordinates": [
          66.58,
          -17.09
        ]
      },
      "_featureIndex": 333
    },
    {
      "type": "Feature",
      "properties": {
        "Name": "MELANTP-093-010",
        "Reference": "Nielsen, 2014",
        "SiO2": "50.95",
        "La": "2.35",
        "87Sr/86Sr": "0.70349",
        "143Nd/144Nd": "0.512925",
        "206Pb/204Pb": "18.839",
        "207Pb/204Pb": "15.604",
        "208Pb/204Pb": "39.077",
        "_featureIndex": 334
      },
      "geometry": {
        "type": "Point",
        "coordinates": [
          66.58,
          -17.09
        ]
      },
      "_featureIndex": 334
    },
    {
      "type": "Feature",
      "properties": {
        "Name": "MELANTP-093-021",
        "Reference": "Melson, 2003",
        "SiO2": "50.64",
        "_featureIndex": 335
      },
      "geometry": {
        "type": "Point",
        "coordinates": [
          66.58,
          -17.09
        ]
      },
      "_featureIndex": 335
    },
    {
      "type": "Feature",
      "properties": {
        "Name": "MELANTP-093-022",
        "Reference": "Melson, 2003",
        "SiO2": "50.88",
        "_featureIndex": 336
      },
      "geometry": {
        "type": "Point",
        "coordinates": [
          66.58,
          -17.09
        ]
      },
      "_featureIndex": 336
    },
    {
      "type": "Feature",
      "properties": {
        "Name": "MELANTP-093-023",
        "Reference": "Melson, 2003",
        "SiO2": "50.21",
        "La": "2.187",
        "_featureIndex": 337
      },
      "geometry": {
        "type": "Point",
        "coordinates": [
          66.58,
          -17.09
        ]
      },
      "_featureIndex": 337
    },
    {
      "type": "Feature",
      "properties": {
        "Name": "MELANTP-093-024",
        "Reference": "Melson, 2003",
        "SiO2": "50.87",
        "_featureIndex": 338
      },
      "geometry": {
        "type": "Point",
        "coordinates": [
          66.58,
          -17.09
        ]
      },
      "_featureIndex": 338
    },
    {
      "type": "Feature",
      "properties": {
        "Name": "MELANTP-093-025",
        "Reference": "Melson, 2003",
        "SiO2": "51.8",
        "La": "6.28",
        "_featureIndex": 339
      },
      "geometry": {
        "type": "Point",
        "coordinates": [
          66.58,
          -17.09
        ]
      },
      "_featureIndex": 339
    },
    {
      "type": "Feature",
      "properties": {
        "Name": "MELANTP-093-026",
        "Reference": "Melson, 2003",
        "SiO2": "49.73",
        "_featureIndex": 340
      },
      "geometry": {
        "type": "Point",
        "coordinates": [
          66.58,
          -17.09
        ]
      },
      "_featureIndex": 340
    },
    {
      "type": "Feature",
      "properties": {
        "Name": "MELANTP-093-027",
        "Reference": "Melson, 2003",
        "SiO2": "50.04",
        "_featureIndex": 341
      },
      "geometry": {
        "type": "Point",
        "coordinates": [
          66.58,
          -17.09
        ]
      },
      "_featureIndex": 341
    },
    {
      "type": "Feature",
      "properties": {
        "Name": "MELANTP-093-029",
        "Reference": "Melson, 2003",
        "SiO2": "50.89",
        "_featureIndex": 342
      },
      "geometry": {
        "type": "Point",
        "coordinates": [
          66.58,
          -17.09
        ]
      },
      "_featureIndex": 342
    },
    {
      "type": "Feature",
      "properties": {
        "Name": "MELANTP-089-040",
        "Reference": "Melson, 2003",
        "SiO2": "51.7",
        "La": "1.077",
        "_featureIndex": 343
      },
      "geometry": {
        "type": "Point",
        "coordinates": [
          65.82,
          -17.63
        ]
      },
      "_featureIndex": 343
    },
    {
      "type": "Feature",
      "properties": {
        "Name": "MELANTP-089-042",
        "Reference": "Melson, 2003",
        "SiO2": "52.13",
        "_featureIndex": 344
      },
      "geometry": {
        "type": "Point",
        "coordinates": [
          65.82,
          -17.63
        ]
      },
      "_featureIndex": 344
    },
    {
      "type": "Feature",
      "properties": {
        "Name": "MELANTP-089-044",
        "Reference": "Melson, 2003",
        "SiO2": "50.8",
        "La": "7.18",
        "_featureIndex": 345
      },
      "geometry": {
        "type": "Point",
        "coordinates": [
          65.82,
          -17.63
        ]
      },
      "_featureIndex": 345
    },
    {
      "type": "Feature",
      "properties": {
        "Name": "MELANTP-089-047",
        "Reference": "Melson, 2003",
        "SiO2": "51.39",
        "_featureIndex": 346
      },
      "geometry": {
        "type": "Point",
        "coordinates": [
          65.82,
          -17.63
        ]
      },
      "_featureIndex": 346
    },
    {
      "type": "Feature",
      "properties": {
        "Name": "MELANTP-089-446",
        "Reference": "Mahoney, 1989",
        "206Pb/204Pb": "18.362",
        "207Pb/204Pb": "15.56",
        "208Pb/204Pb": "38.367",
        "_featureIndex": 347
      },
      "geometry": {
        "type": "Point",
        "coordinates": [
          65.82,
          -17.63
        ]
      },
      "_featureIndex": 347
    },
    {
      "type": "Feature",
      "properties": {
        "Name": "MELANTP-092-003",
        "Reference": "Natland, 1991",
        "SiO2": "52.19",
        "_featureIndex": 348
      },
      "geometry": {
        "type": "Point",
        "coordinates": [
          66.63,
          -17.63
        ]
      },
      "_featureIndex": 348
    },
    {
      "type": "Feature",
      "properties": {
        "Name": "MELANTP-092-024",
        "Reference": "Melson, 2003",
        "SiO2": "51.08",
        "_featureIndex": 349
      },
      "geometry": {
        "type": "Point",
        "coordinates": [
          66.63,
          -17.63
        ]
      },
      "_featureIndex": 349
    },
    {
      "type": "Feature",
      "properties": {
        "Name": "MELANTP-092-025",
        "Reference": "Melson, 2003",
        "SiO2": "52.37",
        "_featureIndex": 350
      },
      "geometry": {
        "type": "Point",
        "coordinates": [
          66.63,
          -17.63
        ]
      },
      "_featureIndex": 350
    },
    {
      "type": "Feature",
      "properties": {
        "Name": "MELANTP-092-029",
        "Reference": "Melson, 2003",
        "SiO2": "50.33",
        "_featureIndex": 351
      },
      "geometry": {
        "type": "Point",
        "coordinates": [
          66.63,
          -17.63
        ]
      },
      "_featureIndex": 351
    },
    {
      "type": "Feature",
      "properties": {
        "Name": "MELANTP-092-030",
        "Reference": "Melson, 2003",
        "SiO2": "52",
        "_featureIndex": 352
      },
      "geometry": {
        "type": "Point",
        "coordinates": [
          66.63,
          -17.63
        ]
      },
      "_featureIndex": 352
    },
    {
      "type": "Feature",
      "properties": {
        "Name": "MELANTP-088-106",
        "Reference": "Melson, 2003",
        "SiO2": "52.08",
        "_featureIndex": 353
      },
      "geometry": {
        "type": "Point",
        "coordinates": [
          65.56,
          -17.66
        ]
      },
      "_featureIndex": 353
    },
    {
      "type": "Feature",
      "properties": {
        "Name": "HAK0604-RC016",
        "Reference": "Machida, 2014",
        "SiO2": "51.31",
        "La": "11.77",
        "87Sr/86Sr": "0.703293",
        "143Nd/144Nd": "0.513005",
        "_featureIndex": 354
      },
      "geometry": {
        "type": "Point",
        "coordinates": [
          65.1305,
          -18.031
        ]
      },
      "_featureIndex": 354
    },
    {
      "type": "Feature",
      "properties": {
        "Name": "MELANTP-082-010",
        "Reference": "Melson, 2003",
        "SiO2": "50.05",
        "_featureIndex": 355
      },
      "geometry": {
        "type": "Point",
        "coordinates": [
          65.62,
          -18.04
        ]
      },
      "_featureIndex": 355
    },
    {
      "type": "Feature",
      "properties": {
        "Name": "RRKNOX11-008-002",
        "Reference": "Furi, 2011",
        "SiO2": "50.06",
        "La": "8.01",
        "_featureIndex": 356
      },
      "geometry": {
        "type": "Point",
        "coordinates": [
          65.14,
          -18.05
        ]
      },
      "_featureIndex": 356
    },
    {
      "type": "Feature",
      "properties": {
        "Name": "RRKNOX11-009-001",
        "Reference": "Furi, 2011",
        "SiO2": "50.35",
        "La": "11.4",
        "_featureIndex": 357
      },
      "geometry": {
        "type": "Point",
        "coordinates": [
          65.21,
          -18.13
        ]
      },
      "_featureIndex": 357
    },
    {
      "type": "Feature",
      "properties": {
        "Name": "HAK0604-RC012",
        "Reference": "Machida, 2014",
        "SiO2": "50.63",
        "La": "5.51",
        "87Sr/86Sr": "0.703311",
        "143Nd/144Nd": "0.513006",
        "206Pb/204Pb": "18.4579",
        "207Pb/204Pb": "15.5388",
        "208Pb/204Pb": "38.5126",
        "_featureIndex": 358
      },
      "geometry": {
        "type": "Point",
        "coordinates": [
          65.2293,
          -18.1912
        ]
      },
      "_featureIndex": 358
    },
    {
      "type": "Feature",
      "properties": {
        "Name": "RRKNOX11-006-001",
        "Reference": "Furi, 2011",
        "La": "5.71",
        "_featureIndex": 359
      },
      "geometry": {
        "type": "Point",
        "coordinates": [
          65.41,
          -18.22
        ]
      },
      "_featureIndex": 359
    },
    {
      "type": "Feature",
      "properties": {
        "Name": "HAK0604-RC009",
        "Reference": "Machida, 2014",
        "SiO2": "50.83",
        "La": "7.52",
        "_featureIndex": 360
      },
      "geometry": {
        "type": "Point",
        "coordinates": [
          65.241,
          -18.2485
        ]
      },
      "_featureIndex": 360
    },
    {
      "type": "Feature",
      "properties": {
        "Name": "HAK0604-RC011",
        "Reference": "Machida, 2014",
        "SiO2": "50.68",
        "La": "8.64",
        "87Sr/86Sr": "0.703393",
        "143Nd/144Nd": "0.512985",
        "206Pb/204Pb": "18.5735",
        "207Pb/204Pb": "15.5582",
        "208Pb/204Pb": "38.6629",
        "_featureIndex": 361
      },
      "geometry": {
        "type": "Point",
        "coordinates": [
          65.2688,
          -18.2966
        ]
      },
      "_featureIndex": 361
    },
    {
      "type": "Feature",
      "properties": {
        "Name": "DAR0127-R019",
        "Reference": "Murton, 2005",
        "SiO2": "49.9",
        "La": "7.2",
        "_featureIndex": 362
      },
      "geometry": {
        "type": "Point",
        "coordinates": [
          65.28,
          -18.31
        ]
      },
      "_featureIndex": 362
    },
    {
      "type": "Feature",
      "properties": {
        "Name": "DAR0127-R020",
        "Reference": "Murton, 2005",
        "SiO2": "49.9",
        "La": "7.2",
        "_featureIndex": 363
      },
      "geometry": {
        "type": "Point",
        "coordinates": [
          65.3,
          -18.35
        ]
      },
      "_featureIndex": 363
    },
    {
      "type": "Feature",
      "properties": {
        "Name": "DAR0127-R020CRY",
        "Reference": "Murton, 2005",
        "SiO2": "50.9",
        "La": "7.9",
        "_featureIndex": 364
      },
      "geometry": {
        "type": "Point",
        "coordinates": [
          65.3,
          -18.35
        ]
      },
      "_featureIndex": 364
    },
    {
      "type": "Feature",
      "properties": {
        "Name": "HAK0604-RC010",
        "Reference": "Machida, 2014",
        "SiO2": "51.52",
        "La": "12.92",
        "87Sr/86Sr": "0.70343",
        "143Nd/144Nd": "0.512984",
        "206Pb/204Pb": "18.6155",
        "207Pb/204Pb": "15.5567",
        "208Pb/204Pb": "38.7005",
        "_featureIndex": 365
      },
      "geometry": {
        "type": "Point",
        "coordinates": [
          65.2972,
          -18.3545
        ]
      },
      "_featureIndex": 365
    },
    {
      "type": "Feature",
      "properties": {
        "Name": "DAR0127-R021",
        "Reference": "Murton, 2005",
        "SiO2": "49.6",
        "La": "7",
        "_featureIndex": 366
      },
      "geometry": {
        "type": "Point",
        "coordinates": [
          65.32,
          -18.37
        ]
      },
      "_featureIndex": 366
    },
    {
      "type": "Feature",
      "properties": {
        "Name": "DAR0127-R021V",
        "Reference": "Murton, 2005",
        "SiO2": "49.6",
        "La": "7.6",
        "_featureIndex": 367
      },
      "geometry": {
        "type": "Point",
        "coordinates": [
          65.32,
          -18.37
        ]
      },
      "_featureIndex": 367
    },
    {
      "type": "Feature",
      "properties": {
        "Name": "DAR0127-R022",
        "Reference": "Murton, 2005",
        "SiO2": "50.4",
        "La": "5.5",
        "_featureIndex": 368
      },
      "geometry": {
        "type": "Point",
        "coordinates": [
          65.34,
          -18.41
        ]
      },
      "_featureIndex": 368
    },
    {
      "type": "Feature",
      "properties": {
        "Name": "HAK0604-RC021",
        "Reference": "Machida, 2014",
        "SiO2": "49.89",
        "La": "6.67",
        "87Sr/86Sr": "0.703344",
        "143Nd/144Nd": "0.513015",
        "206Pb/204Pb": "18.4419",
        "207Pb/204Pb": "15.5342",
        "208Pb/204Pb": "38.4892",
        "_featureIndex": 369
      },
      "geometry": {
        "type": "Point",
        "coordinates": [
          65.3968,
          -18.5386
        ]
      },
      "_featureIndex": 369
    },
    {
      "type": "Feature",
      "properties": {
        "Name": "DAR0127-R006",
        "Reference": "Murton, 2005",
        "SiO2": "50.3",
        "La": "4",
        "_featureIndex": 370
      },
      "geometry": {
        "type": "Point",
        "coordinates": [
          65.45,
          -18.62
        ]
      },
      "_featureIndex": 370
    },
    {
      "type": "Feature",
      "properties": {
        "Name": "DAR0127-R007",
        "Reference": "Murton, 2005",
        "SiO2": "50.7",
        "La": "3.2",
        "_featureIndex": 371
      },
      "geometry": {
        "type": "Point",
        "coordinates": [
          65.48,
          -18.63
        ]
      },
      "_featureIndex": 371
    },
    {
      "type": "Feature",
      "properties": {
        "Name": "DAR0127-R007R",
        "Reference": "Murton, 2005",
        "La": "8.2",
        "_featureIndex": 372
      },
      "geometry": {
        "type": "Point",
        "coordinates": [
          65.48,
          -18.63
        ]
      },
      "_featureIndex": 372
    },
    {
      "type": "Feature",
      "properties": {
        "Name": "DAR0127-R005",
        "Reference": "Murton, 2005",
        "SiO2": "51.7",
        "La": "7.9",
        "_featureIndex": 373
      },
      "geometry": {
        "type": "Point",
        "coordinates": [
          65.44,
          -18.65
        ]
      },
      "_featureIndex": 373
    },
    {
      "type": "Feature",
      "properties": {
        "Name": "GIMNAUT-DR12-001",
        "Reference": "Nauret, 2006",
        "SiO2": "52.12",
        "La": "7.84",
        "_featureIndex": 374
      },
      "geometry": {
        "type": "Point",
        "coordinates": [
          65.51,
          -18.7
        ]
      },
      "_featureIndex": 374
    },
    {
      "type": "Feature",
      "properties": {
        "Name": "GIMNAUT-DR12-003",
        "Reference": "Nauret, 2006",
        "SiO2": "51.75",
        "La": "6.73",
        "87Sr/86Sr": "0.703278",
        "143Nd/144Nd": "0.513029",
        "206Pb/204Pb": "18.4427",
        "207Pb/204Pb": "15.5351",
        "208Pb/204Pb": "38.4826",
        "_featureIndex": 375
      },
      "geometry": {
        "type": "Point",
        "coordinates": [
          65.51,
          -18.7
        ]
      },
      "_featureIndex": 375
    },
    {
      "type": "Feature",
      "properties": {
        "Name": "MELANTP-097",
        "Reference": "Nielsen, 2014",
        "SiO2": "51.82",
        "La": "5.874",
        "87Sr/86Sr": "0.70338",
        "143Nd/144Nd": "0.513016",
        "206Pb/204Pb": "18.392",
        "207Pb/204Pb": "15.49",
        "208Pb/204Pb": "38.308",
        "_featureIndex": 376
      },
      "geometry": {
        "type": "Point",
        "coordinates": [
          65.5,
          -18.71
        ]
      },
      "_featureIndex": 376
    },
    {
      "type": "Feature",
      "properties": {
        "Name": "MELANTP-097-001",
        "Reference": "Natland, 1991",
        "SiO2": "51.11",
        "_featureIndex": 377
      },
      "geometry": {
        "type": "Point",
        "coordinates": [
          65.5,
          -18.71
        ]
      },
      "_featureIndex": 377
    },
    {
      "type": "Feature",
      "properties": {
        "Name": "MELANTP-097-001(2)",
        "Reference": "Melson, 2003",
        "SiO2": "51.52",
        "La": "2.183",
        "_featureIndex": 378
      },
      "geometry": {
        "type": "Point",
        "coordinates": [
          65.5,
          -18.71
        ]
      },
      "_featureIndex": 378
    },
    {
      "type": "Feature",
      "properties": {
        "Name": "MELANTP-097-001(3)",
        "Reference": "Melson, 2003",
        "SiO2": "51.71",
        "_featureIndex": 379
      },
      "geometry": {
        "type": "Point",
        "coordinates": [
          65.5,
          -18.71
        ]
      },
      "_featureIndex": 379
    },
    {
      "type": "Feature",
      "properties": {
        "Name": "MELANTP-097-001-002",
        "Reference": "Nielsen, 2014",
        "SiO2": "51.5",
        "La": "6.27",
        "_featureIndex": 380
      },
      "geometry": {
        "type": "Point",
        "coordinates": [
          65.5,
          -18.71
        ]
      },
      "_featureIndex": 380
    },
    {
      "type": "Feature",
      "properties": {
        "Name": "MELANTP-097-001-003",
        "Reference": "Nielsen, 2014",
        "SiO2": "51.7",
        "La": "5.94",
        "_featureIndex": 381
      },
      "geometry": {
        "type": "Point",
        "coordinates": [
          65.5,
          -18.71
        ]
      },
      "_featureIndex": 381
    },
    {
      "type": "Feature",
      "properties": {
        "Name": "MELANTP-097-001-1",
        "Reference": "Engel, 1975",
        "SiO2": "50.23",
        "_featureIndex": 382
      },
      "geometry": {
        "type": "Point",
        "coordinates": [
          65.5,
          -18.71
        ]
      },
      "_featureIndex": 382
    },
    {
      "type": "Feature",
      "properties": {
        "Name": "MELANTP-097-021",
        "Reference": "Melson, 2003",
        "SiO2": "51.32",
        "_featureIndex": 383
      },
      "geometry": {
        "type": "Point",
        "coordinates": [
          65.5,
          -18.71
        ]
      },
      "_featureIndex": 383
    },
    {
      "type": "Feature",
      "properties": {
        "Name": "MELANTP-097-022",
        "Reference": "Melson, 2003",
        "SiO2": "51.64",
        "_featureIndex": 384
      },
      "geometry": {
        "type": "Point",
        "coordinates": [
          65.5,
          -18.71
        ]
      },
      "_featureIndex": 384
    },
    {
      "type": "Feature",
      "properties": {
        "Name": "MELANTP-097-023",
        "Reference": "Melson, 2003",
        "SiO2": "51.12",
        "_featureIndex": 385
      },
      "geometry": {
        "type": "Point",
        "coordinates": [
          65.5,
          -18.71
        ]
      },
      "_featureIndex": 385
    },
    {
      "type": "Feature",
      "properties": {
        "Name": "MELANTP-097-024",
        "Reference": "Melson, 2003",
        "SiO2": "51.64",
        "_featureIndex": 386
      },
      "geometry": {
        "type": "Point",
        "coordinates": [
          65.5,
          -18.71
        ]
      },
      "_featureIndex": 386
    },
    {
      "type": "Feature",
      "properties": {
        "Name": "MELANTP-097-025",
        "Reference": "Melson, 2003",
        "SiO2": "50.92",
        "_featureIndex": 387
      },
      "geometry": {
        "type": "Point",
        "coordinates": [
          65.5,
          -18.71
        ]
      },
      "_featureIndex": 387
    },
    {
      "type": "Feature",
      "properties": {
        "Name": "MELANTP-097-026",
        "Reference": "Melson, 2003",
        "SiO2": "50.86",
        "_featureIndex": 388
      },
      "geometry": {
        "type": "Point",
        "coordinates": [
          65.5,
          -18.71
        ]
      },
      "_featureIndex": 388
    },
    {
      "type": "Feature",
      "properties": {
        "Name": "MELANTP-097-027",
        "Reference": "Melson, 2003",
        "SiO2": "51.03",
        "_featureIndex": 389
      },
      "geometry": {
        "type": "Point",
        "coordinates": [
          65.5,
          -18.71
        ]
      },
      "_featureIndex": 389
    },
    {
      "type": "Feature",
      "properties": {
        "Name": "MELANTP-097-030",
        "Reference": "Melson, 2003",
        "SiO2": "51.3",
        "_featureIndex": 390
      },
      "geometry": {
        "type": "Point",
        "coordinates": [
          65.5,
          -18.71
        ]
      },
      "_featureIndex": 390
    },
    {
      "type": "Feature",
      "properties": {
        "Name": "DAR0127-R008",
        "Reference": "Murton, 2005",
        "SiO2": "51.4",
        "La": "5.2",
        "_featureIndex": 391
      },
      "geometry": {
        "type": "Point",
        "coordinates": [
          65.47,
          -18.73
        ]
      },
      "_featureIndex": 391
    },
    {
      "type": "Feature",
      "properties": {
        "Name": "DAR0127-R009",
        "Reference": "Murton, 2005",
        "SiO2": "51",
        "La": "5.6",
        "_featureIndex": 392
      },
      "geometry": {
        "type": "Point",
        "coordinates": [
          65.5,
          -18.78
        ]
      },
      "_featureIndex": 392
    },
    {
      "type": "Feature",
      "properties": {
        "Name": "DAR0127-R010",
        "Reference": "Murton, 2005",
        "SiO2": "51.8",
        "La": "3.3",
        "_featureIndex": 393
      },
      "geometry": {
        "type": "Point",
        "coordinates": [
          65.51,
          -18.91
        ]
      },
      "_featureIndex": 393
    },
    {
      "type": "Feature",
      "properties": {
        "Name": "DAR0127-R010-2",
        "Reference": "Murton, 2005",
        "SiO2": "50.7",
        "La": "3.4",
        "_featureIndex": 394
      },
      "geometry": {
        "type": "Point",
        "coordinates": [
          65.51,
          -18.91
        ]
      },
      "_featureIndex": 394
    },
    {
      "type": "Feature",
      "properties": {
        "Name": "DAR0127-R010R",
        "Reference": "Murton, 2005",
        "La": "3.3",
        "_featureIndex": 395
      },
      "geometry": {
        "type": "Point",
        "coordinates": [
          65.51,
          -18.91
        ]
      },
      "_featureIndex": 395
    },
    {
      "type": "Feature",
      "properties": {
        "Name": "DAR0127-R011",
        "Reference": "Murton, 2005",
        "SiO2": "51.1",
        "La": "3.8",
        "_featureIndex": 396
      },
      "geometry": {
        "type": "Point",
        "coordinates": [
          65.56,
          -18.92
        ]
      },
      "_featureIndex": 396
    },
    {
      "type": "Feature",
      "properties": {
        "Name": "DAR0127-R012",
        "Reference": "Murton, 2005",
        "SiO2": "51.8",
        "La": "2.5",
        "_featureIndex": 397
      },
      "geometry": {
        "type": "Point",
        "coordinates": [
          65.54,
          -18.92
        ]
      },
      "_featureIndex": 397
    },
    {
      "type": "Feature",
      "properties": {
        "Name": "DAR0127-R013",
        "Reference": "Murton, 2005",
        "SiO2": "50.4",
        "La": "2.7",
        "_featureIndex": 398
      },
      "geometry": {
        "type": "Point",
        "coordinates": [
          65.54,
          -18.94
        ]
      },
      "_featureIndex": 398
    },
    {
      "type": "Feature",
      "properties": {
        "Name": "DAR0127-R004",
        "Reference": "Murton, 2005",
        "SiO2": "51.8",
        "La": "3.9",
        "_featureIndex": 399
      },
      "geometry": {
        "type": "Point",
        "coordinates": [
          65.53,
          -18.96
        ]
      },
      "_featureIndex": 399
    },
    {
      "type": "Feature",
      "properties": {
        "Name": "DAR0127-R003",
        "Reference": "Murton, 2005",
        "SiO2": "50.6",
        "La": "2.4",
        "_featureIndex": 400
      },
      "geometry": {
        "type": "Point",
        "coordinates": [
          65.55,
          -18.97
        ]
      },
      "_featureIndex": 400
    },
    {
      "type": "Feature",
      "properties": {
        "Name": "DAR0127-R002",
        "Reference": "Murton, 2005",
        "SiO2": "50.4",
        "La": "3.8",
        "_featureIndex": 401
      },
      "geometry": {
        "type": "Point",
        "coordinates": [
          65.55,
          -19.05
        ]
      },
      "_featureIndex": 401
    },
    {
      "type": "Feature",
      "properties": {
        "Name": "GIMNAUT-DR11-001",
        "Reference": "Nauret, 2006",
        "SiO2": "51.05",
        "La": "3.35",
        "87Sr/86Sr": "0.703239",
        "143Nd/144Nd": "0.513009",
        "206Pb/204Pb": "18.4883",
        "207Pb/204Pb": "15.524",
        "208Pb/204Pb": "38.4601",
        "_featureIndex": 402
      },
      "geometry": {
        "type": "Point",
        "coordinates": [
          65.56,
          -19.06
        ]
      },
      "_featureIndex": 402
    },
    {
      "type": "Feature",
      "properties": {
        "Name": "DAR0127-R001",
        "Reference": "Murton, 2005",
        "SiO2": "51.1",
        "La": "4.8",
        "_featureIndex": 403
      },
      "geometry": {
        "type": "Point",
        "coordinates": [
          65.55,
          -19.09
        ]
      },
      "_featureIndex": 403
    },
    {
      "type": "Feature",
      "properties": {
        "Name": "GIMNAUT-PL09-007",
        "Reference": "Nauret, 2006",
        "SiO2": "51.04",
        "La": "4.23",
        "87Sr/86Sr": "0.703238",
        "143Nd/144Nd": "0.512996",
        "206Pb/204Pb": "18.4842",
        "207Pb/204Pb": "15.5213",
        "208Pb/204Pb": "38.4556",
        "_featureIndex": 404
      },
      "geometry": {
        "type": "Point",
        "coordinates": [
          65.79,
          -19.09
        ]
      },
      "_featureIndex": 404
    },
    {
      "type": "Feature",
      "properties": {
        "Name": "GIMNAUT-PL07-001",
        "Reference": "Nauret, 2006",
        "SiO2": "49.88",
        "La": "3.04",
        "87Sr/86Sr": "0.703243",
        "143Nd/144Nd": "0.513024",
        "206Pb/204Pb": "18.5178",
        "207Pb/204Pb": "15.5382",
        "208Pb/204Pb": "38.5127",
        "_featureIndex": 405
      },
      "geometry": {
        "type": "Point",
        "coordinates": [
          65.66,
          -19.15
        ]
      },
      "_featureIndex": 405
    },
    {
      "type": "Feature",
      "properties": {
        "Name": "GIMNAUT-PL01-001",
        "Reference": "Nauret, 2006",
        "SiO2": "50.52",
        "La": "7.96",
        "87Sr/86Sr": "0.703327",
        "143Nd/144Nd": "0.513028",
        "206Pb/204Pb": "18.6164",
        "207Pb/204Pb": "15.5444",
        "208Pb/204Pb": "38.6592",
        "_featureIndex": 406
      },
      "geometry": {
        "type": "Point",
        "coordinates": [
          65.62,
          -19.17
        ]
      },
      "_featureIndex": 406
    },
    {
      "type": "Feature",
      "properties": {
        "Name": "GIMNAUT-PL01-002",
        "Reference": "Nauret, 2006",
        "SiO2": "51.41",
        "La": "3.31",
        "_featureIndex": 407
      },
      "geometry": {
        "type": "Point",
        "coordinates": [
          65.62,
          -19.17
        ]
      },
      "_featureIndex": 407
    },
    {
      "type": "Feature",
      "properties": {
        "Name": "GIMNAUT-PL01-005",
        "Reference": "Nauret, 2006",
        "SiO2": "50.56",
        "La": "2.51",
        "87Sr/86Sr": "0.703298",
        "143Nd/144Nd": "0.513007",
        "206Pb/204Pb": "18.3853",
        "207Pb/204Pb": "15.5117",
        "208Pb/204Pb": "38.2434",
        "_featureIndex": 408
      },
      "geometry": {
        "type": "Point",
        "coordinates": [
          65.62,
          -19.17
        ]
      },
      "_featureIndex": 408
    },
    {
      "type": "Feature",
      "properties": {
        "Name": "GIMNAUT-PL20-002",
        "Reference": "Nauret, 2006",
        "SiO2": "50.71",
        "La": "10.04",
        "87Sr/86Sr": "0.70317",
        "206Pb/204Pb": "18.3736",
        "207Pb/204Pb": "15.513",
        "208Pb/204Pb": "38.3592",
        "_featureIndex": 409
      },
      "geometry": {
        "type": "Point",
        "coordinates": [
          65.62,
          -19.17
        ]
      },
      "_featureIndex": 409
    },
    {
      "type": "Feature",
      "properties": {
        "Name": "GIMNAUT-PL03-002",
        "Reference": "Nauret, 2006",
        "SiO2": "51.27",
        "La": "4.5",
        "87Sr/86Sr": "0.703164",
        "206Pb/204Pb": "18.489",
        "207Pb/204Pb": "15.5321",
        "208Pb/204Pb": "38.4712",
        "_featureIndex": 410
      },
      "geometry": {
        "type": "Point",
        "coordinates": [
          65.56,
          -19.2
        ]
      },
      "_featureIndex": 410
    },
    {
      "type": "Feature",
      "properties": {
        "Name": "GIMNAUT-PL05-005",
        "Reference": "Nauret, 2006",
        "SiO2": "51.83",
        "La": "3.57",
        "87Sr/86Sr": "0.703098",
        "143Nd/144Nd": "0.513022",
        "206Pb/204Pb": "18.4124",
        "207Pb/204Pb": "15.5178",
        "208Pb/204Pb": "38.3273",
        "_featureIndex": 411
      },
      "geometry": {
        "type": "Point",
        "coordinates": [
          65.56,
          -19.2
        ]
      },
      "_featureIndex": 411
    },
    {
      "type": "Feature",
      "properties": {
        "Name": "GIMNAUT-PL19-001",
        "Reference": "Nauret, 2006",
        "SiO2": "51.06",
        "La": "4.36",
        "_featureIndex": 412
      },
      "geometry": {
        "type": "Point",
        "coordinates": [
          65.73,
          -19.23
        ]
      },
      "_featureIndex": 412
    },
    {
      "type": "Feature",
      "properties": {
        "Name": "HAK0604-RC005",
        "Reference": "Machida, 2014",
        "SiO2": "49.95",
        "La": "2.79",
        "87Sr/86Sr": "0.703181",
        "143Nd/144Nd": "0.513017",
        "206Pb/204Pb": "18.3467",
        "207Pb/204Pb": "15.5169",
        "208Pb/204Pb": "38.2827",
        "_featureIndex": 413
      },
      "geometry": {
        "type": "Point",
        "coordinates": [
          65.6702,
          -19.2703
        ]
      },
      "_featureIndex": 413
    },
    {
      "type": "Feature",
      "properties": {
        "Name": "GIMNAUT-DR06-001",
        "Reference": "Nauret, 2006",
        "SiO2": "48.27",
        "La": "2.23",
        "87Sr/86Sr": "0.703945",
        "143Nd/144Nd": "0.512908",
        "206Pb/204Pb": "18.7031",
        "207Pb/204Pb": "15.5717",
        "208Pb/204Pb": "38.7377",
        "_featureIndex": 414
      },
      "geometry": {
        "type": "Point",
        "coordinates": [
          65.71,
          -19.33
        ]
      },
      "_featureIndex": 414
    },
    {
      "type": "Feature",
      "properties": {
        "Name": "GIMNAUT-DR06-002",
        "Reference": "Nauret, 2006",
        "SiO2": "50.64",
        "La": "5.17",
        "87Sr/86Sr": "0.703218",
        "143Nd/144Nd": "0.513014",
        "206Pb/204Pb": "18.5414",
        "207Pb/204Pb": "15.5349",
        "208Pb/204Pb": "38.5767",
        "_featureIndex": 415
      },
      "geometry": {
        "type": "Point",
        "coordinates": [
          65.71,
          -19.33
        ]
      },
      "_featureIndex": 415
    },
    {
      "type": "Feature",
      "properties": {
        "Name": "GIMNAUT-PL18-007",
        "Reference": "Nauret, 2006",
        "SiO2": "51.3",
        "La": "3.18",
        "143Nd/144Nd": "0.513013",
        "206Pb/204Pb": "18.4491",
        "207Pb/204Pb": "15.5232",
        "208Pb/204Pb": "38.3894",
        "_featureIndex": 416
      },
      "geometry": {
        "type": "Point",
        "coordinates": [
          66.01,
          -19.38
        ]
      },
      "_featureIndex": 416
    },
    {
      "type": "Feature",
      "properties": {
        "Name": "GIMNAUT-DR05-001",
        "Reference": "Nauret, 2006",
        "SiO2": "50.99",
        "La": "4.07",
        "87Sr/86Sr": "0.703214",
        "143Nd/144Nd": "0.513023",
        "206Pb/204Pb": "18.4232",
        "207Pb/204Pb": "15.5212",
        "208Pb/204Pb": "38.4152",
        "_featureIndex": 417
      },
      "geometry": {
        "type": "Point",
        "coordinates": [
          65.78,
          -19.41
        ]
      },
      "_featureIndex": 417
    },
    {
      "type": "Feature",
      "properties": {
        "Name": "DAR0127-B001",
        "Reference": "Murton, 2005",
        "SiO2": "50.6",
        "La": "3",
        "_featureIndex": 418
      },
      "geometry": {
        "type": "Point",
        "coordinates": [
          65.7,
          -19.42
        ]
      },
      "_featureIndex": 418
    },
    {
      "type": "Feature",
      "properties": {
        "Name": "GIMNAUT-PL12-005",
        "Reference": "Nauret, 2006",
        "SiO2": "51.26",
        "La": "2.38",
        "87Sr/86Sr": "0.703154",
        "143Nd/144Nd": "0.513027",
        "206Pb/204Pb": "18.3043",
        "207Pb/204Pb": "15.5029",
        "208Pb/204Pb": "38.1984",
        "_featureIndex": 419
      },
      "geometry": {
        "type": "Point",
        "coordinates": [
          65.92,
          -19.44
        ]
      },
      "_featureIndex": 419
    },
    {
      "type": "Feature",
      "properties": {
        "Name": "GIMNAUT-PL11-004",
        "Reference": "Nauret, 2006",
        "SiO2": "50.9",
        "La": "2.99",
        "_featureIndex": 420
      },
      "geometry": {
        "type": "Point",
        "coordinates": [
          65.85,
          -19.46
        ]
      },
      "_featureIndex": 420
    },
    {
      "type": "Feature",
      "properties": {
        "Name": "GIMNAUT-PL11-001",
        "Reference": "Nauret, 2006",
        "SiO2": "51.2",
        "La": "2.23",
        "87Sr/86Sr": "0.703417",
        "143Nd/144Nd": "0.513017",
        "206Pb/204Pb": "18.4326",
        "207Pb/204Pb": "15.5255",
        "208Pb/204Pb": "38.3273",
        "_featureIndex": 421
      },
      "geometry": {
        "type": "Point",
        "coordinates": [
          65.85,
          -19.47
        ]
      },
      "_featureIndex": 421
    },
    {
      "type": "Feature",
      "properties": {
        "Name": "GIMNAUT-PL11-002",
        "Reference": "Nauret, 2006",
        "SiO2": "50.92",
        "La": "2.81",
        "87Sr/86Sr": "0.703303",
        "143Nd/144Nd": "0.513026",
        "206Pb/204Pb": "18.3855",
        "207Pb/204Pb": "15.5128",
        "208Pb/204Pb": "38.3062",
        "_featureIndex": 422
      },
      "geometry": {
        "type": "Point",
        "coordinates": [
          65.85,
          -19.47
        ]
      },
      "_featureIndex": 422
    },
    {
      "type": "Feature",
      "properties": {
        "Name": "DUF0057-005-001",
        "Reference": "Escrig, 2004",
        "87Sr/86Sr": "0.70341",
        "143Nd/144Nd": "0.513013",
        "206Pb/204Pb": "18.418",
        "207Pb/204Pb": "15.529",
        "208Pb/204Pb": "38.345",
        "_featureIndex": 423
      },
      "geometry": {
        "type": "Point",
        "coordinates": [
          65.81,
          -19.48
        ]
      },
      "_featureIndex": 423
    },
    {
      "type": "Feature",
      "properties": {
        "Name": "GIMNAUT-PL17-007",
        "Reference": "Nauret, 2006",
        "SiO2": "50.58",
        "La": "2.61",
        "87Sr/86Sr": "0.703238",
        "143Nd/144Nd": "0.513045",
        "206Pb/204Pb": "18.2873",
        "207Pb/204Pb": "15.51",
        "208Pb/204Pb": "38.1824",
        "_featureIndex": 424
      },
      "geometry": {
        "type": "Point",
        "coordinates": [
          65.73,
          -19.54
        ]
      },
      "_featureIndex": 424
    },
    {
      "type": "Feature",
      "properties": {
        "Name": "GIMNAUT-DR01-001",
        "Reference": "Nauret, 2006",
        "SiO2": "51.69",
        "La": "3.07",
        "_featureIndex": 425
      },
      "geometry": {
        "type": "Point",
        "coordinates": [
          65.94,
          -19.55
        ]
      },
      "_featureIndex": 425
    },
    {
      "type": "Feature",
      "properties": {
        "Name": "GIMNAUT-DR02-002",
        "Reference": "Nauret, 2006",
        "SiO2": "50.55",
        "La": "2",
        "87Sr/86Sr": "0.703274",
        "143Nd/144Nd": "0.513007",
        "206Pb/204Pb": "18.3683",
        "207Pb/204Pb": "15.5159",
        "208Pb/204Pb": "38.2824",
        "_featureIndex": 426
      },
      "geometry": {
        "type": "Point",
        "coordinates": [
          65.99,
          -19.55
        ]
      },
      "_featureIndex": 426
    },
    {
      "type": "Feature",
      "properties": {
        "Name": "GIMNAUT-DR02-003",
        "Reference": "Nauret, 2006",
        "SiO2": "50.47",
        "La": "2.31",
        "87Sr/86Sr": "0.703266",
        "143Nd/144Nd": "0.513029",
        "206Pb/204Pb": "18.3748",
        "207Pb/204Pb": "15.5187",
        "208Pb/204Pb": "38.2914",
        "_featureIndex": 427
      },
      "geometry": {
        "type": "Point",
        "coordinates": [
          65.99,
          -19.55
        ]
      },
      "_featureIndex": 427
    },
    {
      "type": "Feature",
      "properties": {
        "Name": "GIMNAUT-PL16-004",
        "Reference": "Nauret, 2006",
        "SiO2": "50.8",
        "La": "3.67",
        "_featureIndex": 428
      },
      "geometry": {
        "type": "Point",
        "coordinates": [
          65.88,
          -19.58
        ]
      },
      "_featureIndex": 428
    },
    {
      "type": "Feature",
      "properties": {
        "Name": "HAK0604-DR004",
        "Reference": "Machida, 2014",
        "SiO2": "50.08",
        "La": "2.64",
        "87Sr/86Sr": "0.703235",
        "143Nd/144Nd": "0.513017",
        "206Pb/204Pb": "18.409",
        "207Pb/204Pb": "15.5036",
        "208Pb/204Pb": "38.2416",
        "_featureIndex": 429
      },
      "geometry": {
        "type": "Point",
        "coordinates": [
          65.8608,
          -19.5848
        ]
      },
      "_featureIndex": 429
    },
    {
      "type": "Feature",
      "properties": {
        "Name": "HAK0604-DR002",
        "Reference": "Machida, 2014",
        "SiO2": "50.65",
        "La": "18.38",
        "87Sr/86Sr": "0.703586",
        "143Nd/144Nd": "0.512926",
        "206Pb/204Pb": "18.8353",
        "207Pb/204Pb": "15.5581",
        "208Pb/204Pb": "38.8958",
        "_featureIndex": 430
      },
      "geometry": {
        "type": "Point",
        "coordinates": [
          65.8438,
          -19.5896
        ]
      },
      "_featureIndex": 430
    },
    {
      "type": "Feature",
      "properties": {
        "Name": "RRKNOX11-017-003",
        "Reference": "Furi, 2011",
        "SiO2": "49.72",
        "La": "4.52",
        "_featureIndex": 431
      },
      "geometry": {
        "type": "Point",
        "coordinates": [
          65.88,
          -19.61
        ]
      },
      "_featureIndex": 431
    },
    {
      "type": "Feature",
      "properties": {
        "Name": "GIMNAUT-DR04-004",
        "Reference": "Nauret, 2006",
        "SiO2": "48.82",
        "La": "2.09",
        "87Sr/86Sr": "0.703838",
        "143Nd/144Nd": "0.512935",
        "206Pb/204Pb": "18.5832",
        "207Pb/204Pb": "15.5517",
        "208Pb/204Pb": "38.5321",
        "_featureIndex": 432
      },
      "geometry": {
        "type": "Point",
        "coordinates": [
          65.77,
          -19.68
        ]
      },
      "_featureIndex": 432
    },
    {
      "type": "Feature",
      "properties": {
        "Name": "GIMNAUT-DR03-001",
        "Reference": "Nauret, 2006",
        "SiO2": "51.48",
        "La": "3.05",
        "87Sr/86Sr": "0.703144",
        "143Nd/144Nd": "0.513057",
        "206Pb/204Pb": "18.3366",
        "207Pb/204Pb": "15.5075",
        "208Pb/204Pb": "38.2255",
        "_featureIndex": 433
      },
      "geometry": {
        "type": "Point",
        "coordinates": [
          65.96,
          -19.69
        ]
      },
      "_featureIndex": 433
    },
    {
      "type": "Feature",
      "properties": {
        "Name": "GIMNAUT-DR03-002",
        "Reference": "Nauret, 2006",
        "SiO2": "51.21",
        "La": "3.89",
        "87Sr/86Sr": "0.703319",
        "143Nd/144Nd": "0.513015",
        "206Pb/204Pb": "18.4222",
        "207Pb/204Pb": "15.5195",
        "208Pb/204Pb": "38.3799",
        "_featureIndex": 434
      },
      "geometry": {
        "type": "Point",
        "coordinates": [
          65.96,
          -19.69
        ]
      },
      "_featureIndex": 434
    },
    {
      "type": "Feature",
      "properties": {
        "Name": "RRKNOX11-019-002",
        "Reference": "Furi, 2011",
        "SiO2": "50.41",
        "La": "1.93",
        "_featureIndex": 435
      },
      "geometry": {
        "type": "Point",
        "coordinates": [
          65.82,
          -19.69
        ]
      },
      "_featureIndex": 435
    },
    {
      "type": "Feature",
      "properties": {
        "Name": "RRKNOX11-015-001",
        "Reference": "Furi, 2011",
        "SiO2": "50.55",
        "La": "2.79",
        "_featureIndex": 436
      },
      "geometry": {
        "type": "Point",
        "coordinates": [
          66.01,
          -19.76
        ]
      },
      "_featureIndex": 436
    },
    {
      "type": "Feature",
      "properties": {
        "Name": "ARGCIRC-104",
        "Reference": "Engel, 1975",
        "SiO2": "50.32",
        "87Sr/86Sr": "0.70343",
        "_featureIndex": 437
      },
      "geometry": {
        "type": "Point",
        "coordinates": [
          66.05,
          -19.83
        ]
      },
      "_featureIndex": 437
    },
    {
      "type": "Feature",
      "properties": {
        "Name": "ARGCIRC-104-001",
        "Reference": "Melson, 2003",
        "SiO2": "51.5",
        "_featureIndex": 438
      },
      "geometry": {
        "type": "Point",
        "coordinates": [
          66.05,
          -19.83
        ]
      },
      "_featureIndex": 438
    },
    {
      "type": "Feature",
      "properties": {
        "Name": "ARGCIRC-104-002",
        "Reference": "Melson, 2003",
        "SiO2": "51.29",
        "_featureIndex": 439
      },
      "geometry": {
        "type": "Point",
        "coordinates": [
          66.05,
          -19.83
        ]
      },
      "_featureIndex": 439
    },
    {
      "type": "Feature",
      "properties": {
        "Name": "ARGCIRC-104-003",
        "Reference": "Melson, 2003",
        "SiO2": "51.48",
        "_featureIndex": 440
      },
      "geometry": {
        "type": "Point",
        "coordinates": [
          66.05,
          -19.83
        ]
      },
      "_featureIndex": 440
    },
    {
      "type": "Feature",
      "properties": {
        "Name": "ARGCIRC-104-011",
        "Reference": "Melson, 2003",
        "SiO2": "51.61",
        "_featureIndex": 441
      },
      "geometry": {
        "type": "Point",
        "coordinates": [
          66.05,
          -19.83
        ]
      },
      "_featureIndex": 441
    },
    {
      "type": "Feature",
      "properties": {
        "Name": "ARGCIRC-104-012",
        "Reference": "Melson, 2003",
        "SiO2": "51.25",
        "_featureIndex": 442
      },
      "geometry": {
        "type": "Point",
        "coordinates": [
          66.05,
          -19.83
        ]
      },
      "_featureIndex": 442
    },
    {
      "type": "Feature",
      "properties": {
        "Name": "ARGCIRC-104-013",
        "Reference": "Melson, 2003",
        "SiO2": "50.96",
        "_featureIndex": 443
      },
      "geometry": {
        "type": "Point",
        "coordinates": [
          66.05,
          -19.83
        ]
      },
      "_featureIndex": 443
    },
    {
      "type": "Feature",
      "properties": {
        "Name": "ARGCIRC-104-014",
        "Reference": "Melson, 2003",
        "SiO2": "51.42",
        "_featureIndex": 444
      },
      "geometry": {
        "type": "Point",
        "coordinates": [
          66.05,
          -19.83
        ]
      },
      "_featureIndex": 444
    },
    {
      "type": "Feature",
      "properties": {
        "Name": "ARGCIRC-104-015",
        "Reference": "Melson, 2003",
        "SiO2": "50.85",
        "_featureIndex": 445
      },
      "geometry": {
        "type": "Point",
        "coordinates": [
          66.05,
          -19.83
        ]
      },
      "_featureIndex": 445
    },
    {
      "type": "Feature",
      "properties": {
        "Name": "ARGCIRC-104-016",
        "Reference": "Melson, 2003",
        "SiO2": "51.2",
        "_featureIndex": 446
      },
      "geometry": {
        "type": "Point",
        "coordinates": [
          66.05,
          -19.83
        ]
      },
      "_featureIndex": 446
    },
    {
      "type": "Feature",
      "properties": {
        "Name": "ARGCIRC-104-017",
        "Reference": "Melson, 2003",
        "SiO2": "51.2",
        "_featureIndex": 447
      },
      "geometry": {
        "type": "Point",
        "coordinates": [
          66.05,
          -19.83
        ]
      },
      "_featureIndex": 447
    },
    {
      "type": "Feature",
      "properties": {
        "Name": "ARGCIRC-104-018",
        "Reference": "Melson, 2003",
        "SiO2": "51.2",
        "_featureIndex": 448
      },
      "geometry": {
        "type": "Point",
        "coordinates": [
          66.05,
          -19.83
        ]
      },
      "_featureIndex": 448
    },
    {
      "type": "Feature",
      "properties": {
        "Name": "ARGCIRC-104-019",
        "Reference": "Melson, 2003",
        "SiO2": "51.36",
        "_featureIndex": 449
      },
      "geometry": {
        "type": "Point",
        "coordinates": [
          66.05,
          -19.83
        ]
      },
      "_featureIndex": 449
    },
    {
      "type": "Feature",
      "properties": {
        "Name": "ARGCIRC-104-020",
        "Reference": "Melson, 2003",
        "SiO2": "51.47",
        "_featureIndex": 450
      },
      "geometry": {
        "type": "Point",
        "coordinates": [
          66.05,
          -19.83
        ]
      },
      "_featureIndex": 450
    },
    {
      "type": "Feature",
      "properties": {
        "Name": "ARGCIRC-104-021",
        "Reference": "Melson, 2003",
        "SiO2": "50.95",
        "La": "2.245",
        "87Sr/86Sr": "0.70312",
        "143Nd/144Nd": "0.513054",
        "206Pb/204Pb": "18.354",
        "207Pb/204Pb": "15.517",
        "208Pb/204Pb": "38.214",
        "_featureIndex": 451
      },
      "geometry": {
        "type": "Point",
        "coordinates": [
          66.05,
          -19.83
        ]
      },
      "_featureIndex": 451
    },
    {
      "type": "Feature",
      "properties": {
        "Name": "ARGCIRC-104-022",
        "Reference": "Melson, 2003",
        "SiO2": "50.24",
        "La": "2.474",
        "_featureIndex": 452
      },
      "geometry": {
        "type": "Point",
        "coordinates": [
          66.05,
          -19.83
        ]
      },
      "_featureIndex": 452
    },
    {
      "type": "Feature",
      "properties": {
        "Name": "ARGCIRC-104-023",
        "Reference": "Melson, 2003",
        "SiO2": "50.19",
        "La": "2.417",
        "_featureIndex": 453
      },
      "geometry": {
        "type": "Point",
        "coordinates": [
          66.05,
          -19.83
        ]
      },
      "_featureIndex": 453
    },
    {
      "type": "Feature",
      "properties": {
        "Name": "ARGCIRC-104-024",
        "Reference": "Melson, 2003",
        "SiO2": "51.38",
        "La": "2.177",
        "_featureIndex": 454
      },
      "geometry": {
        "type": "Point",
        "coordinates": [
          66.05,
          -19.83
        ]
      },
      "_featureIndex": 454
    },
    {
      "type": "Feature",
      "properties": {
        "Name": "ARGCIRC-104-025",
        "Reference": "Melson, 2003",
        "SiO2": "50.78",
        "_featureIndex": 455
      },
      "geometry": {
        "type": "Point",
        "coordinates": [
          66.05,
          -19.83
        ]
      },
      "_featureIndex": 455
    },
    {
      "type": "Feature",
      "properties": {
        "Name": "ARGCIRC-104-026",
        "Reference": "Melson, 2003",
        "SiO2": "51.45",
        "_featureIndex": 456
      },
      "geometry": {
        "type": "Point",
        "coordinates": [
          66.05,
          -19.83
        ]
      },
      "_featureIndex": 456
    },
    {
      "type": "Feature",
      "properties": {
        "Name": "ARGCIRC-104-027",
        "Reference": "Melson, 2003",
        "SiO2": "50.25",
        "La": "2.472",
        "_featureIndex": 457
      },
      "geometry": {
        "type": "Point",
        "coordinates": [
          66.05,
          -19.83
        ]
      },
      "_featureIndex": 457
    },
    {
      "type": "Feature",
      "properties": {
        "Name": "ARGCIRC-104P",
        "Reference": "Engel, 1975",
        "_featureIndex": 458
      },
      "geometry": {
        "type": "Point",
        "coordinates": [
          66.05,
          -19.83
        ]
      },
      "_featureIndex": 458
    },
    {
      "type": "Feature",
      "properties": {
        "Name": "RRKNOX11-014-001",
        "Reference": "Furi, 2011",
        "SiO2": "49.21",
        "La": "2.96",
        "_featureIndex": 459
      },
      "geometry": {
        "type": "Point",
        "coordinates": [
          66.17,
          -19.91
        ]
      },
      "_featureIndex": 459
    },
    {
      "type": "Feature",
      "properties": {
        "Name": "GIMNAUT-DR10-001",
        "Reference": "Nauret, 2006",
        "SiO2": "50.8",
        "La": "5.22",
        "87Sr/86Sr": "0.703206",
        "143Nd/144Nd": "0.513029",
        "206Pb/204Pb": "18.4627",
        "207Pb/204Pb": "15.5282",
        "208Pb/204Pb": "38.4533",
        "_featureIndex": 460
      },
      "geometry": {
        "type": "Point",
        "coordinates": [
          66.27,
          -19.95
        ]
      },
      "_featureIndex": 460
    },
    {
      "type": "Feature",
      "properties": {
        "Name": "RRKNOX11-013-001",
        "Reference": "Furi, 2011",
        "SiO2": "50.68",
        "La": "2.15",
        "_featureIndex": 461
      },
      "geometry": {
        "type": "Point",
        "coordinates": [
          66.24,
          -19.98
        ]
      },
      "_featureIndex": 461
    },
    {
      "type": "Feature",
      "properties": {
        "Name": "RRKNOX11-011-002",
        "Reference": "Furi, 2011",
        "La": "1.85",
        "_featureIndex": 462
      },
      "geometry": {
        "type": "Point",
        "coordinates": [
          66.28,
          -20.07
        ]
      },
      "_featureIndex": 462
    },
    {
      "type": "Feature",
      "properties": {
        "Name": "RRKNOX11-012-002",
        "Reference": "Furi, 2011",
        "SiO2": "49",
        "La": "1.36",
        "_featureIndex": 463
      },
      "geometry": {
        "type": "Point",
        "coordinates": [
          66.27,
          -20.07
        ]
      },
      "_featureIndex": 463
    },
    {
      "type": "Feature",
      "properties": {
        "Name": "RRKNOX11-010-002",
        "Reference": "Furi, 2011",
        "SiO2": "49.9",
        "_featureIndex": 464
      },
      "geometry": {
        "type": "Point",
        "coordinates": [
          66.32,
          -20.16
        ]
      },
      "_featureIndex": 464
    },
    {
      "type": "Feature",
      "properties": {
        "Name": "DAR0127-006",
        "Reference": "Murton, 2005",
        "SiO2": "49.9",
        "La": "10",
        "_featureIndex": 465
      },
      "geometry": {
        "type": "Point",
        "coordinates": [
          66.81,
          -20.09
        ]
      },
      "_featureIndex": 465
    },
    {
      "type": "Feature",
      "properties": {
        "Name": "DUF0057-003-008",
        "Reference": "Escrig, 2004",
        "87Sr/86Sr": "0.702985",
        "143Nd/144Nd": "0.513045",
        "206Pb/204Pb": "18.152",
        "207Pb/204Pb": "15.514",
        "208Pb/204Pb": "37.971",
        "_featureIndex": 466
      },
      "geometry": {
        "type": "Point",
        "coordinates": [
          66.83,
          -20.15
        ]
      },
      "_featureIndex": 466
    },
    {
      "type": "Feature",
      "properties": {
        "Name": "VEM0029-001-001",
        "Reference": "Melson, 2003",
        "SiO2": "51.57",
        "La": "3.481",
        "_featureIndex": 467
      },
      "geometry": {
        "type": "Point",
        "coordinates": [
          67.62,
          -20.15
        ]
      },
      "_featureIndex": 467
    },
    {
      "type": "Feature",
      "properties": {
        "Name": "VEM0029-001-002",
        "Reference": "Melson, 2003",
        "SiO2": "49.16",
        "La": "1.077",
        "_featureIndex": 468
      },
      "geometry": {
        "type": "Point",
        "coordinates": [
          67.62,
          -20.15
        ]
      },
      "_featureIndex": 468
    },
    {
      "type": "Feature",
      "properties": {
        "Name": "VEM0029-001-004",
        "Reference": "Melson, 2003",
        "SiO2": "51.15",
        "La": "3.612",
        "_featureIndex": 469
      },
      "geometry": {
        "type": "Point",
        "coordinates": [
          67.62,
          -20.15
        ]
      },
      "_featureIndex": 469
    },
    {
      "type": "Feature",
      "properties": {
        "Name": "VEM0029-001-005",
        "Reference": "Melson, 2003",
        "SiO2": "51.96",
        "La": "3.523",
        "_featureIndex": 470
      },
      "geometry": {
        "type": "Point",
        "coordinates": [
          67.62,
          -20.15
        ]
      },
      "_featureIndex": 470
    },
    {
      "type": "Feature",
      "properties": {
        "Name": "VEM0029-001-006",
        "Reference": "Melson, 2003",
        "SiO2": "51.51",
        "La": "3.451",
        "_featureIndex": 471
      },
      "geometry": {
        "type": "Point",
        "coordinates": [
          67.62,
          -20.15
        ]
      },
      "_featureIndex": 471
    },
    {
      "type": "Feature",
      "properties": {
        "Name": "DAR0127-R017",
        "Reference": "Murton, 2005",
        "SiO2": "50.3",
        "La": "2.2",
        "_featureIndex": 472
      },
      "geometry": {
        "type": "Point",
        "coordinates": [
          67.65,
          -20.26
        ]
      },
      "_featureIndex": 472
    },
    {
      "type": "Feature",
      "properties": {
        "Name": "DAR0127-R023",
        "Reference": "Murton, 2005",
        "SiO2": "51.1",
        "La": "1.5",
        "_featureIndex": 473
      },
      "geometry": {
        "type": "Point",
        "coordinates": [
          66.91,
          -20.27
        ]
      },
      "_featureIndex": 473
    },
    {
      "type": "Feature",
      "properties": {
        "Name": "DUF0057-004-003",
        "Reference": "Bezos, 2005",
        "SiO2": "50.6",
        "87Sr/86Sr": "0.70294",
        "143Nd/144Nd": "0.513106",
        "206Pb/204Pb": "18.294",
        "207Pb/204Pb": "15.495",
        "208Pb/204Pb": "37.946",
        "_featureIndex": 474
      },
      "geometry": {
        "type": "Point",
        "coordinates": [
          67.67,
          -20.27
        ]
      },
      "_featureIndex": 474
    },
    {
      "type": "Feature",
      "properties": {
        "Name": "DAR0127-R015",
        "Reference": "Murton, 2005",
        "SiO2": "50.2",
        "La": "2.1",
        "_featureIndex": 475
      },
      "geometry": {
        "type": "Point",
        "coordinates": [
          67.71,
          -20.38
        ]
      },
      "_featureIndex": 475
    },
    {
      "type": "Feature",
      "properties": {
        "Name": "MELANTP-099",
        "Reference": "Nielsen, 2014",
        "SiO2": "50.9",
        "La": "1.8",
        "_featureIndex": 476
      },
      "geometry": {
        "type": "Point",
        "coordinates": [
          66.987,
          -20.422
        ]
      },
      "_featureIndex": 476
    },
    {
      "type": "Feature",
      "properties": {
        "Name": "MELANTP-099-001",
        "Reference": "Engel, 1975",
        "_featureIndex": 477
      },
      "geometry": {
        "type": "Point",
        "coordinates": [
          66.987,
          -20.422
        ]
      },
      "_featureIndex": 477
    },
    {
      "type": "Feature",
      "properties": {
        "Name": "MELANTP-099-010",
        "Reference": "Melson, 2003",
        "SiO2": "50.72",
        "_featureIndex": 478
      },
      "geometry": {
        "type": "Point",
        "coordinates": [
          66.987,
          -20.422
        ]
      },
      "_featureIndex": 478
    },
    {
      "type": "Feature",
      "properties": {
        "Name": "MELANTP-099-011",
        "Reference": "Melson, 2003",
        "SiO2": "50.57",
        "_featureIndex": 479
      },
      "geometry": {
        "type": "Point",
        "coordinates": [
          66.987,
          -20.422
        ]
      },
      "_featureIndex": 479
    },
    {
      "type": "Feature",
      "properties": {
        "Name": "MELANTP-099-012",
        "Reference": "Melson, 2003",
        "SiO2": "51.2",
        "_featureIndex": 480
      },
      "geometry": {
        "type": "Point",
        "coordinates": [
          66.987,
          -20.422
        ]
      },
      "_featureIndex": 480
    },
    {
      "type": "Feature",
      "properties": {
        "Name": "MELANTP-099-VG5916",
        "Reference": "Melson, 2003",
        "SiO2": "50.87",
        "La": "5.874",
        "_featureIndex": 481
      },
      "geometry": {
        "type": "Point",
        "coordinates": [
          66.987,
          -20.422
        ]
      },
      "_featureIndex": 481
    },
    {
      "type": "Feature",
      "properties": {
        "Name": "DAR0127-R016",
        "Reference": "Murton, 2005",
        "SiO2": "50.1",
        "La": "1.6",
        "_featureIndex": 482
      },
      "geometry": {
        "type": "Point",
        "coordinates": [
          67.75,
          -20.44
        ]
      },
      "_featureIndex": 482
    },
    {
      "type": "Feature",
      "properties": {
        "Name": "ARGCIRC-106-010",
        "Reference": "Melson, 2003",
        "SiO2": "51.5",
        "_featureIndex": 483
      },
      "geometry": {
        "type": "Point",
        "coordinates": [
          66.75,
          -20.57
        ]
      },
      "_featureIndex": 483
    },
    {
      "type": "Feature",
      "properties": {
        "Name": "ARGCIRC-106-011",
        "Reference": "Melson, 2003",
        "SiO2": "51.34",
        "_featureIndex": 484
      },
      "geometry": {
        "type": "Point",
        "coordinates": [
          66.75,
          -20.57
        ]
      },
      "_featureIndex": 484
    },
    {
      "type": "Feature",
      "properties": {
        "Name": "ARGCIRC-106-012",
        "Reference": "Melson, 2003",
        "SiO2": "51.07",
        "_featureIndex": 485
      },
      "geometry": {
        "type": "Point",
        "coordinates": [
          66.75,
          -20.57
        ]
      },
      "_featureIndex": 485
    },
    {
      "type": "Feature",
      "properties": {
        "Name": "ARGCIRC-106-021",
        "Reference": "Mahoney, 1989",
        "_featureIndex": 486
      },
      "geometry": {
        "type": "Point",
        "coordinates": [
          66.75,
          -20.57
        ]
      },
      "_featureIndex": 486
    },
    {
      "type": "Feature",
      "properties": {
        "Name": "ARGCIRC-106-A",
        "Reference": "Engel, 1975",
        "SiO2": "49.56",
        "87Sr/86Sr": "0.70304",
        "_featureIndex": 487
      },
      "geometry": {
        "type": "Point",
        "coordinates": [
          66.75,
          -20.57
        ]
      },
      "_featureIndex": 487
    },
    {
      "type": "Feature",
      "properties": {
        "Name": "ARGCIRC-106-B",
        "Reference": "Engel, 1975",
        "_featureIndex": 488
      },
      "geometry": {
        "type": "Point",
        "coordinates": [
          66.75,
          -20.57
        ]
      },
      "_featureIndex": 488
    },
    {
      "type": "Feature",
      "properties": {
        "Name": "DAR0127-R018",
        "Reference": "Murton, 2005",
        "SiO2": "50.7",
        "La": "5.9",
        "_featureIndex": 489
      },
      "geometry": {
        "type": "Point",
        "coordinates": [
          68.2,
          -20.6
        ]
      },
      "_featureIndex": 489
    },
    {
      "type": "Feature",
      "properties": {
        "Name": "ARGCIRC-105",
        "Reference": "Engel, 1975",
        "SiO2": "51.15",
        "87Sr/86Sr": "0.70296",
        "143Nd/144Nd": "0.513101",
        "_featureIndex": 490
      },
      "geometry": {
        "type": "Point",
        "coordinates": [
          68.62,
          -20.77
        ]
      },
      "_featureIndex": 490
    },
    {
      "type": "Feature",
      "properties": {
        "Name": "ARGCIRC-105-001",
        "Reference": "Melson, 2003",
        "SiO2": "50.59",
        "_featureIndex": 491
      },
      "geometry": {
        "type": "Point",
        "coordinates": [
          68.62,
          -20.77
        ]
      },
      "_featureIndex": 491
    },
    {
      "type": "Feature",
      "properties": {
        "Name": "ARGCIRC-105-002",
        "Reference": "Melson, 2003",
        "SiO2": "51.25",
        "_featureIndex": 492
      },
      "geometry": {
        "type": "Point",
        "coordinates": [
          68.62,
          -20.77
        ]
      },
      "_featureIndex": 492
    },
    {
      "type": "Feature",
      "properties": {
        "Name": "ARGCIRC-105-010",
        "Reference": "Melson, 2003",
        "SiO2": "50.68",
        "_featureIndex": 493
      },
      "geometry": {
        "type": "Point",
        "coordinates": [
          68.62,
          -20.77
        ]
      },
      "_featureIndex": 493
    },
    {
      "type": "Feature",
      "properties": {
        "Name": "ARGCIRC-105-011",
        "Reference": "Melson, 2003",
        "_featureIndex": 494
      },
      "geometry": {
        "type": "Point",
        "coordinates": [
          68.62,
          -20.77
        ]
      },
      "_featureIndex": 494
    },
    {
      "type": "Feature",
      "properties": {
        "Name": "SON0028-053",
        "Reference": "Rehkaemper, 1997",
        "La": "2.7",
        "87Sr/86Sr": "0.702752",
        "143Nd/144Nd": "0.51309",
        "206Pb/204Pb": "18.074",
        "207Pb/204Pb": "15.471",
        "208Pb/204Pb": "37.879",
        "_featureIndex": 495
      },
      "geometry": {
        "type": "Point",
        "coordinates": [
          68.76,
          -21.33
        ]
      },
      "_featureIndex": 495
    },
    {
      "type": "Feature",
      "properties": {
        "Name": "SON0028-046-003",
        "Reference": "Rehkaemper, 1997",
        "La": "2.7",
        "87Sr/86Sr": "0.702685",
        "143Nd/144Nd": "0.513064",
        "206Pb/204Pb": "18.034",
        "207Pb/204Pb": "15.445",
        "208Pb/204Pb": "37.772",
        "_featureIndex": 496
      },
      "geometry": {
        "type": "Point",
        "coordinates": [
          68.74,
          -21.36
        ]
      },
      "_featureIndex": 496
    },
    {
      "type": "Feature",
      "properties": {
        "Name": "SON0028-071",
        "Reference": "Rehkaemper, 1997",
        "La": "2.2",
        "87Sr/86Sr": "0.702723",
        "143Nd/144Nd": "0.51305",
        "206Pb/204Pb": "18.036",
        "207Pb/204Pb": "15.447",
        "208Pb/204Pb": "37.787",
        "_featureIndex": 497
      },
      "geometry": {
        "type": "Point",
        "coordinates": [
          68.78,
          -21.39
        ]
      },
      "_featureIndex": 497
    },
    {
      "type": "Feature",
      "properties": {
        "Name": "DUF0023-001",
        "Reference": "Chauvel, 2001",
        "La": "3.37",
        "_featureIndex": 498
      },
      "geometry": {
        "type": "Point",
        "coordinates": [
          69.112,
          -21.53
        ]
      },
      "_featureIndex": 498
    },
    {
      "type": "Feature",
      "properties": {
        "Name": "DUF0023-001-001",
        "Reference": "Michard, 1986",
        "La": "3.76",
        "87Sr/86Sr": "0.702851",
        "143Nd/144Nd": "0.513046",
        "206Pb/204Pb": "18.057",
        "207Pb/204Pb": "15.44",
        "208Pb/204Pb": "37.8",
        "_featureIndex": 499
      },
      "geometry": {
        "type": "Point",
        "coordinates": [
          69.112,
          -21.53
        ]
      },
      "_featureIndex": 499
    },
    {
      "type": "Feature",
      "properties": {
        "Name": "DUF0023-001-002",
        "Reference": "Salters, 1996",
        "143Nd/144Nd": "0.512985",
        "_featureIndex": 500
      },
      "geometry": {
        "type": "Point",
        "coordinates": [
          69.112,
          -21.53
        ]
      },
      "_featureIndex": 500
    },
    {
      "type": "Feature",
      "properties": {
        "Name": "DUF0057-001-009",
        "Reference": "Bezos, 2005",
        "SiO2": "50.61",
        "_featureIndex": 501
      },
      "geometry": {
        "type": "Point",
        "coordinates": [
          69.21,
          -21.75
        ]
      },
      "_featureIndex": 501
    },
    {
      "type": "Feature",
      "properties": {
        "Name": "ARGDODO-115-011",
        "Reference": "Melson, 2003",
        "SiO2": "51.26",
        "_featureIndex": 502
      },
      "geometry": {
        "type": "Point",
        "coordinates": [
          70.2,
          -24.067
        ]
      },
      "_featureIndex": 502
    },
    {
      "type": "Feature",
      "properties": {
        "Name": "ARGDODO-115-012",
        "Reference": "Melson, 2003",
        "SiO2": "51.1",
        "_featureIndex": 503
      },
      "geometry": {
        "type": "Point",
        "coordinates": [
          70.2,
          -24.067
        ]
      },
      "_featureIndex": 503
    },
    {
      "type": "Feature",
      "properties": {
        "Name": "ARGDODO-115-016",
        "Reference": "Melson, 2003",
        "SiO2": "51.43",
        "La": "3.969",
        "_featureIndex": 504
      },
      "geometry": {
        "type": "Point",
        "coordinates": [
          70.2,
          -24.067
        ]
      },
      "_featureIndex": 504
    },
    {
      "type": "Feature",
      "properties": {
        "Name": "ARGDODO-115-017",
        "Reference": "Melson, 2003",
        "SiO2": "51.23",
        "_featureIndex": 505
      },
      "geometry": {
        "type": "Point",
        "coordinates": [
          70.2,
          -24.067
        ]
      },
      "_featureIndex": 505
    },
    {
      "type": "Feature",
      "properties": {
        "Name": "ARGDODO-115-018",
        "Reference": "Melson, 2003",
        "SiO2": "51.72",
        "_featureIndex": 506
      },
      "geometry": {
        "type": "Point",
        "coordinates": [
          70.2,
          -24.067
        ]
      },
      "_featureIndex": 506
    },
    {
      "type": "Feature",
      "properties": {
        "Name": "ARGDODO-115-B",
        "Reference": "Engel, 1965",
        "SiO2": "49.62",
        "_featureIndex": 507
      },
      "geometry": {
        "type": "Point",
        "coordinates": [
          70.2,
          -24.067
        ]
      },
      "_featureIndex": 507
    },
    {
      "type": "Feature",
      "properties": {
        "Name": "ARGDODO-115-L",
        "Reference": "Engel, 1965",
        "SiO2": "48.77",
        "_featureIndex": 508
      },
      "geometry": {
        "type": "Point",
        "coordinates": [
          70.2,
          -24.067
        ]
      },
      "_featureIndex": 508
    },
    {
      "type": "Feature",
      "properties": {
        "Name": "ARGCIRC-107",
        "Reference": "Engel, 1975",
        "SiO2": "49.69",
        "143Nd/144Nd": "0.513007",
        "206Pb/204Pb": "17.898",
        "207Pb/204Pb": "15.467",
        "208Pb/204Pb": "37.839",
        "_featureIndex": 509
      },
      "geometry": {
        "type": "Point",
        "coordinates": [
          69.833,
          -24.35
        ]
      },
      "_featureIndex": 509
    },
    {
      "type": "Feature",
      "properties": {
        "Name": "ARGCIRC-107-001-VG5937",
        "Reference": "Melson, 2003",
        "SiO2": "50.42",
        "_featureIndex": 510
      },
      "geometry": {
        "type": "Point",
        "coordinates": [
          69.833,
          -24.35
        ]
      },
      "_featureIndex": 510
    },
    {
      "type": "Feature",
      "properties": {
        "Name": "ARGCIRC-107-001-VG5938",
        "Reference": "Melson, 2003",
        "SiO2": "50.07",
        "_featureIndex": 511
      },
      "geometry": {
        "type": "Point",
        "coordinates": [
          69.833,
          -24.35
        ]
      },
      "_featureIndex": 511
    },
    {
      "type": "Feature",
      "properties": {
        "Name": "ARGCIRC-107-002",
        "Reference": "Melson, 2003",
        "SiO2": "50.06",
        "_featureIndex": 512
      },
      "geometry": {
        "type": "Point",
        "coordinates": [
          69.833,
          -24.35
        ]
      },
      "_featureIndex": 512
    },
    {
      "type": "Feature",
      "properties": {
        "Name": "ARGCIRC-107-010",
        "Reference": "Melson, 2003",
        "SiO2": "49.63",
        "206Pb/204Pb": "17.955",
        "207Pb/204Pb": "15.491",
        "208Pb/204Pb": "37.916",
        "_featureIndex": 513
      },
      "geometry": {
        "type": "Point",
        "coordinates": [
          69.833,
          -24.35
        ]
      },
      "_featureIndex": 513
    },
    {
      "type": "Feature",
      "properties": {
        "Name": "ARGCIRC-107-011",
        "Reference": "Melson, 2003",
        "SiO2": "49.92",
        "87Sr/86Sr": "0.70305",
        "143Nd/144Nd": "0.513032",
        "_featureIndex": 514
      },
      "geometry": {
        "type": "Point",
        "coordinates": [
          69.833,
          -24.35
        ]
      },
      "_featureIndex": 514
    },
    {
      "type": "Feature",
      "properties": {
        "Name": "ARGCIRC-107-012",
        "Reference": "Melson, 2003",
        "SiO2": "50.9",
        "La": "2.8",
        "_featureIndex": 515
      },
      "geometry": {
        "type": "Point",
        "coordinates": [
          69.833,
          -24.35
        ]
      },
      "_featureIndex": 515
    },
    {
      "type": "Feature",
      "properties": {
        "Name": "ARGCIRC-107-013",
        "Reference": "Melson, 2003",
        "SiO2": "49.53",
        "_featureIndex": 516
      },
      "geometry": {
        "type": "Point",
        "coordinates": [
          69.833,
          -24.35
        ]
      },
      "_featureIndex": 516
    },
    {
      "type": "Feature",
      "properties": {
        "Name": "ARGCIRC-107-014",
        "Reference": "Melson, 2003",
        "SiO2": "49.53",
        "_featureIndex": 517
      },
      "geometry": {
        "type": "Point",
        "coordinates": [
          69.833,
          -24.35
        ]
      },
      "_featureIndex": 517
    },
    {
      "type": "Feature",
      "properties": {
        "Name": "AII0093-6-011-007",
        "Reference": "Price, 1986",
        "SiO2": "50.66",
        "La": "3.66",
        "87Sr/86Sr": "0.70319",
        "_featureIndex": 518
      },
      "geometry": {
        "type": "Point",
        "coordinates": [
          70.045,
          -24.675
        ]
      },
      "_featureIndex": 518
    },
    {
      "type": "Feature",
      "properties": {
        "Name": "AII0093-6-011-016",
        "Reference": "Price, 1986",
        "SiO2": "50.82",
        "La": "6.3",
        "87Sr/86Sr": "0.70322",
        "143Nd/144Nd": "0.51306",
        "206Pb/204Pb": "17.884",
        "207Pb/204Pb": "15.563",
        "208Pb/204Pb": "37.838",
        "_featureIndex": 519
      },
      "geometry": {
        "type": "Point",
        "coordinates": [
          70.045,
          -24.675
        ]
      },
      "_featureIndex": 519
    },
    {
      "type": "Feature",
      "properties": {
        "Name": "AII0093-6-010-001",
        "Reference": "Price, 1986",
        "SiO2": "51.13",
        "_featureIndex": 520
      },
      "geometry": {
        "type": "Point",
        "coordinates": [
          70.012,
          -24.98
        ]
      },
      "_featureIndex": 520
    },
    {
      "type": "Feature",
      "properties": {
        "Name": "AII0093-6-010-003",
        "Reference": "Price, 1986",
        "SiO2": "50.93",
        "La": "2.7",
        "87Sr/86Sr": "0.70304",
        "143Nd/144Nd": "0.51307",
        "206Pb/204Pb": "17.307",
        "207Pb/204Pb": "15.531",
        "208Pb/204Pb": "37.214",
        "_featureIndex": 521
      },
      "geometry": {
        "type": "Point",
        "coordinates": [
          70.012,
          -24.98
        ]
      },
      "_featureIndex": 521
    },
    {
      "type": "Feature",
      "properties": {
        "Name": "AII0093-6-010-005",
        "Reference": "Price, 1986",
        "SiO2": "51.03",
        "La": "2.7",
        "_featureIndex": 522
      },
      "geometry": {
        "type": "Point",
        "coordinates": [
          70.012,
          -24.98
        ]
      },
      "_featureIndex": 522
    },
    {
      "type": "Feature",
      "properties": {
        "Name": "AII0093-6-010-008",
        "Reference": "Price, 1986",
        "SiO2": "51.17",
        "_featureIndex": 523
      },
      "geometry": {
        "type": "Point",
        "coordinates": [
          70.012,
          -24.98
        ]
      },
      "_featureIndex": 523
    },
    {
      "type": "Feature",
      "properties": {
        "Name": "AII0093-6-010-050",
        "Reference": "Price, 1986",
        "SiO2": "51.76",
        "_featureIndex": 524
      },
      "geometry": {
        "type": "Point",
        "coordinates": [
          70.012,
          -24.98
        ]
      },
      "_featureIndex": 524
    },
    {
      "type": "Feature",
      "properties": {
        "Name": "AII0093-6-010-103",
        "Reference": "Newsom, 1986",
        "La": "2.8",
        "87Sr/86Sr": "0.703035",
        "143Nd/144Nd": "0.513083",
        "206Pb/204Pb": "17.325",
        "207Pb/204Pb": "15.456",
        "208Pb/204Pb": "37.287",
        "_featureIndex": 525
      },
      "geometry": {
        "type": "Point",
        "coordinates": [
          70.012,
          -24.98
        ]
      },
      "_featureIndex": 525
    }
  ]
}