{
  "type" : "FeatureCollection",
  "features" : [{"type":"Feature","id":0,"geometry":{"type":"Point","coordinates":[-87.159999999999997,28.831700000000009]},"properties":{"FID":0,"Fullname":"ODP 100-625-A","Leg":"100","Hole":"625A"}},{"type":"Feature","id":1,"geometry":{"type":"Point","coordinates":[-87.159999999999997,28.831700000000009]},"properties":{"FID":1,"Fullname":"ODP 100-625-B","Leg":"100","Hole":"625B"}},{"type":"Feature","id":2,"geometry":{"type":"Point","coordinates":[-87.159999999999997,28.831700000000009]},"properties":{"FID":2,"Fullname":"ODP 100-625-C","Leg":"100","Hole":"625C"}},{"type":"Feature","id":3,"geometry":{"type":"Point","coordinates":[-79.546800000000005,25.600000000000001]},"properties":{"FID":3,"Fullname":"ODP 101-626-A","Leg":"101","Hole":"626A"}},{"type":"Feature","id":4,"geometry":{"type":"Point","coordinates":[-79.546800000000005,25.6006]},"properties":{"FID":4,"Fullname":"ODP 101-626-B","Leg":"101","Hole":"626B"}},{"type":"Feature","id":5,"geometry":{"type":"Point","coordinates":[-79.546700000000001,25.600300000000001]},"properties":{"FID":5,"Fullname":"ODP 101-626-C","Leg":"101","Hole":"626C"}},{"type":"Feature","id":6,"geometry":{"type":"Point","coordinates":[-79.546800000000005,25.600300000000001]},"properties":{"FID":6,"Fullname":"ODP 101-626-D","Leg":"101","Hole":"626D"}},{"type":"Feature","id":7,"geometry":{"type":"Point","coordinates":[-78.294200000000004,27.635000000000002]},"properties":{"FID":7,"Fullname":"ODP 101-627-A","Leg":"101","Hole":"627A"}},{"type":"Feature","id":8,"geometry":{"type":"Point","coordinates":[-78.294200000000004,27.635000000000002]},"properties":{"FID":8,"Fullname":"ODP 101-627-B","Leg":"101","Hole":"627B"}},{"type":"Feature","id":9,"geometry":{"type":"Point","coordinates":[-78.315799999999996,27.530799999999999]},"properties":{"FID":9,"Fullname":"ODP 101-628-A","Leg":"101","Hole":"628A"}},{"type":"Feature","id":10,"geometry":{"type":"Point","coordinates":[-78.368300000000005,27.406500000000001]},"properties":{"FID":10,"Fullname":"ODP 101-629-A","Leg":"101","Hole":"629A"}},{"type":"Feature","id":11,"geometry":{"type":"Point","coordinates":[-78.340500000000006,27.449000000000002]},"properties":{"FID":11,"Fullname":"ODP 101-630-A","Leg":"101","Hole":"630A"}},{"type":"Feature","id":12,"geometry":{"type":"Point","coordinates":[-78.340500000000006,27.449000000000002]},"properties":{"FID":12,"Fullname":"ODP 101-630-B","Leg":"101","Hole":"630B"}},{"type":"Feature","id":13,"geometry":{"type":"Point","coordinates":[-78.340500000000006,27.449000000000002]},"properties":{"FID":13,"Fullname":"ODP 101-630-C","Leg":"101","Hole":"630C"}},{"type":"Feature","id":14,"geometry":{"type":"Point","coordinates":[-75.742699999999999,23.5867]},"properties":{"FID":14,"Fullname":"ODP 101-631-A","Leg":"101","Hole":"631A"}},{"type":"Feature","id":15,"geometry":{"type":"Point","coordinates":[-75.435500000000005,23.840699999999998]},"properties":{"FID":15,"Fullname":"ODP 101-632-A","Leg":"101","Hole":"632A"}},{"type":"Feature","id":16,"geometry":{"type":"Point","coordinates":[-75.435500000000005,23.840699999999998]},"properties":{"FID":16,"Fullname":"ODP 101-632-B","Leg":"101","Hole":"632B"}},{"type":"Feature","id":17,"geometry":{"type":"Point","coordinates":[-75.623500000000007,23.688500000000001]},"properties":{"FID":17,"Fullname":"ODP 101-633-A","Leg":"101","Hole":"633A"}},{"type":"Feature","id":18,"geometry":{"type":"Point","coordinates":[-77.314700000000002,25.383700000000001]},"properties":{"FID":18,"Fullname":"ODP 101-634-A","Leg":"101","Hole":"634A"}},{"type":"Feature","id":19,"geometry":{"type":"Point","coordinates":[-77.331999999999994,25.418800000000001]},"properties":{"FID":19,"Fullname":"ODP 101-635-A","Leg":"101","Hole":"635A"}},{"type":"Feature","id":20,"geometry":{"type":"Point","coordinates":[-77.332999999999998,25.419699999999999]},"properties":{"FID":20,"Fullname":"ODP 101-635-B","Leg":"101","Hole":"635B"}},{"type":"Feature","id":21,"geometry":{"type":"Point","coordinates":[-77.305800000000005,25.418500000000002]},"properties":{"FID":21,"Fullname":"ODP 101-636-A","Leg":"101","Hole":"636A"}},{"type":"Feature","id":22,"geometry":{"type":"Point","coordinates":[-12.863300000000001,42.088299999999997]},"properties":{"FID":22,"Fullname":"ODP 103-637-A","Leg":"103","Hole":"637A"}},{"type":"Feature","id":23,"geometry":{"type":"Point","coordinates":[-12.1967,42.153300000000002]},"properties":{"FID":23,"Fullname":"ODP 103-638-A","Leg":"103","Hole":"638A"}},{"type":"Feature","id":24,"geometry":{"type":"Point","coordinates":[-12.1967,42.153300000000002]},"properties":{"FID":24,"Fullname":"ODP 103-638-B","Leg":"103","Hole":"638B"}},{"type":"Feature","id":25,"geometry":{"type":"Point","coordinates":[-12.1967,42.153300000000002]},"properties":{"FID":25,"Fullname":"ODP 103-638-C","Leg":"103","Hole":"638C"}},{"type":"Feature","id":26,"geometry":{"type":"Point","coordinates":[-12.2483,42.143300000000004]},"properties":{"FID":26,"Fullname":"ODP 103-639-A","Leg":"103","Hole":"639A"}},{"type":"Feature","id":27,"geometry":{"type":"Point","coordinates":[-12.25,42.143300000000004]},"properties":{"FID":27,"Fullname":"ODP 103-639-B","Leg":"103","Hole":"639B"}},{"type":"Feature","id":28,"geometry":{"type":"Point","coordinates":[-12.2517,42.143300000000004]},"properties":{"FID":28,"Fullname":"ODP 103-639-C","Leg":"103","Hole":"639C"}},{"type":"Feature","id":29,"geometry":{"type":"Point","coordinates":[-12.255000000000001,42.143300000000004]},"properties":{"FID":29,"Fullname":"ODP 103-639-D","Leg":"103","Hole":"639D"}},{"type":"Feature","id":30,"geometry":{"type":"Point","coordinates":[-12.2567,42.143300000000004]},"properties":{"FID":30,"Fullname":"ODP 103-639-E","Leg":"103","Hole":"639E"}},{"type":"Feature","id":31,"geometry":{"type":"Point","coordinates":[-12.2583,42.143300000000004]},"properties":{"FID":31,"Fullname":"ODP 103-639-F","Leg":"103","Hole":"639F"}},{"type":"Feature","id":32,"geometry":{"type":"Point","coordinates":[-12.4633,42.0167]},"properties":{"FID":32,"Fullname":"ODP 103-640-A","Leg":"103","Hole":"640A"}},{"type":"Feature","id":33,"geometry":{"type":"Point","coordinates":[-12.181699999999999,42.155000000000001]},"properties":{"FID":33,"Fullname":"ODP 103-641-A","Leg":"103","Hole":"641A"}},{"type":"Feature","id":34,"geometry":{"type":"Point","coordinates":[-12.181699999999999,42.155000000000001]},"properties":{"FID":34,"Fullname":"ODP 103-641-B","Leg":"103","Hole":"641B"}},{"type":"Feature","id":35,"geometry":{"type":"Point","coordinates":[-12.181699999999999,42.155000000000001]},"properties":{"FID":35,"Fullname":"ODP 103-641-C","Leg":"103","Hole":"641C"}},{"type":"Feature","id":36,"geometry":{"type":"Point","coordinates":[2.9283000000000001,67.224999999999994]},"properties":{"FID":36,"Fullname":"ODP 104-642-A","Leg":"104","Hole":"642A"}},{"type":"Feature","id":37,"geometry":{"type":"Point","coordinates":[2.9283000000000001,67.224999999999994]},"properties":{"FID":37,"Fullname":"ODP 104-642-B","Leg":"104","Hole":"642B"}},{"type":"Feature","id":38,"geometry":{"type":"Point","coordinates":[2.930000000000001,67.219999999999999]},"properties":{"FID":38,"Fullname":"ODP 104-642-C","Leg":"104","Hole":"642C"}},{"type":"Feature","id":39,"geometry":{"type":"Point","coordinates":[2.930000000000001,67.219999999999999]},"properties":{"FID":39,"Fullname":"ODP 104-642-D","Leg":"104","Hole":"642D"}},{"type":"Feature","id":40,"geometry":{"type":"Point","coordinates":[2.930000000000001,67.219999999999999]},"properties":{"FID":40,"Fullname":"ODP 104-642-E","Leg":"104","Hole":"642E"}},{"type":"Feature","id":41,"geometry":{"type":"Point","coordinates":[1.0333000000000001,67.715000000000003]},"properties":{"FID":41,"Fullname":"ODP 104-643-A","Leg":"104","Hole":"643A"}},{"type":"Feature","id":42,"geometry":{"type":"Point","coordinates":[4.5766999999999998,66.678299999999993]},"properties":{"FID":42,"Fullname":"ODP 104-644-A","Leg":"104","Hole":"644A"}},{"type":"Feature","id":43,"geometry":{"type":"Point","coordinates":[4.5766999999999998,66.678299999999993]},"properties":{"FID":43,"Fullname":"ODP 104-644-B","Leg":"104","Hole":"644B"}},{"type":"Feature","id":44,"geometry":{"type":"Point","coordinates":[-64.654300000000006,70.4572]},"properties":{"FID":44,"Fullname":"ODP 105-645-A","Leg":"105","Hole":"645A"}},{"type":"Feature","id":45,"geometry":{"type":"Point","coordinates":[-64.654300000000006,70.4572]},"properties":{"FID":45,"Fullname":"ODP 105-645-B","Leg":"105","Hole":"645B"}},{"type":"Feature","id":46,"geometry":{"type":"Point","coordinates":[-64.654300000000006,70.4572]},"properties":{"FID":46,"Fullname":"ODP 105-645-C","Leg":"105","Hole":"645C"}},{"type":"Feature","id":47,"geometry":{"type":"Point","coordinates":[-64.656199999999998,70.4572]},"properties":{"FID":47,"Fullname":"ODP 105-645-D","Leg":"105","Hole":"645D"}},{"type":"Feature","id":48,"geometry":{"type":"Point","coordinates":[-64.655000000000001,70.457999999999998]},"properties":{"FID":48,"Fullname":"ODP 105-645-E","Leg":"105","Hole":"645E"}},{"type":"Feature","id":49,"geometry":{"type":"Point","coordinates":[-64.654799999999994,70.457999999999998]},"properties":{"FID":49,"Fullname":"ODP 105-645-F","Leg":"105","Hole":"645F"}},{"type":"Feature","id":50,"geometry":{"type":"Point","coordinates":[-64.654799999999994,70.457999999999998]},"properties":{"FID":50,"Fullname":"ODP 105-645-G","Leg":"105","Hole":"645G"}},{"type":"Feature","id":51,"geometry":{"type":"Point","coordinates":[-48.369100000000003,58.209299999999999]},"properties":{"FID":51,"Fullname":"ODP 105-646-A","Leg":"105","Hole":"646A"}},{"type":"Feature","id":52,"geometry":{"type":"Point","coordinates":[-48.369100000000003,58.209299999999999]},"properties":{"FID":52,"Fullname":"ODP 105-646-B","Leg":"105","Hole":"646B"}},{"type":"Feature","id":53,"geometry":{"type":"Point","coordinates":[-45.262,53.331300000000013]},"properties":{"FID":53,"Fullname":"ODP 105-647-A","Leg":"105","Hole":"647A"}},{"type":"Feature","id":54,"geometry":{"type":"Point","coordinates":[-45.262,53.331300000000013]},"properties":{"FID":54,"Fullname":"ODP 105-647-B","Leg":"105","Hole":"647B"}},{"type":"Feature","id":55,"geometry":{"type":"Point","coordinates":[-44.947200000000002,22.921800000000001]},"properties":{"FID":55,"Fullname":"ODP 106-648-A","Leg":"106","Hole":"648A"}},{"type":"Feature","id":56,"geometry":{"type":"Point","coordinates":[-44.947099999999999,22.922000000000001]},"properties":{"FID":56,"Fullname":"ODP 106-648-B","Leg":"106","Hole":"648B"}},{"type":"Feature","id":57,"geometry":{"type":"Point","coordinates":[-44.950699999999998,23.369]},"properties":{"FID":57,"Fullname":"ODP 106-649-A","Leg":"106","Hole":"649A"}},{"type":"Feature","id":58,"geometry":{"type":"Point","coordinates":[-44.950699999999998,23.369]},"properties":{"FID":58,"Fullname":"ODP 106-649-B","Leg":"106","Hole":"649B"}},{"type":"Feature","id":59,"geometry":{"type":"Point","coordinates":[-44.950699999999998,23.369]},"properties":{"FID":59,"Fullname":"ODP 106-649-C","Leg":"106","Hole":"649C"}},{"type":"Feature","id":60,"geometry":{"type":"Point","coordinates":[-44.950699999999998,23.369]},"properties":{"FID":60,"Fullname":"ODP 106-649-D","Leg":"106","Hole":"649D"}},{"type":"Feature","id":61,"geometry":{"type":"Point","coordinates":[-44.950699999999998,23.369]},"properties":{"FID":61,"Fullname":"ODP 106-649-E","Leg":"106","Hole":"649E"}},{"type":"Feature","id":62,"geometry":{"type":"Point","coordinates":[-44.950699999999998,23.369]},"properties":{"FID":62,"Fullname":"ODP 106-649-F","Leg":"106","Hole":"649F"}},{"type":"Feature","id":63,"geometry":{"type":"Point","coordinates":[-44.9512,23.369299999999999]},"properties":{"FID":63,"Fullname":"ODP 106-649-G","Leg":"106","Hole":"649G"}},{"type":"Feature","id":64,"geometry":{"type":"Point","coordinates":[-44.9512,23.369299999999999]},"properties":{"FID":64,"Fullname":"ODP 106-649-H","Leg":"106","Hole":"649H"}},{"type":"Feature","id":65,"geometry":{"type":"Point","coordinates":[-44.9512,23.369299999999999]},"properties":{"FID":65,"Fullname":"ODP 106-649-I","Leg":"106","Hole":"649I"}},{"type":"Feature","id":66,"geometry":{"type":"Point","coordinates":[-44.9512,23.369299999999999]},"properties":{"FID":66,"Fullname":"ODP 106-649-J","Leg":"106","Hole":"649J"}},{"type":"Feature","id":67,"geometry":{"type":"Point","coordinates":[13.9008,39.356699999999996]},"properties":{"FID":67,"Fullname":"ODP 107-650-A","Leg":"107","Hole":"650A"}},{"type":"Feature","id":68,"geometry":{"type":"Point","coordinates":[13.9008,39.356699999999996]},"properties":{"FID":68,"Fullname":"ODP 107-650-B","Leg":"107","Hole":"650B"}},{"type":"Feature","id":69,"geometry":{"type":"Point","coordinates":[12.756500000000001,40.150500000000001]},"properties":{"FID":69,"Fullname":"ODP 107-651-A","Leg":"107","Hole":"651A"}},{"type":"Feature","id":70,"geometry":{"type":"Point","coordinates":[12.1432,40.354999999999997]},"properties":{"FID":70,"Fullname":"ODP 107-652-A","Leg":"107","Hole":"652A"}},{"type":"Feature","id":71,"geometry":{"type":"Point","coordinates":[11.4498,40.264299999999999]},"properties":{"FID":71,"Fullname":"ODP 107-653-A","Leg":"107","Hole":"653A"}},{"type":"Feature","id":72,"geometry":{"type":"Point","coordinates":[11.449199999999999,40.264299999999999]},"properties":{"FID":72,"Fullname":"ODP 107-653-B","Leg":"107","Hole":"653B"}},{"type":"Feature","id":73,"geometry":{"type":"Point","coordinates":[10.6967,40.579300000000003]},"properties":{"FID":73,"Fullname":"ODP 107-654-A","Leg":"107","Hole":"654A"}},{"type":"Feature","id":74,"geometry":{"type":"Point","coordinates":[12.465299999999999,40.172199999999997]},"properties":{"FID":74,"Fullname":"ODP 107-655-A","Leg":"107","Hole":"655A"}},{"type":"Feature","id":75,"geometry":{"type":"Point","coordinates":[12.4655,40.188699999999997]},"properties":{"FID":75,"Fullname":"ODP 107-655-B","Leg":"107","Hole":"655B"}},{"type":"Feature","id":76,"geometry":{"type":"Point","coordinates":[12.1838,40.184399999999997]},"properties":{"FID":76,"Fullname":"ODP 107-656-A","Leg":"107","Hole":"656A"}},{"type":"Feature","id":77,"geometry":{"type":"Point","coordinates":[12.190799999999999,40.184800000000003]},"properties":{"FID":77,"Fullname":"ODP 107-656-B","Leg":"107","Hole":"656B"}},{"type":"Feature","id":78,"geometry":{"type":"Point","coordinates":[-20.948799999999999,21.331499999999998]},"properties":{"FID":78,"Fullname":"ODP 108-657-A","Leg":"108","Hole":"657A"}},{"type":"Feature","id":79,"geometry":{"type":"Point","coordinates":[-20.948799999999999,21.331499999999998]},"properties":{"FID":79,"Fullname":"ODP 108-657-B","Leg":"108","Hole":"657B"}},{"type":"Feature","id":80,"geometry":{"type":"Point","coordinates":[-18.5808,20.749199999999998]},"properties":{"FID":80,"Fullname":"ODP 108-658-A","Leg":"108","Hole":"658A"}},{"type":"Feature","id":81,"geometry":{"type":"Point","coordinates":[-18.5808,20.749199999999998]},"properties":{"FID":81,"Fullname":"ODP 108-658-B","Leg":"108","Hole":"658B"}},{"type":"Feature","id":82,"geometry":{"type":"Point","coordinates":[-18.5808,20.749199999999998]},"properties":{"FID":82,"Fullname":"ODP 108-658-C","Leg":"108","Hole":"658C"}},{"type":"Feature","id":83,"geometry":{"type":"Point","coordinates":[-21.026199999999999,18.077200000000001]},"properties":{"FID":83,"Fullname":"ODP 108-659-A","Leg":"108","Hole":"659A"}},{"type":"Feature","id":84,"geometry":{"type":"Point","coordinates":[-21.026199999999999,18.077200000000001]},"properties":{"FID":84,"Fullname":"ODP 108-659-B","Leg":"108","Hole":"659B"}},{"type":"Feature","id":85,"geometry":{"type":"Point","coordinates":[-21.026199999999999,18.077200000000001]},"properties":{"FID":85,"Fullname":"ODP 108-659-C","Leg":"108","Hole":"659C"}},{"type":"Feature","id":86,"geometry":{"type":"Point","coordinates":[-19.2456,10.013500000000001]},"properties":{"FID":86,"Fullname":"ODP 108-660-A","Leg":"108","Hole":"660A"}},{"type":"Feature","id":87,"geometry":{"type":"Point","coordinates":[-19.2456,10.013500000000001]},"properties":{"FID":87,"Fullname":"ODP 108-660-B","Leg":"108","Hole":"660B"}},{"type":"Feature","id":88,"geometry":{"type":"Point","coordinates":[-19.386099999999999,9.4467999999999996]},"properties":{"FID":88,"Fullname":"ODP 108-661-A","Leg":"108","Hole":"661A"}},{"type":"Feature","id":89,"geometry":{"type":"Point","coordinates":[-19.386099999999999,9.4467999999999996]},"properties":{"FID":89,"Fullname":"ODP 108-661-B","Leg":"108","Hole":"661B"}},{"type":"Feature","id":90,"geometry":{"type":"Point","coordinates":[-11.7392,-1.3902000000000001]},"properties":{"FID":90,"Fullname":"ODP 108-662-A","Leg":"108","Hole":"662A"}},{"type":"Feature","id":91,"geometry":{"type":"Point","coordinates":[-11.7392,-1.3902000000000001]},"properties":{"FID":91,"Fullname":"ODP 108-662-B","Leg":"108","Hole":"662B"}},{"type":"Feature","id":92,"geometry":{"type":"Point","coordinates":[-11.878500000000001,-1.1978]},"properties":{"FID":92,"Fullname":"ODP 108-663-A","Leg":"108","Hole":"663A"}},{"type":"Feature","id":93,"geometry":{"type":"Point","coordinates":[-11.878500000000001,-1.1978]},"properties":{"FID":93,"Fullname":"ODP 108-663-B","Leg":"108","Hole":"663B"}},{"type":"Feature","id":94,"geometry":{"type":"Point","coordinates":[-23.227499999999999,0.10730000000000001]},"properties":{"FID":94,"Fullname":"ODP 108-664-A","Leg":"108","Hole":"664A"}},{"type":"Feature","id":95,"geometry":{"type":"Point","coordinates":[-23.227499999999999,0.10730000000000001]},"properties":{"FID":95,"Fullname":"ODP 108-664-B","Leg":"108","Hole":"664B"}},{"type":"Feature","id":96,"geometry":{"type":"Point","coordinates":[-23.227499999999999,0.10730000000000001]},"properties":{"FID":96,"Fullname":"ODP 108-664-C","Leg":"108","Hole":"664C"}},{"type":"Feature","id":97,"geometry":{"type":"Point","coordinates":[-23.227499999999999,0.10730000000000001]},"properties":{"FID":97,"Fullname":"ODP 108-664-D","Leg":"108","Hole":"664D"}},{"type":"Feature","id":98,"geometry":{"type":"Point","coordinates":[-19.6678,2.9512]},"properties":{"FID":98,"Fullname":"ODP 108-665-A","Leg":"108","Hole":"665A"}},{"type":"Feature","id":99,"geometry":{"type":"Point","coordinates":[-19.6678,2.9512]},"properties":{"FID":99,"Fullname":"ODP 108-665-B","Leg":"108","Hole":"665B"}},{"type":"Feature","id":100,"geometry":{"type":"Point","coordinates":[-20.167200000000001,3.4973000000000001]},"properties":{"FID":100,"Fullname":"ODP 108-666-A","Leg":"108","Hole":"666A"}},{"type":"Feature","id":101,"geometry":{"type":"Point","coordinates":[-21.911300000000001,4.5692000000000004]},"properties":{"FID":101,"Fullname":"ODP 108-667-A","Leg":"108","Hole":"667A"}},{"type":"Feature","id":102,"geometry":{"type":"Point","coordinates":[-21.911300000000001,4.5692000000000004]},"properties":{"FID":102,"Fullname":"ODP 108-667-B","Leg":"108","Hole":"667B"}},{"type":"Feature","id":103,"geometry":{"type":"Point","coordinates":[-20.927,4.7686999999999999]},"properties":{"FID":103,"Fullname":"ODP 108-668-A","Leg":"108","Hole":"668A"}},{"type":"Feature","id":104,"geometry":{"type":"Point","coordinates":[-20.927,4.7686999999999999]},"properties":{"FID":104,"Fullname":"ODP 108-668-B","Leg":"108","Hole":"668B"}},{"type":"Feature","id":105,"geometry":{"type":"Point","coordinates":[-44.947099999999999,22.922000000000001]},"properties":{"FID":105,"Fullname":"ODP 109-648-B","Leg":"109","Hole":"648B"}},{"type":"Feature","id":106,"geometry":{"type":"Point","coordinates":[-45.0458,23.516999999999999]},"properties":{"FID":106,"Fullname":"ODP 109-669-A","Leg":"109","Hole":"669A"}},{"type":"Feature","id":107,"geometry":{"type":"Point","coordinates":[-45.032200000000003,23.166599999999999]},"properties":{"FID":107,"Fullname":"ODP 109-670-A","Leg":"109","Hole":"670A"}},{"type":"Feature","id":108,"geometry":{"type":"Point","coordinates":[-58.732500000000009,15.5258]},"properties":{"FID":108,"Fullname":"ODP 110-671-A","Leg":"110","Hole":"671A"}},{"type":"Feature","id":109,"geometry":{"type":"Point","coordinates":[-58.732500000000009,15.5258]},"properties":{"FID":109,"Fullname":"ODP 110-671-B","Leg":"110","Hole":"671B"}},{"type":"Feature","id":110,"geometry":{"type":"Point","coordinates":[-58.732799999999997,15.528]},"properties":{"FID":110,"Fullname":"ODP 110-671-C","Leg":"110","Hole":"671C"}},{"type":"Feature","id":111,"geometry":{"type":"Point","coordinates":[-58.731299999999997,15.524699999999999]},"properties":{"FID":111,"Fullname":"ODP 110-671-D","Leg":"110","Hole":"671D"}},{"type":"Feature","id":112,"geometry":{"type":"Point","coordinates":[-58.640999999999998,15.539999999999999]},"properties":{"FID":112,"Fullname":"ODP 110-672-A","Leg":"110","Hole":"672A"}},{"type":"Feature","id":113,"geometry":{"type":"Point","coordinates":[-58.810000000000002,15.531700000000001]},"properties":{"FID":113,"Fullname":"ODP 110-673-A","Leg":"110","Hole":"673A"}},{"type":"Feature","id":114,"geometry":{"type":"Point","coordinates":[-58.641500000000001,15.532]},"properties":{"FID":114,"Fullname":"ODP 110-673-B","Leg":"110","Hole":"673B"}},{"type":"Feature","id":115,"geometry":{"type":"Point","coordinates":[-58.851499999999987,15.5382]},"properties":{"FID":115,"Fullname":"ODP 110-674-A","Leg":"110","Hole":"674A"}},{"type":"Feature","id":116,"geometry":{"type":"Point","coordinates":[-58.716800000000013,15.529500000000001]},"properties":{"FID":116,"Fullname":"ODP 110-675-A","Leg":"110","Hole":"675A"}},{"type":"Feature","id":117,"geometry":{"type":"Point","coordinates":[-58.703299999999992,15.530799999999999]},"properties":{"FID":117,"Fullname":"ODP 110-676-A","Leg":"110","Hole":"676A"}},{"type":"Feature","id":118,"geometry":{"type":"Point","coordinates":[-83.7303,1.2269000000000001]},"properties":{"FID":118,"Fullname":"ODP 111-504-B","Leg":"111","Hole":"504B"}},{"type":"Feature","id":119,"geometry":{"type":"Point","coordinates":[-83.736999999999995,1.2022999999999999]},"properties":{"FID":119,"Fullname":"ODP 111-677-A","Leg":"111","Hole":"677A"}},{"type":"Feature","id":120,"geometry":{"type":"Point","coordinates":[-83.736999999999995,1.2023999999999999]},"properties":{"FID":120,"Fullname":"ODP 111-677-B","Leg":"111","Hole":"677B"}},{"type":"Feature","id":121,"geometry":{"type":"Point","coordinates":[-83.723200000000006,1.2168000000000001]},"properties":{"FID":121,"Fullname":"ODP 111-678-A","Leg":"111","Hole":"678A"}},{"type":"Feature","id":122,"geometry":{"type":"Point","coordinates":[-83.723200000000006,1.2168000000000001]},"properties":{"FID":122,"Fullname":"ODP 111-678-B","Leg":"111","Hole":"678B"}},{"type":"Feature","id":123,"geometry":{"type":"Point","coordinates":[-78.265299999999996,-11.0587]},"properties":{"FID":123,"Fullname":"ODP 112-679-A","Leg":"112","Hole":"679A"}},{"type":"Feature","id":124,"geometry":{"type":"Point","coordinates":[-78.272300000000001,-11.0633]},"properties":{"FID":124,"Fullname":"ODP 112-679-B","Leg":"112","Hole":"679B"}},{"type":"Feature","id":125,"geometry":{"type":"Point","coordinates":[-78.272199999999998,-11.063499999999999]},"properties":{"FID":125,"Fullname":"ODP 112-679-C","Leg":"112","Hole":"679C"}},{"type":"Feature","id":126,"geometry":{"type":"Point","coordinates":[-78.272199999999998,-11.063800000000001]},"properties":{"FID":126,"Fullname":"ODP 112-679-D","Leg":"112","Hole":"679D"}},{"type":"Feature","id":127,"geometry":{"type":"Point","coordinates":[-78.272300000000001,-11.063000000000001]},"properties":{"FID":127,"Fullname":"ODP 112-679-E","Leg":"112","Hole":"679E"}},{"type":"Feature","id":128,"geometry":{"type":"Point","coordinates":[-78.077799999999996,-11.065]},"properties":{"FID":128,"Fullname":"ODP 112-680-A","Leg":"112","Hole":"680A"}},{"type":"Feature","id":129,"geometry":{"type":"Point","coordinates":[-78.077799999999996,-11.065]},"properties":{"FID":129,"Fullname":"ODP 112-680-B","Leg":"112","Hole":"680B"}},{"type":"Feature","id":130,"geometry":{"type":"Point","coordinates":[-78.077799999999996,-11.065]},"properties":{"FID":130,"Fullname":"ODP 112-680-C","Leg":"112","Hole":"680C"}},{"type":"Feature","id":131,"geometry":{"type":"Point","coordinates":[-77.957700000000003,-10.976699999999999]},"properties":{"FID":131,"Fullname":"ODP 112-681-A","Leg":"112","Hole":"681A"}},{"type":"Feature","id":132,"geometry":{"type":"Point","coordinates":[-77.957700000000003,-10.976699999999999]},"properties":{"FID":132,"Fullname":"ODP 112-681-B","Leg":"112","Hole":"681B"}},{"type":"Feature","id":133,"geometry":{"type":"Point","coordinates":[-77.957700000000003,-10.976699999999999]},"properties":{"FID":133,"Fullname":"ODP 112-681-C","Leg":"112","Hole":"681C"}},{"type":"Feature","id":134,"geometry":{"type":"Point","coordinates":[-79.062200000000004,-11.266500000000001]},"properties":{"FID":134,"Fullname":"ODP 112-682-A","Leg":"112","Hole":"682A"}},{"type":"Feature","id":135,"geometry":{"type":"Point","coordinates":[-80.406700000000001,-9.0282]},"properties":{"FID":135,"Fullname":"ODP 112-683-A","Leg":"112","Hole":"683A"}},{"type":"Feature","id":136,"geometry":{"type":"Point","coordinates":[-80.404300000000006,-9.0265000000000004]},"properties":{"FID":136,"Fullname":"ODP 112-683-B","Leg":"112","Hole":"683B"}},{"type":"Feature","id":137,"geometry":{"type":"Point","coordinates":[-79.955799999999996,-8.9915000000000003]},"properties":{"FID":137,"Fullname":"ODP 112-684-A","Leg":"112","Hole":"684A"}},{"type":"Feature","id":138,"geometry":{"type":"Point","coordinates":[-79.955799999999996,-8.9915000000000003]},"properties":{"FID":138,"Fullname":"ODP 112-684-B","Leg":"112","Hole":"684B"}},{"type":"Feature","id":139,"geometry":{"type":"Point","coordinates":[-79.955799999999996,-8.9915000000000003]},"properties":{"FID":139,"Fullname":"ODP 112-684-C","Leg":"112","Hole":"684C"}},{"type":"Feature","id":140,"geometry":{"type":"Point","coordinates":[-80.583500000000001,-9.1129999999999995]},"properties":{"FID":140,"Fullname":"ODP 112-685-A","Leg":"112","Hole":"685A"}},{"type":"Feature","id":141,"geometry":{"type":"Point","coordinates":[-76.891499999999994,-13.4802]},"properties":{"FID":141,"Fullname":"ODP 112-686-A","Leg":"112","Hole":"686A"}},{"type":"Feature","id":142,"geometry":{"type":"Point","coordinates":[-76.891499999999994,-13.4802]},"properties":{"FID":142,"Fullname":"ODP 112-686-B","Leg":"112","Hole":"686B"}},{"type":"Feature","id":143,"geometry":{"type":"Point","coordinates":[-76.990499999999997,-12.863]},"properties":{"FID":143,"Fullname":"ODP 112-687-A","Leg":"112","Hole":"687A"}},{"type":"Feature","id":144,"geometry":{"type":"Point","coordinates":[-76.990499999999997,-12.863]},"properties":{"FID":144,"Fullname":"ODP 112-687-B","Leg":"112","Hole":"687B"}},{"type":"Feature","id":145,"geometry":{"type":"Point","coordinates":[-78.942800000000005,-11.537699999999999]},"properties":{"FID":145,"Fullname":"ODP 112-688-A","Leg":"112","Hole":"688A"}},{"type":"Feature","id":146,"geometry":{"type":"Point","coordinates":[-78.942800000000005,-11.537699999999999]},"properties":{"FID":146,"Fullname":"ODP 112-688-B","Leg":"112","Hole":"688B"}},{"type":"Feature","id":147,"geometry":{"type":"Point","coordinates":[-78.942800000000005,-11.537699999999999]},"properties":{"FID":147,"Fullname":"ODP 112-688-C","Leg":"112","Hole":"688C"}},{"type":"Feature","id":148,"geometry":{"type":"Point","coordinates":[-78.942800000000005,-11.537699999999999]},"properties":{"FID":148,"Fullname":"ODP 112-688-D","Leg":"112","Hole":"688D"}},{"type":"Feature","id":149,"geometry":{"type":"Point","coordinates":[-78.944199999999995,-11.538]},"properties":{"FID":149,"Fullname":"ODP 112-688-E","Leg":"112","Hole":"688E"}},{"type":"Feature","id":150,"geometry":{"type":"Point","coordinates":[3.0998999999999999,-64.516999999999996]},"properties":{"FID":150,"Fullname":"ODP 113-689-A","Leg":"113","Hole":"689A"}},{"type":"Feature","id":151,"geometry":{"type":"Point","coordinates":[3.0998999999999999,-64.516999999999996]},"properties":{"FID":151,"Fullname":"ODP 113-689-B","Leg":"113","Hole":"689B"}},{"type":"Feature","id":152,"geometry":{"type":"Point","coordinates":[3.1004,-64.516999999999996]},"properties":{"FID":152,"Fullname":"ODP 113-689-C","Leg":"113","Hole":"689C"}},{"type":"Feature","id":153,"geometry":{"type":"Point","coordinates":[3.1004,-64.516999999999996]},"properties":{"FID":153,"Fullname":"ODP 113-689-D","Leg":"113","Hole":"689D"}},{"type":"Feature","id":154,"geometry":{"type":"Point","coordinates":[1.2049000000000001,-65.160499999999999]},"properties":{"FID":154,"Fullname":"ODP 113-690-A","Leg":"113","Hole":"690A"}},{"type":"Feature","id":155,"geometry":{"type":"Point","coordinates":[1.2049000000000001,-65.160499999999999]},"properties":{"FID":155,"Fullname":"ODP 113-690-B","Leg":"113","Hole":"690B"}},{"type":"Feature","id":156,"geometry":{"type":"Point","coordinates":[1.2047000000000001,-65.160300000000007]},"properties":{"FID":156,"Fullname":"ODP 113-690-C","Leg":"113","Hole":"690C"}},{"type":"Feature","id":157,"geometry":{"type":"Point","coordinates":[-13.811,-70.742000000000004]},"properties":{"FID":157,"Fullname":"ODP 113-691-A","Leg":"113","Hole":"691A"}},{"type":"Feature","id":158,"geometry":{"type":"Point","coordinates":[-13.8093,-70.744]},"properties":{"FID":158,"Fullname":"ODP 113-691-B","Leg":"113","Hole":"691B"}},{"type":"Feature","id":159,"geometry":{"type":"Point","coordinates":[-13.811299999999999,-70.742999999999995]},"properties":{"FID":159,"Fullname":"ODP 113-691-C","Leg":"113","Hole":"691C"}},{"type":"Feature","id":160,"geometry":{"type":"Point","coordinates":[-13.8201,-70.724100000000007]},"properties":{"FID":160,"Fullname":"ODP 113-692-A","Leg":"113","Hole":"692A"}},{"type":"Feature","id":161,"geometry":{"type":"Point","coordinates":[-13.819900000000001,-70.7239]},"properties":{"FID":161,"Fullname":"ODP 113-692-B","Leg":"113","Hole":"692B"}},{"type":"Feature","id":162,"geometry":{"type":"Point","coordinates":[-14.573499999999999,-70.831500000000005]},"properties":{"FID":162,"Fullname":"ODP 113-693-A","Leg":"113","Hole":"693A"}},{"type":"Feature","id":163,"geometry":{"type":"Point","coordinates":[-14.574400000000001,-70.831500000000005]},"properties":{"FID":163,"Fullname":"ODP 113-693-B","Leg":"113","Hole":"693B"}},{"type":"Feature","id":164,"geometry":{"type":"Point","coordinates":[-33.4465,-66.846999999999994]},"properties":{"FID":164,"Fullname":"ODP 113-694-A","Leg":"113","Hole":"694A"}},{"type":"Feature","id":165,"geometry":{"type":"Point","coordinates":[-33.447099999999999,-66.846999999999994]},"properties":{"FID":165,"Fullname":"ODP 113-694-B","Leg":"113","Hole":"694B"}},{"type":"Feature","id":166,"geometry":{"type":"Point","coordinates":[-33.446100000000001,-66.846999999999994]},"properties":{"FID":166,"Fullname":"ODP 113-694-C","Leg":"113","Hole":"694C"}},{"type":"Feature","id":167,"geometry":{"type":"Point","coordinates":[-43.451599999999999,-62.391300000000008]},"properties":{"FID":167,"Fullname":"ODP 113-695-A","Leg":"113","Hole":"695A"}},{"type":"Feature","id":168,"geometry":{"type":"Point","coordinates":[-42.933100000000003,-61.8491]},"properties":{"FID":168,"Fullname":"ODP 113-696-A","Leg":"113","Hole":"696A"}},{"type":"Feature","id":169,"geometry":{"type":"Point","coordinates":[-42.933300000000003,-61.849299999999999]},"properties":{"FID":169,"Fullname":"ODP 113-696-B","Leg":"113","Hole":"696B"}},{"type":"Feature","id":170,"geometry":{"type":"Point","coordinates":[-40.287799999999997,-61.810600000000001]},"properties":{"FID":170,"Fullname":"ODP 113-697-A","Leg":"113","Hole":"697A"}},{"type":"Feature","id":171,"geometry":{"type":"Point","coordinates":[-40.2958,-61.810399999999987]},"properties":{"FID":171,"Fullname":"ODP 113-697-B","Leg":"113","Hole":"697B"}},{"type":"Feature","id":172,"geometry":{"type":"Point","coordinates":[-33.099299999999999,-51.45900000000001]},"properties":{"FID":172,"Fullname":"ODP 114-698-A","Leg":"114","Hole":"698A"}},{"type":"Feature","id":173,"geometry":{"type":"Point","coordinates":[-30.677,-51.542000000000002]},"properties":{"FID":173,"Fullname":"ODP 114-699-A","Leg":"114","Hole":"699A"}},{"type":"Feature","id":174,"geometry":{"type":"Point","coordinates":[-30.278300000000002,-51.533000000000001]},"properties":{"FID":174,"Fullname":"ODP 114-700-A","Leg":"114","Hole":"700A"}},{"type":"Feature","id":175,"geometry":{"type":"Point","coordinates":[-30.278099999999998,-51.533000000000001]},"properties":{"FID":175,"Fullname":"ODP 114-700-B","Leg":"114","Hole":"700B"}},{"type":"Feature","id":176,"geometry":{"type":"Point","coordinates":[-23.212299999999999,-51.984999999999999]},"properties":{"FID":176,"Fullname":"ODP 114-701-A","Leg":"114","Hole":"701A"}},{"type":"Feature","id":177,"geometry":{"type":"Point","coordinates":[-23.212299999999999,-51.984999999999999]},"properties":{"FID":177,"Fullname":"ODP 114-701-B","Leg":"114","Hole":"701B"}},{"type":"Feature","id":178,"geometry":{"type":"Point","coordinates":[-23.2117,-51.984999999999999]},"properties":{"FID":178,"Fullname":"ODP 114-701-C","Leg":"114","Hole":"701C"}},{"type":"Feature","id":179,"geometry":{"type":"Point","coordinates":[-26.3688,-50.945999999999998]},"properties":{"FID":179,"Fullname":"ODP 114-702-A","Leg":"114","Hole":"702A"}},{"type":"Feature","id":180,"geometry":{"type":"Point","coordinates":[-26.368600000000001,-50.945999999999998]},"properties":{"FID":180,"Fullname":"ODP 114-702-B","Leg":"114","Hole":"702B"}},{"type":"Feature","id":181,"geometry":{"type":"Point","coordinates":[7.8947000000000003,-47.051000000000002]},"properties":{"FID":181,"Fullname":"ODP 114-703-A","Leg":"114","Hole":"703A"}},{"type":"Feature","id":182,"geometry":{"type":"Point","coordinates":[7.4208000000000007,-46.878999999999998]},"properties":{"FID":182,"Fullname":"ODP 114-704-A","Leg":"114","Hole":"704A"}},{"type":"Feature","id":183,"geometry":{"type":"Point","coordinates":[7.4204999999999997,-46.88000000000001]},"properties":{"FID":183,"Fullname":"ODP 114-704-B","Leg":"114","Hole":"704B"}},{"type":"Feature","id":184,"geometry":{"type":"Point","coordinates":[61.383699999999997,-13.167]},"properties":{"FID":184,"Fullname":"ODP 115-705-A","Leg":"115","Hole":"705A"}},{"type":"Feature","id":185,"geometry":{"type":"Point","coordinates":[61.371000000000002,-13.114000000000001]},"properties":{"FID":185,"Fullname":"ODP 115-706-A","Leg":"115","Hole":"706A"}},{"type":"Feature","id":186,"geometry":{"type":"Point","coordinates":[61.371000000000002,-13.114000000000001]},"properties":{"FID":186,"Fullname":"ODP 115-706-B","Leg":"115","Hole":"706B"}},{"type":"Feature","id":187,"geometry":{"type":"Point","coordinates":[61.371000000000002,-13.114000000000001]},"properties":{"FID":187,"Fullname":"ODP 115-706-C","Leg":"115","Hole":"706C"}},{"type":"Feature","id":188,"geometry":{"type":"Point","coordinates":[59.016800000000003,-7.5453000000000001]},"properties":{"FID":188,"Fullname":"ODP 115-707-A","Leg":"115","Hole":"707A"}},{"type":"Feature","id":189,"geometry":{"type":"Point","coordinates":[59.016800000000003,-7.5453000000000001]},"properties":{"FID":189,"Fullname":"ODP 115-707-B","Leg":"115","Hole":"707B"}},{"type":"Feature","id":190,"geometry":{"type":"Point","coordinates":[59.016800000000003,-7.5453000000000001]},"properties":{"FID":190,"Fullname":"ODP 115-707-C","Leg":"115","Hole":"707C"}},{"type":"Feature","id":191,"geometry":{"type":"Point","coordinates":[59.943800000000003,-5.4558]},"properties":{"FID":191,"Fullname":"ODP 115-708-A","Leg":"115","Hole":"708A"}},{"type":"Feature","id":192,"geometry":{"type":"Point","coordinates":[60.551699999999997,-3.915]},"properties":{"FID":192,"Fullname":"ODP 115-709-A","Leg":"115","Hole":"709A"}},{"type":"Feature","id":193,"geometry":{"type":"Point","coordinates":[60.551699999999997,-3.915]},"properties":{"FID":193,"Fullname":"ODP 115-709-B","Leg":"115","Hole":"709B"}},{"type":"Feature","id":194,"geometry":{"type":"Point","coordinates":[60.551699999999997,-3.915]},"properties":{"FID":194,"Fullname":"ODP 115-709-C","Leg":"115","Hole":"709C"}},{"type":"Feature","id":195,"geometry":{"type":"Point","coordinates":[60.97999999999999,-4.3117000000000001]},"properties":{"FID":195,"Fullname":"ODP 115-710-A","Leg":"115","Hole":"710A"}},{"type":"Feature","id":196,"geometry":{"type":"Point","coordinates":[60.97999999999999,-4.3117000000000001]},"properties":{"FID":196,"Fullname":"ODP 115-710-B","Leg":"115","Hole":"710B"}},{"type":"Feature","id":197,"geometry":{"type":"Point","coordinates":[61.16299999999999,-2.7427000000000001]},"properties":{"FID":197,"Fullname":"ODP 115-711-A","Leg":"115","Hole":"711A"}},{"type":"Feature","id":198,"geometry":{"type":"Point","coordinates":[61.16299999999999,-2.7427000000000001]},"properties":{"FID":198,"Fullname":"ODP 115-711-B","Leg":"115","Hole":"711B"}},{"type":"Feature","id":199,"geometry":{"type":"Point","coordinates":[73.406300000000002,-4.2164999999999999]},"properties":{"FID":199,"Fullname":"ODP 115-712-A","Leg":"115","Hole":"712A"}},{"type":"Feature","id":200,"geometry":{"type":"Point","coordinates":[73.394199999999998,-4.1929999999999996]},"properties":{"FID":200,"Fullname":"ODP 115-713-A","Leg":"115","Hole":"713A"}},{"type":"Feature","id":201,"geometry":{"type":"Point","coordinates":[73.786699999999996,5.0599999999999996]},"properties":{"FID":201,"Fullname":"ODP 115-714-A","Leg":"115","Hole":"714A"}},{"type":"Feature","id":202,"geometry":{"type":"Point","coordinates":[73.786699999999996,5.0599999999999996]},"properties":{"FID":202,"Fullname":"ODP 115-714-B","Leg":"115","Hole":"714B"}},{"type":"Feature","id":203,"geometry":{"type":"Point","coordinates":[73.831299999999999,5.0815000000000001]},"properties":{"FID":203,"Fullname":"ODP 115-715-A","Leg":"115","Hole":"715A"}},{"type":"Feature","id":204,"geometry":{"type":"Point","coordinates":[73.283299999999997,4.9333]},"properties":{"FID":204,"Fullname":"ODP 115-716-A","Leg":"115","Hole":"716A"}},{"type":"Feature","id":205,"geometry":{"type":"Point","coordinates":[81.390100000000004,-0.92979999999999996]},"properties":{"FID":205,"Fullname":"ODP 116-717-A","Leg":"116","Hole":"717A"}},{"type":"Feature","id":206,"geometry":{"type":"Point","coordinates":[81.390100000000004,-0.92979999999999996]},"properties":{"FID":206,"Fullname":"ODP 116-717-B","Leg":"116","Hole":"717B"}},{"type":"Feature","id":207,"geometry":{"type":"Point","coordinates":[81.390100000000004,-0.92979999999999996]},"properties":{"FID":207,"Fullname":"ODP 116-717-C","Leg":"116","Hole":"717C"}},{"type":"Feature","id":208,"geometry":{"type":"Point","coordinates":[81.4011,-1.0208999999999999]},"properties":{"FID":208,"Fullname":"ODP 116-718-A","Leg":"116","Hole":"718A"}},{"type":"Feature","id":209,"geometry":{"type":"Point","coordinates":[81.4011,-1.0208999999999999]},"properties":{"FID":209,"Fullname":"ODP 116-718-B","Leg":"116","Hole":"718B"}},{"type":"Feature","id":210,"geometry":{"type":"Point","coordinates":[81.4011,-1.0208999999999999]},"properties":{"FID":210,"Fullname":"ODP 116-718-C","Leg":"116","Hole":"718C"}},{"type":"Feature","id":211,"geometry":{"type":"Point","coordinates":[81.4011,-1.0208999999999999]},"properties":{"FID":211,"Fullname":"ODP 116-718-D","Leg":"116","Hole":"718D"}},{"type":"Feature","id":212,"geometry":{"type":"Point","coordinates":[81.4011,-1.0208999999999999]},"properties":{"FID":212,"Fullname":"ODP 116-718-E","Leg":"116","Hole":"718E"}},{"type":"Feature","id":213,"geometry":{"type":"Point","coordinates":[81.399500000000003,-0.9608000000000001]},"properties":{"FID":213,"Fullname":"ODP 116-719-A","Leg":"116","Hole":"719A"}},{"type":"Feature","id":214,"geometry":{"type":"Point","coordinates":[81.399500000000003,-0.9608000000000001]},"properties":{"FID":214,"Fullname":"ODP 116-719-B","Leg":"116","Hole":"719B"}},{"type":"Feature","id":215,"geometry":{"type":"Point","coordinates":[60.744000000000007,16.130700000000001]},"properties":{"FID":215,"Fullname":"ODP 117-720-A","Leg":"117","Hole":"720A"}},{"type":"Feature","id":216,"geometry":{"type":"Point","coordinates":[59.8645,16.677800000000001]},"properties":{"FID":216,"Fullname":"ODP 117-721-A","Leg":"117","Hole":"721A"}},{"type":"Feature","id":217,"geometry":{"type":"Point","coordinates":[59.8645,16.677800000000001]},"properties":{"FID":217,"Fullname":"ODP 117-721-B","Leg":"117","Hole":"721B"}},{"type":"Feature","id":218,"geometry":{"type":"Point","coordinates":[59.8645,16.677800000000001]},"properties":{"FID":218,"Fullname":"ODP 117-721-C","Leg":"117","Hole":"721C"}},{"type":"Feature","id":219,"geometry":{"type":"Point","coordinates":[59.795299999999997,16.6218]},"properties":{"FID":219,"Fullname":"ODP 117-722-A","Leg":"117","Hole":"722A"}},{"type":"Feature","id":220,"geometry":{"type":"Point","coordinates":[59.795299999999997,16.6218]},"properties":{"FID":220,"Fullname":"ODP 117-722-B","Leg":"117","Hole":"722B"}},{"type":"Feature","id":221,"geometry":{"type":"Point","coordinates":[57.609000000000002,18.0518]},"properties":{"FID":221,"Fullname":"ODP 117-723-A","Leg":"117","Hole":"723A"}},{"type":"Feature","id":222,"geometry":{"type":"Point","coordinates":[57.608100000000007,18.0518]},"properties":{"FID":222,"Fullname":"ODP 117-723-B","Leg":"117","Hole":"723B"}},{"type":"Feature","id":223,"geometry":{"type":"Point","coordinates":[57.609000000000002,18.0518]},"properties":{"FID":223,"Fullname":"ODP 117-723-C","Leg":"117","Hole":"723C"}},{"type":"Feature","id":224,"geometry":{"type":"Point","coordinates":[57.786499999999997,18.462499999999999]},"properties":{"FID":224,"Fullname":"ODP 117-724-A","Leg":"117","Hole":"724A"}},{"type":"Feature","id":225,"geometry":{"type":"Point","coordinates":[57.786499999999997,18.462499999999999]},"properties":{"FID":225,"Fullname":"ODP 117-724-B","Leg":"117","Hole":"724B"}},{"type":"Feature","id":226,"geometry":{"type":"Point","coordinates":[57.786499999999997,18.462499999999999]},"properties":{"FID":226,"Fullname":"ODP 117-724-C","Leg":"117","Hole":"724C"}},{"type":"Feature","id":227,"geometry":{"type":"Point","coordinates":[57.700600000000001,18.487300000000001]},"properties":{"FID":227,"Fullname":"ODP 117-725-A","Leg":"117","Hole":"725A"}},{"type":"Feature","id":228,"geometry":{"type":"Point","coordinates":[57.700600000000001,18.487300000000001]},"properties":{"FID":228,"Fullname":"ODP 117-725-B","Leg":"117","Hole":"725B"}},{"type":"Feature","id":229,"geometry":{"type":"Point","coordinates":[57.700600000000001,18.487300000000001]},"properties":{"FID":229,"Fullname":"ODP 117-725-C","Leg":"117","Hole":"725C"}},{"type":"Feature","id":230,"geometry":{"type":"Point","coordinates":[57.37149999999999,17.816099999999999]},"properties":{"FID":230,"Fullname":"ODP 117-726-A","Leg":"117","Hole":"726A"}},{"type":"Feature","id":231,"geometry":{"type":"Point","coordinates":[57.5886,17.768000000000001]},"properties":{"FID":231,"Fullname":"ODP 117-727-A","Leg":"117","Hole":"727A"}},{"type":"Feature","id":232,"geometry":{"type":"Point","coordinates":[57.5886,17.768000000000001]},"properties":{"FID":232,"Fullname":"ODP 117-727-B","Leg":"117","Hole":"727B"}},{"type":"Feature","id":233,"geometry":{"type":"Point","coordinates":[57.825699999999998,17.680199999999999]},"properties":{"FID":233,"Fullname":"ODP 117-728-A","Leg":"117","Hole":"728A"}},{"type":"Feature","id":234,"geometry":{"type":"Point","coordinates":[57.825699999999998,17.680199999999999]},"properties":{"FID":234,"Fullname":"ODP 117-728-B","Leg":"117","Hole":"728B"}},{"type":"Feature","id":235,"geometry":{"type":"Point","coordinates":[57.95470000000001,17.644600000000001]},"properties":{"FID":235,"Fullname":"ODP 117-729-A","Leg":"117","Hole":"729A"}},{"type":"Feature","id":236,"geometry":{"type":"Point","coordinates":[57.692000000000007,17.731400000000001]},"properties":{"FID":236,"Fullname":"ODP 117-730-A","Leg":"117","Hole":"730A"}},{"type":"Feature","id":237,"geometry":{"type":"Point","coordinates":[59.702499999999993,16.470500000000001]},"properties":{"FID":237,"Fullname":"ODP 117-731-A","Leg":"117","Hole":"731A"}},{"type":"Feature","id":238,"geometry":{"type":"Point","coordinates":[59.702499999999993,16.470500000000001]},"properties":{"FID":238,"Fullname":"ODP 117-731-B","Leg":"117","Hole":"731B"}},{"type":"Feature","id":239,"geometry":{"type":"Point","coordinates":[59.702499999999993,16.470500000000001]},"properties":{"FID":239,"Fullname":"ODP 117-731-C","Leg":"117","Hole":"731C"}},{"type":"Feature","id":240,"geometry":{"type":"Point","coordinates":[57.0548,-32.546999999999997]},"properties":{"FID":240,"Fullname":"ODP 118-732-A","Leg":"118","Hole":"732A"}},{"type":"Feature","id":241,"geometry":{"type":"Point","coordinates":[57.0548,-32.546999999999997]},"properties":{"FID":241,"Fullname":"ODP 118-732-B","Leg":"118","Hole":"732B"}},{"type":"Feature","id":242,"geometry":{"type":"Point","coordinates":[57.0548,-32.546999999999997]},"properties":{"FID":242,"Fullname":"ODP 118-732-C","Leg":"118","Hole":"732C"}},{"type":"Feature","id":243,"geometry":{"type":"Point","coordinates":[57.045000000000002,-32.548000000000002]},"properties":{"FID":243,"Fullname":"ODP 118-732-D","Leg":"118","Hole":"732D"}},{"type":"Feature","id":244,"geometry":{"type":"Point","coordinates":[57.045000000000002,-32.548000000000002]},"properties":{"FID":244,"Fullname":"ODP 118-732-E","Leg":"118","Hole":"732E"}},{"type":"Feature","id":245,"geometry":{"type":"Point","coordinates":[57.045000000000002,-32.548000000000002]},"properties":{"FID":245,"Fullname":"ODP 118-732-F","Leg":"118","Hole":"732F"}},{"type":"Feature","id":246,"geometry":{"type":"Point","coordinates":[56.977499999999999,-33.088000000000001]},"properties":{"FID":246,"Fullname":"ODP 118-733-A","Leg":"118","Hole":"733A"}},{"type":"Feature","id":247,"geometry":{"type":"Point","coordinates":[56.977499999999999,-33.088000000000001]},"properties":{"FID":247,"Fullname":"ODP 118-733-B","Leg":"118","Hole":"733B"}},{"type":"Feature","id":248,"geometry":{"type":"Point","coordinates":[56.977499999999999,-33.088000000000001]},"properties":{"FID":248,"Fullname":"ODP 118-733-C","Leg":"118","Hole":"733C"}},{"type":"Feature","id":249,"geometry":{"type":"Point","coordinates":[56.9895,-33.082000000000001]},"properties":{"FID":249,"Fullname":"ODP 118-733-D","Leg":"118","Hole":"733D"}},{"type":"Feature","id":250,"geometry":{"type":"Point","coordinates":[57.130200000000002,-32.113999999999997]},"properties":{"FID":250,"Fullname":"ODP 118-734-A","Leg":"118","Hole":"734A"}},{"type":"Feature","id":251,"geometry":{"type":"Point","coordinates":[57.130000000000003,-32.113999999999997]},"properties":{"FID":251,"Fullname":"ODP 118-734-B","Leg":"118","Hole":"734B"}},{"type":"Feature","id":252,"geometry":{"type":"Point","coordinates":[57.103999999999999,-32.106000000000002]},"properties":{"FID":252,"Fullname":"ODP 118-734-C","Leg":"118","Hole":"734C"}},{"type":"Feature","id":253,"geometry":{"type":"Point","coordinates":[57.103999999999999,-32.106000000000002]},"properties":{"FID":253,"Fullname":"ODP 118-734-D","Leg":"118","Hole":"734D"}},{"type":"Feature","id":254,"geometry":{"type":"Point","coordinates":[57.128999999999991,-32.113]},"properties":{"FID":254,"Fullname":"ODP 118-734-E","Leg":"118","Hole":"734E"}},{"type":"Feature","id":255,"geometry":{"type":"Point","coordinates":[57.128999999999991,-32.113]},"properties":{"FID":255,"Fullname":"ODP 118-734-F","Leg":"118","Hole":"734F"}},{"type":"Feature","id":256,"geometry":{"type":"Point","coordinates":[57.135000000000012,-32.116]},"properties":{"FID":256,"Fullname":"ODP 118-734-G","Leg":"118","Hole":"734G"}},{"type":"Feature","id":257,"geometry":{"type":"Point","coordinates":[57.271700000000003,-32.722000000000001]},"properties":{"FID":257,"Fullname":"ODP 118-735-A","Leg":"118","Hole":"735A"}},{"type":"Feature","id":258,"geometry":{"type":"Point","coordinates":[57.265999999999998,-32.723300000000002]},"properties":{"FID":258,"Fullname":"ODP 118-735-B","Leg":"118","Hole":"735B"}},{"type":"Feature","id":259,"geometry":{"type":"Point","coordinates":[71.661500000000004,-49.402999999999999]},"properties":{"FID":259,"Fullname":"ODP 119-736-A","Leg":"119","Hole":"736A"}},{"type":"Feature","id":260,"geometry":{"type":"Point","coordinates":[71.661500000000004,-49.402999999999999]},"properties":{"FID":260,"Fullname":"ODP 119-736-B","Leg":"119","Hole":"736B"}},{"type":"Feature","id":261,"geometry":{"type":"Point","coordinates":[71.661500000000004,-49.402999999999999]},"properties":{"FID":261,"Fullname":"ODP 119-736-C","Leg":"119","Hole":"736C"}},{"type":"Feature","id":262,"geometry":{"type":"Point","coordinates":[73.032399999999996,-50.227999999999987]},"properties":{"FID":262,"Fullname":"ODP 119-737-A","Leg":"119","Hole":"737A"}},{"type":"Feature","id":263,"geometry":{"type":"Point","coordinates":[73.032399999999996,-50.227999999999987]},"properties":{"FID":263,"Fullname":"ODP 119-737-B","Leg":"119","Hole":"737B"}},{"type":"Feature","id":264,"geometry":{"type":"Point","coordinates":[82.787800000000004,-62.70900000000001]},"properties":{"FID":264,"Fullname":"ODP 119-738-A","Leg":"119","Hole":"738A"}},{"type":"Feature","id":265,"geometry":{"type":"Point","coordinates":[82.787800000000004,-62.70900000000001]},"properties":{"FID":265,"Fullname":"ODP 119-738-B","Leg":"119","Hole":"738B"}},{"type":"Feature","id":266,"geometry":{"type":"Point","coordinates":[82.787800000000004,-62.70900000000001]},"properties":{"FID":266,"Fullname":"ODP 119-738-C","Leg":"119","Hole":"738C"}},{"type":"Feature","id":267,"geometry":{"type":"Point","coordinates":[75.081800000000001,-67.284999999999997]},"properties":{"FID":267,"Fullname":"ODP 119-739-A","Leg":"119","Hole":"739A"}},{"type":"Feature","id":268,"geometry":{"type":"Point","coordinates":[75.081800000000001,-67.284999999999997]},"properties":{"FID":268,"Fullname":"ODP 119-739-B","Leg":"119","Hole":"739B"}},{"type":"Feature","id":269,"geometry":{"type":"Point","coordinates":[75.081800000000001,-67.284999999999997]},"properties":{"FID":269,"Fullname":"ODP 119-739-C","Leg":"119","Hole":"739C"}},{"type":"Feature","id":270,"geometry":{"type":"Point","coordinates":[76.681899999999999,-68.763999999999996]},"properties":{"FID":270,"Fullname":"ODP 119-740-A","Leg":"119","Hole":"740A"}},{"type":"Feature","id":271,"geometry":{"type":"Point","coordinates":[76.681899999999999,-68.763999999999996]},"properties":{"FID":271,"Fullname":"ODP 119-740-B","Leg":"119","Hole":"740B"}},{"type":"Feature","id":272,"geometry":{"type":"Point","coordinates":[76.382499999999993,-68.387]},"properties":{"FID":272,"Fullname":"ODP 119-741-A","Leg":"119","Hole":"741A"}},{"type":"Feature","id":273,"geometry":{"type":"Point","coordinates":[75.409000000000006,-67.552999999999997]},"properties":{"FID":273,"Fullname":"ODP 119-742-A","Leg":"119","Hole":"742A"}},{"type":"Feature","id":274,"geometry":{"type":"Point","coordinates":[74.6905,-66.915999999999997]},"properties":{"FID":274,"Fullname":"ODP 119-743-A","Leg":"119","Hole":"743A"}},{"type":"Feature","id":275,"geometry":{"type":"Point","coordinates":[80.594999999999999,-61.579000000000001]},"properties":{"FID":275,"Fullname":"ODP 119-744-A","Leg":"119","Hole":"744A"}},{"type":"Feature","id":276,"geometry":{"type":"Point","coordinates":[80.594999999999999,-61.579000000000001]},"properties":{"FID":276,"Fullname":"ODP 119-744-B","Leg":"119","Hole":"744B"}},{"type":"Feature","id":277,"geometry":{"type":"Point","coordinates":[80.594999999999999,-61.579000000000001]},"properties":{"FID":277,"Fullname":"ODP 119-744-C","Leg":"119","Hole":"744C"}},{"type":"Feature","id":278,"geometry":{"type":"Point","coordinates":[85.854200000000006,-59.594999999999999]},"properties":{"FID":278,"Fullname":"ODP 119-745-A","Leg":"119","Hole":"745A"}},{"type":"Feature","id":279,"geometry":{"type":"Point","coordinates":[85.854200000000006,-59.594999999999999]},"properties":{"FID":279,"Fullname":"ODP 119-745-B","Leg":"119","Hole":"745B"}},{"type":"Feature","id":280,"geometry":{"type":"Point","coordinates":[85.868200000000002,-59.569000000000003]},"properties":{"FID":280,"Fullname":"ODP 119-746-A","Leg":"119","Hole":"746A"}},{"type":"Feature","id":281,"geometry":{"type":"Point","coordinates":[76.793999999999997,-54.810999999999993]},"properties":{"FID":281,"Fullname":"ODP 120-747-A","Leg":"120","Hole":"747A"}},{"type":"Feature","id":282,"geometry":{"type":"Point","coordinates":[76.793999999999997,-54.810999999999993]},"properties":{"FID":282,"Fullname":"ODP 120-747-B","Leg":"120","Hole":"747B"}},{"type":"Feature","id":283,"geometry":{"type":"Point","coordinates":[76.793999999999997,-54.810999999999993]},"properties":{"FID":283,"Fullname":"ODP 120-747-C","Leg":"120","Hole":"747C"}},{"type":"Feature","id":284,"geometry":{"type":"Point","coordinates":[78.998099999999994,-58.441000000000003]},"properties":{"FID":284,"Fullname":"ODP 120-748-A","Leg":"120","Hole":"748A"}},{"type":"Feature","id":285,"geometry":{"type":"Point","coordinates":[78.998099999999994,-58.441000000000003]},"properties":{"FID":285,"Fullname":"ODP 120-748-B","Leg":"120","Hole":"748B"}},{"type":"Feature","id":286,"geometry":{"type":"Point","coordinates":[78.998099999999994,-58.441000000000003]},"properties":{"FID":286,"Fullname":"ODP 120-748-C","Leg":"120","Hole":"748C"}},{"type":"Feature","id":287,"geometry":{"type":"Point","coordinates":[76.407499999999999,-58.716999999999992]},"properties":{"FID":287,"Fullname":"ODP 120-749-A","Leg":"120","Hole":"749A"}},{"type":"Feature","id":288,"geometry":{"type":"Point","coordinates":[76.407499999999999,-58.716999999999992]},"properties":{"FID":288,"Fullname":"ODP 120-749-B","Leg":"120","Hole":"749B"}},{"type":"Feature","id":289,"geometry":{"type":"Point","coordinates":[76.407499999999999,-58.716999999999992]},"properties":{"FID":289,"Fullname":"ODP 120-749-C","Leg":"120","Hole":"749C"}},{"type":"Feature","id":290,"geometry":{"type":"Point","coordinates":[81.240300000000005,-57.591999999999999]},"properties":{"FID":290,"Fullname":"ODP 120-750-A","Leg":"120","Hole":"750A"}},{"type":"Feature","id":291,"geometry":{"type":"Point","coordinates":[81.239500000000007,-57.591999999999999]},"properties":{"FID":291,"Fullname":"ODP 120-750-B","Leg":"120","Hole":"750B"}},{"type":"Feature","id":292,"geometry":{"type":"Point","coordinates":[79.814800000000005,-57.725999999999999]},"properties":{"FID":292,"Fullname":"ODP 120-751-A","Leg":"120","Hole":"751A"}},{"type":"Feature","id":293,"geometry":{"type":"Point","coordinates":[93.578000000000003,-30.890999999999998]},"properties":{"FID":293,"Fullname":"ODP 121-752-A","Leg":"121","Hole":"752A"}},{"type":"Feature","id":294,"geometry":{"type":"Point","coordinates":[93.577500000000001,-30.890999999999998]},"properties":{"FID":294,"Fullname":"ODP 121-752-B","Leg":"121","Hole":"752B"}},{"type":"Feature","id":295,"geometry":{"type":"Point","coordinates":[93.5899,-30.838999999999999]},"properties":{"FID":295,"Fullname":"ODP 121-753-A","Leg":"121","Hole":"753A"}},{"type":"Feature","id":296,"geometry":{"type":"Point","coordinates":[93.5899,-30.838999999999999]},"properties":{"FID":296,"Fullname":"ODP 121-753-B","Leg":"121","Hole":"753B"}},{"type":"Feature","id":297,"geometry":{"type":"Point","coordinates":[93.566500000000005,-30.940999999999999]},"properties":{"FID":297,"Fullname":"ODP 121-754-A","Leg":"121","Hole":"754A"}},{"type":"Feature","id":298,"geometry":{"type":"Point","coordinates":[93.566500000000005,-30.940999999999999]},"properties":{"FID":298,"Fullname":"ODP 121-754-B","Leg":"121","Hole":"754B"}},{"type":"Feature","id":299,"geometry":{"type":"Point","coordinates":[93.546699999999987,-31.030000000000001]},"properties":{"FID":299,"Fullname":"ODP 121-755-A","Leg":"121","Hole":"755A"}},{"type":"Feature","id":300,"geometry":{"type":"Point","coordinates":[87.596800000000002,-27.355499999999999]},"properties":{"FID":300,"Fullname":"ODP 121-756-A","Leg":"121","Hole":"756A"}},{"type":"Feature","id":301,"geometry":{"type":"Point","coordinates":[87.596800000000002,-27.355499999999999]},"properties":{"FID":301,"Fullname":"ODP 121-756-B","Leg":"121","Hole":"756B"}},{"type":"Feature","id":302,"geometry":{"type":"Point","coordinates":[87.598200000000006,-27.354199999999999]},"properties":{"FID":302,"Fullname":"ODP 121-756-C","Leg":"121","Hole":"756C"}},{"type":"Feature","id":303,"geometry":{"type":"Point","coordinates":[87.597399999999993,-27.354800000000001]},"properties":{"FID":303,"Fullname":"ODP 121-756-D","Leg":"121","Hole":"756D"}},{"type":"Feature","id":304,"geometry":{"type":"Point","coordinates":[88.181600000000003,-17.0243]},"properties":{"FID":304,"Fullname":"ODP 121-757-A","Leg":"121","Hole":"757A"}},{"type":"Feature","id":305,"geometry":{"type":"Point","coordinates":[88.181600000000003,-17.0243]},"properties":{"FID":305,"Fullname":"ODP 121-757-B","Leg":"121","Hole":"757B"}},{"type":"Feature","id":306,"geometry":{"type":"Point","coordinates":[88.180199999999999,-17.023099999999999]},"properties":{"FID":306,"Fullname":"ODP 121-757-C","Leg":"121","Hole":"757C"}},{"type":"Feature","id":307,"geometry":{"type":"Point","coordinates":[90.361199999999982,5.3841999999999999]},"properties":{"FID":307,"Fullname":"ODP 121-758-A","Leg":"121","Hole":"758A"}},{"type":"Feature","id":308,"geometry":{"type":"Point","coordinates":[90.361199999999982,5.3840000000000003]},"properties":{"FID":308,"Fullname":"ODP 121-758-B","Leg":"121","Hole":"758B"}},{"type":"Feature","id":309,"geometry":{"type":"Point","coordinates":[90.361099999999993,5.3840000000000003]},"properties":{"FID":309,"Fullname":"ODP 121-758-C","Leg":"121","Hole":"758C"}},{"type":"Feature","id":310,"geometry":{"type":"Point","coordinates":[115.56019999999999,-16.954000000000001]},"properties":{"FID":310,"Fullname":"ODP 122-759-A","Leg":"122","Hole":"759A"}},{"type":"Feature","id":311,"geometry":{"type":"Point","coordinates":[115.5605,-16.954000000000001]},"properties":{"FID":311,"Fullname":"ODP 122-759-B","Leg":"122","Hole":"759B"}},{"type":"Feature","id":312,"geometry":{"type":"Point","coordinates":[115.54130000000001,-16.922000000000001]},"properties":{"FID":312,"Fullname":"ODP 122-760-A","Leg":"122","Hole":"760A"}},{"type":"Feature","id":313,"geometry":{"type":"Point","coordinates":[115.5411,-16.922000000000001]},"properties":{"FID":313,"Fullname":"ODP 122-760-B","Leg":"122","Hole":"760B"}},{"type":"Feature","id":314,"geometry":{"type":"Point","coordinates":[115.535,-16.738]},"properties":{"FID":314,"Fullname":"ODP 122-761-A","Leg":"122","Hole":"761A"}},{"type":"Feature","id":315,"geometry":{"type":"Point","coordinates":[115.535,-16.736999999999998]},"properties":{"FID":315,"Fullname":"ODP 122-761-B","Leg":"122","Hole":"761B"}},{"type":"Feature","id":316,"geometry":{"type":"Point","coordinates":[115.535,-16.736999999999998]},"properties":{"FID":316,"Fullname":"ODP 122-761-C","Leg":"122","Hole":"761C"}},{"type":"Feature","id":317,"geometry":{"type":"Point","coordinates":[112.2543,-19.887]},"properties":{"FID":317,"Fullname":"ODP 122-762-A","Leg":"122","Hole":"762A"}},{"type":"Feature","id":318,"geometry":{"type":"Point","coordinates":[112.254,-19.887]},"properties":{"FID":318,"Fullname":"ODP 122-762-B","Leg":"122","Hole":"762B"}},{"type":"Feature","id":319,"geometry":{"type":"Point","coordinates":[112.254,-19.887]},"properties":{"FID":319,"Fullname":"ODP 122-762-C","Leg":"122","Hole":"762C"}},{"type":"Feature","id":320,"geometry":{"type":"Point","coordinates":[112.20829999999999,-20.587]},"properties":{"FID":320,"Fullname":"ODP 122-763-A","Leg":"122","Hole":"763A"}},{"type":"Feature","id":321,"geometry":{"type":"Point","coordinates":[112.20869999999999,-20.587]},"properties":{"FID":321,"Fullname":"ODP 122-763-B","Leg":"122","Hole":"763B"}},{"type":"Feature","id":322,"geometry":{"type":"Point","coordinates":[112.2085,-20.587]},"properties":{"FID":322,"Fullname":"ODP 122-763-C","Leg":"122","Hole":"763C"}},{"type":"Feature","id":323,"geometry":{"type":"Point","coordinates":[115.4572,-16.565999999999999]},"properties":{"FID":323,"Fullname":"ODP 122-764-A","Leg":"122","Hole":"764A"}},{"type":"Feature","id":324,"geometry":{"type":"Point","coordinates":[115.4572,-16.565999999999999]},"properties":{"FID":324,"Fullname":"ODP 122-764-B","Leg":"122","Hole":"764B"}},{"type":"Feature","id":325,"geometry":{"type":"Point","coordinates":[117.5752,-15.976000000000001]},"properties":{"FID":325,"Fullname":"ODP 123-765-A","Leg":"123","Hole":"765A"}},{"type":"Feature","id":326,"geometry":{"type":"Point","coordinates":[117.5752,-15.976000000000001]},"properties":{"FID":326,"Fullname":"ODP 123-765-B","Leg":"123","Hole":"765B"}},{"type":"Feature","id":327,"geometry":{"type":"Point","coordinates":[117.5752,-15.976000000000001]},"properties":{"FID":327,"Fullname":"ODP 123-765-C","Leg":"123","Hole":"765C"}},{"type":"Feature","id":328,"geometry":{"type":"Point","coordinates":[117.5752,-15.976000000000001]},"properties":{"FID":328,"Fullname":"ODP 123-765-D","Leg":"123","Hole":"765D"}},{"type":"Feature","id":329,"geometry":{"type":"Point","coordinates":[110.4541,-19.931999999999999]},"properties":{"FID":329,"Fullname":"ODP 123-766-A","Leg":"123","Hole":"766A"}},{"type":"Feature","id":330,"geometry":{"type":"Point","coordinates":[123.5034,4.7911000000000001]},"properties":{"FID":330,"Fullname":"ODP 124-767-A","Leg":"124","Hole":"767A"}},{"type":"Feature","id":331,"geometry":{"type":"Point","coordinates":[123.5033,4.7915000000000001]},"properties":{"FID":331,"Fullname":"ODP 124-767-B","Leg":"124","Hole":"767B"}},{"type":"Feature","id":332,"geometry":{"type":"Point","coordinates":[123.5034,4.7916999999999996]},"properties":{"FID":332,"Fullname":"ODP 124-767-C","Leg":"124","Hole":"767C"}},{"type":"Feature","id":333,"geometry":{"type":"Point","coordinates":[121.2193,8]},"properties":{"FID":333,"Fullname":"ODP 124-768-A","Leg":"124","Hole":"768A"}},{"type":"Feature","id":334,"geometry":{"type":"Point","coordinates":[121.21980000000001,8]},"properties":{"FID":334,"Fullname":"ODP 124-768-B","Leg":"124","Hole":"768B"}},{"type":"Feature","id":335,"geometry":{"type":"Point","coordinates":[121.21980000000001,8]},"properties":{"FID":335,"Fullname":"ODP 124-768-C","Leg":"124","Hole":"768C"}},{"type":"Feature","id":336,"geometry":{"type":"Point","coordinates":[121.2942,8.7856000000000005]},"properties":{"FID":336,"Fullname":"ODP 124-769-A","Leg":"124","Hole":"769A"}},{"type":"Feature","id":337,"geometry":{"type":"Point","coordinates":[121.2946,8.7852999999999994]},"properties":{"FID":337,"Fullname":"ODP 124-769-B","Leg":"124","Hole":"769B"}},{"type":"Feature","id":338,"geometry":{"type":"Point","coordinates":[121.2948,8.7852999999999994]},"properties":{"FID":338,"Fullname":"ODP 124-769-C","Leg":"124","Hole":"769C"}},{"type":"Feature","id":339,"geometry":{"type":"Point","coordinates":[123.67059999999999,5.1449999999999996]},"properties":{"FID":339,"Fullname":"ODP 124-770-A","Leg":"124","Hole":"770A"}},{"type":"Feature","id":340,"geometry":{"type":"Point","coordinates":[123.6683,5.1448]},"properties":{"FID":340,"Fullname":"ODP 124-770-B","Leg":"124","Hole":"770B"}},{"type":"Feature","id":341,"geometry":{"type":"Point","coordinates":[123.66840000000001,5.1448]},"properties":{"FID":341,"Fullname":"ODP 124-770-C","Leg":"124","Hole":"770C"}},{"type":"Feature","id":342,"geometry":{"type":"Point","coordinates":[120.6797,8.6782000000000004]},"properties":{"FID":342,"Fullname":"ODP 124-771-A","Leg":"124","Hole":"771A"}},{"type":"Feature","id":343,"geometry":{"type":"Point","coordinates":[119.7022,16.6523]},"properties":{"FID":343,"Fullname":"ODP 124E-772-A","Leg":"124","Hole":"772A"}},{"type":"Feature","id":344,"geometry":{"type":"Point","coordinates":[121.6533,20.206]},"properties":{"FID":344,"Fullname":"ODP 124E-773-A","Leg":"124","Hole":"773A"}},{"type":"Feature","id":345,"geometry":{"type":"Point","coordinates":[121.65300000000001,20.206]},"properties":{"FID":345,"Fullname":"ODP 124E-773-B","Leg":"124","Hole":"773B"}},{"type":"Feature","id":346,"geometry":{"type":"Point","coordinates":[121.7346,20.598299999999998]},"properties":{"FID":346,"Fullname":"ODP 124E-774-A","Leg":"124","Hole":"774A"}},{"type":"Feature","id":347,"geometry":{"type":"Point","coordinates":[121.7346,20.598299999999998]},"properties":{"FID":347,"Fullname":"ODP 124E-774-B","Leg":"124","Hole":"774B"}},{"type":"Feature","id":348,"geometry":{"type":"Point","coordinates":[121.7157,19.851199999999999]},"properties":{"FID":348,"Fullname":"ODP 124E-775-A","Leg":"124","Hole":"775A"}},{"type":"Feature","id":349,"geometry":{"type":"Point","coordinates":[121.7157,19.851199999999999]},"properties":{"FID":349,"Fullname":"ODP 124E-775-B","Leg":"124","Hole":"775B"}},{"type":"Feature","id":350,"geometry":{"type":"Point","coordinates":[121.7157,19.851199999999999]},"properties":{"FID":350,"Fullname":"ODP 124E-775-C","Leg":"124","Hole":"775C"}},{"type":"Feature","id":351,"geometry":{"type":"Point","coordinates":[143.6825,17.906700000000001]},"properties":{"FID":351,"Fullname":"ODP 124E-776-A","Leg":"124","Hole":"776A"}},{"type":"Feature","id":352,"geometry":{"type":"Point","coordinates":[148.68809999999999,17.697800000000001]},"properties":{"FID":352,"Fullname":"ODP 124E-777-A","Leg":"124","Hole":"777A"}},{"type":"Feature","id":353,"geometry":{"type":"Point","coordinates":[148.68809999999999,17.697800000000001]},"properties":{"FID":353,"Fullname":"ODP 124E-777-B","Leg":"124","Hole":"777B"}},{"type":"Feature","id":354,"geometry":{"type":"Point","coordinates":[148.68809999999999,17.697800000000001]},"properties":{"FID":354,"Fullname":"ODP 124E-777-C","Leg":"124","Hole":"777C"}},{"type":"Feature","id":355,"geometry":{"type":"Point","coordinates":[148.68809999999999,17.697800000000001]},"properties":{"FID":355,"Fullname":"ODP 124E-777-D","Leg":"124","Hole":"777D"}},{"type":"Feature","id":356,"geometry":{"type":"Point","coordinates":[148.68809999999999,17.697800000000001]},"properties":{"FID":356,"Fullname":"ODP 124E-777-E","Leg":"124","Hole":"777E"}},{"type":"Feature","id":357,"geometry":{"type":"Point","coordinates":[148.68809999999999,17.697800000000001]},"properties":{"FID":357,"Fullname":"ODP 124E-777-F","Leg":"124","Hole":"777F"}},{"type":"Feature","id":358,"geometry":{"type":"Point","coordinates":[146.666,19.498999999999999]},"properties":{"FID":358,"Fullname":"ODP 125-778-A","Leg":"125","Hole":"778A"}},{"type":"Feature","id":359,"geometry":{"type":"Point","coordinates":[146.696,19.512499999999999]},"properties":{"FID":359,"Fullname":"ODP 125-779-A","Leg":"125","Hole":"779A"}},{"type":"Feature","id":360,"geometry":{"type":"Point","coordinates":[146.696,19.512499999999999]},"properties":{"FID":360,"Fullname":"ODP 125-779-B","Leg":"125","Hole":"779B"}},{"type":"Feature","id":361,"geometry":{"type":"Point","coordinates":[146.655,19.541799999999999]},"properties":{"FID":361,"Fullname":"ODP 125-780-A","Leg":"125","Hole":"780A"}},{"type":"Feature","id":362,"geometry":{"type":"Point","coordinates":[146.65369999999999,19.5412]},"properties":{"FID":362,"Fullname":"ODP 125-780-B","Leg":"125","Hole":"780B"}},{"type":"Feature","id":363,"geometry":{"type":"Point","coordinates":[146.65350000000001,19.542200000000001]},"properties":{"FID":363,"Fullname":"ODP 125-780-C","Leg":"125","Hole":"780C"}},{"type":"Feature","id":364,"geometry":{"type":"Point","coordinates":[146.6533,19.5425]},"properties":{"FID":364,"Fullname":"ODP 125-780-D","Leg":"125","Hole":"780D"}},{"type":"Feature","id":365,"geometry":{"type":"Point","coordinates":[146.5427,19.631799999999998]},"properties":{"FID":365,"Fullname":"ODP 125-781-A","Leg":"125","Hole":"781A"}},{"type":"Feature","id":366,"geometry":{"type":"Point","coordinates":[141.3142,30.861000000000001]},"properties":{"FID":366,"Fullname":"ODP 125-782-A","Leg":"125","Hole":"782A"}},{"type":"Feature","id":367,"geometry":{"type":"Point","coordinates":[141.31399999999999,30.859999999999999]},"properties":{"FID":367,"Fullname":"ODP 125-782-B","Leg":"125","Hole":"782B"}},{"type":"Feature","id":368,"geometry":{"type":"Point","coordinates":[141.78800000000001,30.964300000000001]},"properties":{"FID":368,"Fullname":"ODP 125-783-A","Leg":"125","Hole":"783A"}},{"type":"Feature","id":369,"geometry":{"type":"Point","coordinates":[141.738,30.908000000000001]},"properties":{"FID":369,"Fullname":"ODP 125-784-A","Leg":"125","Hole":"784A"}},{"type":"Feature","id":370,"geometry":{"type":"Point","coordinates":[140.91999999999999,30.8245]},"properties":{"FID":370,"Fullname":"ODP 125-785-A","Leg":"125","Hole":"785A"}},{"type":"Feature","id":371,"geometry":{"type":"Point","coordinates":[141.226,31.875]},"properties":{"FID":371,"Fullname":"ODP 125-786-A","Leg":"125","Hole":"786A"}},{"type":"Feature","id":372,"geometry":{"type":"Point","coordinates":[141.22649999999999,31.874199999999998]},"properties":{"FID":372,"Fullname":"ODP 125-786-B","Leg":"125","Hole":"786B"}},{"type":"Feature","id":373,"geometry":{"type":"Point","coordinates":[140.74940000000001,32.375700000000002]},"properties":{"FID":373,"Fullname":"ODP 126-787-A","Leg":"126","Hole":"787A"}},{"type":"Feature","id":374,"geometry":{"type":"Point","coordinates":[140.74940000000001,32.375700000000002]},"properties":{"FID":374,"Fullname":"ODP 126-787-B","Leg":"126","Hole":"787B"}},{"type":"Feature","id":375,"geometry":{"type":"Point","coordinates":[140.00380000000001,30.922000000000001]},"properties":{"FID":375,"Fullname":"ODP 126-788-A","Leg":"126","Hole":"788A"}},{"type":"Feature","id":376,"geometry":{"type":"Point","coordinates":[140.00309999999999,30.922499999999999]},"properties":{"FID":376,"Fullname":"ODP 126-788-B","Leg":"126","Hole":"788B"}},{"type":"Feature","id":377,"geometry":{"type":"Point","coordinates":[140.00380000000001,30.922000000000001]},"properties":{"FID":377,"Fullname":"ODP 126-788-C","Leg":"126","Hole":"788C"}},{"type":"Feature","id":378,"geometry":{"type":"Point","coordinates":[140.00380000000001,30.922000000000001]},"properties":{"FID":378,"Fullname":"ODP 126-788-D","Leg":"126","Hole":"788D"}},{"type":"Feature","id":379,"geometry":{"type":"Point","coordinates":[139.9975,30.920100000000001]},"properties":{"FID":379,"Fullname":"ODP 126-789-A","Leg":"126","Hole":"789A"}},{"type":"Feature","id":380,"geometry":{"type":"Point","coordinates":[139.84389999999999,30.915400000000002]},"properties":{"FID":380,"Fullname":"ODP 126-790-A","Leg":"126","Hole":"790A"}},{"type":"Feature","id":381,"geometry":{"type":"Point","coordinates":[139.8443,30.9161]},"properties":{"FID":381,"Fullname":"ODP 126-790-B","Leg":"126","Hole":"790B"}},{"type":"Feature","id":382,"geometry":{"type":"Point","coordinates":[139.83699999999999,30.910900000000002]},"properties":{"FID":382,"Fullname":"ODP 126-790-C","Leg":"126","Hole":"790C"}},{"type":"Feature","id":383,"geometry":{"type":"Point","coordinates":[139.87010000000001,30.916499999999999]},"properties":{"FID":383,"Fullname":"ODP 126-791-A","Leg":"126","Hole":"791A"}},{"type":"Feature","id":384,"geometry":{"type":"Point","coordinates":[139.87010000000001,30.916499999999999]},"properties":{"FID":384,"Fullname":"ODP 126-791-B","Leg":"126","Hole":"791B"}},{"type":"Feature","id":385,"geometry":{"type":"Point","coordinates":[140.38069999999999,32.399799999999999]},"properties":{"FID":385,"Fullname":"ODP 126-792-A","Leg":"126","Hole":"792A"}},{"type":"Feature","id":386,"geometry":{"type":"Point","coordinates":[140.38069999999999,32.399799999999999]},"properties":{"FID":386,"Fullname":"ODP 126-792-B","Leg":"126","Hole":"792B"}},{"type":"Feature","id":387,"geometry":{"type":"Point","coordinates":[140.3801,32.399099999999997]},"properties":{"FID":387,"Fullname":"ODP 126-792-C","Leg":"126","Hole":"792C"}},{"type":"Feature","id":388,"geometry":{"type":"Point","coordinates":[140.37970000000001,32.398299999999999]},"properties":{"FID":388,"Fullname":"ODP 126-792-D","Leg":"126","Hole":"792D"}},{"type":"Feature","id":389,"geometry":{"type":"Point","coordinates":[140.3793,32.3994]},"properties":{"FID":389,"Fullname":"ODP 126-792-E","Leg":"126","Hole":"792E"}},{"type":"Feature","id":390,"geometry":{"type":"Point","coordinates":[140.88820000000001,31.105699999999999]},"properties":{"FID":390,"Fullname":"ODP 126-793-A","Leg":"126","Hole":"793A"}},{"type":"Feature","id":391,"geometry":{"type":"Point","coordinates":[140.88810000000001,31.105899999999998]},"properties":{"FID":391,"Fullname":"ODP 126-793-B","Leg":"126","Hole":"793B"}},{"type":"Feature","id":392,"geometry":{"type":"Point","coordinates":[138.23099999999999,40.189999999999998]},"properties":{"FID":392,"Fullname":"ODP 127-794-A","Leg":"127","Hole":"794A"}},{"type":"Feature","id":393,"geometry":{"type":"Point","coordinates":[138.23099999999999,40.189999999999998]},"properties":{"FID":393,"Fullname":"ODP 127-794-B","Leg":"127","Hole":"794B"}},{"type":"Feature","id":394,"geometry":{"type":"Point","coordinates":[138.23099999999999,40.189999999999998]},"properties":{"FID":394,"Fullname":"ODP 127-794-C","Leg":"127","Hole":"794C"}},{"type":"Feature","id":395,"geometry":{"type":"Point","coordinates":[138.96700000000001,43.987000000000002]},"properties":{"FID":395,"Fullname":"ODP 127-795-A","Leg":"127","Hole":"795A"}},{"type":"Feature","id":396,"geometry":{"type":"Point","coordinates":[138.965,43.987000000000002]},"properties":{"FID":396,"Fullname":"ODP 127-795-B","Leg":"127","Hole":"795B"}},{"type":"Feature","id":397,"geometry":{"type":"Point","coordinates":[139.411,42.848999999999997]},"properties":{"FID":397,"Fullname":"ODP 127-796-A","Leg":"127","Hole":"796A"}},{"type":"Feature","id":398,"geometry":{"type":"Point","coordinates":[139.41399999999999,42.848999999999997]},"properties":{"FID":398,"Fullname":"ODP 127-796-B","Leg":"127","Hole":"796B"}},{"type":"Feature","id":399,"geometry":{"type":"Point","coordinates":[134.536,38.616]},"properties":{"FID":399,"Fullname":"ODP 127-797-A","Leg":"127","Hole":"797A"}},{"type":"Feature","id":400,"geometry":{"type":"Point","coordinates":[134.536,38.616]},"properties":{"FID":400,"Fullname":"ODP 127-797-B","Leg":"127","Hole":"797B"}},{"type":"Feature","id":401,"geometry":{"type":"Point","coordinates":[134.536,38.616]},"properties":{"FID":401,"Fullname":"ODP 127-797-C","Leg":"127","Hole":"797C"}},{"type":"Feature","id":402,"geometry":{"type":"Point","coordinates":[138.23240000000001,40.189399999999999]},"properties":{"FID":402,"Fullname":"ODP 128-794-D","Leg":"128","Hole":"794D"}},{"type":"Feature","id":403,"geometry":{"type":"Point","coordinates":[138.23249999999999,40.175400000000003]},"properties":{"FID":403,"Fullname":"ODP 128-794-E","Leg":"128","Hole":"794E"}},{"type":"Feature","id":404,"geometry":{"type":"Point","coordinates":[134.7998,37.0383]},"properties":{"FID":404,"Fullname":"ODP 128-798-A","Leg":"128","Hole":"798A"}},{"type":"Feature","id":405,"geometry":{"type":"Point","coordinates":[134.7996,37.038499999999999]},"properties":{"FID":405,"Fullname":"ODP 128-798-B","Leg":"128","Hole":"798B"}},{"type":"Feature","id":406,"geometry":{"type":"Point","coordinates":[134.7997,37.038499999999999]},"properties":{"FID":406,"Fullname":"ODP 128-798-C","Leg":"128","Hole":"798C"}},{"type":"Feature","id":407,"geometry":{"type":"Point","coordinates":[133.86689999999999,39.220500000000001]},"properties":{"FID":407,"Fullname":"ODP 128-799-A","Leg":"128","Hole":"799A"}},{"type":"Feature","id":408,"geometry":{"type":"Point","coordinates":[133.8665,39.220500000000001]},"properties":{"FID":408,"Fullname":"ODP 128-799-B","Leg":"128","Hole":"799B"}},{"type":"Feature","id":409,"geometry":{"type":"Point","coordinates":[133.86670000000001,39.219999999999999]},"properties":{"FID":409,"Fullname":"ODP 128-799-C","Leg":"128","Hole":"799C"}},{"type":"Feature","id":410,"geometry":{"type":"Point","coordinates":[152.3229,21.922999999999998]},"properties":{"FID":410,"Fullname":"ODP 129-800-A","Leg":"129","Hole":"800A"}},{"type":"Feature","id":411,"geometry":{"type":"Point","coordinates":[156.3595,18.642800000000001]},"properties":{"FID":411,"Fullname":"ODP 129-801-A","Leg":"129","Hole":"801A"}},{"type":"Feature","id":412,"geometry":{"type":"Point","coordinates":[156.3597,18.641999999999999]},"properties":{"FID":412,"Fullname":"ODP 129-801-B","Leg":"129","Hole":"801B"}},{"type":"Feature","id":413,"geometry":{"type":"Point","coordinates":[156.35980000000001,18.642299999999999]},"properties":{"FID":413,"Fullname":"ODP 129-801-C","Leg":"129","Hole":"801C"}},{"type":"Feature","id":414,"geometry":{"type":"Point","coordinates":[153.21029999999999,12.096299999999999]},"properties":{"FID":414,"Fullname":"ODP 129-802-A","Leg":"129","Hole":"802A"}},{"type":"Feature","id":415,"geometry":{"type":"Point","coordinates":[160.53999999999999,2.4329999999999998]},"properties":{"FID":415,"Fullname":"ODP 130-803-A","Leg":"130","Hole":"803A"}},{"type":"Feature","id":416,"geometry":{"type":"Point","coordinates":[160.53999999999999,2.4329999999999998]},"properties":{"FID":416,"Fullname":"ODP 130-803-B","Leg":"130","Hole":"803B"}},{"type":"Feature","id":417,"geometry":{"type":"Point","coordinates":[160.53999999999999,2.4329999999999998]},"properties":{"FID":417,"Fullname":"ODP 130-803-C","Leg":"130","Hole":"803C"}},{"type":"Feature","id":418,"geometry":{"type":"Point","coordinates":[160.541,2.4329999999999998]},"properties":{"FID":418,"Fullname":"ODP 130-803-D","Leg":"130","Hole":"803D"}},{"type":"Feature","id":419,"geometry":{"type":"Point","coordinates":[161.65000000000001,0.93700000000000006]},"properties":{"FID":419,"Fullname":"ODP 130-804-A","Leg":"130","Hole":"804A"}},{"type":"Feature","id":420,"geometry":{"type":"Point","coordinates":[161.65000000000001,0.93700000000000006]},"properties":{"FID":420,"Fullname":"ODP 130-804-B","Leg":"130","Hole":"804B"}},{"type":"Feature","id":421,"geometry":{"type":"Point","coordinates":[161.65000000000001,0.93700000000000006]},"properties":{"FID":421,"Fullname":"ODP 130-804-C","Leg":"130","Hole":"804C"}},{"type":"Feature","id":422,"geometry":{"type":"Point","coordinates":[160.52799999999999,1.228]},"properties":{"FID":422,"Fullname":"ODP 130-805-A","Leg":"130","Hole":"805A"}},{"type":"Feature","id":423,"geometry":{"type":"Point","coordinates":[160.52799999999999,1.228]},"properties":{"FID":423,"Fullname":"ODP 130-805-B","Leg":"130","Hole":"805B"}},{"type":"Feature","id":424,"geometry":{"type":"Point","coordinates":[160.52950000000001,1.2282]},"properties":{"FID":424,"Fullname":"ODP 130-805-C","Leg":"130","Hole":"805C"}},{"type":"Feature","id":425,"geometry":{"type":"Point","coordinates":[159.36099999999999,0.31900000000000001]},"properties":{"FID":425,"Fullname":"ODP 130-806-A","Leg":"130","Hole":"806A"}},{"type":"Feature","id":426,"geometry":{"type":"Point","coordinates":[159.36099999999999,0.31850000000000001]},"properties":{"FID":426,"Fullname":"ODP 130-806-B","Leg":"130","Hole":"806B"}},{"type":"Feature","id":427,"geometry":{"type":"Point","coordinates":[159.36099999999999,0.31850000000000001]},"properties":{"FID":427,"Fullname":"ODP 130-806-C","Leg":"130","Hole":"806C"}},{"type":"Feature","id":428,"geometry":{"type":"Point","coordinates":[156.625,3.6070000000000002]},"properties":{"FID":428,"Fullname":"ODP 130-807-A","Leg":"130","Hole":"807A"}},{"type":"Feature","id":429,"geometry":{"type":"Point","coordinates":[156.625,3.6070000000000002]},"properties":{"FID":429,"Fullname":"ODP 130-807-B","Leg":"130","Hole":"807B"}},{"type":"Feature","id":430,"geometry":{"type":"Point","coordinates":[156.625,3.6059999999999999]},"properties":{"FID":430,"Fullname":"ODP 130-807-C","Leg":"130","Hole":"807C"}},{"type":"Feature","id":431,"geometry":{"type":"Point","coordinates":[134.9444,32.351999999999997]},"properties":{"FID":431,"Fullname":"ODP 131-808-A","Leg":"131","Hole":"808A"}},{"type":"Feature","id":432,"geometry":{"type":"Point","coordinates":[134.9436,32.351399999999998]},"properties":{"FID":432,"Fullname":"ODP 131-808-B","Leg":"131","Hole":"808B"}},{"type":"Feature","id":433,"geometry":{"type":"Point","coordinates":[134.9443,32.352800000000002]},"properties":{"FID":433,"Fullname":"ODP 131-808-C","Leg":"131","Hole":"808C"}},{"type":"Feature","id":434,"geometry":{"type":"Point","coordinates":[134.94290000000001,32.3523]},"properties":{"FID":434,"Fullname":"ODP 131-808-D","Leg":"131","Hole":"808D"}},{"type":"Feature","id":435,"geometry":{"type":"Point","coordinates":[134.9434,32.351700000000001]},"properties":{"FID":435,"Fullname":"ODP 131-808-E","Leg":"131","Hole":"808E"}},{"type":"Feature","id":436,"geometry":{"type":"Point","coordinates":[134.946,32.352400000000003]},"properties":{"FID":436,"Fullname":"ODP 131-808-F","Leg":"131","Hole":"808F"}},{"type":"Feature","id":437,"geometry":{"type":"Point","coordinates":[134.946,32.352400000000003]},"properties":{"FID":437,"Fullname":"ODP 131-808-G","Leg":"131","Hole":"808G"}},{"type":"Feature","id":438,"geometry":{"type":"Point","coordinates":[139.87899999999999,31.058]},"properties":{"FID":438,"Fullname":"ODP 132-809-A","Leg":"132","Hole":"809A"}},{"type":"Feature","id":439,"geometry":{"type":"Point","coordinates":[139.8776,31.0579]},"properties":{"FID":439,"Fullname":"ODP 132-809-B","Leg":"132","Hole":"809B"}},{"type":"Feature","id":440,"geometry":{"type":"Point","coordinates":[139.87710000000001,31.058299999999999]},"properties":{"FID":440,"Fullname":"ODP 132-809-C","Leg":"132","Hole":"809C"}},{"type":"Feature","id":441,"geometry":{"type":"Point","coordinates":[139.87780000000001,31.0581]},"properties":{"FID":441,"Fullname":"ODP 132-809-D","Leg":"132","Hole":"809D"}},{"type":"Feature","id":442,"geometry":{"type":"Point","coordinates":[139.87729999999999,31.058399999999999]},"properties":{"FID":442,"Fullname":"ODP 132-809-E","Leg":"132","Hole":"809E"}},{"type":"Feature","id":443,"geometry":{"type":"Point","coordinates":[139.87700000000001,31.058]},"properties":{"FID":443,"Fullname":"ODP 132-809-F","Leg":"132","Hole":"809F"}},{"type":"Feature","id":444,"geometry":{"type":"Point","coordinates":[157.846,32.423000000000002]},"properties":{"FID":444,"Fullname":"ODP 132-810-A","Leg":"132","Hole":"810A"}},{"type":"Feature","id":445,"geometry":{"type":"Point","coordinates":[157.8458,32.422800000000002]},"properties":{"FID":445,"Fullname":"ODP 132-810-B","Leg":"132","Hole":"810B"}},{"type":"Feature","id":446,"geometry":{"type":"Point","coordinates":[157.846,32.423000000000002]},"properties":{"FID":446,"Fullname":"ODP 132-810-C","Leg":"132","Hole":"810C"}},{"type":"Feature","id":447,"geometry":{"type":"Point","coordinates":[148.15729999999999,-16.516300000000001]},"properties":{"FID":447,"Fullname":"ODP 133-811-A","Leg":"133","Hole":"811A"}},{"type":"Feature","id":448,"geometry":{"type":"Point","coordinates":[148.1576,-16.515799999999999]},"properties":{"FID":448,"Fullname":"ODP 133-811-B","Leg":"133","Hole":"811B"}},{"type":"Feature","id":449,"geometry":{"type":"Point","coordinates":[148.1575,-16.515699999999999]},"properties":{"FID":449,"Fullname":"ODP 133-811-C","Leg":"133","Hole":"811C"}},{"type":"Feature","id":450,"geometry":{"type":"Point","coordinates":[149.6052,-17.814]},"properties":{"FID":450,"Fullname":"ODP 133-812-A","Leg":"133","Hole":"812A"}},{"type":"Feature","id":451,"geometry":{"type":"Point","coordinates":[149.60509999999999,-17.814]},"properties":{"FID":451,"Fullname":"ODP 133-812-B","Leg":"133","Hole":"812B"}},{"type":"Feature","id":452,"geometry":{"type":"Point","coordinates":[149.60550000000001,-17.814]},"properties":{"FID":452,"Fullname":"ODP 133-812-C","Leg":"133","Hole":"812C"}},{"type":"Feature","id":453,"geometry":{"type":"Point","coordinates":[149.49449999999999,-17.832599999999999]},"properties":{"FID":453,"Fullname":"ODP 133-813-A","Leg":"133","Hole":"813A"}},{"type":"Feature","id":454,"geometry":{"type":"Point","coordinates":[149.49459999999999,-17.8325]},"properties":{"FID":454,"Fullname":"ODP 133-813-B","Leg":"133","Hole":"813B"}},{"type":"Feature","id":455,"geometry":{"type":"Point","coordinates":[149.51390000000001,-17.833100000000002]},"properties":{"FID":455,"Fullname":"ODP 133-814-A","Leg":"133","Hole":"814A"}},{"type":"Feature","id":456,"geometry":{"type":"Point","coordinates":[149.99180000000001,-19.150600000000001]},"properties":{"FID":456,"Fullname":"ODP 133-815-A","Leg":"133","Hole":"815A"}},{"type":"Feature","id":457,"geometry":{"type":"Point","coordinates":[149.99209999999999,-19.150600000000001]},"properties":{"FID":457,"Fullname":"ODP 133-815-B","Leg":"133","Hole":"815B"}},{"type":"Feature","id":458,"geometry":{"type":"Point","coordinates":[150.01009999999999,-19.198699999999999]},"properties":{"FID":458,"Fullname":"ODP 133-816-A","Leg":"133","Hole":"816A"}},{"type":"Feature","id":459,"geometry":{"type":"Point","coordinates":[150.00999999999999,-19.198499999999999]},"properties":{"FID":459,"Fullname":"ODP 133-816-B","Leg":"133","Hole":"816B"}},{"type":"Feature","id":460,"geometry":{"type":"Point","coordinates":[150.01009999999999,-19.198499999999999]},"properties":{"FID":460,"Fullname":"ODP 133-816-C","Leg":"133","Hole":"816C"}},{"type":"Feature","id":461,"geometry":{"type":"Point","coordinates":[149.75819999999999,-18.158300000000001]},"properties":{"FID":461,"Fullname":"ODP 133-817-A","Leg":"133","Hole":"817A"}},{"type":"Feature","id":462,"geometry":{"type":"Point","coordinates":[149.75839999999999,-18.158100000000001]},"properties":{"FID":462,"Fullname":"ODP 133-817-B","Leg":"133","Hole":"817B"}},{"type":"Feature","id":463,"geometry":{"type":"Point","coordinates":[149.75890000000001,-18.158100000000001]},"properties":{"FID":463,"Fullname":"ODP 133-817-C","Leg":"133","Hole":"817C"}},{"type":"Feature","id":464,"geometry":{"type":"Point","coordinates":[149.7585,-18.158300000000001]},"properties":{"FID":464,"Fullname":"ODP 133-817-D","Leg":"133","Hole":"817D"}},{"type":"Feature","id":465,"geometry":{"type":"Point","coordinates":[150.04220000000001,-18.062799999999999]},"properties":{"FID":465,"Fullname":"ODP 133-818-A","Leg":"133","Hole":"818A"}},{"type":"Feature","id":466,"geometry":{"type":"Point","coordinates":[150.04220000000001,-18.062799999999999]},"properties":{"FID":466,"Fullname":"ODP 133-818-B","Leg":"133","Hole":"818B"}},{"type":"Feature","id":467,"geometry":{"type":"Point","coordinates":[146.32480000000001,-16.623999999999999]},"properties":{"FID":467,"Fullname":"ODP 133-819-A","Leg":"133","Hole":"819A"}},{"type":"Feature","id":468,"geometry":{"type":"Point","coordinates":[146.3038,-16.637]},"properties":{"FID":468,"Fullname":"ODP 133-820-A","Leg":"133","Hole":"820A"}},{"type":"Feature","id":469,"geometry":{"type":"Point","coordinates":[146.30359999999999,-16.637]},"properties":{"FID":469,"Fullname":"ODP 133-820-B","Leg":"133","Hole":"820B"}},{"type":"Feature","id":470,"geometry":{"type":"Point","coordinates":[146.28960000000001,-16.6465]},"properties":{"FID":470,"Fullname":"ODP 133-821-A","Leg":"133","Hole":"821A"}},{"type":"Feature","id":471,"geometry":{"type":"Point","coordinates":[146.2894,-16.646599999999999]},"properties":{"FID":471,"Fullname":"ODP 133-821-B","Leg":"133","Hole":"821B"}},{"type":"Feature","id":472,"geometry":{"type":"Point","coordinates":[146.21510000000001,-16.422999999999998]},"properties":{"FID":472,"Fullname":"ODP 133-822-A","Leg":"133","Hole":"822A"}},{"type":"Feature","id":473,"geometry":{"type":"Point","coordinates":[146.78399999999999,-16.616399999999999]},"properties":{"FID":473,"Fullname":"ODP 133-823-A","Leg":"133","Hole":"823A"}},{"type":"Feature","id":474,"geometry":{"type":"Point","coordinates":[146.7842,-16.616399999999999]},"properties":{"FID":474,"Fullname":"ODP 133-823-B","Leg":"133","Hole":"823B"}},{"type":"Feature","id":475,"geometry":{"type":"Point","coordinates":[146.78440000000001,-16.616399999999999]},"properties":{"FID":475,"Fullname":"ODP 133-823-C","Leg":"133","Hole":"823C"}},{"type":"Feature","id":476,"geometry":{"type":"Point","coordinates":[147.76230000000001,-16.4451]},"properties":{"FID":476,"Fullname":"ODP 133-824-A","Leg":"133","Hole":"824A"}},{"type":"Feature","id":477,"geometry":{"type":"Point","coordinates":[147.762,-16.445]},"properties":{"FID":477,"Fullname":"ODP 133-824-B","Leg":"133","Hole":"824B"}},{"type":"Feature","id":478,"geometry":{"type":"Point","coordinates":[147.76249999999999,-16.4451]},"properties":{"FID":478,"Fullname":"ODP 133-824-C","Leg":"133","Hole":"824C"}},{"type":"Feature","id":479,"geometry":{"type":"Point","coordinates":[147.76249999999999,-16.444800000000001]},"properties":{"FID":479,"Fullname":"ODP 133-824-D","Leg":"133","Hole":"824D"}},{"type":"Feature","id":480,"geometry":{"type":"Point","coordinates":[148.1576,-16.515799999999999]},"properties":{"FID":480,"Fullname":"ODP 133-825-A","Leg":"133","Hole":"825A"}},{"type":"Feature","id":481,"geometry":{"type":"Point","coordinates":[148.1576,-16.515999999999998]},"properties":{"FID":481,"Fullname":"ODP 133-825-B","Leg":"133","Hole":"825B"}},{"type":"Feature","id":482,"geometry":{"type":"Point","coordinates":[150.00989999999999,-19.2255]},"properties":{"FID":482,"Fullname":"ODP 133-826-A","Leg":"133","Hole":"826A"}},{"type":"Feature","id":483,"geometry":{"type":"Point","coordinates":[166.3519,-15.295]},"properties":{"FID":483,"Fullname":"ODP 134-827-A","Leg":"134","Hole":"827A"}},{"type":"Feature","id":484,"geometry":{"type":"Point","coordinates":[166.3519,-15.295]},"properties":{"FID":484,"Fullname":"ODP 134-827-B","Leg":"134","Hole":"827B"}},{"type":"Feature","id":485,"geometry":{"type":"Point","coordinates":[166.28399999999999,-15.288]},"properties":{"FID":485,"Fullname":"ODP 134-828-A","Leg":"134","Hole":"828A"}},{"type":"Feature","id":486,"geometry":{"type":"Point","coordinates":[166.28399999999999,-15.288]},"properties":{"FID":486,"Fullname":"ODP 134-828-B","Leg":"134","Hole":"828B"}},{"type":"Feature","id":487,"geometry":{"type":"Point","coordinates":[166.345,-15.315]},"properties":{"FID":487,"Fullname":"ODP 134-829-A","Leg":"134","Hole":"829A"}},{"type":"Feature","id":488,"geometry":{"type":"Point","coordinates":[166.345,-15.315]},"properties":{"FID":488,"Fullname":"ODP 134-829-B","Leg":"134","Hole":"829B"}},{"type":"Feature","id":489,"geometry":{"type":"Point","coordinates":[166.345,-15.315]},"properties":{"FID":489,"Fullname":"ODP 134-829-C","Leg":"134","Hole":"829C"}},{"type":"Feature","id":490,"geometry":{"type":"Point","coordinates":[166.78,-15.949999999999999]},"properties":{"FID":490,"Fullname":"ODP 134-830-A","Leg":"134","Hole":"830A"}},{"type":"Feature","id":491,"geometry":{"type":"Point","coordinates":[166.78,-15.949999999999999]},"properties":{"FID":491,"Fullname":"ODP 134-830-B","Leg":"134","Hole":"830B"}},{"type":"Feature","id":492,"geometry":{"type":"Point","coordinates":[166.78,-15.949999999999999]},"properties":{"FID":492,"Fullname":"ODP 134-830-C","Leg":"134","Hole":"830C"}},{"type":"Feature","id":493,"geometry":{"type":"Point","coordinates":[166.672,-16.009]},"properties":{"FID":493,"Fullname":"ODP 134-831-A","Leg":"134","Hole":"831A"}},{"type":"Feature","id":494,"geometry":{"type":"Point","coordinates":[166.673,-16.009]},"properties":{"FID":494,"Fullname":"ODP 134-831-B","Leg":"134","Hole":"831B"}},{"type":"Feature","id":495,"geometry":{"type":"Point","coordinates":[167.57300000000001,-14.795999999999999]},"properties":{"FID":495,"Fullname":"ODP 134-832-A","Leg":"134","Hole":"832A"}},{"type":"Feature","id":496,"geometry":{"type":"Point","coordinates":[167.57300000000001,-14.795999999999999]},"properties":{"FID":496,"Fullname":"ODP 134-832-B","Leg":"134","Hole":"832B"}},{"type":"Feature","id":497,"geometry":{"type":"Point","coordinates":[167.88,-14.875999999999999]},"properties":{"FID":497,"Fullname":"ODP 134-833-A","Leg":"134","Hole":"833A"}},{"type":"Feature","id":498,"geometry":{"type":"Point","coordinates":[167.88,-14.875999999999999]},"properties":{"FID":498,"Fullname":"ODP 134-833-B","Leg":"134","Hole":"833B"}},{"type":"Feature","id":499,"geometry":{"type":"Point","coordinates":[-177.8623,-18.567599999999999]},"properties":{"FID":499,"Fullname":"ODP 135-834-A","Leg":"135","Hole":"834A"}},{"type":"Feature","id":500,"geometry":{"type":"Point","coordinates":[-177.8623,-18.567499999999999]},"properties":{"FID":500,"Fullname":"ODP 135-834-B","Leg":"135","Hole":"834B"}},{"type":"Feature","id":501,"geometry":{"type":"Point","coordinates":[-177.30269999999999,-18.501000000000001]},"properties":{"FID":501,"Fullname":"ODP 135-835-A","Leg":"135","Hole":"835A"}},{"type":"Feature","id":502,"geometry":{"type":"Point","coordinates":[-177.3032,-18.500800000000002]},"properties":{"FID":502,"Fullname":"ODP 135-835-B","Leg":"135","Hole":"835B"}},{"type":"Feature","id":503,"geometry":{"type":"Point","coordinates":[-176.5001,-20.1416]},"properties":{"FID":503,"Fullname":"ODP 135-836-A","Leg":"135","Hole":"836A"}},{"type":"Feature","id":504,"geometry":{"type":"Point","coordinates":[-176.50020000000001,-20.1418]},"properties":{"FID":504,"Fullname":"ODP 135-836-B","Leg":"135","Hole":"836B"}},{"type":"Feature","id":505,"geometry":{"type":"Point","coordinates":[-176.8227,-20.221800000000002]},"properties":{"FID":505,"Fullname":"ODP 135-837-A","Leg":"135","Hole":"837A"}},{"type":"Feature","id":506,"geometry":{"type":"Point","coordinates":[-176.8227,-20.222000000000001]},"properties":{"FID":506,"Fullname":"ODP 135-837-B","Leg":"135","Hole":"837B"}},{"type":"Feature","id":507,"geometry":{"type":"Point","coordinates":[-176.88999999999999,-20.827000000000002]},"properties":{"FID":507,"Fullname":"ODP 135-838-A","Leg":"135","Hole":"838A"}},{"type":"Feature","id":508,"geometry":{"type":"Point","coordinates":[-176.88999999999999,-20.827200000000001]},"properties":{"FID":508,"Fullname":"ODP 135-838-B","Leg":"135","Hole":"838B"}},{"type":"Feature","id":509,"geometry":{"type":"Point","coordinates":[-176.7749,-20.6922]},"properties":{"FID":509,"Fullname":"ODP 135-839-A","Leg":"135","Hole":"839A"}},{"type":"Feature","id":510,"geometry":{"type":"Point","coordinates":[-176.77500000000001,-20.709]},"properties":{"FID":510,"Fullname":"ODP 135-839-B","Leg":"135","Hole":"839B"}},{"type":"Feature","id":511,"geometry":{"type":"Point","coordinates":[-175.74860000000001,-22.220800000000001]},"properties":{"FID":511,"Fullname":"ODP 135-840-A","Leg":"135","Hole":"840A"}},{"type":"Feature","id":512,"geometry":{"type":"Point","coordinates":[-175.74860000000001,-22.221]},"properties":{"FID":512,"Fullname":"ODP 135-840-B","Leg":"135","Hole":"840B"}},{"type":"Feature","id":513,"geometry":{"type":"Point","coordinates":[-175.74870000000001,-22.220600000000001]},"properties":{"FID":513,"Fullname":"ODP 135-840-C","Leg":"135","Hole":"840C"}},{"type":"Feature","id":514,"geometry":{"type":"Point","coordinates":[-175.2979,-23.345800000000001]},"properties":{"FID":514,"Fullname":"ODP 135-841-A","Leg":"135","Hole":"841A"}},{"type":"Feature","id":515,"geometry":{"type":"Point","coordinates":[-175.2979,-23.345700000000001]},"properties":{"FID":515,"Fullname":"ODP 135-841-B","Leg":"135","Hole":"841B"}},{"type":"Feature","id":516,"geometry":{"type":"Point","coordinates":[-175.298,-23.345300000000002]},"properties":{"FID":516,"Fullname":"ODP 135-841-C","Leg":"135","Hole":"841C"}},{"type":"Feature","id":517,"geometry":{"type":"Point","coordinates":[-159.08799999999999,19.335999999999999]},"properties":{"FID":517,"Fullname":"ODP 136-842-A","Leg":"136","Hole":"842A"}},{"type":"Feature","id":518,"geometry":{"type":"Point","coordinates":[-159.08799999999999,19.335999999999999]},"properties":{"FID":518,"Fullname":"ODP 136-842-B","Leg":"136","Hole":"842B"}},{"type":"Feature","id":519,"geometry":{"type":"Point","coordinates":[-159.089,19.335999999999999]},"properties":{"FID":519,"Fullname":"ODP 136-842-C","Leg":"136","Hole":"842C"}},{"type":"Feature","id":520,"geometry":{"type":"Point","coordinates":[-159.095,19.341999999999999]},"properties":{"FID":520,"Fullname":"ODP 136-843-A","Leg":"136","Hole":"843A"}},{"type":"Feature","id":521,"geometry":{"type":"Point","coordinates":[-159.095,19.341999999999999]},"properties":{"FID":521,"Fullname":"ODP 136-843-B","Leg":"136","Hole":"843B"}},{"type":"Feature","id":522,"geometry":{"type":"Point","coordinates":[-159.095,19.341999999999999]},"properties":{"FID":522,"Fullname":"ODP 136-843-C","Leg":"136","Hole":"843C"}},{"type":"Feature","id":523,"geometry":{"type":"Point","coordinates":[-83.7303,1.2269000000000001]},"properties":{"FID":523,"Fullname":"ODP 137-504-B","Leg":"137","Hole":"504B"}},{"type":"Feature","id":524,"geometry":{"type":"Point","coordinates":[-90.480799999999988,7.9212999999999996]},"properties":{"FID":524,"Fullname":"ODP 138-844-A","Leg":"138","Hole":"844A"}},{"type":"Feature","id":525,"geometry":{"type":"Point","coordinates":[-90.480799999999988,7.9212999999999996]},"properties":{"FID":525,"Fullname":"ODP 138-844-B","Leg":"138","Hole":"844B"}},{"type":"Feature","id":526,"geometry":{"type":"Point","coordinates":[-90.480799999999988,7.9212999999999996]},"properties":{"FID":526,"Fullname":"ODP 138-844-C","Leg":"138","Hole":"844C"}},{"type":"Feature","id":527,"geometry":{"type":"Point","coordinates":[-90.480799999999988,7.9212999999999996]},"properties":{"FID":527,"Fullname":"ODP 138-844-D","Leg":"138","Hole":"844D"}},{"type":"Feature","id":528,"geometry":{"type":"Point","coordinates":[-94.590800000000002,9.5824999999999996]},"properties":{"FID":528,"Fullname":"ODP 138-845-A","Leg":"138","Hole":"845A"}},{"type":"Feature","id":529,"geometry":{"type":"Point","coordinates":[-94.589600000000019,9.5822000000000003]},"properties":{"FID":529,"Fullname":"ODP 138-845-B","Leg":"138","Hole":"845B"}},{"type":"Feature","id":530,"geometry":{"type":"Point","coordinates":[-94.589699999999993,9.5831]},"properties":{"FID":530,"Fullname":"ODP 138-845-C","Leg":"138","Hole":"845C"}},{"type":"Feature","id":531,"geometry":{"type":"Point","coordinates":[-90.817999999999998,-3.0949]},"properties":{"FID":531,"Fullname":"ODP 138-846-A","Leg":"138","Hole":"846A"}},{"type":"Feature","id":532,"geometry":{"type":"Point","coordinates":[-90.817999999999998,-3.0949]},"properties":{"FID":532,"Fullname":"ODP 138-846-B","Leg":"138","Hole":"846B"}},{"type":"Feature","id":533,"geometry":{"type":"Point","coordinates":[-90.818100000000001,-3.0966]},"properties":{"FID":533,"Fullname":"ODP 138-846-C","Leg":"138","Hole":"846C"}},{"type":"Feature","id":534,"geometry":{"type":"Point","coordinates":[-90.817900000000009,-3.0966999999999998]},"properties":{"FID":534,"Fullname":"ODP 138-846-D","Leg":"138","Hole":"846D"}},{"type":"Feature","id":535,"geometry":{"type":"Point","coordinates":[-95.320400000000006,0.19320000000000001]},"properties":{"FID":535,"Fullname":"ODP 138-847-A","Leg":"138","Hole":"847A"}},{"type":"Feature","id":536,"geometry":{"type":"Point","coordinates":[-95.320400000000006,0.19320000000000001]},"properties":{"FID":536,"Fullname":"ODP 138-847-B","Leg":"138","Hole":"847B"}},{"type":"Feature","id":537,"geometry":{"type":"Point","coordinates":[-95.319800000000001,0.19309999999999999]},"properties":{"FID":537,"Fullname":"ODP 138-847-C","Leg":"138","Hole":"847C"}},{"type":"Feature","id":538,"geometry":{"type":"Point","coordinates":[-95.319900000000004,0.19289999999999999]},"properties":{"FID":538,"Fullname":"ODP 138-847-D","Leg":"138","Hole":"847D"}},{"type":"Feature","id":539,"geometry":{"type":"Point","coordinates":[-110.4799,-2.9939]},"properties":{"FID":539,"Fullname":"ODP 138-848-A","Leg":"138","Hole":"848A"}},{"type":"Feature","id":540,"geometry":{"type":"Point","coordinates":[-110.4799,-2.9939]},"properties":{"FID":540,"Fullname":"ODP 138-848-B","Leg":"138","Hole":"848B"}},{"type":"Feature","id":541,"geometry":{"type":"Point","coordinates":[-110.48009999999999,-2.9942000000000002]},"properties":{"FID":541,"Fullname":"ODP 138-848-C","Leg":"138","Hole":"848C"}},{"type":"Feature","id":542,"geometry":{"type":"Point","coordinates":[-110.48009999999999,-2.9943]},"properties":{"FID":542,"Fullname":"ODP 138-848-D","Leg":"138","Hole":"848D"}},{"type":"Feature","id":543,"geometry":{"type":"Point","coordinates":[-110.5197,0.18310000000000001]},"properties":{"FID":543,"Fullname":"ODP 138-849-A","Leg":"138","Hole":"849A"}},{"type":"Feature","id":544,"geometry":{"type":"Point","coordinates":[-110.5197,0.18310000000000001]},"properties":{"FID":544,"Fullname":"ODP 138-849-B","Leg":"138","Hole":"849B"}},{"type":"Feature","id":545,"geometry":{"type":"Point","coordinates":[-110.5196,0.1832]},"properties":{"FID":545,"Fullname":"ODP 138-849-C","Leg":"138","Hole":"849C"}},{"type":"Feature","id":546,"geometry":{"type":"Point","coordinates":[-110.5194,0.1832]},"properties":{"FID":546,"Fullname":"ODP 138-849-D","Leg":"138","Hole":"849D"}},{"type":"Feature","id":547,"geometry":{"type":"Point","coordinates":[-110.5214,1.2972999999999999]},"properties":{"FID":547,"Fullname":"ODP 138-850-A","Leg":"138","Hole":"850A"}},{"type":"Feature","id":548,"geometry":{"type":"Point","coordinates":[-110.5214,1.2970999999999999]},"properties":{"FID":548,"Fullname":"ODP 138-850-B","Leg":"138","Hole":"850B"}},{"type":"Feature","id":549,"geometry":{"type":"Point","coordinates":[-110.5718,2.7704]},"properties":{"FID":549,"Fullname":"ODP 138-851-A","Leg":"138","Hole":"851A"}},{"type":"Feature","id":550,"geometry":{"type":"Point","coordinates":[-110.5718,2.7704]},"properties":{"FID":550,"Fullname":"ODP 138-851-B","Leg":"138","Hole":"851B"}},{"type":"Feature","id":551,"geometry":{"type":"Point","coordinates":[-110.5716,2.7702]},"properties":{"FID":551,"Fullname":"ODP 138-851-C","Leg":"138","Hole":"851C"}},{"type":"Feature","id":552,"geometry":{"type":"Point","coordinates":[-110.5716,2.7702]},"properties":{"FID":552,"Fullname":"ODP 138-851-D","Leg":"138","Hole":"851D"}},{"type":"Feature","id":553,"geometry":{"type":"Point","coordinates":[-110.5715,2.7702]},"properties":{"FID":553,"Fullname":"ODP 138-851-E","Leg":"138","Hole":"851E"}},{"type":"Feature","id":554,"geometry":{"type":"Point","coordinates":[-110.0763,5.2927999999999997]},"properties":{"FID":554,"Fullname":"ODP 138-852-A","Leg":"138","Hole":"852A"}},{"type":"Feature","id":555,"geometry":{"type":"Point","coordinates":[-110.0763,5.2927999999999997]},"properties":{"FID":555,"Fullname":"ODP 138-852-B","Leg":"138","Hole":"852B"}},{"type":"Feature","id":556,"geometry":{"type":"Point","coordinates":[-110.07599999999999,5.2925000000000004]},"properties":{"FID":556,"Fullname":"ODP 138-852-C","Leg":"138","Hole":"852C"}},{"type":"Feature","id":557,"geometry":{"type":"Point","coordinates":[-110.07559999999999,5.2925000000000004]},"properties":{"FID":557,"Fullname":"ODP 138-852-D","Leg":"138","Hole":"852D"}},{"type":"Feature","id":558,"geometry":{"type":"Point","coordinates":[-109.7514,7.2109999999999994]},"properties":{"FID":558,"Fullname":"ODP 138-853-A","Leg":"138","Hole":"853A"}},{"type":"Feature","id":559,"geometry":{"type":"Point","coordinates":[-109.7514,7.2109999999999994]},"properties":{"FID":559,"Fullname":"ODP 138-853-B","Leg":"138","Hole":"853B"}},{"type":"Feature","id":560,"geometry":{"type":"Point","coordinates":[-109.7513,7.2107999999999999]},"properties":{"FID":560,"Fullname":"ODP 138-853-C","Leg":"138","Hole":"853C"}},{"type":"Feature","id":561,"geometry":{"type":"Point","coordinates":[-109.7512,7.2107999999999999]},"properties":{"FID":561,"Fullname":"ODP 138-853-D","Leg":"138","Hole":"853D"}},{"type":"Feature","id":562,"geometry":{"type":"Point","coordinates":[-109.7512,7.2107999999999999]},"properties":{"FID":562,"Fullname":"ODP 138-853-E","Leg":"138","Hole":"853E"}},{"type":"Feature","id":563,"geometry":{"type":"Point","coordinates":[-109.5942,11.2239]},"properties":{"FID":563,"Fullname":"ODP 138-854-A","Leg":"138","Hole":"854A"}},{"type":"Feature","id":564,"geometry":{"type":"Point","coordinates":[-109.5942,11.2239]},"properties":{"FID":564,"Fullname":"ODP 138-854-B","Leg":"138","Hole":"854B"}},{"type":"Feature","id":565,"geometry":{"type":"Point","coordinates":[-109.5941,11.2239]},"properties":{"FID":565,"Fullname":"ODP 138-854-C","Leg":"138","Hole":"854C"}},{"type":"Feature","id":566,"geometry":{"type":"Point","coordinates":[-128.6378,48.442700000000002]},"properties":{"FID":566,"Fullname":"ODP 139-855-A","Leg":"139","Hole":"855A"}},{"type":"Feature","id":567,"geometry":{"type":"Point","coordinates":[-128.63759999999999,48.442800000000013]},"properties":{"FID":567,"Fullname":"ODP 139-855-B","Leg":"139","Hole":"855B"}},{"type":"Feature","id":568,"geometry":{"type":"Point","coordinates":[-128.6387,48.442800000000013]},"properties":{"FID":568,"Fullname":"ODP 139-855-C","Leg":"139","Hole":"855C"}},{"type":"Feature","id":569,"geometry":{"type":"Point","coordinates":[-128.6386,48.442399999999999]},"properties":{"FID":569,"Fullname":"ODP 139-855-D","Leg":"139","Hole":"855D"}},{"type":"Feature","id":570,"geometry":{"type":"Point","coordinates":[-128.6806,48.436700000000002]},"properties":{"FID":570,"Fullname":"ODP 139-856-A","Leg":"139","Hole":"856A"}},{"type":"Feature","id":571,"geometry":{"type":"Point","coordinates":[-128.68020000000001,48.435000000000002]},"properties":{"FID":571,"Fullname":"ODP 139-856-B","Leg":"139","Hole":"856B"}},{"type":"Feature","id":572,"geometry":{"type":"Point","coordinates":[-128.68090000000001,48.433999999999997]},"properties":{"FID":572,"Fullname":"ODP 139-856-C","Leg":"139","Hole":"856C"}},{"type":"Feature","id":573,"geometry":{"type":"Point","coordinates":[-128.68090000000001,48.433799999999991]},"properties":{"FID":573,"Fullname":"ODP 139-856-D","Leg":"139","Hole":"856D"}},{"type":"Feature","id":574,"geometry":{"type":"Point","coordinates":[-128.68090000000001,48.433500000000002]},"properties":{"FID":574,"Fullname":"ODP 139-856-E","Leg":"139","Hole":"856E"}},{"type":"Feature","id":575,"geometry":{"type":"Point","coordinates":[-128.68100000000001,48.433600000000013]},"properties":{"FID":575,"Fullname":"ODP 139-856-F","Leg":"139","Hole":"856F"}},{"type":"Feature","id":576,"geometry":{"type":"Point","coordinates":[-128.68100000000001,48.433600000000013]},"properties":{"FID":576,"Fullname":"ODP 139-856-G","Leg":"139","Hole":"856G"}},{"type":"Feature","id":577,"geometry":{"type":"Point","coordinates":[-128.68100000000001,48.433700000000002]},"properties":{"FID":577,"Fullname":"ODP 139-856-H","Leg":"139","Hole":"856H"}},{"type":"Feature","id":578,"geometry":{"type":"Point","coordinates":[-128.71340000000001,48.441600000000008]},"properties":{"FID":578,"Fullname":"ODP 139-857-A","Leg":"139","Hole":"857A"}},{"type":"Feature","id":579,"geometry":{"type":"Point","coordinates":[-128.7234,48.441499999999991]},"properties":{"FID":579,"Fullname":"ODP 139-857-B","Leg":"139","Hole":"857B"}},{"type":"Feature","id":580,"geometry":{"type":"Point","coordinates":[-128.7114,48.441400000000002]},"properties":{"FID":580,"Fullname":"ODP 139-857-C","Leg":"139","Hole":"857C"}},{"type":"Feature","id":581,"geometry":{"type":"Point","coordinates":[-128.71080000000001,48.442]},"properties":{"FID":581,"Fullname":"ODP 139-857-D","Leg":"139","Hole":"857D"}},{"type":"Feature","id":582,"geometry":{"type":"Point","coordinates":[-128.71180000000001,48.456899999999997]},"properties":{"FID":582,"Fullname":"ODP 139-858-A","Leg":"139","Hole":"858A"}},{"type":"Feature","id":583,"geometry":{"type":"Point","coordinates":[-128.70910000000001,48.455599999999997]},"properties":{"FID":583,"Fullname":"ODP 139-858-B","Leg":"139","Hole":"858B"}},{"type":"Feature","id":584,"geometry":{"type":"Point","coordinates":[-128.71100000000001,48.455599999999997]},"properties":{"FID":584,"Fullname":"ODP 139-858-C","Leg":"139","Hole":"858C"}},{"type":"Feature","id":585,"geometry":{"type":"Point","coordinates":[-128.7088,48.456200000000003]},"properties":{"FID":585,"Fullname":"ODP 139-858-D","Leg":"139","Hole":"858D"}},{"type":"Feature","id":586,"geometry":{"type":"Point","coordinates":[-128.7088,48.456099999999999]},"properties":{"FID":586,"Fullname":"ODP 139-858-E","Leg":"139","Hole":"858E"}},{"type":"Feature","id":587,"geometry":{"type":"Point","coordinates":[-128.7088,48.456200000000003]},"properties":{"FID":587,"Fullname":"ODP 139-858-F","Leg":"139","Hole":"858F"}},{"type":"Feature","id":588,"geometry":{"type":"Point","coordinates":[-128.7088,48.456000000000003]},"properties":{"FID":588,"Fullname":"ODP 139-858-G","Leg":"139","Hole":"858G"}},{"type":"Feature","id":589,"geometry":{"type":"Point","coordinates":[-83.7303,1.2269000000000001]},"properties":{"FID":589,"Fullname":"ODP 140-504-B","Leg":"140","Hole":"504B"}},{"type":"Feature","id":590,"geometry":{"type":"Point","coordinates":[-75.852800000000002,-45.896000000000008]},"properties":{"FID":590,"Fullname":"ODP 141-859-A","Leg":"141","Hole":"859A"}},{"type":"Feature","id":591,"geometry":{"type":"Point","coordinates":[-75.855699999999999,-45.89500000000001]},"properties":{"FID":591,"Fullname":"ODP 141-859-B","Leg":"141","Hole":"859B"}},{"type":"Feature","id":592,"geometry":{"type":"Point","coordinates":[-75.7517,-45.886000000000003]},"properties":{"FID":592,"Fullname":"ODP 141-860-A","Leg":"141","Hole":"860A"}},{"type":"Feature","id":593,"geometry":{"type":"Point","coordinates":[-75.7517,-45.886000000000003]},"properties":{"FID":593,"Fullname":"ODP 141-860-B","Leg":"141","Hole":"860B"}},{"type":"Feature","id":594,"geometry":{"type":"Point","coordinates":[-75.6922,-45.850000000000001]},"properties":{"FID":594,"Fullname":"ODP 141-861-A","Leg":"141","Hole":"861A"}},{"type":"Feature","id":595,"geometry":{"type":"Point","coordinates":[-75.6922,-45.850000000000001]},"properties":{"FID":595,"Fullname":"ODP 141-861-B","Leg":"141","Hole":"861B"}},{"type":"Feature","id":596,"geometry":{"type":"Point","coordinates":[-75.6922,-45.850000000000001]},"properties":{"FID":596,"Fullname":"ODP 141-861-C","Leg":"141","Hole":"861C"}},{"type":"Feature","id":597,"geometry":{"type":"Point","coordinates":[-75.691699999999997,-45.850000000000001]},"properties":{"FID":597,"Fullname":"ODP 141-861-D","Leg":"141","Hole":"861D"}},{"type":"Feature","id":598,"geometry":{"type":"Point","coordinates":[-75.826700000000002,-46.50800000000001]},"properties":{"FID":598,"Fullname":"ODP 141-862-A","Leg":"141","Hole":"862A"}},{"type":"Feature","id":599,"geometry":{"type":"Point","coordinates":[-75.826700000000002,-46.50800000000001]},"properties":{"FID":599,"Fullname":"ODP 141-862-B","Leg":"141","Hole":"862B"}},{"type":"Feature","id":600,"geometry":{"type":"Point","coordinates":[-75.826099999999997,-46.509]},"properties":{"FID":600,"Fullname":"ODP 141-862-C","Leg":"141","Hole":"862C"}},{"type":"Feature","id":601,"geometry":{"type":"Point","coordinates":[-75.772900000000007,-46.237000000000002]},"properties":{"FID":601,"Fullname":"ODP 141-863-A","Leg":"141","Hole":"863A"}},{"type":"Feature","id":602,"geometry":{"type":"Point","coordinates":[-75.772900000000007,-46.237000000000002]},"properties":{"FID":602,"Fullname":"ODP 141-863-B","Leg":"141","Hole":"863B"}},{"type":"Feature","id":603,"geometry":{"type":"Point","coordinates":[-104.244,9.5142000000000007]},"properties":{"FID":603,"Fullname":"ODP 142-864-A","Leg":"142","Hole":"864A"}},{"type":"Feature","id":604,"geometry":{"type":"Point","coordinates":[-104.244,9.5142000000000007]},"properties":{"FID":604,"Fullname":"ODP 142-864-B","Leg":"142","Hole":"864B"}},{"type":"Feature","id":605,"geometry":{"type":"Point","coordinates":[-104.24420000000001,9.5142000000000007]},"properties":{"FID":605,"Fullname":"ODP 142-864-C","Leg":"142","Hole":"864C"}},{"type":"Feature","id":606,"geometry":{"type":"Point","coordinates":[-179.5556,18.440200000000001]},"properties":{"FID":606,"Fullname":"ODP 143-865-A","Leg":"143","Hole":"865A"}},{"type":"Feature","id":607,"geometry":{"type":"Point","coordinates":[-179.5558,18.440300000000001]},"properties":{"FID":607,"Fullname":"ODP 143-865-B","Leg":"143","Hole":"865B"}},{"type":"Feature","id":608,"geometry":{"type":"Point","coordinates":[-179.5556,18.4404]},"properties":{"FID":608,"Fullname":"ODP 143-865-C","Leg":"143","Hole":"865C"}},{"type":"Feature","id":609,"geometry":{"type":"Point","coordinates":[174.3141,21.332599999999999]},"properties":{"FID":609,"Fullname":"ODP 143-866-A","Leg":"143","Hole":"866A"}},{"type":"Feature","id":610,"geometry":{"type":"Point","coordinates":[174.31450000000001,21.3325]},"properties":{"FID":610,"Fullname":"ODP 143-866-B","Leg":"143","Hole":"866B"}},{"type":"Feature","id":611,"geometry":{"type":"Point","coordinates":[174.3092,21.349399999999999]},"properties":{"FID":611,"Fullname":"ODP 143-867-A","Leg":"143","Hole":"867A"}},{"type":"Feature","id":612,"geometry":{"type":"Point","coordinates":[174.30950000000001,21.349299999999999]},"properties":{"FID":612,"Fullname":"ODP 143-867-B","Leg":"143","Hole":"867B"}},{"type":"Feature","id":613,"geometry":{"type":"Point","coordinates":[174.30940000000001,21.352900000000002]},"properties":{"FID":613,"Fullname":"ODP 143-868-A","Leg":"143","Hole":"868A"}},{"type":"Feature","id":614,"geometry":{"type":"Point","coordinates":[164.74950000000001,11.0002]},"properties":{"FID":614,"Fullname":"ODP 143-869-A","Leg":"143","Hole":"869A"}},{"type":"Feature","id":615,"geometry":{"type":"Point","coordinates":[164.75030000000001,11.0002]},"properties":{"FID":615,"Fullname":"ODP 143-869-B","Leg":"143","Hole":"869B"}},{"type":"Feature","id":616,"geometry":{"type":"Point","coordinates":[162.26300000000001,11.347200000000001]},"properties":{"FID":616,"Fullname":"ODP 143-870-A","Leg":"143","Hole":"870A"}},{"type":"Feature","id":617,"geometry":{"type":"Point","coordinates":[162.26300000000001,11.347200000000001]},"properties":{"FID":617,"Fullname":"ODP 143-870-B","Leg":"143","Hole":"870B"}},{"type":"Feature","id":618,"geometry":{"type":"Point","coordinates":[172.3443,5.5571999999999999]},"properties":{"FID":618,"Fullname":"ODP 144-871-A","Leg":"144","Hole":"871A"}},{"type":"Feature","id":619,"geometry":{"type":"Point","coordinates":[172.3443,5.5572999999999997]},"properties":{"FID":619,"Fullname":"ODP 144-871-B","Leg":"144","Hole":"871B"}},{"type":"Feature","id":620,"geometry":{"type":"Point","coordinates":[172.3443,5.5572999999999997]},"properties":{"FID":620,"Fullname":"ODP 144-871-C","Leg":"144","Hole":"871C"}},{"type":"Feature","id":621,"geometry":{"type":"Point","coordinates":[162.86600000000001,10.0975]},"properties":{"FID":621,"Fullname":"ODP 144-872-A","Leg":"144","Hole":"872A"}},{"type":"Feature","id":622,"geometry":{"type":"Point","coordinates":[162.86660000000001,10.0968]},"properties":{"FID":622,"Fullname":"ODP 144-872-B","Leg":"144","Hole":"872B"}},{"type":"Feature","id":623,"geometry":{"type":"Point","coordinates":[162.86670000000001,10.0977]},"properties":{"FID":623,"Fullname":"ODP 144-872-C","Leg":"144","Hole":"872C"}},{"type":"Feature","id":624,"geometry":{"type":"Point","coordinates":[164.91980000000001,11.896599999999999]},"properties":{"FID":624,"Fullname":"ODP 144-873-A","Leg":"144","Hole":"873A"}},{"type":"Feature","id":625,"geometry":{"type":"Point","coordinates":[164.9205,11.8973]},"properties":{"FID":625,"Fullname":"ODP 144-873-B","Leg":"144","Hole":"873B"}},{"type":"Feature","id":626,"geometry":{"type":"Point","coordinates":[164.93979999999999,12.0036]},"properties":{"FID":626,"Fullname":"ODP 144-874-A","Leg":"144","Hole":"874A"}},{"type":"Feature","id":627,"geometry":{"type":"Point","coordinates":[164.93979999999999,12.0038]},"properties":{"FID":627,"Fullname":"ODP 144-874-B","Leg":"144","Hole":"874B"}},{"type":"Feature","id":628,"geometry":{"type":"Point","coordinates":[164.94110000000001,12.012600000000001]},"properties":{"FID":628,"Fullname":"ODP 144-875-A","Leg":"144","Hole":"875A"}},{"type":"Feature","id":629,"geometry":{"type":"Point","coordinates":[164.94110000000001,12.012600000000001]},"properties":{"FID":629,"Fullname":"ODP 144-875-B","Leg":"144","Hole":"875B"}},{"type":"Feature","id":630,"geometry":{"type":"Point","coordinates":[164.94110000000001,12.012600000000001]},"properties":{"FID":630,"Fullname":"ODP 144-875-C","Leg":"144","Hole":"875C"}},{"type":"Feature","id":631,"geometry":{"type":"Point","coordinates":[164.93180000000001,12.246600000000001]},"properties":{"FID":631,"Fullname":"ODP 144-876-A","Leg":"144","Hole":"876A"}},{"type":"Feature","id":632,"geometry":{"type":"Point","coordinates":[164.9221,12.0191]},"properties":{"FID":632,"Fullname":"ODP 144-877-A","Leg":"144","Hole":"877A"}},{"type":"Feature","id":633,"geometry":{"type":"Point","coordinates":[151.88380000000001,27.318999999999999]},"properties":{"FID":633,"Fullname":"ODP 144-878-A","Leg":"144","Hole":"878A"}},{"type":"Feature","id":634,"geometry":{"type":"Point","coordinates":[151.88380000000001,27.318999999999999]},"properties":{"FID":634,"Fullname":"ODP 144-878-B","Leg":"144","Hole":"878B"}},{"type":"Feature","id":635,"geometry":{"type":"Point","coordinates":[151.88380000000001,27.318999999999999]},"properties":{"FID":635,"Fullname":"ODP 144-878-C","Leg":"144","Hole":"878C"}},{"type":"Feature","id":636,"geometry":{"type":"Point","coordinates":[144.30879999999999,34.1738]},"properties":{"FID":636,"Fullname":"ODP 144-879-A","Leg":"144","Hole":"879A"}},{"type":"Feature","id":637,"geometry":{"type":"Point","coordinates":[144.31200000000001,34.2087]},"properties":{"FID":637,"Fullname":"ODP 144-880-A","Leg":"144","Hole":"880A"}},{"type":"Feature","id":638,"geometry":{"type":"Point","coordinates":[161.4915,47.102300000000007]},"properties":{"FID":638,"Fullname":"ODP 145-881-A","Leg":"145","Hole":"881A"}},{"type":"Feature","id":639,"geometry":{"type":"Point","coordinates":[161.4915,47.102300000000007]},"properties":{"FID":639,"Fullname":"ODP 145-881-B","Leg":"145","Hole":"881B"}},{"type":"Feature","id":640,"geometry":{"type":"Point","coordinates":[161.4915,47.102200000000003]},"properties":{"FID":640,"Fullname":"ODP 145-881-C","Leg":"145","Hole":"881C"}},{"type":"Feature","id":641,"geometry":{"type":"Point","coordinates":[161.49199999999999,47.102300000000007]},"properties":{"FID":641,"Fullname":"ODP 145-881-D","Leg":"145","Hole":"881D"}},{"type":"Feature","id":642,"geometry":{"type":"Point","coordinates":[167.59999999999999,50.363300000000002]},"properties":{"FID":642,"Fullname":"ODP 145-882-A","Leg":"145","Hole":"882A"}},{"type":"Feature","id":643,"geometry":{"type":"Point","coordinates":[167.59960000000001,50.363300000000002]},"properties":{"FID":643,"Fullname":"ODP 145-882-B","Leg":"145","Hole":"882B"}},{"type":"Feature","id":644,"geometry":{"type":"Point","coordinates":[167.7688,51.198300000000003]},"properties":{"FID":644,"Fullname":"ODP 145-883-A","Leg":"145","Hole":"883A"}},{"type":"Feature","id":645,"geometry":{"type":"Point","coordinates":[167.7688,51.198500000000003]},"properties":{"FID":645,"Fullname":"ODP 145-883-B","Leg":"145","Hole":"883B"}},{"type":"Feature","id":646,"geometry":{"type":"Point","coordinates":[167.7687,51.198700000000002]},"properties":{"FID":646,"Fullname":"ODP 145-883-C","Leg":"145","Hole":"883C"}},{"type":"Feature","id":647,"geometry":{"type":"Point","coordinates":[167.76849999999999,51.198700000000002]},"properties":{"FID":647,"Fullname":"ODP 145-883-D","Leg":"145","Hole":"883D"}},{"type":"Feature","id":648,"geometry":{"type":"Point","coordinates":[167.76830000000001,51.198599999999999]},"properties":{"FID":648,"Fullname":"ODP 145-883-E","Leg":"145","Hole":"883E"}},{"type":"Feature","id":649,"geometry":{"type":"Point","coordinates":[167.7681,51.198399999999999]},"properties":{"FID":649,"Fullname":"ODP 145-883-F","Leg":"145","Hole":"883F"}},{"type":"Feature","id":650,"geometry":{"type":"Point","coordinates":[168.33709999999999,51.450400000000002]},"properties":{"FID":650,"Fullname":"ODP 145-884-A","Leg":"145","Hole":"884A"}},{"type":"Feature","id":651,"geometry":{"type":"Point","coordinates":[168.33709999999999,51.450400000000002]},"properties":{"FID":651,"Fullname":"ODP 145-884-B","Leg":"145","Hole":"884B"}},{"type":"Feature","id":652,"geometry":{"type":"Point","coordinates":[168.33699999999999,51.450600000000001]},"properties":{"FID":652,"Fullname":"ODP 145-884-C","Leg":"145","Hole":"884C"}},{"type":"Feature","id":653,"geometry":{"type":"Point","coordinates":[168.3366,51.450600000000001]},"properties":{"FID":653,"Fullname":"ODP 145-884-D","Leg":"145","Hole":"884D"}},{"type":"Feature","id":654,"geometry":{"type":"Point","coordinates":[168.33690000000001,51.450600000000001]},"properties":{"FID":654,"Fullname":"ODP 145-884-E","Leg":"145","Hole":"884E"}},{"type":"Feature","id":655,"geometry":{"type":"Point","coordinates":[168.27199999999999,44.688299999999998]},"properties":{"FID":655,"Fullname":"ODP 145-885-A","Leg":"145","Hole":"885A"}},{"type":"Feature","id":656,"geometry":{"type":"Point","coordinates":[-168.24000000000001,44.689700000000002]},"properties":{"FID":656,"Fullname":"ODP 145-886-A","Leg":"145","Hole":"886A"}},{"type":"Feature","id":657,"geometry":{"type":"Point","coordinates":[-168.24000000000001,44.689700000000002]},"properties":{"FID":657,"Fullname":"ODP 145-886-B","Leg":"145","Hole":"886B"}},{"type":"Feature","id":658,"geometry":{"type":"Point","coordinates":[-168.24000000000001,44.689700000000002]},"properties":{"FID":658,"Fullname":"ODP 145-886-C","Leg":"145","Hole":"886C"}},{"type":"Feature","id":659,"geometry":{"type":"Point","coordinates":[-148.446,54.365400000000001]},"properties":{"FID":659,"Fullname":"ODP 145-887-A","Leg":"145","Hole":"887A"}},{"type":"Feature","id":660,"geometry":{"type":"Point","coordinates":[-148.446,54.365400000000001]},"properties":{"FID":660,"Fullname":"ODP 145-887-B","Leg":"145","Hole":"887B"}},{"type":"Feature","id":661,"geometry":{"type":"Point","coordinates":[-148.446,54.365600000000008]},"properties":{"FID":661,"Fullname":"ODP 145-887-C","Leg":"145","Hole":"887C"}},{"type":"Feature","id":662,"geometry":{"type":"Point","coordinates":[-148.446,54.365600000000008]},"properties":{"FID":662,"Fullname":"ODP 145-887-D","Leg":"145","Hole":"887D"}},{"type":"Feature","id":663,"geometry":{"type":"Point","coordinates":[-126.6632,48.166800000000002]},"properties":{"FID":663,"Fullname":"ODP 146-888-A","Leg":"146","Hole":"888A"}},{"type":"Feature","id":664,"geometry":{"type":"Point","coordinates":[-126.6632,48.166800000000002]},"properties":{"FID":664,"Fullname":"ODP 146-888-B","Leg":"146","Hole":"888B"}},{"type":"Feature","id":665,"geometry":{"type":"Point","coordinates":[-126.6634,48.166400000000003]},"properties":{"FID":665,"Fullname":"ODP 146-888-C","Leg":"146","Hole":"888C"}},{"type":"Feature","id":666,"geometry":{"type":"Point","coordinates":[-126.8683,48.699300000000001]},"properties":{"FID":666,"Fullname":"ODP 146-889-A","Leg":"146","Hole":"889A"}},{"type":"Feature","id":667,"geometry":{"type":"Point","coordinates":[-126.8732,48.697500000000012]},"properties":{"FID":667,"Fullname":"ODP 146-889-B","Leg":"146","Hole":"889B"}},{"type":"Feature","id":668,"geometry":{"type":"Point","coordinates":[-126.87050000000001,48.831800000000001]},"properties":{"FID":668,"Fullname":"ODP 146-889-C","Leg":"146","Hole":"889C"}},{"type":"Feature","id":669,"geometry":{"type":"Point","coordinates":[-126.86879999999999,48.6997]},"properties":{"FID":669,"Fullname":"ODP 146-889-D","Leg":"146","Hole":"889D"}},{"type":"Feature","id":670,"geometry":{"type":"Point","coordinates":[-126.8815,48.662500000000001]},"properties":{"FID":670,"Fullname":"ODP 146-890-A","Leg":"146","Hole":"890A"}},{"type":"Feature","id":671,"geometry":{"type":"Point","coordinates":[-126.8815,48.662500000000001]},"properties":{"FID":671,"Fullname":"ODP 146-890-B","Leg":"146","Hole":"890B"}},{"type":"Feature","id":672,"geometry":{"type":"Point","coordinates":[-125.3258,44.644100000000002]},"properties":{"FID":672,"Fullname":"ODP 146-891-A","Leg":"146","Hole":"891A"}},{"type":"Feature","id":673,"geometry":{"type":"Point","coordinates":[-125.32599999999999,44.644300000000001]},"properties":{"FID":673,"Fullname":"ODP 146-891-B","Leg":"146","Hole":"891B"}},{"type":"Feature","id":674,"geometry":{"type":"Point","coordinates":[-125.32550000000001,44.643900000000002]},"properties":{"FID":674,"Fullname":"ODP 146-891-C","Leg":"146","Hole":"891C"}},{"type":"Feature","id":675,"geometry":{"type":"Point","coordinates":[-125.119,44.674199999999999]},"properties":{"FID":675,"Fullname":"ODP 146-892-A","Leg":"146","Hole":"892A"}},{"type":"Feature","id":676,"geometry":{"type":"Point","coordinates":[-125.1181,44.675600000000003]},"properties":{"FID":676,"Fullname":"ODP 146-892-B","Leg":"146","Hole":"892B"}},{"type":"Feature","id":677,"geometry":{"type":"Point","coordinates":[-125.119,44.673999999999999]},"properties":{"FID":677,"Fullname":"ODP 146-892-C","Leg":"146","Hole":"892C"}},{"type":"Feature","id":678,"geometry":{"type":"Point","coordinates":[-125.119,44.673999999999999]},"properties":{"FID":678,"Fullname":"ODP 146-892-D","Leg":"146","Hole":"892D"}},{"type":"Feature","id":679,"geometry":{"type":"Point","coordinates":[-125.119,44.673999999999999]},"properties":{"FID":679,"Fullname":"ODP 146-892-E","Leg":"146","Hole":"892E"}},{"type":"Feature","id":680,"geometry":{"type":"Point","coordinates":[-120.036,34.287500000000001]},"properties":{"FID":680,"Fullname":"ODP 146-893-A","Leg":"146","Hole":"893A"}},{"type":"Feature","id":681,"geometry":{"type":"Point","coordinates":[-120.036,34.287500000000001]},"properties":{"FID":681,"Fullname":"ODP 146-893-B","Leg":"146","Hole":"893B"}},{"type":"Feature","id":682,"geometry":{"type":"Point","coordinates":[-101.5248,2.3005]},"properties":{"FID":682,"Fullname":"ODP 147-894-A","Leg":"147","Hole":"894A"}},{"type":"Feature","id":683,"geometry":{"type":"Point","coordinates":[-101.5261,2.2993000000000001]},"properties":{"FID":683,"Fullname":"ODP 147-894-B","Leg":"147","Hole":"894B"}},{"type":"Feature","id":684,"geometry":{"type":"Point","coordinates":[-101.5257,2.2991999999999999]},"properties":{"FID":684,"Fullname":"ODP 147-894-C","Leg":"147","Hole":"894C"}},{"type":"Feature","id":685,"geometry":{"type":"Point","coordinates":[-101.5265,2.3014999999999999]},"properties":{"FID":685,"Fullname":"ODP 147-894-D","Leg":"147","Hole":"894D"}},{"type":"Feature","id":686,"geometry":{"type":"Point","coordinates":[-101.5254,2.3010000000000002]},"properties":{"FID":686,"Fullname":"ODP 147-894-E","Leg":"147","Hole":"894E"}},{"type":"Feature","id":687,"geometry":{"type":"Point","coordinates":[-101.52589999999999,2.2995999999999999]},"properties":{"FID":687,"Fullname":"ODP 147-894-F","Leg":"147","Hole":"894F"}},{"type":"Feature","id":688,"geometry":{"type":"Point","coordinates":[-101.52589999999999,2.2995999999999999]},"properties":{"FID":688,"Fullname":"ODP 147-894-G","Leg":"147","Hole":"894G"}},{"type":"Feature","id":689,"geometry":{"type":"Point","coordinates":[-101.4461,2.2772999999999999]},"properties":{"FID":689,"Fullname":"ODP 147-895-A","Leg":"147","Hole":"895A"}},{"type":"Feature","id":690,"geometry":{"type":"Point","coordinates":[-101.446,2.2772999999999999]},"properties":{"FID":690,"Fullname":"ODP 147-895-B","Leg":"147","Hole":"895B"}},{"type":"Feature","id":691,"geometry":{"type":"Point","coordinates":[-101.4462,2.2772000000000001]},"properties":{"FID":691,"Fullname":"ODP 147-895-C","Leg":"147","Hole":"895C"}},{"type":"Feature","id":692,"geometry":{"type":"Point","coordinates":[-101.44629999999999,2.2772999999999999]},"properties":{"FID":692,"Fullname":"ODP 147-895-D","Leg":"147","Hole":"895D"}},{"type":"Feature","id":693,"geometry":{"type":"Point","coordinates":[-101.4465,2.2797999999999998]},"properties":{"FID":693,"Fullname":"ODP 147-895-E","Leg":"147","Hole":"895E"}},{"type":"Feature","id":694,"geometry":{"type":"Point","coordinates":[-101.4465,2.2816999999999998]},"properties":{"FID":694,"Fullname":"ODP 147-895-F","Leg":"147","Hole":"895F"}},{"type":"Feature","id":695,"geometry":{"type":"Point","coordinates":[-83.7303,1.2269000000000001]},"properties":{"FID":695,"Fullname":"ODP 148-504-B","Leg":"148","Hole":"504B"}},{"type":"Feature","id":696,"geometry":{"type":"Point","coordinates":[-83.723200000000006,1.2168000000000001]},"properties":{"FID":696,"Fullname":"ODP 148-896-A","Leg":"148","Hole":"896A"}},{"type":"Feature","id":697,"geometry":{"type":"Point","coordinates":[-12.474,40.838700000000003]},"properties":{"FID":697,"Fullname":"ODP 149-897-A","Leg":"149","Hole":"897A"}},{"type":"Feature","id":698,"geometry":{"type":"Point","coordinates":[-12.474,40.838700000000003]},"properties":{"FID":698,"Fullname":"ODP 149-897-B","Leg":"149","Hole":"897B"}},{"type":"Feature","id":699,"geometry":{"type":"Point","coordinates":[-12.474,40.838799999999999]},"properties":{"FID":699,"Fullname":"ODP 149-897-C","Leg":"149","Hole":"897C"}},{"type":"Feature","id":700,"geometry":{"type":"Point","coordinates":[-12.475199999999999,40.838500000000003]},"properties":{"FID":700,"Fullname":"ODP 149-897-D","Leg":"149","Hole":"897D"}},{"type":"Feature","id":701,"geometry":{"type":"Point","coordinates":[-12.122999999999999,40.684100000000001]},"properties":{"FID":701,"Fullname":"ODP 149-898-A","Leg":"149","Hole":"898A"}},{"type":"Feature","id":702,"geometry":{"type":"Point","coordinates":[-12.122999999999999,40.685099999999998]},"properties":{"FID":702,"Fullname":"ODP 149-898-B","Leg":"149","Hole":"898B"}},{"type":"Feature","id":703,"geometry":{"type":"Point","coordinates":[-12.2677,40.772199999999998]},"properties":{"FID":703,"Fullname":"ODP 149-899-A","Leg":"149","Hole":"899A"}},{"type":"Feature","id":704,"geometry":{"type":"Point","coordinates":[-12.2677,40.772399999999998]},"properties":{"FID":704,"Fullname":"ODP 149-899-B","Leg":"149","Hole":"899B"}},{"type":"Feature","id":705,"geometry":{"type":"Point","coordinates":[-11.604200000000001,40.683199999999999]},"properties":{"FID":705,"Fullname":"ODP 149-900-A","Leg":"149","Hole":"900A"}},{"type":"Feature","id":706,"geometry":{"type":"Point","coordinates":[-11.059699999999999,40.674599999999998]},"properties":{"FID":706,"Fullname":"ODP 149-901-A","Leg":"149","Hole":"901A"}},{"type":"Feature","id":707,"geometry":{"type":"Point","coordinates":[-72.772499999999994,38.934699999999999]},"properties":{"FID":707,"Fullname":"ODP 150-902-A","Leg":"150","Hole":"902A"}},{"type":"Feature","id":708,"geometry":{"type":"Point","coordinates":[-72.7727,38.934600000000003]},"properties":{"FID":708,"Fullname":"ODP 150-902-B","Leg":"150","Hole":"902B"}},{"type":"Feature","id":709,"geometry":{"type":"Point","coordinates":[-72.7727,38.934600000000003]},"properties":{"FID":709,"Fullname":"ODP 150-902-C","Leg":"150","Hole":"902C"}},{"type":"Feature","id":710,"geometry":{"type":"Point","coordinates":[-72.772900000000007,38.934699999999999]},"properties":{"FID":710,"Fullname":"ODP 150-902-D","Leg":"150","Hole":"902D"}},{"type":"Feature","id":711,"geometry":{"type":"Point","coordinates":[-72.8172,38.938299999999998]},"properties":{"FID":711,"Fullname":"ODP 150-903-A","Leg":"150","Hole":"903A"}},{"type":"Feature","id":712,"geometry":{"type":"Point","coordinates":[-72.817099999999996,38.938400000000001]},"properties":{"FID":712,"Fullname":"ODP 150-903-B","Leg":"150","Hole":"903B"}},{"type":"Feature","id":713,"geometry":{"type":"Point","coordinates":[-72.817099999999996,38.938400000000001]},"properties":{"FID":713,"Fullname":"ODP 150-903-C","Leg":"150","Hole":"903C"}},{"type":"Feature","id":714,"geometry":{"type":"Point","coordinates":[-72.817400000000006,38.938299999999998]},"properties":{"FID":714,"Fullname":"ODP 150-903-D","Leg":"150","Hole":"903D"}},{"type":"Feature","id":715,"geometry":{"type":"Point","coordinates":[-72.768100000000004,38.863399999999999]},"properties":{"FID":715,"Fullname":"ODP 150-904-A","Leg":"150","Hole":"904A"}},{"type":"Feature","id":716,"geometry":{"type":"Point","coordinates":[-72.283699999999996,38.613799999999998]},"properties":{"FID":716,"Fullname":"ODP 150-905-A","Leg":"150","Hole":"905A"}},{"type":"Feature","id":717,"geometry":{"type":"Point","coordinates":[-72.766599999999997,38.9649]},"properties":{"FID":717,"Fullname":"ODP 150-906-A","Leg":"150","Hole":"906A"}},{"type":"Feature","id":718,"geometry":{"type":"Point","coordinates":[12.6982,69.249799999999993]},"properties":{"FID":718,"Fullname":"ODP 151-907-A","Leg":"151","Hole":"907A"}},{"type":"Feature","id":719,"geometry":{"type":"Point","coordinates":[1.3606,78.385199999999998]},"properties":{"FID":719,"Fullname":"ODP 151-908-A","Leg":"151","Hole":"908A"}},{"type":"Feature","id":720,"geometry":{"type":"Point","coordinates":[1.3607,78.385400000000004]},"properties":{"FID":720,"Fullname":"ODP 151-908-B","Leg":"151","Hole":"908B"}},{"type":"Feature","id":721,"geometry":{"type":"Point","coordinates":[3.0729000000000011,78.584400000000002]},"properties":{"FID":721,"Fullname":"ODP 151-909-A","Leg":"151","Hole":"909A"}},{"type":"Feature","id":722,"geometry":{"type":"Point","coordinates":[3.073,78.584500000000006]},"properties":{"FID":722,"Fullname":"ODP 151-909-B","Leg":"151","Hole":"909B"}},{"type":"Feature","id":723,"geometry":{"type":"Point","coordinates":[3.0703999999999998,78.584900000000005]},"properties":{"FID":723,"Fullname":"ODP 151-909-C","Leg":"151","Hole":"909C"}},{"type":"Feature","id":724,"geometry":{"type":"Point","coordinates":[6.5899999999999999,80.264700000000005]},"properties":{"FID":724,"Fullname":"ODP 151-910-A","Leg":"151","Hole":"910A"}},{"type":"Feature","id":725,"geometry":{"type":"Point","coordinates":[6.5907999999999998,80.264600000000002]},"properties":{"FID":725,"Fullname":"ODP 151-910-B","Leg":"151","Hole":"910B"}},{"type":"Feature","id":726,"geometry":{"type":"Point","coordinates":[6.5904999999999987,80.264899999999997]},"properties":{"FID":726,"Fullname":"ODP 151-910-C","Leg":"151","Hole":"910C"}},{"type":"Feature","id":727,"geometry":{"type":"Point","coordinates":[6.5903999999999998,80.264600000000002]},"properties":{"FID":727,"Fullname":"ODP 151-910-D","Leg":"151","Hole":"910D"}},{"type":"Feature","id":728,"geometry":{"type":"Point","coordinates":[8.2272999999999996,80.474400000000003]},"properties":{"FID":728,"Fullname":"ODP 151-911-A","Leg":"151","Hole":"911A"}},{"type":"Feature","id":729,"geometry":{"type":"Point","coordinates":[8.2272999999999996,80.474599999999995]},"properties":{"FID":729,"Fullname":"ODP 151-911-B","Leg":"151","Hole":"911B"}},{"type":"Feature","id":730,"geometry":{"type":"Point","coordinates":[8.2272999999999996,80.474699999999999]},"properties":{"FID":730,"Fullname":"ODP 151-911-C","Leg":"151","Hole":"911C"}},{"type":"Feature","id":731,"geometry":{"type":"Point","coordinates":[5.4560000000000004,79.959199999999996]},"properties":{"FID":731,"Fullname":"ODP 151-912-A","Leg":"151","Hole":"912A"}},{"type":"Feature","id":732,"geometry":{"type":"Point","coordinates":[5.4565999999999999,79.9589]},"properties":{"FID":732,"Fullname":"ODP 151-912-B","Leg":"151","Hole":"912B"}},{"type":"Feature","id":733,"geometry":{"type":"Point","coordinates":[5.4560000000000004,79.958699999999993]},"properties":{"FID":733,"Fullname":"ODP 151-912-C","Leg":"151","Hole":"912C"}},{"type":"Feature","id":734,"geometry":{"type":"Point","coordinates":[-6.9470999999999998,75.489000000000004]},"properties":{"FID":734,"Fullname":"ODP 151-913-A","Leg":"151","Hole":"913A"}},{"type":"Feature","id":735,"geometry":{"type":"Point","coordinates":[-6.9467999999999996,75.489199999999997]},"properties":{"FID":735,"Fullname":"ODP 151-913-B","Leg":"151","Hole":"913B"}},{"type":"Feature","id":736,"geometry":{"type":"Point","coordinates":[-39.724800000000002,63.462299999999999]},"properties":{"FID":736,"Fullname":"ODP 152-914-A","Leg":"152","Hole":"914A"}},{"type":"Feature","id":737,"geometry":{"type":"Point","coordinates":[-39.724699999999999,63.462299999999999]},"properties":{"FID":737,"Fullname":"ODP 152-914-B","Leg":"152","Hole":"914B"}},{"type":"Feature","id":738,"geometry":{"type":"Point","coordinates":[-39.724600000000002,63.46220000000001]},"properties":{"FID":738,"Fullname":"ODP 152-914-C","Leg":"152","Hole":"914C"}},{"type":"Feature","id":739,"geometry":{"type":"Point","coordinates":[-39.781799999999997,63.47140000000001]},"properties":{"FID":739,"Fullname":"ODP 152-915-A","Leg":"152","Hole":"915A"}},{"type":"Feature","id":740,"geometry":{"type":"Point","coordinates":[-39.806699999999999,63.485599999999998]},"properties":{"FID":740,"Fullname":"ODP 152-916-A","Leg":"152","Hole":"916A"}},{"type":"Feature","id":741,"geometry":{"type":"Point","coordinates":[-39.827800000000003,63.491700000000002]},"properties":{"FID":741,"Fullname":"ODP 152-917-A","Leg":"152","Hole":"917A"}},{"type":"Feature","id":742,"geometry":{"type":"Point","coordinates":[-38.6389,63.092799999999997]},"properties":{"FID":742,"Fullname":"ODP 152-918-A","Leg":"152","Hole":"918A"}},{"type":"Feature","id":743,"geometry":{"type":"Point","coordinates":[-38.639000000000003,63.092799999999997]},"properties":{"FID":743,"Fullname":"ODP 152-918-B","Leg":"152","Hole":"918B"}},{"type":"Feature","id":744,"geometry":{"type":"Point","coordinates":[-38.638800000000003,63.092900000000007]},"properties":{"FID":744,"Fullname":"ODP 152-918-C","Leg":"152","Hole":"918C"}},{"type":"Feature","id":745,"geometry":{"type":"Point","coordinates":[-38.6389,63.092900000000007]},"properties":{"FID":745,"Fullname":"ODP 152-918-D","Leg":"152","Hole":"918D"}},{"type":"Feature","id":746,"geometry":{"type":"Point","coordinates":[-37.4602,62.670000000000002]},"properties":{"FID":746,"Fullname":"ODP 152-919-A","Leg":"152","Hole":"919A"}},{"type":"Feature","id":747,"geometry":{"type":"Point","coordinates":[-37.460299999999997,62.670000000000002]},"properties":{"FID":747,"Fullname":"ODP 152-919-B","Leg":"152","Hole":"919B"}},{"type":"Feature","id":748,"geometry":{"type":"Point","coordinates":[-37.4604,62.669899999999998]},"properties":{"FID":748,"Fullname":"ODP 152-919-C","Leg":"152","Hole":"919C"}},{"type":"Feature","id":749,"geometry":{"type":"Point","coordinates":[-45.017300000000013,23.3385]},"properties":{"FID":749,"Fullname":"ODP 153-920-A","Leg":"153","Hole":"920A"}},{"type":"Feature","id":750,"geometry":{"type":"Point","coordinates":[-45.017300000000013,23.3385]},"properties":{"FID":750,"Fullname":"ODP 153-920-B","Leg":"153","Hole":"920B"}},{"type":"Feature","id":751,"geometry":{"type":"Point","coordinates":[-45.017099999999999,23.3384]},"properties":{"FID":751,"Fullname":"ODP 153-920-C","Leg":"153","Hole":"920C"}},{"type":"Feature","id":752,"geometry":{"type":"Point","coordinates":[-45.017400000000002,23.338699999999999]},"properties":{"FID":752,"Fullname":"ODP 153-920-D","Leg":"153","Hole":"920D"}},{"type":"Feature","id":753,"geometry":{"type":"Point","coordinates":[-45.031100000000002,23.541]},"properties":{"FID":753,"Fullname":"ODP 153-921-A","Leg":"153","Hole":"921A"}},{"type":"Feature","id":754,"geometry":{"type":"Point","coordinates":[-45.030700000000003,23.5413]},"properties":{"FID":754,"Fullname":"ODP 153-921-B","Leg":"153","Hole":"921B"}},{"type":"Feature","id":755,"geometry":{"type":"Point","coordinates":[-45.030500000000004,23.5412]},"properties":{"FID":755,"Fullname":"ODP 153-921-C","Leg":"153","Hole":"921C"}},{"type":"Feature","id":756,"geometry":{"type":"Point","coordinates":[-45.030500000000004,23.540700000000012]},"properties":{"FID":756,"Fullname":"ODP 153-921-D","Leg":"153","Hole":"921D"}},{"type":"Feature","id":757,"geometry":{"type":"Point","coordinates":[-45.031300000000002,23.538799999999998]},"properties":{"FID":757,"Fullname":"ODP 153-921-E","Leg":"153","Hole":"921E"}},{"type":"Feature","id":758,"geometry":{"type":"Point","coordinates":[-45.0321,23.552700000000002]},"properties":{"FID":758,"Fullname":"ODP 153-922-A","Leg":"153","Hole":"922A"}},{"type":"Feature","id":759,"geometry":{"type":"Point","coordinates":[-45.0321,23.5228]},"properties":{"FID":759,"Fullname":"ODP 153-922-B","Leg":"153","Hole":"922B"}},{"type":"Feature","id":760,"geometry":{"type":"Point","coordinates":[-45.031599999999997,23.5426]},"properties":{"FID":760,"Fullname":"ODP 153-923-A","Leg":"153","Hole":"923A"}},{"type":"Feature","id":761,"geometry":{"type":"Point","coordinates":[-45.014299999999992,23.541]},"properties":{"FID":761,"Fullname":"ODP 153-924-A","Leg":"153","Hole":"924A"}},{"type":"Feature","id":762,"geometry":{"type":"Point","coordinates":[-45.014400000000002,23.5411]},"properties":{"FID":762,"Fullname":"ODP 153-924-B","Leg":"153","Hole":"924B"}},{"type":"Feature","id":763,"geometry":{"type":"Point","coordinates":[-45.014400000000002,23.541599999999999]},"properties":{"FID":763,"Fullname":"ODP 153-924-C","Leg":"153","Hole":"924C"}},{"type":"Feature","id":764,"geometry":{"type":"Point","coordinates":[-43.488900000000001,4.2042000000000002]},"properties":{"FID":764,"Fullname":"ODP 154-925-A","Leg":"154","Hole":"925A"}},{"type":"Feature","id":765,"geometry":{"type":"Point","coordinates":[-43.489100000000001,4.2041000000000004]},"properties":{"FID":765,"Fullname":"ODP 154-925-B","Leg":"154","Hole":"925B"}},{"type":"Feature","id":766,"geometry":{"type":"Point","coordinates":[-43.489100000000001,4.2042999999999999]},"properties":{"FID":766,"Fullname":"ODP 154-925-C","Leg":"154","Hole":"925C"}},{"type":"Feature","id":767,"geometry":{"type":"Point","coordinates":[-43.4893,4.2042999999999999]},"properties":{"FID":767,"Fullname":"ODP 154-925-D","Leg":"154","Hole":"925D"}},{"type":"Feature","id":768,"geometry":{"type":"Point","coordinates":[-43.488900000000001,4.2042999999999999]},"properties":{"FID":768,"Fullname":"ODP 154-925-E","Leg":"154","Hole":"925E"}},{"type":"Feature","id":769,"geometry":{"type":"Point","coordinates":[-42.908099999999997,3.719100000000001]},"properties":{"FID":769,"Fullname":"ODP 154-926-A","Leg":"154","Hole":"926A"}},{"type":"Feature","id":770,"geometry":{"type":"Point","coordinates":[-42.9084,3.719100000000001]},"properties":{"FID":770,"Fullname":"ODP 154-926-B","Leg":"154","Hole":"926B"}},{"type":"Feature","id":771,"geometry":{"type":"Point","coordinates":[-42.9084,3.718799999999999]},"properties":{"FID":771,"Fullname":"ODP 154-926-C","Leg":"154","Hole":"926C"}},{"type":"Feature","id":772,"geometry":{"type":"Point","coordinates":[-44.480499999999999,5.4626999999999999]},"properties":{"FID":772,"Fullname":"ODP 154-927-A","Leg":"154","Hole":"927A"}},{"type":"Feature","id":773,"geometry":{"type":"Point","coordinates":[-44.480600000000003,5.4629000000000003]},"properties":{"FID":773,"Fullname":"ODP 154-927-B","Leg":"154","Hole":"927B"}},{"type":"Feature","id":774,"geometry":{"type":"Point","coordinates":[-44.480600000000003,5.4630000000000001]},"properties":{"FID":774,"Fullname":"ODP 154-927-C","Leg":"154","Hole":"927C"}},{"type":"Feature","id":775,"geometry":{"type":"Point","coordinates":[-43.747999999999998,5.4553000000000003]},"properties":{"FID":775,"Fullname":"ODP 154-928-A","Leg":"154","Hole":"928A"}},{"type":"Feature","id":776,"geometry":{"type":"Point","coordinates":[-43.748100000000001,5.4551999999999996]},"properties":{"FID":776,"Fullname":"ODP 154-928-B","Leg":"154","Hole":"928B"}},{"type":"Feature","id":777,"geometry":{"type":"Point","coordinates":[-43.748399999999997,5.2731000000000003]},"properties":{"FID":777,"Fullname":"ODP 154-928-C","Leg":"154","Hole":"928C"}},{"type":"Feature","id":778,"geometry":{"type":"Point","coordinates":[-43.739899999999999,5.9762000000000004]},"properties":{"FID":778,"Fullname":"ODP 154-929-A","Leg":"154","Hole":"929A"}},{"type":"Feature","id":779,"geometry":{"type":"Point","coordinates":[-43.739699999999999,5.9763000000000011]},"properties":{"FID":779,"Fullname":"ODP 154-929-B","Leg":"154","Hole":"929B"}},{"type":"Feature","id":780,"geometry":{"type":"Point","coordinates":[-43.739699999999999,5.976]},"properties":{"FID":780,"Fullname":"ODP 154-929-C","Leg":"154","Hole":"929C"}},{"type":"Feature","id":781,"geometry":{"type":"Point","coordinates":[-43.739100000000001,5.9760999999999997]},"properties":{"FID":781,"Fullname":"ODP 154-929-D","Leg":"154","Hole":"929D"}},{"type":"Feature","id":782,"geometry":{"type":"Point","coordinates":[-43.740000000000002,5.9760999999999997]},"properties":{"FID":782,"Fullname":"ODP 154-929-E","Leg":"154","Hole":"929E"}},{"type":"Feature","id":783,"geometry":{"type":"Point","coordinates":[-47.595700000000001,5.0148999999999999]},"properties":{"FID":783,"Fullname":"ODP 155-930-A","Leg":"155","Hole":"930A"}},{"type":"Feature","id":784,"geometry":{"type":"Point","coordinates":[-47.595700000000001,5.0148999999999999]},"properties":{"FID":784,"Fullname":"ODP 155-930-B","Leg":"155","Hole":"930B"}},{"type":"Feature","id":785,"geometry":{"type":"Point","coordinates":[-47.595799999999997,5.0151000000000003]},"properties":{"FID":785,"Fullname":"ODP 155-930-C","Leg":"155","Hole":"930C"}},{"type":"Feature","id":786,"geometry":{"type":"Point","coordinates":[-47.595799999999997,5.0167000000000002]},"properties":{"FID":786,"Fullname":"ODP 155-930-D","Leg":"155","Hole":"930D"}},{"type":"Feature","id":787,"geometry":{"type":"Point","coordinates":[-46.63300000000001,5.1417999999999999]},"properties":{"FID":787,"Fullname":"ODP 155-931-A","Leg":"155","Hole":"931A"}},{"type":"Feature","id":788,"geometry":{"type":"Point","coordinates":[-46.63300000000001,5.1420000000000003]},"properties":{"FID":788,"Fullname":"ODP 155-931-B","Leg":"155","Hole":"931B"}},{"type":"Feature","id":789,"geometry":{"type":"Point","coordinates":[-46.633099999999999,5.1421000000000001]},"properties":{"FID":789,"Fullname":"ODP 155-931-C","Leg":"155","Hole":"931C"}},{"type":"Feature","id":790,"geometry":{"type":"Point","coordinates":[-47.029499999999999,5.2114000000000003]},"properties":{"FID":790,"Fullname":"ODP 155-932-A","Leg":"155","Hole":"932A"}},{"type":"Feature","id":791,"geometry":{"type":"Point","coordinates":[-47.029499999999999,5.2115]},"properties":{"FID":791,"Fullname":"ODP 155-932-B","Leg":"155","Hole":"932B"}},{"type":"Feature","id":792,"geometry":{"type":"Point","coordinates":[-46.8123,5.0967000000000002]},"properties":{"FID":792,"Fullname":"ODP 155-933-A","Leg":"155","Hole":"933A"}},{"type":"Feature","id":793,"geometry":{"type":"Point","coordinates":[-47.680999999999997,5.4840999999999998]},"properties":{"FID":793,"Fullname":"ODP 155-934-A","Leg":"155","Hole":"934A"}},{"type":"Feature","id":794,"geometry":{"type":"Point","coordinates":[-47.680999999999997,5.4836999999999998]},"properties":{"FID":794,"Fullname":"ODP 155-934-B","Leg":"155","Hole":"934B"}},{"type":"Feature","id":795,"geometry":{"type":"Point","coordinates":[-47.564799999999998,5.4268000000000001]},"properties":{"FID":795,"Fullname":"ODP 155-935-A","Leg":"155","Hole":"935A"}},{"type":"Feature","id":796,"geometry":{"type":"Point","coordinates":[-47.735599999999998,5.6322000000000001]},"properties":{"FID":796,"Fullname":"ODP 155-936-A","Leg":"155","Hole":"936A"}},{"type":"Feature","id":797,"geometry":{"type":"Point","coordinates":[-47.2074,4.5957999999999997]},"properties":{"FID":797,"Fullname":"ODP 155-937-A","Leg":"155","Hole":"937A"}},{"type":"Feature","id":798,"geometry":{"type":"Point","coordinates":[-47.2074,4.5957999999999997]},"properties":{"FID":798,"Fullname":"ODP 155-937-B","Leg":"155","Hole":"937B"}},{"type":"Feature","id":799,"geometry":{"type":"Point","coordinates":[-47.2074,4.5960000000000001]},"properties":{"FID":799,"Fullname":"ODP 155-937-C","Leg":"155","Hole":"937C"}},{"type":"Feature","id":800,"geometry":{"type":"Point","coordinates":[-47.2074,4.5961999999999996]},"properties":{"FID":800,"Fullname":"ODP 155-937-D","Leg":"155","Hole":"937D"}},{"type":"Feature","id":801,"geometry":{"type":"Point","coordinates":[-47.3123,4.6584000000000003]},"properties":{"FID":801,"Fullname":"ODP 155-938-A","Leg":"155","Hole":"938A"}},{"type":"Feature","id":802,"geometry":{"type":"Point","coordinates":[-47.312399999999997,4.6584000000000003]},"properties":{"FID":802,"Fullname":"ODP 155-938-B","Leg":"155","Hole":"938B"}},{"type":"Feature","id":803,"geometry":{"type":"Point","coordinates":[-47.503300000000003,4.7218]},"properties":{"FID":803,"Fullname":"ODP 155-939-A","Leg":"155","Hole":"939A"}},{"type":"Feature","id":804,"geometry":{"type":"Point","coordinates":[-47.499000000000002,4.7217000000000002]},"properties":{"FID":804,"Fullname":"ODP 155-939-B","Leg":"155","Hole":"939B"}},{"type":"Feature","id":805,"geometry":{"type":"Point","coordinates":[-47.499000000000002,4.7217000000000002]},"properties":{"FID":805,"Fullname":"ODP 155-939-C","Leg":"155","Hole":"939C"}},{"type":"Feature","id":806,"geometry":{"type":"Point","coordinates":[-47.528799999999997,5.1432000000000002]},"properties":{"FID":806,"Fullname":"ODP 155-940-A","Leg":"155","Hole":"940A"}},{"type":"Feature","id":807,"geometry":{"type":"Point","coordinates":[-48.028799999999997,5.3730000000000002]},"properties":{"FID":807,"Fullname":"ODP 155-941-A","Leg":"155","Hole":"941A"}},{"type":"Feature","id":808,"geometry":{"type":"Point","coordinates":[-48.028799999999997,5.3730000000000002]},"properties":{"FID":808,"Fullname":"ODP 155-941-B","Leg":"155","Hole":"941B"}},{"type":"Feature","id":809,"geometry":{"type":"Point","coordinates":[-49.090800000000002,5.7424999999999988]},"properties":{"FID":809,"Fullname":"ODP 155-942-A","Leg":"155","Hole":"942A"}},{"type":"Feature","id":810,"geometry":{"type":"Point","coordinates":[-49.091000000000001,5.7426000000000004]},"properties":{"FID":810,"Fullname":"ODP 155-942-B","Leg":"155","Hole":"942B"}},{"type":"Feature","id":811,"geometry":{"type":"Point","coordinates":[-49.091000000000001,5.7423999999999999]},"properties":{"FID":811,"Fullname":"ODP 155-942-C","Leg":"155","Hole":"942C"}},{"type":"Feature","id":812,"geometry":{"type":"Point","coordinates":[-47.780500000000004,5.9467999999999996]},"properties":{"FID":812,"Fullname":"ODP 155-943-A","Leg":"155","Hole":"943A"}},{"type":"Feature","id":813,"geometry":{"type":"Point","coordinates":[-47.757800000000003,5.9389000000000003]},"properties":{"FID":813,"Fullname":"ODP 155-944-A","Leg":"155","Hole":"944A"}},{"type":"Feature","id":814,"geometry":{"type":"Point","coordinates":[-47.760099999999987,5.9375999999999998]},"properties":{"FID":814,"Fullname":"ODP 155-944-B","Leg":"155","Hole":"944B"}},{"type":"Feature","id":815,"geometry":{"type":"Point","coordinates":[-47.755599999999987,5.9401999999999999]},"properties":{"FID":815,"Fullname":"ODP 155-944-C","Leg":"155","Hole":"944C"}},{"type":"Feature","id":816,"geometry":{"type":"Point","coordinates":[-47.755499999999998,5.9402999999999997]},"properties":{"FID":816,"Fullname":"ODP 155-944-D","Leg":"155","Hole":"944D"}},{"type":"Feature","id":817,"geometry":{"type":"Point","coordinates":[-47.928800000000003,6.9503000000000004]},"properties":{"FID":817,"Fullname":"ODP 155-945-A","Leg":"155","Hole":"945A"}},{"type":"Feature","id":818,"geometry":{"type":"Point","coordinates":[-47.9193,6.9495999999999993]},"properties":{"FID":818,"Fullname":"ODP 155-946-A","Leg":"155","Hole":"946A"}},{"type":"Feature","id":819,"geometry":{"type":"Point","coordinates":[-58.747899999999987,15.5245]},"properties":{"FID":819,"Fullname":"ODP 156-947-A","Leg":"156","Hole":"947A"}},{"type":"Feature","id":820,"geometry":{"type":"Point","coordinates":[-58.732300000000002,15.5259]},"properties":{"FID":820,"Fullname":"ODP 156-948-A","Leg":"156","Hole":"948A"}},{"type":"Feature","id":821,"geometry":{"type":"Point","coordinates":[-58.732199999999992,15.5244]},"properties":{"FID":821,"Fullname":"ODP 156-948-B","Leg":"156","Hole":"948B"}},{"type":"Feature","id":822,"geometry":{"type":"Point","coordinates":[-58.732199999999992,15.5261]},"properties":{"FID":822,"Fullname":"ODP 156-948-C","Leg":"156","Hole":"948C"}},{"type":"Feature","id":823,"geometry":{"type":"Point","coordinates":[-58.731699999999996,15.5243]},"properties":{"FID":823,"Fullname":"ODP 156-948-D","Leg":"156","Hole":"948D"}},{"type":"Feature","id":824,"geometry":{"type":"Point","coordinates":[-58.714299999999987,15.536899999999999]},"properties":{"FID":824,"Fullname":"ODP 156-949-A","Leg":"156","Hole":"949A"}},{"type":"Feature","id":825,"geometry":{"type":"Point","coordinates":[-58.714100000000009,15.536]},"properties":{"FID":825,"Fullname":"ODP 156-949-B","Leg":"156","Hole":"949B"}},{"type":"Feature","id":826,"geometry":{"type":"Point","coordinates":[-58.714199999999998,15.536899999999999]},"properties":{"FID":826,"Fullname":"ODP 156-949-C","Leg":"156","Hole":"949C"}},{"type":"Feature","id":827,"geometry":{"type":"Point","coordinates":[-25.600100000000001,31.150200000000002]},"properties":{"FID":827,"Fullname":"ODP 157-950-A","Leg":"157","Hole":"950A"}},{"type":"Feature","id":828,"geometry":{"type":"Point","coordinates":[-24.8705,32.031599999999997]},"properties":{"FID":828,"Fullname":"ODP 157-951-A","Leg":"157","Hole":"951A"}},{"type":"Feature","id":829,"geometry":{"type":"Point","coordinates":[-24.8706,32.031500000000001]},"properties":{"FID":829,"Fullname":"ODP 157-951-B","Leg":"157","Hole":"951B"}},{"type":"Feature","id":830,"geometry":{"type":"Point","coordinates":[-24.509499999999999,30.790800000000001]},"properties":{"FID":830,"Fullname":"ODP 157-952-A","Leg":"157","Hole":"952A"}},{"type":"Feature","id":831,"geometry":{"type":"Point","coordinates":[-15.1447,28.650400000000001]},"properties":{"FID":831,"Fullname":"ODP 157-953-A","Leg":"157","Hole":"953A"}},{"type":"Feature","id":832,"geometry":{"type":"Point","coordinates":[-15.1447,28.650200000000009]},"properties":{"FID":832,"Fullname":"ODP 157-953-B","Leg":"157","Hole":"953B"}},{"type":"Feature","id":833,"geometry":{"type":"Point","coordinates":[-15.144500000000001,28.650200000000009]},"properties":{"FID":833,"Fullname":"ODP 157-953-C","Leg":"157","Hole":"953C"}},{"type":"Feature","id":834,"geometry":{"type":"Point","coordinates":[-15.5321,28.436599999999999]},"properties":{"FID":834,"Fullname":"ODP 157-954-A","Leg":"157","Hole":"954A"}},{"type":"Feature","id":835,"geometry":{"type":"Point","coordinates":[-15.532,28.436499999999999]},"properties":{"FID":835,"Fullname":"ODP 157-954-B","Leg":"157","Hole":"954B"}},{"type":"Feature","id":836,"geometry":{"type":"Point","coordinates":[-15.2308,27.325800000000001]},"properties":{"FID":836,"Fullname":"ODP 157-955-A","Leg":"157","Hole":"955A"}},{"type":"Feature","id":837,"geometry":{"type":"Point","coordinates":[-16.1633,27.615100000000002]},"properties":{"FID":837,"Fullname":"ODP 157-956-A","Leg":"157","Hole":"956A"}},{"type":"Feature","id":838,"geometry":{"type":"Point","coordinates":[-16.1633,27.614899999999999]},"properties":{"FID":838,"Fullname":"ODP 157-956-B","Leg":"157","Hole":"956B"}},{"type":"Feature","id":839,"geometry":{"type":"Point","coordinates":[-44.825800000000001,26.136600000000001]},"properties":{"FID":839,"Fullname":"ODP 158-957-A","Leg":"158","Hole":"957A"}},{"type":"Feature","id":840,"geometry":{"type":"Point","coordinates":[-44.825800000000001,26.136600000000001]},"properties":{"FID":840,"Fullname":"ODP 158-957-B","Leg":"158","Hole":"957B"}},{"type":"Feature","id":841,"geometry":{"type":"Point","coordinates":[-44.825800000000001,26.1372]},"properties":{"FID":841,"Fullname":"ODP 158-957-C","Leg":"158","Hole":"957C"}},{"type":"Feature","id":842,"geometry":{"type":"Point","coordinates":[-44.826099999999997,26.137]},"properties":{"FID":842,"Fullname":"ODP 158-957-D","Leg":"158","Hole":"957D"}},{"type":"Feature","id":843,"geometry":{"type":"Point","coordinates":[-44.826099999999997,26.137]},"properties":{"FID":843,"Fullname":"ODP 158-957-E","Leg":"158","Hole":"957E"}},{"type":"Feature","id":844,"geometry":{"type":"Point","coordinates":[-44.826099999999997,26.137]},"properties":{"FID":844,"Fullname":"ODP 158-957-F","Leg":"158","Hole":"957F"}},{"type":"Feature","id":845,"geometry":{"type":"Point","coordinates":[-44.825800000000001,26.137]},"properties":{"FID":845,"Fullname":"ODP 158-957-G","Leg":"158","Hole":"957G"}},{"type":"Feature","id":846,"geometry":{"type":"Point","coordinates":[-44.825800000000001,26.136600000000001]},"properties":{"FID":846,"Fullname":"ODP 158-957-H","Leg":"158","Hole":"957H"}},{"type":"Feature","id":847,"geometry":{"type":"Point","coordinates":[-44.8264,26.1372]},"properties":{"FID":847,"Fullname":"ODP 158-957-I","Leg":"158","Hole":"957I"}},{"type":"Feature","id":848,"geometry":{"type":"Point","coordinates":[-44.8264,26.1372]},"properties":{"FID":848,"Fullname":"ODP 158-957-J","Leg":"158","Hole":"957J"}},{"type":"Feature","id":849,"geometry":{"type":"Point","coordinates":[-44.8264,26.1372]},"properties":{"FID":849,"Fullname":"ODP 158-957-K","Leg":"158","Hole":"957K"}},{"type":"Feature","id":850,"geometry":{"type":"Point","coordinates":[-44.826099999999997,26.137]},"properties":{"FID":850,"Fullname":"ODP 158-957-L","Leg":"158","Hole":"957L"}},{"type":"Feature","id":851,"geometry":{"type":"Point","coordinates":[-44.8264,26.137]},"properties":{"FID":851,"Fullname":"ODP 158-957-M","Leg":"158","Hole":"957M"}},{"type":"Feature","id":852,"geometry":{"type":"Point","coordinates":[-44.825800000000001,26.136600000000001]},"properties":{"FID":852,"Fullname":"ODP 158-957-N","Leg":"158","Hole":"957N"}},{"type":"Feature","id":853,"geometry":{"type":"Point","coordinates":[-44.825800000000001,26.1372]},"properties":{"FID":853,"Fullname":"ODP 158-957-O","Leg":"158","Hole":"957O"}},{"type":"Feature","id":854,"geometry":{"type":"Point","coordinates":[-44.825800000000001,26.1372]},"properties":{"FID":854,"Fullname":"ODP 158-957-P","Leg":"158","Hole":"957P"}},{"type":"Feature","id":855,"geometry":{"type":"Point","coordinates":[-44.826099999999997,26.136600000000001]},"properties":{"FID":855,"Fullname":"ODP 158-957-Q","Leg":"158","Hole":"957Q"}},{"type":"Feature","id":856,"geometry":{"type":"Point","coordinates":[-20.000800000000002,23.998999999999999]},"properties":{"FID":856,"Fullname":"ODP 159-958-A","Leg":"159","Hole":"958A"}},{"type":"Feature","id":857,"geometry":{"type":"Point","coordinates":[-20.000800000000002,23.998999999999999]},"properties":{"FID":857,"Fullname":"ODP 159-958-B","Leg":"159","Hole":"958B"}},{"type":"Feature","id":858,"geometry":{"type":"Point","coordinates":[-2.7351999999999999,3.6276999999999999]},"properties":{"FID":858,"Fullname":"ODP 159-959-A","Leg":"159","Hole":"959A"}},{"type":"Feature","id":859,"geometry":{"type":"Point","coordinates":[-2.7355999999999998,3.627600000000001]},"properties":{"FID":859,"Fullname":"ODP 159-959-B","Leg":"159","Hole":"959B"}},{"type":"Feature","id":860,"geometry":{"type":"Point","coordinates":[-2.7353000000000001,3.6278000000000001]},"properties":{"FID":860,"Fullname":"ODP 159-959-C","Leg":"159","Hole":"959C"}},{"type":"Feature","id":861,"geometry":{"type":"Point","coordinates":[-2.7357999999999998,3.627600000000001]},"properties":{"FID":861,"Fullname":"ODP 159-959-D","Leg":"159","Hole":"959D"}},{"type":"Feature","id":862,"geometry":{"type":"Point","coordinates":[-2.7336,3.5831]},"properties":{"FID":862,"Fullname":"ODP 159-960-A","Leg":"159","Hole":"960A"}},{"type":"Feature","id":863,"geometry":{"type":"Point","coordinates":[-2.7330999999999999,3.5836000000000001]},"properties":{"FID":863,"Fullname":"ODP 159-960-B","Leg":"159","Hole":"960B"}},{"type":"Feature","id":864,"geometry":{"type":"Point","coordinates":[-2.7332000000000001,3.5838999999999999]},"properties":{"FID":864,"Fullname":"ODP 159-960-C","Leg":"159","Hole":"960C"}},{"type":"Feature","id":865,"geometry":{"type":"Point","coordinates":[-3.0585,3.4424000000000001]},"properties":{"FID":865,"Fullname":"ODP 159-961-A","Leg":"159","Hole":"961A"}},{"type":"Feature","id":866,"geometry":{"type":"Point","coordinates":[-3.0592999999999999,3.4426000000000001]},"properties":{"FID":866,"Fullname":"ODP 159-961-B","Leg":"159","Hole":"961B"}},{"type":"Feature","id":867,"geometry":{"type":"Point","coordinates":[-3.1819999999999999,3.2513000000000001]},"properties":{"FID":867,"Fullname":"ODP 159-962-A","Leg":"159","Hole":"962A"}},{"type":"Feature","id":868,"geometry":{"type":"Point","coordinates":[-3.1819999999999999,3.2509999999999999]},"properties":{"FID":868,"Fullname":"ODP 159-962-B","Leg":"159","Hole":"962B"}},{"type":"Feature","id":869,"geometry":{"type":"Point","coordinates":[-3.1823999999999999,3.2509999999999999]},"properties":{"FID":869,"Fullname":"ODP 159-962-C","Leg":"159","Hole":"962C"}},{"type":"Feature","id":870,"geometry":{"type":"Point","coordinates":[-3.1816,3.2513999999999998]},"properties":{"FID":870,"Fullname":"ODP 159-962-D","Leg":"159","Hole":"962D"}},{"type":"Feature","id":871,"geometry":{"type":"Point","coordinates":[13.1816,37.032299999999999]},"properties":{"FID":871,"Fullname":"ODP 160-963-A","Leg":"160","Hole":"963A"}},{"type":"Feature","id":872,"geometry":{"type":"Point","coordinates":[13.1805,37.0334]},"properties":{"FID":872,"Fullname":"ODP 160-963-B","Leg":"160","Hole":"963B"}},{"type":"Feature","id":873,"geometry":{"type":"Point","coordinates":[13.1793,37.034599999999998]},"properties":{"FID":873,"Fullname":"ODP 160-963-C","Leg":"160","Hole":"963C"}},{"type":"Feature","id":874,"geometry":{"type":"Point","coordinates":[13.178100000000001,37.035800000000002]},"properties":{"FID":874,"Fullname":"ODP 160-963-D","Leg":"160","Hole":"963D"}},{"type":"Feature","id":875,"geometry":{"type":"Point","coordinates":[17.7498,36.260399999999997]},"properties":{"FID":875,"Fullname":"ODP 160-964-A","Leg":"160","Hole":"964A"}},{"type":"Feature","id":876,"geometry":{"type":"Point","coordinates":[17.75,36.260399999999997]},"properties":{"FID":876,"Fullname":"ODP 160-964-B","Leg":"160","Hole":"964B"}},{"type":"Feature","id":877,"geometry":{"type":"Point","coordinates":[17.7501,36.260399999999997]},"properties":{"FID":877,"Fullname":"ODP 160-964-C","Leg":"160","Hole":"964C"}},{"type":"Feature","id":878,"geometry":{"type":"Point","coordinates":[17.75,36.2605]},"properties":{"FID":878,"Fullname":"ODP 160-964-D","Leg":"160","Hole":"964D"}},{"type":"Feature","id":879,"geometry":{"type":"Point","coordinates":[17.75,36.260800000000003]},"properties":{"FID":879,"Fullname":"ODP 160-964-E","Leg":"160","Hole":"964E"}},{"type":"Feature","id":880,"geometry":{"type":"Point","coordinates":[17.750399999999999,36.260599999999997]},"properties":{"FID":880,"Fullname":"ODP 160-964-F","Leg":"160","Hole":"964F"}},{"type":"Feature","id":881,"geometry":{"type":"Point","coordinates":[32.713099999999997,33.917999999999999]},"properties":{"FID":881,"Fullname":"ODP 160-965-A","Leg":"160","Hole":"965A"}},{"type":"Feature","id":882,"geometry":{"type":"Point","coordinates":[32.701599999999999,33.796599999999998]},"properties":{"FID":882,"Fullname":"ODP 160-966-A","Leg":"160","Hole":"966A"}},{"type":"Feature","id":883,"geometry":{"type":"Point","coordinates":[32.701500000000003,33.796100000000003]},"properties":{"FID":883,"Fullname":"ODP 160-966-B","Leg":"160","Hole":"966B"}},{"type":"Feature","id":884,"geometry":{"type":"Point","coordinates":[32.701500000000003,33.796300000000002]},"properties":{"FID":884,"Fullname":"ODP 160-966-C","Leg":"160","Hole":"966C"}},{"type":"Feature","id":885,"geometry":{"type":"Point","coordinates":[32.700800000000001,33.796500000000002]},"properties":{"FID":885,"Fullname":"ODP 160-966-D","Leg":"160","Hole":"966D"}},{"type":"Feature","id":886,"geometry":{"type":"Point","coordinates":[32.700800000000001,33.796700000000001]},"properties":{"FID":886,"Fullname":"ODP 160-966-E","Leg":"160","Hole":"966E"}},{"type":"Feature","id":887,"geometry":{"type":"Point","coordinates":[32.701500000000003,33.797600000000003]},"properties":{"FID":887,"Fullname":"ODP 160-966-F","Leg":"160","Hole":"966F"}},{"type":"Feature","id":888,"geometry":{"type":"Point","coordinates":[32.7254,34.068300000000001]},"properties":{"FID":888,"Fullname":"ODP 160-967-A","Leg":"160","Hole":"967A"}},{"type":"Feature","id":889,"geometry":{"type":"Point","coordinates":[32.7254,34.068199999999997]},"properties":{"FID":889,"Fullname":"ODP 160-967-B","Leg":"160","Hole":"967B"}},{"type":"Feature","id":890,"geometry":{"type":"Point","coordinates":[32.725499999999997,34.071199999999997]},"properties":{"FID":890,"Fullname":"ODP 160-967-C","Leg":"160","Hole":"967C"}},{"type":"Feature","id":891,"geometry":{"type":"Point","coordinates":[32.725499999999997,34.070900000000002]},"properties":{"FID":891,"Fullname":"ODP 160-967-D","Leg":"160","Hole":"967D"}},{"type":"Feature","id":892,"geometry":{"type":"Point","coordinates":[32.7254,34.068399999999997]},"properties":{"FID":892,"Fullname":"ODP 160-967-E","Leg":"160","Hole":"967E"}},{"type":"Feature","id":893,"geometry":{"type":"Point","coordinates":[32.725499999999997,34.070799999999998]},"properties":{"FID":893,"Fullname":"ODP 160-967-F","Leg":"160","Hole":"967F"}},{"type":"Feature","id":894,"geometry":{"type":"Point","coordinates":[32.751100000000001,34.331699999999998]},"properties":{"FID":894,"Fullname":"ODP 160-968-A","Leg":"160","Hole":"968A"}},{"type":"Feature","id":895,"geometry":{"type":"Point","coordinates":[32.751199999999997,34.332000000000001]},"properties":{"FID":895,"Fullname":"ODP 160-968-B","Leg":"160","Hole":"968B"}},{"type":"Feature","id":896,"geometry":{"type":"Point","coordinates":[32.753500000000003,34.332900000000002]},"properties":{"FID":896,"Fullname":"ODP 160-968-C","Leg":"160","Hole":"968C"}},{"type":"Feature","id":897,"geometry":{"type":"Point","coordinates":[24.884399999999999,33.840000000000003]},"properties":{"FID":897,"Fullname":"ODP 160-969-A","Leg":"160","Hole":"969A"}},{"type":"Feature","id":898,"geometry":{"type":"Point","coordinates":[24.882999999999999,33.841099999999997]},"properties":{"FID":898,"Fullname":"ODP 160-969-B","Leg":"160","Hole":"969B"}},{"type":"Feature","id":899,"geometry":{"type":"Point","coordinates":[24.883400000000002,33.838700000000003]},"properties":{"FID":899,"Fullname":"ODP 160-969-C","Leg":"160","Hole":"969C"}},{"type":"Feature","id":900,"geometry":{"type":"Point","coordinates":[24.883299999999998,33.8386]},"properties":{"FID":900,"Fullname":"ODP 160-969-D","Leg":"160","Hole":"969D"}},{"type":"Feature","id":901,"geometry":{"type":"Point","coordinates":[24.882999999999999,33.841000000000001]},"properties":{"FID":901,"Fullname":"ODP 160-969-E","Leg":"160","Hole":"969E"}},{"type":"Feature","id":902,"geometry":{"type":"Point","coordinates":[24.8827,33.841299999999997]},"properties":{"FID":902,"Fullname":"ODP 160-969-F","Leg":"160","Hole":"969F"}},{"type":"Feature","id":903,"geometry":{"type":"Point","coordinates":[24.802,33.736600000000003]},"properties":{"FID":903,"Fullname":"ODP 160-970-A","Leg":"160","Hole":"970A"}},{"type":"Feature","id":904,"geometry":{"type":"Point","coordinates":[24.811599999999999,33.736899999999999]},"properties":{"FID":904,"Fullname":"ODP 160-970-B","Leg":"160","Hole":"970B"}},{"type":"Feature","id":905,"geometry":{"type":"Point","coordinates":[24.791,33.735599999999998]},"properties":{"FID":905,"Fullname":"ODP 160-970-C","Leg":"160","Hole":"970C"}},{"type":"Feature","id":906,"geometry":{"type":"Point","coordinates":[24.776900000000008,33.734000000000002]},"properties":{"FID":906,"Fullname":"ODP 160-970-D","Leg":"160","Hole":"970D"}},{"type":"Feature","id":907,"geometry":{"type":"Point","coordinates":[24.7136,33.703200000000002]},"properties":{"FID":907,"Fullname":"ODP 160-971-A","Leg":"160","Hole":"971A"}},{"type":"Feature","id":908,"geometry":{"type":"Point","coordinates":[24.701799999999999,33.7136]},"properties":{"FID":908,"Fullname":"ODP 160-971-B","Leg":"160","Hole":"971B"}},{"type":"Feature","id":909,"geometry":{"type":"Point","coordinates":[24.701799999999999,33.7136]},"properties":{"FID":909,"Fullname":"ODP 160-971-C","Leg":"160","Hole":"971C"}},{"type":"Feature","id":910,"geometry":{"type":"Point","coordinates":[24.687899999999999,33.7239]},"properties":{"FID":910,"Fullname":"ODP 160-971-D","Leg":"160","Hole":"971D"}},{"type":"Feature","id":911,"geometry":{"type":"Point","coordinates":[24.680700000000002,33.726999999999997]},"properties":{"FID":911,"Fullname":"ODP 160-971-E","Leg":"160","Hole":"971E"}},{"type":"Feature","id":912,"geometry":{"type":"Point","coordinates":[18.725300000000001,35.779899999999998]},"properties":{"FID":912,"Fullname":"ODP 160-972-A","Leg":"160","Hole":"972A"}},{"type":"Feature","id":913,"geometry":{"type":"Point","coordinates":[18.7254,35.780000000000001]},"properties":{"FID":913,"Fullname":"ODP 160-972-B","Leg":"160","Hole":"972B"}},{"type":"Feature","id":914,"geometry":{"type":"Point","coordinates":[18.9482,35.780299999999997]},"properties":{"FID":914,"Fullname":"ODP 160-973-A","Leg":"160","Hole":"973A"}},{"type":"Feature","id":915,"geometry":{"type":"Point","coordinates":[18.9482,35.780200000000001]},"properties":{"FID":915,"Fullname":"ODP 160-973-B","Leg":"160","Hole":"973B"}},{"type":"Feature","id":916,"geometry":{"type":"Point","coordinates":[18.9482,35.7804]},"properties":{"FID":916,"Fullname":"ODP 160-973-C","Leg":"160","Hole":"973C"}},{"type":"Feature","id":917,"geometry":{"type":"Point","coordinates":[18.9482,35.780299999999997]},"properties":{"FID":917,"Fullname":"ODP 160-973-D","Leg":"160","Hole":"973D"}},{"type":"Feature","id":918,"geometry":{"type":"Point","coordinates":[18.948,35.7804]},"properties":{"FID":918,"Fullname":"ODP 160-973-E","Leg":"160","Hole":"973E"}},{"type":"Feature","id":919,"geometry":{"type":"Point","coordinates":[12.1418,40.356099999999998]},"properties":{"FID":919,"Fullname":"ODP 161-974-A","Leg":"161","Hole":"974A"}},{"type":"Feature","id":920,"geometry":{"type":"Point","coordinates":[12.1419,40.356000000000002]},"properties":{"FID":920,"Fullname":"ODP 161-974-B","Leg":"161","Hole":"974B"}},{"type":"Feature","id":921,"geometry":{"type":"Point","coordinates":[12.142200000000001,40.355800000000002]},"properties":{"FID":921,"Fullname":"ODP 161-974-C","Leg":"161","Hole":"974C"}},{"type":"Feature","id":922,"geometry":{"type":"Point","coordinates":[12.142099999999999,40.356000000000002]},"properties":{"FID":922,"Fullname":"ODP 161-974-D","Leg":"161","Hole":"974D"}},{"type":"Feature","id":923,"geometry":{"type":"Point","coordinates":[4.5098000000000003,38.896599999999999]},"properties":{"FID":923,"Fullname":"ODP 161-975-A","Leg":"161","Hole":"975A"}},{"type":"Feature","id":924,"geometry":{"type":"Point","coordinates":[4.5099,38.8964]},"properties":{"FID":924,"Fullname":"ODP 161-975-B","Leg":"161","Hole":"975B"}},{"type":"Feature","id":925,"geometry":{"type":"Point","coordinates":[4.5099,38.896599999999999]},"properties":{"FID":925,"Fullname":"ODP 161-975-C","Leg":"161","Hole":"975C"}},{"type":"Feature","id":926,"geometry":{"type":"Point","coordinates":[4.5101000000000004,38.896799999999999]},"properties":{"FID":926,"Fullname":"ODP 161-975-D","Leg":"161","Hole":"975D"}},{"type":"Feature","id":927,"geometry":{"type":"Point","coordinates":[-4.3132999999999999,36.205300000000001]},"properties":{"FID":927,"Fullname":"ODP 161-976-A","Leg":"161","Hole":"976A"}},{"type":"Feature","id":928,"geometry":{"type":"Point","coordinates":[-4.3127000000000004,36.205199999999998]},"properties":{"FID":928,"Fullname":"ODP 161-976-B","Leg":"161","Hole":"976B"}},{"type":"Feature","id":929,"geometry":{"type":"Point","coordinates":[-4.3122999999999996,36.205199999999998]},"properties":{"FID":929,"Fullname":"ODP 161-976-C","Leg":"161","Hole":"976C"}},{"type":"Feature","id":930,"geometry":{"type":"Point","coordinates":[-4.3124000000000002,36.205500000000001]},"properties":{"FID":930,"Fullname":"ODP 161-976-D","Leg":"161","Hole":"976D"}},{"type":"Feature","id":931,"geometry":{"type":"Point","coordinates":[-4.3124000000000002,36.205399999999997]},"properties":{"FID":931,"Fullname":"ODP 161-976-E","Leg":"161","Hole":"976E"}},{"type":"Feature","id":932,"geometry":{"type":"Point","coordinates":[-1.9553,36.031799999999997]},"properties":{"FID":932,"Fullname":"ODP 161-977-A","Leg":"161","Hole":"977A"}},{"type":"Feature","id":933,"geometry":{"type":"Point","coordinates":[-2.0571000000000002,36.231099999999998]},"properties":{"FID":933,"Fullname":"ODP 161-978-A","Leg":"161","Hole":"978A"}},{"type":"Feature","id":934,"geometry":{"type":"Point","coordinates":[-3.2059000000000002,35.723799999999997]},"properties":{"FID":934,"Fullname":"ODP 161-979-A","Leg":"161","Hole":"979A"}},{"type":"Feature","id":935,"geometry":{"type":"Point","coordinates":[-12.6983,69.249700000000004]},"properties":{"FID":935,"Fullname":"ODP 162-907-B","Leg":"162","Hole":"907B"}},{"type":"Feature","id":936,"geometry":{"type":"Point","coordinates":[-12.6983,69.2333]},"properties":{"FID":936,"Fullname":"ODP 162-907-C","Leg":"162","Hole":"907C"}},{"type":"Feature","id":937,"geometry":{"type":"Point","coordinates":[-14.702199999999999,55.4848]},"properties":{"FID":937,"Fullname":"ODP 162-980-A","Leg":"162","Hole":"980A"}},{"type":"Feature","id":938,"geometry":{"type":"Point","coordinates":[-14.702299999999999,55.484900000000003]},"properties":{"FID":938,"Fullname":"ODP 162-980-B","Leg":"162","Hole":"980B"}},{"type":"Feature","id":939,"geometry":{"type":"Point","coordinates":[-14.7021,55.485100000000003]},"properties":{"FID":939,"Fullname":"ODP 162-980-C","Leg":"162","Hole":"980C"}},{"type":"Feature","id":940,"geometry":{"type":"Point","coordinates":[-14.6509,55.477200000000003]},"properties":{"FID":940,"Fullname":"ODP 162-981-A","Leg":"162","Hole":"981A"}},{"type":"Feature","id":941,"geometry":{"type":"Point","coordinates":[-14.6508,55.477400000000003]},"properties":{"FID":941,"Fullname":"ODP 162-981-B","Leg":"162","Hole":"981B"}},{"type":"Feature","id":942,"geometry":{"type":"Point","coordinates":[-14.6508,55.477400000000003]},"properties":{"FID":942,"Fullname":"ODP 162-981-C","Leg":"162","Hole":"981C"}},{"type":"Feature","id":943,"geometry":{"type":"Point","coordinates":[-15.8667,57.516500000000001]},"properties":{"FID":943,"Fullname":"ODP 162-982-A","Leg":"162","Hole":"982A"}},{"type":"Feature","id":944,"geometry":{"type":"Point","coordinates":[-15.8666,57.516700000000007]},"properties":{"FID":944,"Fullname":"ODP 162-982-B","Leg":"162","Hole":"982B"}},{"type":"Feature","id":945,"geometry":{"type":"Point","coordinates":[-15.8665,57.516800000000003]},"properties":{"FID":945,"Fullname":"ODP 162-982-C","Leg":"162","Hole":"982C"}},{"type":"Feature","id":946,"geometry":{"type":"Point","coordinates":[-15.8665,57.516800000000003]},"properties":{"FID":946,"Fullname":"ODP 162-982-D","Leg":"162","Hole":"982D"}},{"type":"Feature","id":947,"geometry":{"type":"Point","coordinates":[-23.640599999999999,60.403300000000002]},"properties":{"FID":947,"Fullname":"ODP 162-983-A","Leg":"162","Hole":"983A"}},{"type":"Feature","id":948,"geometry":{"type":"Point","coordinates":[-23.640599999999999,60.403500000000001]},"properties":{"FID":948,"Fullname":"ODP 162-983-B","Leg":"162","Hole":"983B"}},{"type":"Feature","id":949,"geometry":{"type":"Point","coordinates":[-23.640699999999999,60.40359999999999]},"properties":{"FID":949,"Fullname":"ODP 162-983-C","Leg":"162","Hole":"983C"}},{"type":"Feature","id":950,"geometry":{"type":"Point","coordinates":[-24.0823,61.4251]},"properties":{"FID":950,"Fullname":"ODP 162-984-A","Leg":"162","Hole":"984A"}},{"type":"Feature","id":951,"geometry":{"type":"Point","coordinates":[-24.0825,61.4253]},"properties":{"FID":951,"Fullname":"ODP 162-984-B","Leg":"162","Hole":"984B"}},{"type":"Feature","id":952,"geometry":{"type":"Point","coordinates":[-24.0825,61.425400000000003]},"properties":{"FID":952,"Fullname":"ODP 162-984-C","Leg":"162","Hole":"984C"}},{"type":"Feature","id":953,"geometry":{"type":"Point","coordinates":[-24.082599999999999,61.4255]},"properties":{"FID":953,"Fullname":"ODP 162-984-D","Leg":"162","Hole":"984D"}},{"type":"Feature","id":954,"geometry":{"type":"Point","coordinates":[-6.4501999999999988,66.941500000000005]},"properties":{"FID":954,"Fullname":"ODP 162-985-A","Leg":"162","Hole":"985A"}},{"type":"Feature","id":955,"geometry":{"type":"Point","coordinates":[-6.4500000000000002,66.941599999999994]},"properties":{"FID":955,"Fullname":"ODP 162-985-B","Leg":"162","Hole":"985B"}},{"type":"Feature","id":956,"geometry":{"type":"Point","coordinates":[9.0777000000000001,77.340599999999995]},"properties":{"FID":956,"Fullname":"ODP 162-986-A","Leg":"162","Hole":"986A"}},{"type":"Feature","id":957,"geometry":{"type":"Point","coordinates":[9.0777000000000001,77.340500000000006]},"properties":{"FID":957,"Fullname":"ODP 162-986-B","Leg":"162","Hole":"986B"}},{"type":"Feature","id":958,"geometry":{"type":"Point","coordinates":[9.0777000000000001,77.340500000000006]},"properties":{"FID":958,"Fullname":"ODP 162-986-C","Leg":"162","Hole":"986C"}},{"type":"Feature","id":959,"geometry":{"type":"Point","coordinates":[9.0776000000000003,77.340100000000007]},"properties":{"FID":959,"Fullname":"ODP 162-986-D","Leg":"162","Hole":"986D"}},{"type":"Feature","id":960,"geometry":{"type":"Point","coordinates":[-17.9374,70.496600000000001]},"properties":{"FID":960,"Fullname":"ODP 162-987-A","Leg":"162","Hole":"987A"}},{"type":"Feature","id":961,"geometry":{"type":"Point","coordinates":[-17.936900000000001,70.496600000000001]},"properties":{"FID":961,"Fullname":"ODP 162-987-B","Leg":"162","Hole":"987B"}},{"type":"Feature","id":962,"geometry":{"type":"Point","coordinates":[-17.936499999999999,70.496499999999997]},"properties":{"FID":962,"Fullname":"ODP 162-987-C","Leg":"162","Hole":"987C"}},{"type":"Feature","id":963,"geometry":{"type":"Point","coordinates":[-17.936299999999999,70.496600000000001]},"properties":{"FID":963,"Fullname":"ODP 162-987-D","Leg":"162","Hole":"987D"}},{"type":"Feature","id":964,"geometry":{"type":"Point","coordinates":[-17.936499999999999,70.496499999999997]},"properties":{"FID":964,"Fullname":"ODP 162-987-E","Leg":"162","Hole":"987E"}},{"type":"Feature","id":965,"geometry":{"type":"Point","coordinates":[-34.871000000000002,65.7042]},"properties":{"FID":965,"Fullname":"ODP 163-988-A","Leg":"163","Hole":"988A"}},{"type":"Feature","id":966,"geometry":{"type":"Point","coordinates":[-39.901899999999998,63.52259999999999]},"properties":{"FID":966,"Fullname":"ODP 163-989-A","Leg":"163","Hole":"989A"}},{"type":"Feature","id":967,"geometry":{"type":"Point","coordinates":[-39.901800000000001,63.52259999999999]},"properties":{"FID":967,"Fullname":"ODP 163-989-B","Leg":"163","Hole":"989B"}},{"type":"Feature","id":968,"geometry":{"type":"Point","coordinates":[-39.780099999999997,63.47290000000001]},"properties":{"FID":968,"Fullname":"ODP 163-990-A","Leg":"163","Hole":"990A"}},{"type":"Feature","id":969,"geometry":{"type":"Point","coordinates":[-75.930000000000007,32.983600000000003]},"properties":{"FID":969,"Fullname":"ODP 164-991-A","Leg":"164","Hole":"991A"}},{"type":"Feature","id":970,"geometry":{"type":"Point","coordinates":[-75.929900000000004,32.983600000000003]},"properties":{"FID":970,"Fullname":"ODP 164-991-B","Leg":"164","Hole":"991B"}},{"type":"Feature","id":971,"geometry":{"type":"Point","coordinates":[-75.915999999999997,32.975700000000003]},"properties":{"FID":971,"Fullname":"ODP 164-992-A","Leg":"164","Hole":"992A"}},{"type":"Feature","id":972,"geometry":{"type":"Point","coordinates":[-75.894800000000004,32.963000000000001]},"properties":{"FID":972,"Fullname":"ODP 164-993-A","Leg":"164","Hole":"993A"}},{"type":"Feature","id":973,"geometry":{"type":"Point","coordinates":[-75.545900000000003,31.785699999999999]},"properties":{"FID":973,"Fullname":"ODP 164-994-A","Leg":"164","Hole":"994A"}},{"type":"Feature","id":974,"geometry":{"type":"Point","coordinates":[-75.545699999999997,31.785699999999999]},"properties":{"FID":974,"Fullname":"ODP 164-994-B","Leg":"164","Hole":"994B"}},{"type":"Feature","id":975,"geometry":{"type":"Point","coordinates":[-75.545900000000003,31.785699999999999]},"properties":{"FID":975,"Fullname":"ODP 164-994-C","Leg":"164","Hole":"994C"}},{"type":"Feature","id":976,"geometry":{"type":"Point","coordinates":[-75.5458,31.785699999999999]},"properties":{"FID":976,"Fullname":"ODP 164-994-D","Leg":"164","Hole":"994D"}},{"type":"Feature","id":977,"geometry":{"type":"Point","coordinates":[-75.522400000000005,31.8035]},"properties":{"FID":977,"Fullname":"ODP 164-995-A","Leg":"164","Hole":"995A"}},{"type":"Feature","id":978,"geometry":{"type":"Point","coordinates":[-75.522300000000001,31.803599999999999]},"properties":{"FID":978,"Fullname":"ODP 164-995-B","Leg":"164","Hole":"995B"}},{"type":"Feature","id":979,"geometry":{"type":"Point","coordinates":[-76.190899999999999,32.493899999999996]},"properties":{"FID":979,"Fullname":"ODP 164-996-A","Leg":"164","Hole":"996A"}},{"type":"Feature","id":980,"geometry":{"type":"Point","coordinates":[-76.190899999999999,32.493899999999996]},"properties":{"FID":980,"Fullname":"ODP 164-996-B","Leg":"164","Hole":"996B"}},{"type":"Feature","id":981,"geometry":{"type":"Point","coordinates":[-76.190899999999999,32.494]},"properties":{"FID":981,"Fullname":"ODP 164-996-C","Leg":"164","Hole":"996C"}},{"type":"Feature","id":982,"geometry":{"type":"Point","coordinates":[-76.191299999999998,32.493899999999996]},"properties":{"FID":982,"Fullname":"ODP 164-996-D","Leg":"164","Hole":"996D"}},{"type":"Feature","id":983,"geometry":{"type":"Point","coordinates":[-76.1905,32.493899999999996]},"properties":{"FID":983,"Fullname":"ODP 164-996-E","Leg":"164","Hole":"996E"}},{"type":"Feature","id":984,"geometry":{"type":"Point","coordinates":[-75.468599999999995,31.8431]},"properties":{"FID":984,"Fullname":"ODP 164-997-A","Leg":"164","Hole":"997A"}},{"type":"Feature","id":985,"geometry":{"type":"Point","coordinates":[-75.468500000000006,31.843299999999999]},"properties":{"FID":985,"Fullname":"ODP 164-997-B","Leg":"164","Hole":"997B"}},{"type":"Feature","id":986,"geometry":{"type":"Point","coordinates":[-79.867400000000004,16.553699999999999]},"properties":{"FID":986,"Fullname":"ODP 165-1000-A","Leg":"165","Hole":"1000A"}},{"type":"Feature","id":987,"geometry":{"type":"Point","coordinates":[-79.867400000000004,16.553599999999999]},"properties":{"FID":987,"Fullname":"ODP 165-1000-B","Leg":"165","Hole":"1000B"}},{"type":"Feature","id":988,"geometry":{"type":"Point","coordinates":[-74.910499999999999,15.757099999999999]},"properties":{"FID":988,"Fullname":"ODP 165-1001-A","Leg":"165","Hole":"1001A"}},{"type":"Feature","id":989,"geometry":{"type":"Point","coordinates":[-74.910399999999996,15.757]},"properties":{"FID":989,"Fullname":"ODP 165-1001-B","Leg":"165","Hole":"1001B"}},{"type":"Feature","id":990,"geometry":{"type":"Point","coordinates":[-65.169600000000003,10.706099999999999]},"properties":{"FID":990,"Fullname":"ODP 165-1002-A","Leg":"165","Hole":"1002A"}},{"type":"Feature","id":991,"geometry":{"type":"Point","coordinates":[-65.169600000000003,10.706099999999999]},"properties":{"FID":991,"Fullname":"ODP 165-1002-B","Leg":"165","Hole":"1002B"}},{"type":"Feature","id":992,"geometry":{"type":"Point","coordinates":[-65.169399999999996,10.706099999999999]},"properties":{"FID":992,"Fullname":"ODP 165-1002-C","Leg":"165","Hole":"1002C"}},{"type":"Feature","id":993,"geometry":{"type":"Point","coordinates":[-65.169300000000007,10.706099999999999]},"properties":{"FID":993,"Fullname":"ODP 165-1002-D","Leg":"165","Hole":"1002D"}},{"type":"Feature","id":994,"geometry":{"type":"Point","coordinates":[-65.169300000000007,10.706099999999999]},"properties":{"FID":994,"Fullname":"ODP 165-1002-E","Leg":"165","Hole":"1002E"}},{"type":"Feature","id":995,"geometry":{"type":"Point","coordinates":[-82.936099999999996,19.489599999999999]},"properties":{"FID":995,"Fullname":"ODP 165-998-A","Leg":"165","Hole":"998A"}},{"type":"Feature","id":996,"geometry":{"type":"Point","coordinates":[-82.936000000000007,19.489799999999999]},"properties":{"FID":996,"Fullname":"ODP 165-998-B","Leg":"165","Hole":"998B"}},{"type":"Feature","id":997,"geometry":{"type":"Point","coordinates":[-78.7393,12.744]},"properties":{"FID":997,"Fullname":"ODP 165-999-A","Leg":"165","Hole":"999A"}},{"type":"Feature","id":998,"geometry":{"type":"Point","coordinates":[-78.740300000000005,12.7433]},"properties":{"FID":998,"Fullname":"ODP 165-999-B","Leg":"165","Hole":"999B"}},{"type":"Feature","id":999,"geometry":{"type":"Point","coordinates":[-79.2607,24.5458]},"properties":{"FID":999,"Fullname":"ODP 166-1003-A","Leg":"166","Hole":"1003A"}},{"type":"Feature","id":1000,"geometry":{"type":"Point","coordinates":[-79.260800000000003,24.545999999999999]},"properties":{"FID":1000,"Fullname":"ODP 166-1003-B","Leg":"166","Hole":"1003B"}},{"type":"Feature","id":1001,"geometry":{"type":"Point","coordinates":[-79.260800000000003,24.546099999999999]},"properties":{"FID":1001,"Fullname":"ODP 166-1003-C","Leg":"166","Hole":"1003C"}},{"type":"Feature","id":1002,"geometry":{"type":"Point","coordinates":[-79.2607,24.545999999999999]},"properties":{"FID":1002,"Fullname":"ODP 166-1003-D","Leg":"166","Hole":"1003D"}},{"type":"Feature","id":1003,"geometry":{"type":"Point","coordinates":[-79.249200000000002,24.5547]},"properties":{"FID":1003,"Fullname":"ODP 166-1004-A","Leg":"166","Hole":"1004A"}},{"type":"Feature","id":1004,"geometry":{"type":"Point","coordinates":[-79.235699999999994,24.562899999999999]},"properties":{"FID":1004,"Fullname":"ODP 166-1005-A","Leg":"166","Hole":"1005A"}},{"type":"Feature","id":1005,"geometry":{"type":"Point","coordinates":[-79.235699999999994,24.562799999999999]},"properties":{"FID":1005,"Fullname":"ODP 166-1005-B","Leg":"166","Hole":"1005B"}},{"type":"Feature","id":1006,"geometry":{"type":"Point","coordinates":[-79.235699999999994,24.5626]},"properties":{"FID":1006,"Fullname":"ODP 166-1005-C","Leg":"166","Hole":"1005C"}},{"type":"Feature","id":1007,"geometry":{"type":"Point","coordinates":[-79.459000000000003,24.399799999999999]},"properties":{"FID":1007,"Fullname":"ODP 166-1006-A","Leg":"166","Hole":"1006A"}},{"type":"Feature","id":1008,"geometry":{"type":"Point","coordinates":[-79.459199999999996,24.399799999999999]},"properties":{"FID":1008,"Fullname":"ODP 166-1006-B","Leg":"166","Hole":"1006B"}},{"type":"Feature","id":1009,"geometry":{"type":"Point","coordinates":[-79.459299999999999,24.399899999999999]},"properties":{"FID":1009,"Fullname":"ODP 166-1006-C","Leg":"166","Hole":"1006C"}},{"type":"Feature","id":1010,"geometry":{"type":"Point","coordinates":[-79.459299999999999,24.399899999999999]},"properties":{"FID":1010,"Fullname":"ODP 166-1006-D","Leg":"166","Hole":"1006D"}},{"type":"Feature","id":1011,"geometry":{"type":"Point","coordinates":[-79.322299999999998,24.5044]},"properties":{"FID":1011,"Fullname":"ODP 166-1007-A","Leg":"166","Hole":"1007A"}},{"type":"Feature","id":1012,"geometry":{"type":"Point","coordinates":[-79.322299999999998,24.5044]},"properties":{"FID":1012,"Fullname":"ODP 166-1007-B","Leg":"166","Hole":"1007B"}},{"type":"Feature","id":1013,"geometry":{"type":"Point","coordinates":[-79.322500000000005,24.504200000000001]},"properties":{"FID":1013,"Fullname":"ODP 166-1007-C","Leg":"166","Hole":"1007C"}},{"type":"Feature","id":1014,"geometry":{"type":"Point","coordinates":[-79.083500000000001,23.610700000000001]},"properties":{"FID":1014,"Fullname":"ODP 166-1008-A","Leg":"166","Hole":"1008A"}},{"type":"Feature","id":1015,"geometry":{"type":"Point","coordinates":[-79.049999999999997,23.614000000000001]},"properties":{"FID":1015,"Fullname":"ODP 166-1009-A","Leg":"166","Hole":"1009A"}},{"type":"Feature","id":1016,"geometry":{"type":"Point","coordinates":[-118.10080000000001,29.965]},"properties":{"FID":1016,"Fullname":"ODP 167-1010-A","Leg":"167","Hole":"1010A"}},{"type":"Feature","id":1017,"geometry":{"type":"Point","coordinates":[-118.1007,29.9651]},"properties":{"FID":1017,"Fullname":"ODP 167-1010-B","Leg":"167","Hole":"1010B"}},{"type":"Feature","id":1018,"geometry":{"type":"Point","coordinates":[-118.10080000000001,29.9651]},"properties":{"FID":1018,"Fullname":"ODP 167-1010-C","Leg":"167","Hole":"1010C"}},{"type":"Feature","id":1019,"geometry":{"type":"Point","coordinates":[-118.1006,29.965]},"properties":{"FID":1019,"Fullname":"ODP 167-1010-D","Leg":"167","Hole":"1010D"}},{"type":"Feature","id":1020,"geometry":{"type":"Point","coordinates":[-118.1005,29.9651]},"properties":{"FID":1020,"Fullname":"ODP 167-1010-E","Leg":"167","Hole":"1010E"}},{"type":"Feature","id":1021,"geometry":{"type":"Point","coordinates":[-118.1006,29.9649]},"properties":{"FID":1021,"Fullname":"ODP 167-1010-F","Leg":"167","Hole":"1010F"}},{"type":"Feature","id":1022,"geometry":{"type":"Point","coordinates":[-117.633,31.2804]},"properties":{"FID":1022,"Fullname":"ODP 167-1011-A","Leg":"167","Hole":"1011A"}},{"type":"Feature","id":1023,"geometry":{"type":"Point","coordinates":[-117.633,31.2803]},"properties":{"FID":1023,"Fullname":"ODP 167-1011-B","Leg":"167","Hole":"1011B"}},{"type":"Feature","id":1024,"geometry":{"type":"Point","coordinates":[-117.633,31.2803]},"properties":{"FID":1024,"Fullname":"ODP 167-1011-C","Leg":"167","Hole":"1011C"}},{"type":"Feature","id":1025,"geometry":{"type":"Point","coordinates":[-117.633,31.2803]},"properties":{"FID":1025,"Fullname":"ODP 167-1011-D","Leg":"167","Hole":"1011D"}},{"type":"Feature","id":1026,"geometry":{"type":"Point","coordinates":[-117.51600000000001,31.2804]},"properties":{"FID":1026,"Fullname":"ODP 167-1011-E","Leg":"167","Hole":"1011E"}},{"type":"Feature","id":1027,"geometry":{"type":"Point","coordinates":[-118.383,32.282800000000002]},"properties":{"FID":1027,"Fullname":"ODP 167-1012-A","Leg":"167","Hole":"1012A"}},{"type":"Feature","id":1028,"geometry":{"type":"Point","coordinates":[-118.383,32.282600000000002]},"properties":{"FID":1028,"Fullname":"ODP 167-1012-B","Leg":"167","Hole":"1012B"}},{"type":"Feature","id":1029,"geometry":{"type":"Point","coordinates":[-118.384,32.282800000000002]},"properties":{"FID":1029,"Fullname":"ODP 167-1012-C","Leg":"167","Hole":"1012C"}},{"type":"Feature","id":1030,"geometry":{"type":"Point","coordinates":[-118.898,32.800699999999999]},"properties":{"FID":1030,"Fullname":"ODP 167-1013-A","Leg":"167","Hole":"1013A"}},{"type":"Feature","id":1031,"geometry":{"type":"Point","coordinates":[-118.898,32.801000000000002]},"properties":{"FID":1031,"Fullname":"ODP 167-1013-B","Leg":"167","Hole":"1013B"}},{"type":"Feature","id":1032,"geometry":{"type":"Point","coordinates":[-118.898,32.801000000000002]},"properties":{"FID":1032,"Fullname":"ODP 167-1013-C","Leg":"167","Hole":"1013C"}},{"type":"Feature","id":1033,"geometry":{"type":"Point","coordinates":[-119.98099999999999,32.833199999999998]},"properties":{"FID":1033,"Fullname":"ODP 167-1014-A","Leg":"167","Hole":"1014A"}},{"type":"Feature","id":1034,"geometry":{"type":"Point","coordinates":[-119.98099999999999,32.834099999999999]},"properties":{"FID":1034,"Fullname":"ODP 167-1014-B","Leg":"167","Hole":"1014B"}},{"type":"Feature","id":1035,"geometry":{"type":"Point","coordinates":[-119.98099999999999,32.834099999999999]},"properties":{"FID":1035,"Fullname":"ODP 167-1014-C","Leg":"167","Hole":"1014C"}},{"type":"Feature","id":1036,"geometry":{"type":"Point","coordinates":[-118.819,33.715400000000002]},"properties":{"FID":1036,"Fullname":"ODP 167-1015-A","Leg":"167","Hole":"1015A"}},{"type":"Feature","id":1037,"geometry":{"type":"Point","coordinates":[-118.818,33.715400000000002]},"properties":{"FID":1037,"Fullname":"ODP 167-1015-B","Leg":"167","Hole":"1015B"}},{"type":"Feature","id":1038,"geometry":{"type":"Point","coordinates":[-122.276,34.540300000000002]},"properties":{"FID":1038,"Fullname":"ODP 167-1016-A","Leg":"167","Hole":"1016A"}},{"type":"Feature","id":1039,"geometry":{"type":"Point","coordinates":[-122.276,34.538600000000002]},"properties":{"FID":1039,"Fullname":"ODP 167-1016-B","Leg":"167","Hole":"1016B"}},{"type":"Feature","id":1040,"geometry":{"type":"Point","coordinates":[-122.276,34.538200000000003]},"properties":{"FID":1040,"Fullname":"ODP 167-1016-C","Leg":"167","Hole":"1016C"}},{"type":"Feature","id":1041,"geometry":{"type":"Point","coordinates":[-122.276,34.538400000000003]},"properties":{"FID":1041,"Fullname":"ODP 167-1016-D","Leg":"167","Hole":"1016D"}},{"type":"Feature","id":1042,"geometry":{"type":"Point","coordinates":[-121.107,34.534799999999997]},"properties":{"FID":1042,"Fullname":"ODP 167-1017-A","Leg":"167","Hole":"1017A"}},{"type":"Feature","id":1043,"geometry":{"type":"Point","coordinates":[-121.10599999999999,34.5349]},"properties":{"FID":1043,"Fullname":"ODP 167-1017-B","Leg":"167","Hole":"1017B"}},{"type":"Feature","id":1044,"geometry":{"type":"Point","coordinates":[-121.107,34.5349]},"properties":{"FID":1044,"Fullname":"ODP 167-1017-C","Leg":"167","Hole":"1017C"}},{"type":"Feature","id":1045,"geometry":{"type":"Point","coordinates":[-121.107,34.534799999999997]},"properties":{"FID":1045,"Fullname":"ODP 167-1017-D","Leg":"167","Hole":"1017D"}},{"type":"Feature","id":1046,"geometry":{"type":"Point","coordinates":[-121.107,34.534999999999997]},"properties":{"FID":1046,"Fullname":"ODP 167-1017-E","Leg":"167","Hole":"1017E"}},{"type":"Feature","id":1047,"geometry":{"type":"Point","coordinates":[-123.277,36.988300000000002]},"properties":{"FID":1047,"Fullname":"ODP 167-1018-A","Leg":"167","Hole":"1018A"}},{"type":"Feature","id":1048,"geometry":{"type":"Point","coordinates":[-123.27500000000001,36.989699999999999]},"properties":{"FID":1048,"Fullname":"ODP 167-1018-B","Leg":"167","Hole":"1018B"}},{"type":"Feature","id":1049,"geometry":{"type":"Point","coordinates":[-123.27500000000001,36.989800000000002]},"properties":{"FID":1049,"Fullname":"ODP 167-1018-C","Leg":"167","Hole":"1018C"}},{"type":"Feature","id":1050,"geometry":{"type":"Point","coordinates":[-123.27500000000001,36.989899999999999]},"properties":{"FID":1050,"Fullname":"ODP 167-1018-D","Leg":"167","Hole":"1018D"}},{"type":"Feature","id":1051,"geometry":{"type":"Point","coordinates":[-124.93300000000001,41.6828]},"properties":{"FID":1051,"Fullname":"ODP 167-1019-A","Leg":"167","Hole":"1019A"}},{"type":"Feature","id":1052,"geometry":{"type":"Point","coordinates":[-124.93300000000001,41.682899999999997]},"properties":{"FID":1052,"Fullname":"ODP 167-1019-B","Leg":"167","Hole":"1019B"}},{"type":"Feature","id":1053,"geometry":{"type":"Point","coordinates":[-124.932,41.682899999999997]},"properties":{"FID":1053,"Fullname":"ODP 167-1019-C","Leg":"167","Hole":"1019C"}},{"type":"Feature","id":1054,"geometry":{"type":"Point","coordinates":[-124.93300000000001,41.6828]},"properties":{"FID":1054,"Fullname":"ODP 167-1019-D","Leg":"167","Hole":"1019D"}},{"type":"Feature","id":1055,"geometry":{"type":"Point","coordinates":[-124.93300000000001,41.682699999999997]},"properties":{"FID":1055,"Fullname":"ODP 167-1019-E","Leg":"167","Hole":"1019E"}},{"type":"Feature","id":1056,"geometry":{"type":"Point","coordinates":[-126.434,41.009]},"properties":{"FID":1056,"Fullname":"ODP 167-1020-A","Leg":"167","Hole":"1020A"}},{"type":"Feature","id":1057,"geometry":{"type":"Point","coordinates":[-126.434,41.009]},"properties":{"FID":1057,"Fullname":"ODP 167-1020-B","Leg":"167","Hole":"1020B"}},{"type":"Feature","id":1058,"geometry":{"type":"Point","coordinates":[-126.434,41.008000000000003]},"properties":{"FID":1058,"Fullname":"ODP 167-1020-C","Leg":"167","Hole":"1020C"}},{"type":"Feature","id":1059,"geometry":{"type":"Point","coordinates":[-126.434,41.008000000000003]},"properties":{"FID":1059,"Fullname":"ODP 167-1020-D","Leg":"167","Hole":"1020D"}},{"type":"Feature","id":1060,"geometry":{"type":"Point","coordinates":[-127.783,39.087499999999999]},"properties":{"FID":1060,"Fullname":"ODP 167-1021-A","Leg":"167","Hole":"1021A"}},{"type":"Feature","id":1061,"geometry":{"type":"Point","coordinates":[-127.783,39.087499999999999]},"properties":{"FID":1061,"Fullname":"ODP 167-1021-B","Leg":"167","Hole":"1021B"}},{"type":"Feature","id":1062,"geometry":{"type":"Point","coordinates":[-127.783,39.087400000000002]},"properties":{"FID":1062,"Fullname":"ODP 167-1021-C","Leg":"167","Hole":"1021C"}},{"type":"Feature","id":1063,"geometry":{"type":"Point","coordinates":[-127.783,39.087299999999999]},"properties":{"FID":1063,"Fullname":"ODP 167-1021-D","Leg":"167","Hole":"1021D"}},{"type":"Feature","id":1064,"geometry":{"type":"Point","coordinates":[-125.342,40.080800000000004]},"properties":{"FID":1064,"Fullname":"ODP 167-1022-A","Leg":"167","Hole":"1022A"}},{"type":"Feature","id":1065,"geometry":{"type":"Point","coordinates":[-125.342,40.080800000000004]},"properties":{"FID":1065,"Fullname":"ODP 167-1022-B","Leg":"167","Hole":"1022B"}},{"type":"Feature","id":1066,"geometry":{"type":"Point","coordinates":[-125.342,40.0807]},"properties":{"FID":1066,"Fullname":"ODP 167-1022-C","Leg":"167","Hole":"1022C"}},{"type":"Feature","id":1067,"geometry":{"type":"Point","coordinates":[-128.792,47.917299999999997]},"properties":{"FID":1067,"Fullname":"ODP 168-1023-A","Leg":"168","Hole":"1023A"}},{"type":"Feature","id":1068,"geometry":{"type":"Point","coordinates":[-128.749,47.908700000000003]},"properties":{"FID":1068,"Fullname":"ODP 168-1024-A","Leg":"168","Hole":"1024A"}},{"type":"Feature","id":1069,"geometry":{"type":"Point","coordinates":[-128.75200000000001,47.904600000000002]},"properties":{"FID":1069,"Fullname":"ODP 168-1024-B","Leg":"168","Hole":"1024B"}},{"type":"Feature","id":1070,"geometry":{"type":"Point","coordinates":[-128.75,47.908900000000003]},"properties":{"FID":1070,"Fullname":"ODP 168-1024-C","Leg":"168","Hole":"1024C"}},{"type":"Feature","id":1071,"geometry":{"type":"Point","coordinates":[-128.648,47.887500000000003]},"properties":{"FID":1071,"Fullname":"ODP 168-1025-A","Leg":"168","Hole":"1025A"}},{"type":"Feature","id":1072,"geometry":{"type":"Point","coordinates":[-128.65000000000001,47.883299999999991]},"properties":{"FID":1072,"Fullname":"ODP 168-1025-B","Leg":"168","Hole":"1025B"}},{"type":"Feature","id":1073,"geometry":{"type":"Point","coordinates":[-128.648,47.887500000000003]},"properties":{"FID":1073,"Fullname":"ODP 168-1025-C","Leg":"168","Hole":"1025C"}},{"type":"Feature","id":1074,"geometry":{"type":"Point","coordinates":[-127.759,47.762600000000013]},"properties":{"FID":1074,"Fullname":"ODP 168-1026-A","Leg":"168","Hole":"1026A"}},{"type":"Feature","id":1075,"geometry":{"type":"Point","coordinates":[-127.759,47.762700000000002]},"properties":{"FID":1075,"Fullname":"ODP 168-1026-B","Leg":"168","Hole":"1026B"}},{"type":"Feature","id":1076,"geometry":{"type":"Point","coordinates":[-127.753,47.771000000000001]},"properties":{"FID":1076,"Fullname":"ODP 168-1026-C","Leg":"168","Hole":"1026C"}},{"type":"Feature","id":1077,"geometry":{"type":"Point","coordinates":[-127.73,47.756900000000009]},"properties":{"FID":1077,"Fullname":"ODP 168-1027-A","Leg":"168","Hole":"1027A"}},{"type":"Feature","id":1078,"geometry":{"type":"Point","coordinates":[-127.73,47.756900000000009]},"properties":{"FID":1078,"Fullname":"ODP 168-1027-B","Leg":"168","Hole":"1027B"}},{"type":"Feature","id":1079,"geometry":{"type":"Point","coordinates":[-127.73099999999999,47.756500000000003]},"properties":{"FID":1079,"Fullname":"ODP 168-1027-C","Leg":"168","Hole":"1027C"}},{"type":"Feature","id":1080,"geometry":{"type":"Point","coordinates":[-128.50399999999999,47.857999999999997]},"properties":{"FID":1080,"Fullname":"ODP 168-1028-A","Leg":"168","Hole":"1028A"}},{"type":"Feature","id":1081,"geometry":{"type":"Point","coordinates":[-128.376,47.831699999999998]},"properties":{"FID":1081,"Fullname":"ODP 168-1029-A","Leg":"168","Hole":"1029A"}},{"type":"Feature","id":1082,"geometry":{"type":"Point","coordinates":[-128.56100000000001,47.897499999999987]},"properties":{"FID":1082,"Fullname":"ODP 168-1030-A","Leg":"168","Hole":"1030A"}},{"type":"Feature","id":1083,"geometry":{"type":"Point","coordinates":[-128.56100000000001,47.897499999999987]},"properties":{"FID":1083,"Fullname":"ODP 168-1030-B","Leg":"168","Hole":"1030B"}},{"type":"Feature","id":1084,"geometry":{"type":"Point","coordinates":[-128.566,47.890000000000001]},"properties":{"FID":1084,"Fullname":"ODP 168-1031-A","Leg":"168","Hole":"1031A"}},{"type":"Feature","id":1085,"geometry":{"type":"Point","coordinates":[-128.12200000000001,47.779600000000002]},"properties":{"FID":1085,"Fullname":"ODP 168-1032-A","Leg":"168","Hole":"1032A"}},{"type":"Feature","id":1086,"geometry":{"type":"Point","coordinates":[-123.5034,48.590600000000002]},"properties":{"FID":1086,"Fullname":"ODP 169-1033-A","Leg":"169","Hole":"1033A"}},{"type":"Feature","id":1087,"geometry":{"type":"Point","coordinates":[-123.5033,48.590700000000012]},"properties":{"FID":1087,"Fullname":"ODP 169-1033-B","Leg":"169","Hole":"1033B"}},{"type":"Feature","id":1088,"geometry":{"type":"Point","coordinates":[-123.5033,48.590700000000012]},"properties":{"FID":1088,"Fullname":"ODP 169-1033-C","Leg":"169","Hole":"1033C"}},{"type":"Feature","id":1089,"geometry":{"type":"Point","coordinates":[-123.5033,48.590600000000002]},"properties":{"FID":1089,"Fullname":"ODP 169-1033-D","Leg":"169","Hole":"1033D"}},{"type":"Feature","id":1090,"geometry":{"type":"Point","coordinates":[-123.5,48.633299999999998]},"properties":{"FID":1090,"Fullname":"ODP 169-1034-A","Leg":"169","Hole":"1034A"}},{"type":"Feature","id":1091,"geometry":{"type":"Point","coordinates":[-123.5,48.633299999999998]},"properties":{"FID":1091,"Fullname":"ODP 169-1034-B","Leg":"169","Hole":"1034B"}},{"type":"Feature","id":1092,"geometry":{"type":"Point","coordinates":[-123.5,48.633400000000002]},"properties":{"FID":1092,"Fullname":"ODP 169-1034-C","Leg":"169","Hole":"1034C"}},{"type":"Feature","id":1093,"geometry":{"type":"Point","coordinates":[-123.5,48.633299999999998]},"properties":{"FID":1093,"Fullname":"ODP 169-1034-D","Leg":"169","Hole":"1034D"}},{"type":"Feature","id":1094,"geometry":{"type":"Point","coordinates":[-123.4999,48.633299999999998]},"properties":{"FID":1094,"Fullname":"ODP 169-1034-E","Leg":"169","Hole":"1034E"}},{"type":"Feature","id":1095,"geometry":{"type":"Point","coordinates":[-128.68199999999999,48.433700000000002]},"properties":{"FID":1095,"Fullname":"ODP 169-1035-A","Leg":"169","Hole":"1035A"}},{"type":"Feature","id":1096,"geometry":{"type":"Point","coordinates":[-128.68100000000001,48.433199999999999]},"properties":{"FID":1096,"Fullname":"ODP 169-1035-B","Leg":"169","Hole":"1035B"}},{"type":"Feature","id":1097,"geometry":{"type":"Point","coordinates":[-128.68100000000001,48.433199999999999]},"properties":{"FID":1097,"Fullname":"ODP 169-1035-C","Leg":"169","Hole":"1035C"}},{"type":"Feature","id":1098,"geometry":{"type":"Point","coordinates":[-128.68000000000001,48.433700000000002]},"properties":{"FID":1098,"Fullname":"ODP 169-1035-D","Leg":"169","Hole":"1035D"}},{"type":"Feature","id":1099,"geometry":{"type":"Point","coordinates":[-128.68090000000001,48.4328]},"properties":{"FID":1099,"Fullname":"ODP 169-1035-E","Leg":"169","Hole":"1035E"}},{"type":"Feature","id":1100,"geometry":{"type":"Point","coordinates":[-128.68100000000001,48.433100000000003]},"properties":{"FID":1100,"Fullname":"ODP 169-1035-F","Leg":"169","Hole":"1035F"}},{"type":"Feature","id":1101,"geometry":{"type":"Point","coordinates":[-128.68190000000001,48.433700000000002]},"properties":{"FID":1101,"Fullname":"ODP 169-1035-G","Leg":"169","Hole":"1035G"}},{"type":"Feature","id":1102,"geometry":{"type":"Point","coordinates":[-128.68190000000001,48.430500000000002]},"properties":{"FID":1102,"Fullname":"ODP 169-1035-H","Leg":"169","Hole":"1035H"}},{"type":"Feature","id":1103,"geometry":{"type":"Point","coordinates":[-128.7097,48.456200000000003]},"properties":{"FID":1103,"Fullname":"ODP 169-1036-A","Leg":"169","Hole":"1036A"}},{"type":"Feature","id":1104,"geometry":{"type":"Point","coordinates":[-128.71010000000001,48.456400000000002]},"properties":{"FID":1104,"Fullname":"ODP 169-1036-B","Leg":"169","Hole":"1036B"}},{"type":"Feature","id":1105,"geometry":{"type":"Point","coordinates":[-128.7105,48.456600000000002]},"properties":{"FID":1105,"Fullname":"ODP 169-1036-C","Leg":"169","Hole":"1036C"}},{"type":"Feature","id":1106,"geometry":{"type":"Point","coordinates":[-127.51519999999999,40.954900000000002]},"properties":{"FID":1106,"Fullname":"ODP 169-1037-A","Leg":"169","Hole":"1037A"}},{"type":"Feature","id":1107,"geometry":{"type":"Point","coordinates":[-127.515,40.954999999999998]},"properties":{"FID":1107,"Fullname":"ODP 169-1037-B","Leg":"169","Hole":"1037B"}},{"type":"Feature","id":1108,"geometry":{"type":"Point","coordinates":[-127.4943,41.000300000000003]},"properties":{"FID":1108,"Fullname":"ODP 169-1038-A","Leg":"169","Hole":"1038A"}},{"type":"Feature","id":1109,"geometry":{"type":"Point","coordinates":[-127.4978,41.000399999999999]},"properties":{"FID":1109,"Fullname":"ODP 169-1038-B","Leg":"169","Hole":"1038B"}},{"type":"Feature","id":1110,"geometry":{"type":"Point","coordinates":[-127.49339999999999,41.003]},"properties":{"FID":1110,"Fullname":"ODP 169-1038-C","Leg":"169","Hole":"1038C"}},{"type":"Feature","id":1111,"geometry":{"type":"Point","coordinates":[-127.4936,41.002400000000002]},"properties":{"FID":1111,"Fullname":"ODP 169-1038-D","Leg":"169","Hole":"1038D"}},{"type":"Feature","id":1112,"geometry":{"type":"Point","coordinates":[-127.4941,41]},"properties":{"FID":1112,"Fullname":"ODP 169-1038-E","Leg":"169","Hole":"1038E"}},{"type":"Feature","id":1113,"geometry":{"type":"Point","coordinates":[-127.4881,40.9955]},"properties":{"FID":1113,"Fullname":"ODP 169-1038-F","Leg":"169","Hole":"1038F"}},{"type":"Feature","id":1114,"geometry":{"type":"Point","coordinates":[-127.4881,40.995399999999997]},"properties":{"FID":1114,"Fullname":"ODP 169-1038-G","Leg":"169","Hole":"1038G"}},{"type":"Feature","id":1115,"geometry":{"type":"Point","coordinates":[-127.49420000000001,41.000100000000003]},"properties":{"FID":1115,"Fullname":"ODP 169-1038-H","Leg":"169","Hole":"1038H"}},{"type":"Feature","id":1116,"geometry":{"type":"Point","coordinates":[-127.4927,40.998100000000001]},"properties":{"FID":1116,"Fullname":"ODP 169-1038-I","Leg":"169","Hole":"1038I"}},{"type":"Feature","id":1117,"geometry":{"type":"Point","coordinates":[-128.68100000000001,48.433700000000002]},"properties":{"FID":1117,"Fullname":"ODP 169-856-H","Leg":"169","Hole":"856H"}},{"type":"Feature","id":1118,"geometry":{"type":"Point","coordinates":[-128.71080000000001,48.442]},"properties":{"FID":1118,"Fullname":"ODP 169-857-D","Leg":"169","Hole":"857D"}},{"type":"Feature","id":1119,"geometry":{"type":"Point","coordinates":[-128.7088,48.456000000000003]},"properties":{"FID":1119,"Fullname":"ODP 169-858-G","Leg":"169","Hole":"858G"}},{"type":"Feature","id":1120,"geometry":{"type":"Point","coordinates":[-86.200100000000006,9.6399000000000008]},"properties":{"FID":1120,"Fullname":"ODP 170-1039-A","Leg":"170","Hole":"1039A"}},{"type":"Feature","id":1121,"geometry":{"type":"Point","coordinates":[-86.200000000000003,9.6400000000000006]},"properties":{"FID":1121,"Fullname":"ODP 170-1039-B","Leg":"170","Hole":"1039B"}},{"type":"Feature","id":1122,"geometry":{"type":"Point","coordinates":[-86.200000000000003,9.6396999999999995]},"properties":{"FID":1122,"Fullname":"ODP 170-1039-C","Leg":"170","Hole":"1039C"}},{"type":"Feature","id":1123,"geometry":{"type":"Point","coordinates":[-86.200000000000003,9.6395]},"properties":{"FID":1123,"Fullname":"ODP 170-1039-D","Leg":"170","Hole":"1039D"}},{"type":"Feature","id":1124,"geometry":{"type":"Point","coordinates":[-86.179100000000005,9.6616999999999997]},"properties":{"FID":1124,"Fullname":"ODP 170-1040-A","Leg":"170","Hole":"1040A"}},{"type":"Feature","id":1125,"geometry":{"type":"Point","coordinates":[-86.179100000000005,9.6616999999999997]},"properties":{"FID":1125,"Fullname":"ODP 170-1040-B","Leg":"170","Hole":"1040B"}},{"type":"Feature","id":1126,"geometry":{"type":"Point","coordinates":[-86.178899999999999,9.6616]},"properties":{"FID":1126,"Fullname":"ODP 170-1040-C","Leg":"170","Hole":"1040C"}},{"type":"Feature","id":1127,"geometry":{"type":"Point","coordinates":[-86.179299999999998,9.6618999999999993]},"properties":{"FID":1127,"Fullname":"ODP 170-1040-D","Leg":"170","Hole":"1040D"}},{"type":"Feature","id":1128,"geometry":{"type":"Point","coordinates":[-86.179199999999994,9.6621000000000006]},"properties":{"FID":1128,"Fullname":"ODP 170-1040-E","Leg":"170","Hole":"1040E"}},{"type":"Feature","id":1129,"geometry":{"type":"Point","coordinates":[-86.116500000000002,9.7337000000000007]},"properties":{"FID":1129,"Fullname":"ODP 170-1041-A","Leg":"170","Hole":"1041A"}},{"type":"Feature","id":1130,"geometry":{"type":"Point","coordinates":[-86.116299999999995,9.7337000000000007]},"properties":{"FID":1130,"Fullname":"ODP 170-1041-B","Leg":"170","Hole":"1041B"}},{"type":"Feature","id":1131,"geometry":{"type":"Point","coordinates":[-86.115700000000004,9.7331000000000003]},"properties":{"FID":1131,"Fullname":"ODP 170-1041-C","Leg":"170","Hole":"1041C"}},{"type":"Feature","id":1132,"geometry":{"type":"Point","coordinates":[-86.1126,9.6557999999999993]},"properties":{"FID":1132,"Fullname":"ODP 170-1042-A","Leg":"170","Hole":"1042A"}},{"type":"Feature","id":1133,"geometry":{"type":"Point","coordinates":[-86.112300000000005,9.6555]},"properties":{"FID":1133,"Fullname":"ODP 170-1042-B","Leg":"170","Hole":"1042B"}},{"type":"Feature","id":1134,"geometry":{"type":"Point","coordinates":[-86.111999999999995,9.6552000000000007]},"properties":{"FID":1134,"Fullname":"ODP 170-1042-C","Leg":"170","Hole":"1042C"}},{"type":"Feature","id":1135,"geometry":{"type":"Point","coordinates":[-86.186000000000007,9.6545000000000005]},"properties":{"FID":1135,"Fullname":"ODP 170-1043-A","Leg":"170","Hole":"1043A"}},{"type":"Feature","id":1136,"geometry":{"type":"Point","coordinates":[-86.185699999999997,9.6542999999999992]},"properties":{"FID":1136,"Fullname":"ODP 170-1043-B","Leg":"170","Hole":"1043B"}},{"type":"Feature","id":1137,"geometry":{"type":"Point","coordinates":[-58.641300000000001,15.539899999999999]},"properties":{"FID":1137,"Fullname":"ODP 171-1044-A","Leg":"171","Hole":"1044A"}},{"type":"Feature","id":1138,"geometry":{"type":"Point","coordinates":[-58.723700000000001,15.5373]},"properties":{"FID":1138,"Fullname":"ODP 171-1045-A","Leg":"171","Hole":"1045A"}},{"type":"Feature","id":1139,"geometry":{"type":"Point","coordinates":[-58.714299999999987,15.5365]},"properties":{"FID":1139,"Fullname":"ODP 171-1046-A","Leg":"171","Hole":"1046A"}},{"type":"Feature","id":1140,"geometry":{"type":"Point","coordinates":[-58.703200000000002,15.5306]},"properties":{"FID":1140,"Fullname":"ODP 171-1047-A","Leg":"171","Hole":"1047A"}},{"type":"Feature","id":1141,"geometry":{"type":"Point","coordinates":[-58.676299999999998,15.533799999999999]},"properties":{"FID":1141,"Fullname":"ODP 171-1048-A","Leg":"171","Hole":"1048A"}},{"type":"Feature","id":1142,"geometry":{"type":"Point","coordinates":[-76.112200000000001,30.142399999999999]},"properties":{"FID":1142,"Fullname":"ODP 171-1049-A","Leg":"171","Hole":"1049A"}},{"type":"Feature","id":1143,"geometry":{"type":"Point","coordinates":[-76.112099999999998,30.142399999999999]},"properties":{"FID":1143,"Fullname":"ODP 171-1049-B","Leg":"171","Hole":"1049B"}},{"type":"Feature","id":1144,"geometry":{"type":"Point","coordinates":[-76.112099999999998,30.142299999999999]},"properties":{"FID":1144,"Fullname":"ODP 171-1049-C","Leg":"171","Hole":"1049C"}},{"type":"Feature","id":1145,"geometry":{"type":"Point","coordinates":[-76.234999999999999,30.100000000000001]},"properties":{"FID":1145,"Fullname":"ODP 171-1050-A","Leg":"171","Hole":"1050A"}},{"type":"Feature","id":1146,"geometry":{"type":"Point","coordinates":[-76.234899999999996,30.100000000000001]},"properties":{"FID":1146,"Fullname":"ODP 171-1050-B","Leg":"171","Hole":"1050B"}},{"type":"Feature","id":1147,"geometry":{"type":"Point","coordinates":[-76.234999999999999,30.099900000000002]},"properties":{"FID":1147,"Fullname":"ODP 171-1050-C","Leg":"171","Hole":"1050C"}},{"type":"Feature","id":1148,"geometry":{"type":"Point","coordinates":[-76.357600000000005,30.052900000000001]},"properties":{"FID":1148,"Fullname":"ODP 171-1051-A","Leg":"171","Hole":"1051A"}},{"type":"Feature","id":1149,"geometry":{"type":"Point","coordinates":[-76.357799999999997,30.053100000000001]},"properties":{"FID":1149,"Fullname":"ODP 171-1051-B","Leg":"171","Hole":"1051B"}},{"type":"Feature","id":1150,"geometry":{"type":"Point","coordinates":[-76.626599999999996,29.951499999999999]},"properties":{"FID":1150,"Fullname":"ODP 171-1052-A","Leg":"171","Hole":"1052A"}},{"type":"Feature","id":1151,"geometry":{"type":"Point","coordinates":[-76.626800000000003,29.9513]},"properties":{"FID":1151,"Fullname":"ODP 171-1052-B","Leg":"171","Hole":"1052B"}},{"type":"Feature","id":1152,"geometry":{"type":"Point","coordinates":[-76.626800000000003,29.9513]},"properties":{"FID":1152,"Fullname":"ODP 171-1052-C","Leg":"171","Hole":"1052C"}},{"type":"Feature","id":1153,"geometry":{"type":"Point","coordinates":[-76.626900000000006,29.9513]},"properties":{"FID":1153,"Fullname":"ODP 171-1052-D","Leg":"171","Hole":"1052D"}},{"type":"Feature","id":1154,"geometry":{"type":"Point","coordinates":[-76.626800000000003,29.9513]},"properties":{"FID":1154,"Fullname":"ODP 171-1052-E","Leg":"171","Hole":"1052E"}},{"type":"Feature","id":1155,"geometry":{"type":"Point","coordinates":[-76.626800000000003,29.9513]},"properties":{"FID":1155,"Fullname":"ODP 171-1052-F","Leg":"171","Hole":"1052F"}},{"type":"Feature","id":1156,"geometry":{"type":"Point","coordinates":[-76.523600000000002,29.9923]},"properties":{"FID":1156,"Fullname":"ODP 171-1053-A","Leg":"171","Hole":"1053A"}},{"type":"Feature","id":1157,"geometry":{"type":"Point","coordinates":[-76.523600000000002,29.9923]},"properties":{"FID":1157,"Fullname":"ODP 171-1053-B","Leg":"171","Hole":"1053B"}},{"type":"Feature","id":1158,"geometry":{"type":"Point","coordinates":[-76.283299999999997,33]},"properties":{"FID":1158,"Fullname":"ODP 172-1054-A","Leg":"172","Hole":"1054A"}},{"type":"Feature","id":1159,"geometry":{"type":"Point","coordinates":[-76.283299999999997,32.999699999999997]},"properties":{"FID":1159,"Fullname":"ODP 172-1054-B","Leg":"172","Hole":"1054B"}},{"type":"Feature","id":1160,"geometry":{"type":"Point","coordinates":[-76.283299999999997,32.999499999999998]},"properties":{"FID":1160,"Fullname":"ODP 172-1054-C","Leg":"172","Hole":"1054C"}},{"type":"Feature","id":1161,"geometry":{"type":"Point","coordinates":[-76.286199999999994,32.783999999999999]},"properties":{"FID":1161,"Fullname":"ODP 172-1055-A","Leg":"172","Hole":"1055A"}},{"type":"Feature","id":1162,"geometry":{"type":"Point","coordinates":[-76.286299999999997,32.783999999999999]},"properties":{"FID":1162,"Fullname":"ODP 172-1055-B","Leg":"172","Hole":"1055B"}},{"type":"Feature","id":1163,"geometry":{"type":"Point","coordinates":[-76.286299999999997,32.784300000000002]},"properties":{"FID":1163,"Fullname":"ODP 172-1055-C","Leg":"172","Hole":"1055C"}},{"type":"Feature","id":1164,"geometry":{"type":"Point","coordinates":[-76.286299999999997,32.784500000000001]},"properties":{"FID":1164,"Fullname":"ODP 172-1055-D","Leg":"172","Hole":"1055D"}},{"type":"Feature","id":1165,"geometry":{"type":"Point","coordinates":[-76.286299999999997,32.7849]},"properties":{"FID":1165,"Fullname":"ODP 172-1055-E","Leg":"172","Hole":"1055E"}},{"type":"Feature","id":1166,"geometry":{"type":"Point","coordinates":[-76.329999999999998,32.484999999999999]},"properties":{"FID":1166,"Fullname":"ODP 172-1056-A","Leg":"172","Hole":"1056A"}},{"type":"Feature","id":1167,"geometry":{"type":"Point","coordinates":[-76.329999999999998,32.484999999999999]},"properties":{"FID":1167,"Fullname":"ODP 172-1056-B","Leg":"172","Hole":"1056B"}},{"type":"Feature","id":1168,"geometry":{"type":"Point","coordinates":[-76.330200000000005,32.485199999999999]},"properties":{"FID":1168,"Fullname":"ODP 172-1056-C","Leg":"172","Hole":"1056C"}},{"type":"Feature","id":1169,"geometry":{"type":"Point","coordinates":[-76.330399999999997,32.485399999999998]},"properties":{"FID":1169,"Fullname":"ODP 172-1056-D","Leg":"172","Hole":"1056D"}},{"type":"Feature","id":1170,"geometry":{"type":"Point","coordinates":[-76.0792,32.029200000000003]},"properties":{"FID":1170,"Fullname":"ODP 172-1057-A","Leg":"172","Hole":"1057A"}},{"type":"Feature","id":1171,"geometry":{"type":"Point","coordinates":[-76.0792,32.0289]},"properties":{"FID":1171,"Fullname":"ODP 172-1057-B","Leg":"172","Hole":"1057B"}},{"type":"Feature","id":1172,"geometry":{"type":"Point","coordinates":[-76.0792,32.028599999999997]},"properties":{"FID":1172,"Fullname":"ODP 172-1057-C","Leg":"172","Hole":"1057C"}},{"type":"Feature","id":1173,"geometry":{"type":"Point","coordinates":[-75.430099999999996,31.690300000000001]},"properties":{"FID":1173,"Fullname":"ODP 172-1058-A","Leg":"172","Hole":"1058A"}},{"type":"Feature","id":1174,"geometry":{"type":"Point","coordinates":[-75.430099999999996,31.690000000000008]},"properties":{"FID":1174,"Fullname":"ODP 172-1058-B","Leg":"172","Hole":"1058B"}},{"type":"Feature","id":1175,"geometry":{"type":"Point","coordinates":[-75.430000000000007,31.689800000000002]},"properties":{"FID":1175,"Fullname":"ODP 172-1058-C","Leg":"172","Hole":"1058C"}},{"type":"Feature","id":1176,"geometry":{"type":"Point","coordinates":[-75.418800000000005,31.674399999999999]},"properties":{"FID":1176,"Fullname":"ODP 172-1059-A","Leg":"172","Hole":"1059A"}},{"type":"Feature","id":1177,"geometry":{"type":"Point","coordinates":[-75.418499999999995,31.674199999999999]},"properties":{"FID":1177,"Fullname":"ODP 172-1059-B","Leg":"172","Hole":"1059B"}},{"type":"Feature","id":1178,"geometry":{"type":"Point","coordinates":[-75.418300000000002,31.673999999999999]},"properties":{"FID":1178,"Fullname":"ODP 172-1059-C","Leg":"172","Hole":"1059C"}},{"type":"Feature","id":1179,"geometry":{"type":"Point","coordinates":[-74.466499999999996,30.760000000000002]},"properties":{"FID":1179,"Fullname":"ODP 172-1060-A","Leg":"172","Hole":"1060A"}},{"type":"Feature","id":1180,"geometry":{"type":"Point","coordinates":[-74.466499999999996,30.759799999999998]},"properties":{"FID":1180,"Fullname":"ODP 172-1060-B","Leg":"172","Hole":"1060B"}},{"type":"Feature","id":1181,"geometry":{"type":"Point","coordinates":[-74.466499999999996,30.759499999999999]},"properties":{"FID":1181,"Fullname":"ODP 172-1060-C","Leg":"172","Hole":"1060C"}},{"type":"Feature","id":1182,"geometry":{"type":"Point","coordinates":[-73.599900000000005,29.975000000000001]},"properties":{"FID":1182,"Fullname":"ODP 172-1061-A","Leg":"172","Hole":"1061A"}},{"type":"Feature","id":1183,"geometry":{"type":"Point","coordinates":[-73.599900000000005,29.975300000000001]},"properties":{"FID":1183,"Fullname":"ODP 172-1061-B","Leg":"172","Hole":"1061B"}},{"type":"Feature","id":1184,"geometry":{"type":"Point","coordinates":[-73.599900000000005,29.975300000000001]},"properties":{"FID":1184,"Fullname":"ODP 172-1061-C","Leg":"172","Hole":"1061C"}},{"type":"Feature","id":1185,"geometry":{"type":"Point","coordinates":[-73.599800000000002,29.9755]},"properties":{"FID":1185,"Fullname":"ODP 172-1061-D","Leg":"172","Hole":"1061D"}},{"type":"Feature","id":1186,"geometry":{"type":"Point","coordinates":[-73.599900000000005,29.975899999999999]},"properties":{"FID":1186,"Fullname":"ODP 172-1061-E","Leg":"172","Hole":"1061E"}},{"type":"Feature","id":1187,"geometry":{"type":"Point","coordinates":[-74.406999999999996,28.246400000000001]},"properties":{"FID":1187,"Fullname":"ODP 172-1062-A","Leg":"172","Hole":"1062A"}},{"type":"Feature","id":1188,"geometry":{"type":"Point","coordinates":[-74.406999999999996,28.246500000000001]},"properties":{"FID":1188,"Fullname":"ODP 172-1062-B","Leg":"172","Hole":"1062B"}},{"type":"Feature","id":1189,"geometry":{"type":"Point","coordinates":[-74.406899999999993,28.246600000000001]},"properties":{"FID":1189,"Fullname":"ODP 172-1062-C","Leg":"172","Hole":"1062C"}},{"type":"Feature","id":1190,"geometry":{"type":"Point","coordinates":[-74.406899999999993,28.246300000000002]},"properties":{"FID":1190,"Fullname":"ODP 172-1062-D","Leg":"172","Hole":"1062D"}},{"type":"Feature","id":1191,"geometry":{"type":"Point","coordinates":[-74.417599999999993,28.246099999999998]},"properties":{"FID":1191,"Fullname":"ODP 172-1062-E","Leg":"172","Hole":"1062E"}},{"type":"Feature","id":1192,"geometry":{"type":"Point","coordinates":[-74.417699999999996,28.246200000000002]},"properties":{"FID":1192,"Fullname":"ODP 172-1062-F","Leg":"172","Hole":"1062F"}},{"type":"Feature","id":1193,"geometry":{"type":"Point","coordinates":[-74.410399999999996,28.245899999999999]},"properties":{"FID":1193,"Fullname":"ODP 172-1062-G","Leg":"172","Hole":"1062G"}},{"type":"Feature","id":1194,"geometry":{"type":"Point","coordinates":[-74.410300000000007,28.245899999999999]},"properties":{"FID":1194,"Fullname":"ODP 172-1062-H","Leg":"172","Hole":"1062H"}},{"type":"Feature","id":1195,"geometry":{"type":"Point","coordinates":[-57.615000000000002,33.686700000000002]},"properties":{"FID":1195,"Fullname":"ODP 172-1063-A","Leg":"172","Hole":"1063A"}},{"type":"Feature","id":1196,"geometry":{"type":"Point","coordinates":[-57.615000000000002,33.686500000000002]},"properties":{"FID":1196,"Fullname":"ODP 172-1063-B","Leg":"172","Hole":"1063B"}},{"type":"Feature","id":1197,"geometry":{"type":"Point","coordinates":[-57.615099999999998,33.686399999999999]},"properties":{"FID":1197,"Fullname":"ODP 172-1063-C","Leg":"172","Hole":"1063C"}},{"type":"Feature","id":1198,"geometry":{"type":"Point","coordinates":[-57.615099999999998,33.686199999999999]},"properties":{"FID":1198,"Fullname":"ODP 172-1063-D","Leg":"172","Hole":"1063D"}},{"type":"Feature","id":1199,"geometry":{"type":"Point","coordinates":[-57.076500000000003,32.545299999999997]},"properties":{"FID":1199,"Fullname":"ODP 172-1064-A","Leg":"172","Hole":"1064A"}},{"type":"Feature","id":1200,"geometry":{"type":"Point","coordinates":[-11.295400000000001,40.7241]},"properties":{"FID":1200,"Fullname":"ODP 173-1065-A","Leg":"173","Hole":"1065A"}},{"type":"Feature","id":1201,"geometry":{"type":"Point","coordinates":[-11.5871,40.682499999999997]},"properties":{"FID":1201,"Fullname":"ODP 173-1066-A","Leg":"173","Hole":"1066A"}},{"type":"Feature","id":1202,"geometry":{"type":"Point","coordinates":[-11.595800000000001,40.682499999999997]},"properties":{"FID":1202,"Fullname":"ODP 173-1067-A","Leg":"173","Hole":"1067A"}},{"type":"Feature","id":1203,"geometry":{"type":"Point","coordinates":[-11.612,40.682600000000001]},"properties":{"FID":1203,"Fullname":"ODP 173-1068-A","Leg":"173","Hole":"1068A"}},{"type":"Feature","id":1204,"geometry":{"type":"Point","coordinates":[-11.777200000000001,40.726900000000001]},"properties":{"FID":1204,"Fullname":"ODP 173-1069-A","Leg":"173","Hole":"1069A"}},{"type":"Feature","id":1205,"geometry":{"type":"Point","coordinates":[-12.723800000000001,40.796300000000002]},"properties":{"FID":1205,"Fullname":"ODP 173-1070-A","Leg":"173","Hole":"1070A"}},{"type":"Feature","id":1206,"geometry":{"type":"Point","coordinates":[-72.728099999999998,39.382399999999997]},"properties":{"FID":1206,"Fullname":"ODP 174-1071-A","Leg":"174","Hole":"1071A"}},{"type":"Feature","id":1207,"geometry":{"type":"Point","coordinates":[-72.727999999999994,39.3825]},"properties":{"FID":1207,"Fullname":"ODP 174-1071-B","Leg":"174","Hole":"1071B"}},{"type":"Feature","id":1208,"geometry":{"type":"Point","coordinates":[-72.728099999999998,39.3825]},"properties":{"FID":1208,"Fullname":"ODP 174-1071-C","Leg":"174","Hole":"1071C"}},{"type":"Feature","id":1209,"geometry":{"type":"Point","coordinates":[-72.728099999999998,39.382399999999997]},"properties":{"FID":1209,"Fullname":"ODP 174-1071-D","Leg":"174","Hole":"1071D"}},{"type":"Feature","id":1210,"geometry":{"type":"Point","coordinates":[-72.728099999999998,39.382399999999997]},"properties":{"FID":1210,"Fullname":"ODP 174-1071-E","Leg":"174","Hole":"1071E"}},{"type":"Feature","id":1211,"geometry":{"type":"Point","coordinates":[-72.715699999999998,39.382199999999997]},"properties":{"FID":1211,"Fullname":"ODP 174-1071-F","Leg":"174","Hole":"1071F"}},{"type":"Feature","id":1212,"geometry":{"type":"Point","coordinates":[-72.715599999999995,39.382300000000001]},"properties":{"FID":1212,"Fullname":"ODP 174-1071-G","Leg":"174","Hole":"1071G"}},{"type":"Feature","id":1213,"geometry":{"type":"Point","coordinates":[-72.694599999999994,39.365600000000001]},"properties":{"FID":1213,"Fullname":"ODP 174-1072-A","Leg":"174","Hole":"1072A"}},{"type":"Feature","id":1214,"geometry":{"type":"Point","coordinates":[-72.694400000000002,39.365499999999997]},"properties":{"FID":1214,"Fullname":"ODP 174-1072-B","Leg":"174","Hole":"1072B"}},{"type":"Feature","id":1215,"geometry":{"type":"Point","coordinates":[-72.694100000000006,39.365299999999998]},"properties":{"FID":1215,"Fullname":"ODP 174-1072-C","Leg":"174","Hole":"1072C"}},{"type":"Feature","id":1216,"geometry":{"type":"Point","coordinates":[-72.694199999999995,39.365400000000001]},"properties":{"FID":1216,"Fullname":"ODP 174-1072-D","Leg":"174","Hole":"1072D"}},{"type":"Feature","id":1217,"geometry":{"type":"Point","coordinates":[-72.275800000000004,39.2254]},"properties":{"FID":1217,"Fullname":"ODP 174-1073-A","Leg":"174","Hole":"1073A"}},{"type":"Feature","id":1218,"geometry":{"type":"Point","coordinates":[-46.112299999999991,22.7805]},"properties":{"FID":1218,"Fullname":"ODP 174-1074-A","Leg":"174","Hole":"1074A"}},{"type":"Feature","id":1219,"geometry":{"type":"Point","coordinates":[10.074999999999999,-4.7853000000000003]},"properties":{"FID":1219,"Fullname":"ODP 175-1075-A","Leg":"175","Hole":"1075A"}},{"type":"Feature","id":1220,"geometry":{"type":"Point","coordinates":[10.074999999999999,-4.7853000000000003]},"properties":{"FID":1220,"Fullname":"ODP 175-1075-B","Leg":"175","Hole":"1075B"}},{"type":"Feature","id":1221,"geometry":{"type":"Point","coordinates":[10.075200000000001,-4.7853000000000003]},"properties":{"FID":1221,"Fullname":"ODP 175-1075-C","Leg":"175","Hole":"1075C"}},{"type":"Feature","id":1222,"geometry":{"type":"Point","coordinates":[11.1015,-5.0689000000000002]},"properties":{"FID":1222,"Fullname":"ODP 175-1076-A","Leg":"175","Hole":"1076A"}},{"type":"Feature","id":1223,"geometry":{"type":"Point","coordinates":[11.1015,-5.0689000000000002]},"properties":{"FID":1223,"Fullname":"ODP 175-1076-B","Leg":"175","Hole":"1076B"}},{"type":"Feature","id":1224,"geometry":{"type":"Point","coordinates":[11.101800000000001,-5.0689000000000002]},"properties":{"FID":1224,"Fullname":"ODP 175-1076-C","Leg":"175","Hole":"1076C"}},{"type":"Feature","id":1225,"geometry":{"type":"Point","coordinates":[11.101900000000001,-5.0689000000000002]},"properties":{"FID":1225,"Fullname":"ODP 175-1076-D","Leg":"175","Hole":"1076D"}},{"type":"Feature","id":1226,"geometry":{"type":"Point","coordinates":[10.4366,-5.1799999999999997]},"properties":{"FID":1226,"Fullname":"ODP 175-1077-A","Leg":"175","Hole":"1077A"}},{"type":"Feature","id":1227,"geometry":{"type":"Point","coordinates":[10.436400000000001,-5.1799999999999997]},"properties":{"FID":1227,"Fullname":"ODP 175-1077-B","Leg":"175","Hole":"1077B"}},{"type":"Feature","id":1228,"geometry":{"type":"Point","coordinates":[10.4361,-5.1799999999999997]},"properties":{"FID":1228,"Fullname":"ODP 175-1077-C","Leg":"175","Hole":"1077C"}},{"type":"Feature","id":1229,"geometry":{"type":"Point","coordinates":[13.4002,-11.920199999999999]},"properties":{"FID":1229,"Fullname":"ODP 175-1078-A","Leg":"175","Hole":"1078A"}},{"type":"Feature","id":1230,"geometry":{"type":"Point","coordinates":[13.4003,-11.920500000000001]},"properties":{"FID":1230,"Fullname":"ODP 175-1078-B","Leg":"175","Hole":"1078B"}},{"type":"Feature","id":1231,"geometry":{"type":"Point","coordinates":[13.4003,-11.9208]},"properties":{"FID":1231,"Fullname":"ODP 175-1078-C","Leg":"175","Hole":"1078C"}},{"type":"Feature","id":1232,"geometry":{"type":"Point","coordinates":[13.4003,-11.921099999999999]},"properties":{"FID":1232,"Fullname":"ODP 175-1078-D","Leg":"175","Hole":"1078D"}},{"type":"Feature","id":1233,"geometry":{"type":"Point","coordinates":[13.309100000000001,-11.929600000000001]},"properties":{"FID":1233,"Fullname":"ODP 175-1079-A","Leg":"175","Hole":"1079A"}},{"type":"Feature","id":1234,"geometry":{"type":"Point","coordinates":[13.308999999999999,-11.929500000000001]},"properties":{"FID":1234,"Fullname":"ODP 175-1079-B","Leg":"175","Hole":"1079B"}},{"type":"Feature","id":1235,"geometry":{"type":"Point","coordinates":[13.3094,-11.9299]},"properties":{"FID":1235,"Fullname":"ODP 175-1079-C","Leg":"175","Hole":"1079C"}},{"type":"Feature","id":1236,"geometry":{"type":"Point","coordinates":[10.8201,-16.559699999999999]},"properties":{"FID":1236,"Fullname":"ODP 175-1080-A","Leg":"175","Hole":"1080A"}},{"type":"Feature","id":1237,"geometry":{"type":"Point","coordinates":[10.8201,-16.559899999999999]},"properties":{"FID":1237,"Fullname":"ODP 175-1080-B","Leg":"175","Hole":"1080B"}},{"type":"Feature","id":1238,"geometry":{"type":"Point","coordinates":[11.3193,-19.619700000000002]},"properties":{"FID":1238,"Fullname":"ODP 175-1081-A","Leg":"175","Hole":"1081A"}},{"type":"Feature","id":1239,"geometry":{"type":"Point","coordinates":[11.3193,-19.620000000000001]},"properties":{"FID":1239,"Fullname":"ODP 175-1081-B","Leg":"175","Hole":"1081B"}},{"type":"Feature","id":1240,"geometry":{"type":"Point","coordinates":[11.3194,-19.620200000000001]},"properties":{"FID":1240,"Fullname":"ODP 175-1081-C","Leg":"175","Hole":"1081C"}},{"type":"Feature","id":1241,"geometry":{"type":"Point","coordinates":[11.820600000000001,-21.094000000000001]},"properties":{"FID":1241,"Fullname":"ODP 175-1082-A","Leg":"175","Hole":"1082A"}},{"type":"Feature","id":1242,"geometry":{"type":"Point","coordinates":[11.820499999999999,-21.094200000000001]},"properties":{"FID":1242,"Fullname":"ODP 175-1082-B","Leg":"175","Hole":"1082B"}},{"type":"Feature","id":1243,"geometry":{"type":"Point","coordinates":[11.820600000000001,-21.0945]},"properties":{"FID":1243,"Fullname":"ODP 175-1082-C","Leg":"175","Hole":"1082C"}},{"type":"Feature","id":1244,"geometry":{"type":"Point","coordinates":[11.2179,-20.8947]},"properties":{"FID":1244,"Fullname":"ODP 175-1083-A","Leg":"175","Hole":"1083A"}},{"type":"Feature","id":1245,"geometry":{"type":"Point","coordinates":[11.2179,-20.895]},"properties":{"FID":1245,"Fullname":"ODP 175-1083-B","Leg":"175","Hole":"1083B"}},{"type":"Feature","id":1246,"geometry":{"type":"Point","coordinates":[11.2179,-20.895199999999999]},"properties":{"FID":1246,"Fullname":"ODP 175-1083-C","Leg":"175","Hole":"1083C"}},{"type":"Feature","id":1247,"geometry":{"type":"Point","coordinates":[11.2179,-20.895199999999999]},"properties":{"FID":1247,"Fullname":"ODP 175-1083-D","Leg":"175","Hole":"1083D"}},{"type":"Feature","id":1248,"geometry":{"type":"Point","coordinates":[13.027799999999999,-25.5139]},"properties":{"FID":1248,"Fullname":"ODP 175-1084-A","Leg":"175","Hole":"1084A"}},{"type":"Feature","id":1249,"geometry":{"type":"Point","coordinates":[13.027799999999999,-25.5137]},"properties":{"FID":1249,"Fullname":"ODP 175-1084-B","Leg":"175","Hole":"1084B"}},{"type":"Feature","id":1250,"geometry":{"type":"Point","coordinates":[13.027799999999999,-25.513400000000001]},"properties":{"FID":1250,"Fullname":"ODP 175-1084-C","Leg":"175","Hole":"1084C"}},{"type":"Feature","id":1251,"geometry":{"type":"Point","coordinates":[13.9901,-29.374400000000001]},"properties":{"FID":1251,"Fullname":"ODP 175-1085-A","Leg":"175","Hole":"1085A"}},{"type":"Feature","id":1252,"geometry":{"type":"Point","coordinates":[13.989800000000001,-29.374400000000001]},"properties":{"FID":1252,"Fullname":"ODP 175-1085-B","Leg":"175","Hole":"1085B"}},{"type":"Feature","id":1253,"geometry":{"type":"Point","coordinates":[15.660399999999999,-31.552700000000009]},"properties":{"FID":1253,"Fullname":"ODP 175-1086-A","Leg":"175","Hole":"1086A"}},{"type":"Feature","id":1254,"geometry":{"type":"Point","coordinates":[15.6601,-31.552700000000009]},"properties":{"FID":1254,"Fullname":"ODP 175-1086-B","Leg":"175","Hole":"1086B"}},{"type":"Feature","id":1255,"geometry":{"type":"Point","coordinates":[15.3109,-31.464700000000001]},"properties":{"FID":1255,"Fullname":"ODP 175-1087-A","Leg":"175","Hole":"1087A"}},{"type":"Feature","id":1256,"geometry":{"type":"Point","coordinates":[15.3109,-31.465]},"properties":{"FID":1256,"Fullname":"ODP 175-1087-B","Leg":"175","Hole":"1087B"}},{"type":"Feature","id":1257,"geometry":{"type":"Point","coordinates":[15.3109,-31.465199999999999]},"properties":{"FID":1257,"Fullname":"ODP 175-1087-C","Leg":"175","Hole":"1087C"}},{"type":"Feature","id":1258,"geometry":{"type":"Point","coordinates":[15.3109,-31.465499999999999]},"properties":{"FID":1258,"Fullname":"ODP 175-1087-D","Leg":"175","Hole":"1087D"}},{"type":"Feature","id":1259,"geometry":{"type":"Point","coordinates":[57.265999999999998,-32.723199999999999]},"properties":{"FID":1259,"Fullname":"ODP 176-735-B","Leg":"176","Hole":"735B"}},{"type":"Feature","id":1260,"geometry":{"type":"Point","coordinates":[13.562799999999999,-41.136099999999999]},"properties":{"FID":1260,"Fullname":"ODP 177-1088-A","Leg":"177","Hole":"1088A"}},{"type":"Feature","id":1261,"geometry":{"type":"Point","coordinates":[13.562799999999999,-41.136099999999999]},"properties":{"FID":1261,"Fullname":"ODP 177-1088-B","Leg":"177","Hole":"1088B"}},{"type":"Feature","id":1262,"geometry":{"type":"Point","coordinates":[13.562900000000001,-41.136099999999999]},"properties":{"FID":1262,"Fullname":"ODP 177-1088-C","Leg":"177","Hole":"1088C"}},{"type":"Feature","id":1263,"geometry":{"type":"Point","coordinates":[9.8940999999999999,-40.936399999999999]},"properties":{"FID":1263,"Fullname":"ODP 177-1089-A","Leg":"177","Hole":"1089A"}},{"type":"Feature","id":1264,"geometry":{"type":"Point","coordinates":[9.8940999999999999,-40.936399999999999]},"properties":{"FID":1264,"Fullname":"ODP 177-1089-B","Leg":"177","Hole":"1089B"}},{"type":"Feature","id":1265,"geometry":{"type":"Point","coordinates":[9.8940000000000001,-40.936100000000003]},"properties":{"FID":1265,"Fullname":"ODP 177-1089-C","Leg":"177","Hole":"1089C"}},{"type":"Feature","id":1266,"geometry":{"type":"Point","coordinates":[9.8937000000000008,-40.936399999999999]},"properties":{"FID":1266,"Fullname":"ODP 177-1089-D","Leg":"177","Hole":"1089D"}},{"type":"Feature","id":1267,"geometry":{"type":"Point","coordinates":[8.8996999999999993,-42.913699999999999]},"properties":{"FID":1267,"Fullname":"ODP 177-1090-A","Leg":"177","Hole":"1090A"}},{"type":"Feature","id":1268,"geometry":{"type":"Point","coordinates":[8.8996999999999993,-42.913699999999999]},"properties":{"FID":1268,"Fullname":"ODP 177-1090-B","Leg":"177","Hole":"1090B"}},{"type":"Feature","id":1269,"geometry":{"type":"Point","coordinates":[8.8998000000000008,-42.913499999999999]},"properties":{"FID":1269,"Fullname":"ODP 177-1090-C","Leg":"177","Hole":"1090C"}},{"type":"Feature","id":1270,"geometry":{"type":"Point","coordinates":[8.9000000000000004,-42.913600000000002]},"properties":{"FID":1270,"Fullname":"ODP 177-1090-D","Leg":"177","Hole":"1090D"}},{"type":"Feature","id":1271,"geometry":{"type":"Point","coordinates":[8.8999000000000006,-42.913600000000002]},"properties":{"FID":1271,"Fullname":"ODP 177-1090-E","Leg":"177","Hole":"1090E"}},{"type":"Feature","id":1272,"geometry":{"type":"Point","coordinates":[5.9187000000000003,-47.094700000000003]},"properties":{"FID":1272,"Fullname":"ODP 177-1091-A","Leg":"177","Hole":"1091A"}},{"type":"Feature","id":1273,"geometry":{"type":"Point","coordinates":[5.9187000000000003,-47.094700000000003]},"properties":{"FID":1273,"Fullname":"ODP 177-1091-B","Leg":"177","Hole":"1091B"}},{"type":"Feature","id":1274,"geometry":{"type":"Point","coordinates":[5.9194000000000004,-47.094799999999992]},"properties":{"FID":1274,"Fullname":"ODP 177-1091-C","Leg":"177","Hole":"1091C"}},{"type":"Feature","id":1275,"geometry":{"type":"Point","coordinates":[5.9194000000000004,-47.094799999999992]},"properties":{"FID":1275,"Fullname":"ODP 177-1091-D","Leg":"177","Hole":"1091D"}},{"type":"Feature","id":1276,"geometry":{"type":"Point","coordinates":[5.9192,-47.094900000000003]},"properties":{"FID":1276,"Fullname":"ODP 177-1091-E","Leg":"177","Hole":"1091E"}},{"type":"Feature","id":1277,"geometry":{"type":"Point","coordinates":[7.0799000000000003,-46.411799999999999]},"properties":{"FID":1277,"Fullname":"ODP 177-1092-A","Leg":"177","Hole":"1092A"}},{"type":"Feature","id":1278,"geometry":{"type":"Point","coordinates":[7.0799000000000003,-46.411799999999999]},"properties":{"FID":1278,"Fullname":"ODP 177-1092-B","Leg":"177","Hole":"1092B"}},{"type":"Feature","id":1279,"geometry":{"type":"Point","coordinates":[7.0799000000000003,-46.411599999999993]},"properties":{"FID":1279,"Fullname":"ODP 177-1092-C","Leg":"177","Hole":"1092C"}},{"type":"Feature","id":1280,"geometry":{"type":"Point","coordinates":[7.0797999999999996,-46.411700000000003]},"properties":{"FID":1280,"Fullname":"ODP 177-1092-D","Leg":"177","Hole":"1092D"}},{"type":"Feature","id":1281,"geometry":{"type":"Point","coordinates":[5.8654000000000002,-49.976599999999998]},"properties":{"FID":1281,"Fullname":"ODP 177-1093-A","Leg":"177","Hole":"1093A"}},{"type":"Feature","id":1282,"geometry":{"type":"Point","coordinates":[5.865499999999999,-49.976500000000001]},"properties":{"FID":1282,"Fullname":"ODP 177-1093-B","Leg":"177","Hole":"1093B"}},{"type":"Feature","id":1283,"geometry":{"type":"Point","coordinates":[5.8658000000000001,-49.976599999999998]},"properties":{"FID":1283,"Fullname":"ODP 177-1093-C","Leg":"177","Hole":"1093C"}},{"type":"Feature","id":1284,"geometry":{"type":"Point","coordinates":[5.8655999999999997,-49.976500000000001]},"properties":{"FID":1284,"Fullname":"ODP 177-1093-D","Leg":"177","Hole":"1093D"}},{"type":"Feature","id":1285,"geometry":{"type":"Point","coordinates":[5.8655999999999997,-49.976300000000009]},"properties":{"FID":1285,"Fullname":"ODP 177-1093-E","Leg":"177","Hole":"1093E"}},{"type":"Feature","id":1286,"geometry":{"type":"Point","coordinates":[5.8655999999999997,-49.976300000000009]},"properties":{"FID":1286,"Fullname":"ODP 177-1093-F","Leg":"177","Hole":"1093F"}},{"type":"Feature","id":1287,"geometry":{"type":"Point","coordinates":[5.1303999999999998,-53.180200000000013]},"properties":{"FID":1287,"Fullname":"ODP 177-1094-A","Leg":"177","Hole":"1094A"}},{"type":"Feature","id":1288,"geometry":{"type":"Point","coordinates":[5.1304999999999996,-53.180399999999992]},"properties":{"FID":1288,"Fullname":"ODP 177-1094-B","Leg":"177","Hole":"1094B"}},{"type":"Feature","id":1289,"geometry":{"type":"Point","coordinates":[5.1300999999999997,-53.180500000000002]},"properties":{"FID":1289,"Fullname":"ODP 177-1094-C","Leg":"177","Hole":"1094C"}},{"type":"Feature","id":1290,"geometry":{"type":"Point","coordinates":[5.1303000000000001,-53.180300000000003]},"properties":{"FID":1290,"Fullname":"ODP 177-1094-D","Leg":"177","Hole":"1094D"}},{"type":"Feature","id":1291,"geometry":{"type":"Point","coordinates":[-78.487300000000005,-66.985399999999998]},"properties":{"FID":1291,"Fullname":"ODP 178-1095-A","Leg":"178","Hole":"1095A"}},{"type":"Feature","id":1292,"geometry":{"type":"Point","coordinates":[-78.487799999999993,-66.985399999999998]},"properties":{"FID":1292,"Fullname":"ODP 178-1095-B","Leg":"178","Hole":"1095B"}},{"type":"Feature","id":1293,"geometry":{"type":"Point","coordinates":[-78.488299999999995,-66.985399999999998]},"properties":{"FID":1293,"Fullname":"ODP 178-1095-C","Leg":"178","Hole":"1095C"}},{"type":"Feature","id":1294,"geometry":{"type":"Point","coordinates":[-78.488100000000003,-66.985399999999998]},"properties":{"FID":1294,"Fullname":"ODP 178-1095-D","Leg":"178","Hole":"1095D"}},{"type":"Feature","id":1295,"geometry":{"type":"Point","coordinates":[-76.963200000000001,-67.566800000000001]},"properties":{"FID":1295,"Fullname":"ODP 178-1096-A","Leg":"178","Hole":"1096A"}},{"type":"Feature","id":1296,"geometry":{"type":"Point","coordinates":[-76.963499999999996,-67.566800000000001]},"properties":{"FID":1296,"Fullname":"ODP 178-1096-B","Leg":"178","Hole":"1096B"}},{"type":"Feature","id":1297,"geometry":{"type":"Point","coordinates":[-76.963800000000006,-67.566800000000001]},"properties":{"FID":1297,"Fullname":"ODP 178-1096-C","Leg":"178","Hole":"1096C"}},{"type":"Feature","id":1298,"geometry":{"type":"Point","coordinates":[-70.756399999999999,-66.392799999999994]},"properties":{"FID":1298,"Fullname":"ODP 178-1097-A","Leg":"178","Hole":"1097A"}},{"type":"Feature","id":1299,"geometry":{"type":"Point","coordinates":[-64.207800000000006,-64.862099999999998]},"properties":{"FID":1299,"Fullname":"ODP 178-1098-A","Leg":"178","Hole":"1098A"}},{"type":"Feature","id":1300,"geometry":{"type":"Point","coordinates":[-64.207999999999998,-64.861900000000006]},"properties":{"FID":1300,"Fullname":"ODP 178-1098-B","Leg":"178","Hole":"1098B"}},{"type":"Feature","id":1301,"geometry":{"type":"Point","coordinates":[-64.207800000000006,-64.861800000000002]},"properties":{"FID":1301,"Fullname":"ODP 178-1098-C","Leg":"178","Hole":"1098C"}},{"type":"Feature","id":1302,"geometry":{"type":"Point","coordinates":[-64.315299999999993,-64.945099999999996]},"properties":{"FID":1302,"Fullname":"ODP 178-1099-A","Leg":"178","Hole":"1099A"}},{"type":"Feature","id":1303,"geometry":{"type":"Point","coordinates":[-64.315299999999993,-64.945099999999996]},"properties":{"FID":1303,"Fullname":"ODP 178-1099-B","Leg":"178","Hole":"1099B"}},{"type":"Feature","id":1304,"geometry":{"type":"Point","coordinates":[-65.705699999999993,-63.883400000000002]},"properties":{"FID":1304,"Fullname":"ODP 178-1100-A","Leg":"178","Hole":"1100A"}},{"type":"Feature","id":1305,"geometry":{"type":"Point","coordinates":[-65.705799999999996,-63.883499999999998]},"properties":{"FID":1305,"Fullname":"ODP 178-1100-B","Leg":"178","Hole":"1100B"}},{"type":"Feature","id":1306,"geometry":{"type":"Point","coordinates":[-65.706100000000006,-63.883299999999998]},"properties":{"FID":1306,"Fullname":"ODP 178-1100-C","Leg":"178","Hole":"1100C"}},{"type":"Feature","id":1307,"geometry":{"type":"Point","coordinates":[-65.7059,-63.883400000000002]},"properties":{"FID":1307,"Fullname":"ODP 178-1100-D","Leg":"178","Hole":"1100D"}},{"type":"Feature","id":1308,"geometry":{"type":"Point","coordinates":[-70.261200000000002,-64.372200000000007]},"properties":{"FID":1308,"Fullname":"ODP 178-1101-A","Leg":"178","Hole":"1101A"}},{"type":"Feature","id":1309,"geometry":{"type":"Point","coordinates":[-65.858199999999997,-63.802799999999998]},"properties":{"FID":1309,"Fullname":"ODP 178-1102-A","Leg":"178","Hole":"1102A"}},{"type":"Feature","id":1310,"geometry":{"type":"Point","coordinates":[-65.857900000000001,-63.802799999999998]},"properties":{"FID":1310,"Fullname":"ODP 178-1102-B","Leg":"178","Hole":"1102B"}},{"type":"Feature","id":1311,"geometry":{"type":"Point","coordinates":[-65.858199999999997,-63.80230000000001]},"properties":{"FID":1311,"Fullname":"ODP 178-1102-C","Leg":"178","Hole":"1102C"}},{"type":"Feature","id":1312,"geometry":{"type":"Point","coordinates":[-65.856499999999997,-63.801200000000001]},"properties":{"FID":1312,"Fullname":"ODP 178-1102-D","Leg":"178","Hole":"1102D"}},{"type":"Feature","id":1313,"geometry":{"type":"Point","coordinates":[-65.465299999999999,-63.999499999999998]},"properties":{"FID":1313,"Fullname":"ODP 178-1103-A","Leg":"178","Hole":"1103A"}},{"type":"Feature","id":1314,"geometry":{"type":"Point","coordinates":[57.264200000000002,-32.722099999999998]},"properties":{"FID":1314,"Fullname":"ODP 179-1104-A","Leg":"179","Hole":"1104A"}},{"type":"Feature","id":1315,"geometry":{"type":"Point","coordinates":[57.264200000000002,-32.722099999999998]},"properties":{"FID":1315,"Fullname":"ODP 179-1104-B","Leg":"179","Hole":"1104B"}},{"type":"Feature","id":1316,"geometry":{"type":"Point","coordinates":[57.264200000000002,-32.722099999999998]},"properties":{"FID":1316,"Fullname":"ODP 179-1104-C","Leg":"179","Hole":"1104C"}},{"type":"Feature","id":1317,"geometry":{"type":"Point","coordinates":[57.264200000000002,-32.722099999999998]},"properties":{"FID":1317,"Fullname":"ODP 179-1104-D","Leg":"179","Hole":"1104D"}},{"type":"Feature","id":1318,"geometry":{"type":"Point","coordinates":[57.264200000000002,-32.722099999999998]},"properties":{"FID":1318,"Fullname":"ODP 179-1104-E","Leg":"179","Hole":"1104E"}},{"type":"Feature","id":1319,"geometry":{"type":"Point","coordinates":[57.277500000000003,-32.718899999999998]},"properties":{"FID":1319,"Fullname":"ODP 179-1105-A","Leg":"179","Hole":"1105A"}},{"type":"Feature","id":1320,"geometry":{"type":"Point","coordinates":[57.264299999999999,-32.722000000000001]},"properties":{"FID":1320,"Fullname":"ODP 179-1106-A","Leg":"179","Hole":"1106A"}},{"type":"Feature","id":1321,"geometry":{"type":"Point","coordinates":[57.264299999999999,-32.722000000000001]},"properties":{"FID":1321,"Fullname":"ODP 179-1106-B","Leg":"179","Hole":"1106B"}},{"type":"Feature","id":1322,"geometry":{"type":"Point","coordinates":[57.264299999999999,-32.722000000000001]},"properties":{"FID":1322,"Fullname":"ODP 179-1106-C","Leg":"179","Hole":"1106C"}},{"type":"Feature","id":1323,"geometry":{"type":"Point","coordinates":[57.264299999999999,-32.722000000000001]},"properties":{"FID":1323,"Fullname":"ODP 179-1106-D","Leg":"179","Hole":"1106D"}},{"type":"Feature","id":1324,"geometry":{"type":"Point","coordinates":[57.264299999999999,-32.722000000000001]},"properties":{"FID":1324,"Fullname":"ODP 179-1106-E","Leg":"179","Hole":"1106E"}},{"type":"Feature","id":1325,"geometry":{"type":"Point","coordinates":[88.180800000000005,-17.023700000000002]},"properties":{"FID":1325,"Fullname":"ODP 179-1107-A","Leg":"179","Hole":"1107A"}},{"type":"Feature","id":1326,"geometry":{"type":"Point","coordinates":[151.62520000000001,-9.7451000000000008]},"properties":{"FID":1326,"Fullname":"ODP 180-1108-A","Leg":"180","Hole":"1108A"}},{"type":"Feature","id":1327,"geometry":{"type":"Point","coordinates":[151.62569999999999,-9.7454000000000001]},"properties":{"FID":1327,"Fullname":"ODP 180-1108-B","Leg":"180","Hole":"1108B"}},{"type":"Feature","id":1328,"geometry":{"type":"Point","coordinates":[151.57310000000001,-9.5065000000000008]},"properties":{"FID":1328,"Fullname":"ODP 180-1109-A","Leg":"180","Hole":"1109A"}},{"type":"Feature","id":1329,"geometry":{"type":"Point","coordinates":[151.57320000000001,-9.5066000000000006]},"properties":{"FID":1329,"Fullname":"ODP 180-1109-B","Leg":"180","Hole":"1109B"}},{"type":"Feature","id":1330,"geometry":{"type":"Point","coordinates":[151.57320000000001,-9.5065000000000008]},"properties":{"FID":1330,"Fullname":"ODP 180-1109-C","Leg":"180","Hole":"1109C"}},{"type":"Feature","id":1331,"geometry":{"type":"Point","coordinates":[151.57259999999999,-9.5062999999999995]},"properties":{"FID":1331,"Fullname":"ODP 180-1109-D","Leg":"180","Hole":"1109D"}},{"type":"Feature","id":1332,"geometry":{"type":"Point","coordinates":[151.5752,-9.7266999999999992]},"properties":{"FID":1332,"Fullname":"ODP 180-1110-A","Leg":"180","Hole":"1110A"}},{"type":"Feature","id":1333,"geometry":{"type":"Point","coordinates":[151.57509999999999,-9.7268000000000008]},"properties":{"FID":1333,"Fullname":"ODP 180-1110-B","Leg":"180","Hole":"1110B"}},{"type":"Feature","id":1334,"geometry":{"type":"Point","coordinates":[151.57499999999999,-9.7266999999999992]},"properties":{"FID":1334,"Fullname":"ODP 180-1110-C","Leg":"180","Hole":"1110C"}},{"type":"Feature","id":1335,"geometry":{"type":"Point","coordinates":[151.5754,-9.7264999999999997]},"properties":{"FID":1335,"Fullname":"ODP 180-1110-D","Leg":"180","Hole":"1110D"}},{"type":"Feature","id":1336,"geometry":{"type":"Point","coordinates":[151.57560000000001,-9.7177000000000007]},"properties":{"FID":1336,"Fullname":"ODP 180-1111-A","Leg":"180","Hole":"1111A"}},{"type":"Feature","id":1337,"geometry":{"type":"Point","coordinates":[151.61199999999999,-9.7457999999999991]},"properties":{"FID":1337,"Fullname":"ODP 180-1112-A","Leg":"180","Hole":"1112A"}},{"type":"Feature","id":1338,"geometry":{"type":"Point","coordinates":[151.61189999999999,-9.7457999999999991]},"properties":{"FID":1338,"Fullname":"ODP 180-1112-B","Leg":"180","Hole":"1112B"}},{"type":"Feature","id":1339,"geometry":{"type":"Point","coordinates":[151.6123,-9.7575000000000003]},"properties":{"FID":1339,"Fullname":"ODP 180-1113-A","Leg":"180","Hole":"1113A"}},{"type":"Feature","id":1340,"geometry":{"type":"Point","coordinates":[151.57509999999999,-9.7934999999999999]},"properties":{"FID":1340,"Fullname":"ODP 180-1114-A","Leg":"180","Hole":"1114A"}},{"type":"Feature","id":1341,"geometry":{"type":"Point","coordinates":[151.57419999999999,-9.1898]},"properties":{"FID":1341,"Fullname":"ODP 180-1115-A","Leg":"180","Hole":"1115A"}},{"type":"Feature","id":1342,"geometry":{"type":"Point","coordinates":[151.57400000000001,-9.1897000000000002]},"properties":{"FID":1342,"Fullname":"ODP 180-1115-B","Leg":"180","Hole":"1115B"}},{"type":"Feature","id":1343,"geometry":{"type":"Point","coordinates":[151.5737,-9.1897000000000002]},"properties":{"FID":1343,"Fullname":"ODP 180-1115-C","Leg":"180","Hole":"1115C"}},{"type":"Feature","id":1344,"geometry":{"type":"Point","coordinates":[151.57509999999999,-9.8656000000000006]},"properties":{"FID":1344,"Fullname":"ODP 180-1116-A","Leg":"180","Hole":"1116A"}},{"type":"Feature","id":1345,"geometry":{"type":"Point","coordinates":[151.54910000000001,-9.7753999999999994]},"properties":{"FID":1345,"Fullname":"ODP 180-1117-A","Leg":"180","Hole":"1117A"}},{"type":"Feature","id":1346,"geometry":{"type":"Point","coordinates":[151.54920000000001,-9.7753999999999994]},"properties":{"FID":1346,"Fullname":"ODP 180-1117-B","Leg":"180","Hole":"1117B"}},{"type":"Feature","id":1347,"geometry":{"type":"Point","coordinates":[151.54910000000001,-9.7752999999999997]},"properties":{"FID":1347,"Fullname":"ODP 180-1117-C","Leg":"180","Hole":"1117C"}},{"type":"Feature","id":1348,"geometry":{"type":"Point","coordinates":[151.5737,-9.5852000000000004]},"properties":{"FID":1348,"Fullname":"ODP 180-1118-A","Leg":"180","Hole":"1118A"}},{"type":"Feature","id":1349,"geometry":{"type":"Point","coordinates":[172.39330000000001,-44.755499999999998]},"properties":{"FID":1349,"Fullname":"ODP 181-1119-A","Leg":"181","Hole":"1119A"}},{"type":"Feature","id":1350,"geometry":{"type":"Point","coordinates":[172.39330000000001,-44.755499999999998]},"properties":{"FID":1350,"Fullname":"ODP 181-1119-B","Leg":"181","Hole":"1119B"}},{"type":"Feature","id":1351,"geometry":{"type":"Point","coordinates":[172.39359999999999,-44.755499999999998]},"properties":{"FID":1351,"Fullname":"ODP 181-1119-C","Leg":"181","Hole":"1119C"}},{"type":"Feature","id":1352,"geometry":{"type":"Point","coordinates":[173.3717,-50.063400000000001]},"properties":{"FID":1352,"Fullname":"ODP 181-1120-A","Leg":"181","Hole":"1120A"}},{"type":"Feature","id":1353,"geometry":{"type":"Point","coordinates":[173.3717,-50.063400000000001]},"properties":{"FID":1353,"Fullname":"ODP 181-1120-B","Leg":"181","Hole":"1120B"}},{"type":"Feature","id":1354,"geometry":{"type":"Point","coordinates":[173.3717,-50.063600000000001]},"properties":{"FID":1354,"Fullname":"ODP 181-1120-C","Leg":"181","Hole":"1120C"}},{"type":"Feature","id":1355,"geometry":{"type":"Point","coordinates":[173.3717,-50.063699999999997]},"properties":{"FID":1355,"Fullname":"ODP 181-1120-D","Leg":"181","Hole":"1120D"}},{"type":"Feature","id":1356,"geometry":{"type":"Point","coordinates":[176.99770000000001,-50.8979]},"properties":{"FID":1356,"Fullname":"ODP 181-1121-A","Leg":"181","Hole":"1121A"}},{"type":"Feature","id":1357,"geometry":{"type":"Point","coordinates":[176.99770000000001,-50.8979]},"properties":{"FID":1357,"Fullname":"ODP 181-1121-B","Leg":"181","Hole":"1121B"}},{"type":"Feature","id":1358,"geometry":{"type":"Point","coordinates":[-177.39349999999999,-46.57970000000001]},"properties":{"FID":1358,"Fullname":"ODP 181-1122-A","Leg":"181","Hole":"1122A"}},{"type":"Feature","id":1359,"geometry":{"type":"Point","coordinates":[-177.3937,-46.57970000000001]},"properties":{"FID":1359,"Fullname":"ODP 181-1122-B","Leg":"181","Hole":"1122B"}},{"type":"Feature","id":1360,"geometry":{"type":"Point","coordinates":[-177.3937,-46.57970000000001]},"properties":{"FID":1360,"Fullname":"ODP 181-1122-C","Leg":"181","Hole":"1122C"}},{"type":"Feature","id":1361,"geometry":{"type":"Point","coordinates":[-171.499,-41.786200000000001]},"properties":{"FID":1361,"Fullname":"ODP 181-1123-A","Leg":"181","Hole":"1123A"}},{"type":"Feature","id":1362,"geometry":{"type":"Point","coordinates":[-171.499,-41.786000000000001]},"properties":{"FID":1362,"Fullname":"ODP 181-1123-B","Leg":"181","Hole":"1123B"}},{"type":"Feature","id":1363,"geometry":{"type":"Point","coordinates":[-171.499,-41.785800000000002]},"properties":{"FID":1363,"Fullname":"ODP 181-1123-C","Leg":"181","Hole":"1123C"}},{"type":"Feature","id":1364,"geometry":{"type":"Point","coordinates":[-176.5316,-39.498399999999997]},"properties":{"FID":1364,"Fullname":"ODP 181-1124-A","Leg":"181","Hole":"1124A"}},{"type":"Feature","id":1365,"geometry":{"type":"Point","coordinates":[-176.5316,-39.498399999999997]},"properties":{"FID":1365,"Fullname":"ODP 181-1124-B","Leg":"181","Hole":"1124B"}},{"type":"Feature","id":1366,"geometry":{"type":"Point","coordinates":[-176.5316,-39.498399999999997]},"properties":{"FID":1366,"Fullname":"ODP 181-1124-C","Leg":"181","Hole":"1124C"}},{"type":"Feature","id":1367,"geometry":{"type":"Point","coordinates":[-176.53149999999999,-39.498100000000001]},"properties":{"FID":1367,"Fullname":"ODP 181-1124-D","Leg":"181","Hole":"1124D"}},{"type":"Feature","id":1368,"geometry":{"type":"Point","coordinates":[-178.16650000000001,-42.549900000000001]},"properties":{"FID":1368,"Fullname":"ODP 181-1125-A","Leg":"181","Hole":"1125A"}},{"type":"Feature","id":1369,"geometry":{"type":"Point","coordinates":[-178.16650000000001,-42.549700000000001]},"properties":{"FID":1369,"Fullname":"ODP 181-1125-B","Leg":"181","Hole":"1125B"}},{"type":"Feature","id":1370,"geometry":{"type":"Point","coordinates":[128.06659999999999,-33.509399999999999]},"properties":{"FID":1370,"Fullname":"ODP 182-1126-A","Leg":"182","Hole":"1126A"}},{"type":"Feature","id":1371,"geometry":{"type":"Point","coordinates":[128.06649999999999,-33.509399999999999]},"properties":{"FID":1371,"Fullname":"ODP 182-1126-B","Leg":"182","Hole":"1126B"}},{"type":"Feature","id":1372,"geometry":{"type":"Point","coordinates":[128.0668,-33.509399999999999]},"properties":{"FID":1372,"Fullname":"ODP 182-1126-C","Leg":"182","Hole":"1126C"}},{"type":"Feature","id":1373,"geometry":{"type":"Point","coordinates":[128.06639999999999,-33.509399999999999]},"properties":{"FID":1373,"Fullname":"ODP 182-1126-D","Leg":"182","Hole":"1126D"}},{"type":"Feature","id":1374,"geometry":{"type":"Point","coordinates":[128.4813,-33.357399999999998]},"properties":{"FID":1374,"Fullname":"ODP 182-1127-A","Leg":"182","Hole":"1127A"}},{"type":"Feature","id":1375,"geometry":{"type":"Point","coordinates":[128.4813,-33.357500000000002]},"properties":{"FID":1375,"Fullname":"ODP 182-1127-B","Leg":"182","Hole":"1127B"}},{"type":"Feature","id":1376,"geometry":{"type":"Point","coordinates":[127.5907,-34.391100000000002]},"properties":{"FID":1376,"Fullname":"ODP 182-1128-A","Leg":"182","Hole":"1128A"}},{"type":"Feature","id":1377,"geometry":{"type":"Point","coordinates":[127.5908,-34.391199999999998]},"properties":{"FID":1377,"Fullname":"ODP 182-1128-B","Leg":"182","Hole":"1128B"}},{"type":"Feature","id":1378,"geometry":{"type":"Point","coordinates":[127.59099999999999,-34.391100000000002]},"properties":{"FID":1378,"Fullname":"ODP 182-1128-C","Leg":"182","Hole":"1128C"}},{"type":"Feature","id":1379,"geometry":{"type":"Point","coordinates":[127.5909,-34.390900000000002]},"properties":{"FID":1379,"Fullname":"ODP 182-1128-D","Leg":"182","Hole":"1128D"}},{"type":"Feature","id":1380,"geometry":{"type":"Point","coordinates":[128.4812,-33.2898]},"properties":{"FID":1380,"Fullname":"ODP 182-1129-A","Leg":"182","Hole":"1129A"}},{"type":"Feature","id":1381,"geometry":{"type":"Point","coordinates":[128.48099999999999,-33.2896]},"properties":{"FID":1381,"Fullname":"ODP 182-1129-B","Leg":"182","Hole":"1129B"}},{"type":"Feature","id":1382,"geometry":{"type":"Point","coordinates":[128.4813,-33.296599999999998]},"properties":{"FID":1382,"Fullname":"ODP 182-1129-C","Leg":"182","Hole":"1129C"}},{"type":"Feature","id":1383,"geometry":{"type":"Point","coordinates":[128.4811,-33.296500000000002]},"properties":{"FID":1383,"Fullname":"ODP 182-1129-D","Leg":"182","Hole":"1129D"}},{"type":"Feature","id":1384,"geometry":{"type":"Point","coordinates":[127.6023,-33.420200000000001]},"properties":{"FID":1384,"Fullname":"ODP 182-1130-A","Leg":"182","Hole":"1130A"}},{"type":"Feature","id":1385,"geometry":{"type":"Point","coordinates":[127.60209999999999,-33.420200000000001]},"properties":{"FID":1385,"Fullname":"ODP 182-1130-B","Leg":"182","Hole":"1130B"}},{"type":"Feature","id":1386,"geometry":{"type":"Point","coordinates":[127.60209999999999,-33.420000000000002]},"properties":{"FID":1386,"Fullname":"ODP 182-1130-C","Leg":"182","Hole":"1130C"}},{"type":"Feature","id":1387,"geometry":{"type":"Point","coordinates":[128.4812,-33.326099999999997]},"properties":{"FID":1387,"Fullname":"ODP 182-1131-A","Leg":"182","Hole":"1131A"}},{"type":"Feature","id":1388,"geometry":{"type":"Point","coordinates":[128.48089999999999,-33.325899999999997]},"properties":{"FID":1388,"Fullname":"ODP 182-1131-B","Leg":"182","Hole":"1131B"}},{"type":"Feature","id":1389,"geometry":{"type":"Point","coordinates":[127.6022,-33.315899999999999]},"properties":{"FID":1389,"Fullname":"ODP 182-1132-A","Leg":"182","Hole":"1132A"}},{"type":"Feature","id":1390,"geometry":{"type":"Point","coordinates":[127.6022,-33.316200000000002]},"properties":{"FID":1390,"Fullname":"ODP 182-1132-B","Leg":"182","Hole":"1132B"}},{"type":"Feature","id":1391,"geometry":{"type":"Point","coordinates":[127.60209999999999,-33.316000000000003]},"properties":{"FID":1391,"Fullname":"ODP 182-1132-C","Leg":"182","Hole":"1132C"}},{"type":"Feature","id":1392,"geometry":{"type":"Point","coordinates":[128.9051,-33.539499999999997]},"properties":{"FID":1392,"Fullname":"ODP 182-1133-A","Leg":"182","Hole":"1133A"}},{"type":"Feature","id":1393,"geometry":{"type":"Point","coordinates":[128.90530000000001,-33.5396]},"properties":{"FID":1393,"Fullname":"ODP 182-1133-B","Leg":"182","Hole":"1133B"}},{"type":"Feature","id":1394,"geometry":{"type":"Point","coordinates":[128.90530000000001,-33.5398]},"properties":{"FID":1394,"Fullname":"ODP 182-1133-C","Leg":"182","Hole":"1133C"}},{"type":"Feature","id":1395,"geometry":{"type":"Point","coordinates":[127.264,-33.528700000000001]},"properties":{"FID":1395,"Fullname":"ODP 182-1134-A","Leg":"182","Hole":"1134A"}},{"type":"Feature","id":1396,"geometry":{"type":"Point","coordinates":[127.264,-33.529000000000003]},"properties":{"FID":1396,"Fullname":"ODP 182-1134-B","Leg":"182","Hole":"1134B"}},{"type":"Feature","id":1397,"geometry":{"type":"Point","coordinates":[84.273499999999999,-59.6999]},"properties":{"FID":1397,"Fullname":"ODP 183-1135-A","Leg":"183","Hole":"1135A"}},{"type":"Feature","id":1398,"geometry":{"type":"Point","coordinates":[84.834800000000001,-59.651600000000002]},"properties":{"FID":1398,"Fullname":"ODP 183-1136-A","Leg":"183","Hole":"1136A"}},{"type":"Feature","id":1399,"geometry":{"type":"Point","coordinates":[68.093500000000006,-56.833000000000013]},"properties":{"FID":1399,"Fullname":"ODP 183-1137-A","Leg":"183","Hole":"1137A"}},{"type":"Feature","id":1400,"geometry":{"type":"Point","coordinates":[75.974900000000005,-53.5518]},"properties":{"FID":1400,"Fullname":"ODP 183-1138-A","Leg":"183","Hole":"1138A"}},{"type":"Feature","id":1401,"geometry":{"type":"Point","coordinates":[63.936500000000009,-50.185099999999998]},"properties":{"FID":1401,"Fullname":"ODP 183-1139-A","Leg":"183","Hole":"1139A"}},{"type":"Feature","id":1402,"geometry":{"type":"Point","coordinates":[68.491600000000005,-46.276600000000002]},"properties":{"FID":1402,"Fullname":"ODP 183-1140-A","Leg":"183","Hole":"1140A"}},{"type":"Feature","id":1403,"geometry":{"type":"Point","coordinates":[97.128200000000021,-32.226599999999998]},"properties":{"FID":1403,"Fullname":"ODP 183-1141-A","Leg":"183","Hole":"1141A"}},{"type":"Feature","id":1404,"geometry":{"type":"Point","coordinates":[97.125500000000002,-32.232399999999998]},"properties":{"FID":1404,"Fullname":"ODP 183-1142-A","Leg":"183","Hole":"1142A"}},{"type":"Feature","id":1405,"geometry":{"type":"Point","coordinates":[113.285,9.3620000000000001]},"properties":{"FID":1405,"Fullname":"ODP 184-1143-A","Leg":"184","Hole":"1143A"}},{"type":"Feature","id":1406,"geometry":{"type":"Point","coordinates":[113.2851,9.3619000000000003]},"properties":{"FID":1406,"Fullname":"ODP 184-1143-B","Leg":"184","Hole":"1143B"}},{"type":"Feature","id":1407,"geometry":{"type":"Point","coordinates":[113.28530000000001,9.3619000000000003]},"properties":{"FID":1407,"Fullname":"ODP 184-1143-C","Leg":"184","Hole":"1143C"}},{"type":"Feature","id":1408,"geometry":{"type":"Point","coordinates":[117.41889999999999,20.053000000000001]},"properties":{"FID":1408,"Fullname":"ODP 184-1144-A","Leg":"184","Hole":"1144A"}},{"type":"Feature","id":1409,"geometry":{"type":"Point","coordinates":[117.4191,20.053000000000001]},"properties":{"FID":1409,"Fullname":"ODP 184-1144-B","Leg":"184","Hole":"1144B"}},{"type":"Feature","id":1410,"geometry":{"type":"Point","coordinates":[117.4192,20.053000000000001]},"properties":{"FID":1410,"Fullname":"ODP 184-1144-C","Leg":"184","Hole":"1144C"}},{"type":"Feature","id":1411,"geometry":{"type":"Point","coordinates":[117.6311,19.584]},"properties":{"FID":1411,"Fullname":"ODP 184-1145-A","Leg":"184","Hole":"1145A"}},{"type":"Feature","id":1412,"geometry":{"type":"Point","coordinates":[117.631,19.584]},"properties":{"FID":1412,"Fullname":"ODP 184-1145-B","Leg":"184","Hole":"1145B"}},{"type":"Feature","id":1413,"geometry":{"type":"Point","coordinates":[117.63079999999999,19.584]},"properties":{"FID":1413,"Fullname":"ODP 184-1145-C","Leg":"184","Hole":"1145C"}},{"type":"Feature","id":1414,"geometry":{"type":"Point","coordinates":[116.2727,19.456700000000001]},"properties":{"FID":1414,"Fullname":"ODP 184-1146-A","Leg":"184","Hole":"1146A"}},{"type":"Feature","id":1415,"geometry":{"type":"Point","coordinates":[116.27290000000001,19.456700000000001]},"properties":{"FID":1415,"Fullname":"ODP 184-1146-B","Leg":"184","Hole":"1146B"}},{"type":"Feature","id":1416,"geometry":{"type":"Point","coordinates":[116.2731,19.456700000000001]},"properties":{"FID":1416,"Fullname":"ODP 184-1146-C","Leg":"184","Hole":"1146C"}},{"type":"Feature","id":1417,"geometry":{"type":"Point","coordinates":[116.5545,18.835100000000001]},"properties":{"FID":1417,"Fullname":"ODP 184-1147-A","Leg":"184","Hole":"1147A"}},{"type":"Feature","id":1418,"geometry":{"type":"Point","coordinates":[116.5547,18.835100000000001]},"properties":{"FID":1418,"Fullname":"ODP 184-1147-B","Leg":"184","Hole":"1147B"}},{"type":"Feature","id":1419,"geometry":{"type":"Point","coordinates":[116.5547,18.835100000000001]},"properties":{"FID":1419,"Fullname":"ODP 184-1147-C","Leg":"184","Hole":"1147C"}},{"type":"Feature","id":1420,"geometry":{"type":"Point","coordinates":[116.5655,18.836099999999998]},"properties":{"FID":1420,"Fullname":"ODP 184-1148-A","Leg":"184","Hole":"1148A"}},{"type":"Feature","id":1421,"geometry":{"type":"Point","coordinates":[116.5658,18.836200000000002]},"properties":{"FID":1421,"Fullname":"ODP 184-1148-B","Leg":"184","Hole":"1148B"}},{"type":"Feature","id":1422,"geometry":{"type":"Point","coordinates":[143.35130000000001,31.341999999999999]},"properties":{"FID":1422,"Fullname":"ODP 185-1149-A","Leg":"185","Hole":"1149A"}},{"type":"Feature","id":1423,"geometry":{"type":"Point","coordinates":[143.351,31.342199999999998]},"properties":{"FID":1423,"Fullname":"ODP 185-1149-B","Leg":"185","Hole":"1149B"}},{"type":"Feature","id":1424,"geometry":{"type":"Point","coordinates":[143.351,31.342500000000001]},"properties":{"FID":1424,"Fullname":"ODP 185-1149-C","Leg":"185","Hole":"1149C"}},{"type":"Feature","id":1425,"geometry":{"type":"Point","coordinates":[143.40039999999999,31.313199999999998]},"properties":{"FID":1425,"Fullname":"ODP 185-1149-D","Leg":"185","Hole":"1149D"}},{"type":"Feature","id":1426,"geometry":{"type":"Point","coordinates":[156.35980000000001,18.642299999999999]},"properties":{"FID":1426,"Fullname":"ODP 185-801-C","Leg":"185","Hole":"801C"}},{"type":"Feature","id":1427,"geometry":{"type":"Point","coordinates":[156.36080000000001,18.642299999999999]},"properties":{"FID":1427,"Fullname":"ODP 185-801-D","Leg":"185","Hole":"801D"}},{"type":"Feature","id":1428,"geometry":{"type":"Point","coordinates":[143.33189999999999,39.181899999999999]},"properties":{"FID":1428,"Fullname":"ODP 186-1150-A","Leg":"186","Hole":"1150A"}},{"type":"Feature","id":1429,"geometry":{"type":"Point","coordinates":[143.33240000000001,39.181899999999999]},"properties":{"FID":1429,"Fullname":"ODP 186-1150-B","Leg":"186","Hole":"1150B"}},{"type":"Feature","id":1430,"geometry":{"type":"Point","coordinates":[143.33160000000001,39.182000000000002]},"properties":{"FID":1430,"Fullname":"ODP 186-1150-C","Leg":"186","Hole":"1150C"}},{"type":"Feature","id":1431,"geometry":{"type":"Point","coordinates":[143.33160000000001,39.182000000000002]},"properties":{"FID":1431,"Fullname":"ODP 186-1150-D","Leg":"186","Hole":"1150D"}},{"type":"Feature","id":1432,"geometry":{"type":"Point","coordinates":[143.33439999999999,38.752000000000002]},"properties":{"FID":1432,"Fullname":"ODP 186-1151-A","Leg":"186","Hole":"1151A"}},{"type":"Feature","id":1433,"geometry":{"type":"Point","coordinates":[143.33359999999999,38.752099999999999]},"properties":{"FID":1433,"Fullname":"ODP 186-1151-B","Leg":"186","Hole":"1151B"}},{"type":"Feature","id":1434,"geometry":{"type":"Point","coordinates":[143.334,38.750300000000003]},"properties":{"FID":1434,"Fullname":"ODP 186-1151-C","Leg":"186","Hole":"1151C"}},{"type":"Feature","id":1435,"geometry":{"type":"Point","coordinates":[143.33410000000001,38.7502]},"properties":{"FID":1435,"Fullname":"ODP 186-1151-D","Leg":"186","Hole":"1151D"}},{"type":"Feature","id":1436,"geometry":{"type":"Point","coordinates":[127.0067,-41.8979]},"properties":{"FID":1436,"Fullname":"ODP 187-1152-A","Leg":"187","Hole":"1152A"}},{"type":"Feature","id":1437,"geometry":{"type":"Point","coordinates":[127.0076,-41.897199999999998]},"properties":{"FID":1437,"Fullname":"ODP 187-1152-B","Leg":"187","Hole":"1152B"}},{"type":"Feature","id":1438,"geometry":{"type":"Point","coordinates":[129.8151,-41.271500000000003]},"properties":{"FID":1438,"Fullname":"ODP 187-1153-A","Leg":"187","Hole":"1153A"}},{"type":"Feature","id":1439,"geometry":{"type":"Point","coordinates":[131.31729999999999,-41.477800000000002]},"properties":{"FID":1439,"Fullname":"ODP 187-1154-A","Leg":"187","Hole":"1154A"}},{"type":"Feature","id":1440,"geometry":{"type":"Point","coordinates":[127.9948,-41.958199999999998]},"properties":{"FID":1440,"Fullname":"ODP 187-1155-A","Leg":"187","Hole":"1155A"}},{"type":"Feature","id":1441,"geometry":{"type":"Point","coordinates":[127.9924,-41.958199999999998]},"properties":{"FID":1441,"Fullname":"ODP 187-1155-B","Leg":"187","Hole":"1155B"}},{"type":"Feature","id":1442,"geometry":{"type":"Point","coordinates":[127.8882,-42.733199999999997]},"properties":{"FID":1442,"Fullname":"ODP 187-1156-A","Leg":"187","Hole":"1156A"}},{"type":"Feature","id":1443,"geometry":{"type":"Point","coordinates":[127.88800000000001,-42.731400000000001]},"properties":{"FID":1443,"Fullname":"ODP 187-1156-B","Leg":"187","Hole":"1156B"}},{"type":"Feature","id":1444,"geometry":{"type":"Point","coordinates":[128.8861,-43.261099999999999]},"properties":{"FID":1444,"Fullname":"ODP 187-1157-A","Leg":"187","Hole":"1157A"}},{"type":"Feature","id":1445,"geometry":{"type":"Point","coordinates":[128.88380000000001,-43.261299999999999]},"properties":{"FID":1445,"Fullname":"ODP 187-1157-B","Leg":"187","Hole":"1157B"}},{"type":"Feature","id":1446,"geometry":{"type":"Point","coordinates":[128.82830000000001,-43.948300000000003]},"properties":{"FID":1446,"Fullname":"ODP 187-1158-A","Leg":"187","Hole":"1158A"}},{"type":"Feature","id":1447,"geometry":{"type":"Point","coordinates":[128.82849999999999,-43.946399999999997]},"properties":{"FID":1447,"Fullname":"ODP 187-1158-B","Leg":"187","Hole":"1158B"}},{"type":"Feature","id":1448,"geometry":{"type":"Point","coordinates":[128.82859999999999,-43.944600000000001]},"properties":{"FID":1448,"Fullname":"ODP 187-1158-C","Leg":"187","Hole":"1158C"}},{"type":"Feature","id":1449,"geometry":{"type":"Point","coordinates":[129.9999,-45.956700000000012]},"properties":{"FID":1449,"Fullname":"ODP 187-1159-A","Leg":"187","Hole":"1159A"}},{"type":"Feature","id":1450,"geometry":{"type":"Point","coordinates":[134.9983,-44.009999999999998]},"properties":{"FID":1450,"Fullname":"ODP 187-1160-A","Leg":"187","Hole":"1160A"}},{"type":"Feature","id":1451,"geometry":{"type":"Point","coordinates":[134.9984,-44.008200000000002]},"properties":{"FID":1451,"Fullname":"ODP 187-1160-B","Leg":"187","Hole":"1160B"}},{"type":"Feature","id":1452,"geometry":{"type":"Point","coordinates":[129.0513,-44.2866]},"properties":{"FID":1452,"Fullname":"ODP 187-1161-A","Leg":"187","Hole":"1161A"}},{"type":"Feature","id":1453,"geometry":{"type":"Point","coordinates":[129.0513,-44.284599999999998]},"properties":{"FID":1453,"Fullname":"ODP 187-1161-B","Leg":"187","Hole":"1161B"}},{"type":"Feature","id":1454,"geometry":{"type":"Point","coordinates":[129.18819999999999,-44.633899999999997]},"properties":{"FID":1454,"Fullname":"ODP 187-1162-A","Leg":"187","Hole":"1162A"}},{"type":"Feature","id":1455,"geometry":{"type":"Point","coordinates":[129.18799999999999,-44.632100000000001]},"properties":{"FID":1455,"Fullname":"ODP 187-1162-B","Leg":"187","Hole":"1162B"}},{"type":"Feature","id":1456,"geometry":{"type":"Point","coordinates":[126.9083,-44.424599999999998]},"properties":{"FID":1456,"Fullname":"ODP 187-1163-A","Leg":"187","Hole":"1163A"}},{"type":"Feature","id":1457,"geometry":{"type":"Point","coordinates":[127.7482,-43.7483]},"properties":{"FID":1457,"Fullname":"ODP 187-1164-A","Leg":"187","Hole":"1164A"}},{"type":"Feature","id":1458,"geometry":{"type":"Point","coordinates":[127.7461,-43.749200000000002]},"properties":{"FID":1458,"Fullname":"ODP 187-1164-B","Leg":"187","Hole":"1164B"}},{"type":"Feature","id":1459,"geometry":{"type":"Point","coordinates":[67.219099999999997,-64.379599999999996]},"properties":{"FID":1459,"Fullname":"ODP 188-1165-A","Leg":"188","Hole":"1165A"}},{"type":"Feature","id":1460,"geometry":{"type":"Point","coordinates":[67.219099999999997,-64.379599999999996]},"properties":{"FID":1460,"Fullname":"ODP 188-1165-B","Leg":"188","Hole":"1165B"}},{"type":"Feature","id":1461,"geometry":{"type":"Point","coordinates":[67.218100000000007,-64.379499999999993]},"properties":{"FID":1461,"Fullname":"ODP 188-1165-C","Leg":"188","Hole":"1165C"}},{"type":"Feature","id":1462,"geometry":{"type":"Point","coordinates":[74.786900000000003,-67.696200000000005]},"properties":{"FID":1462,"Fullname":"ODP 188-1166-A","Leg":"188","Hole":"1166A"}},{"type":"Feature","id":1463,"geometry":{"type":"Point","coordinates":[74.787800000000004,-67.696399999999997]},"properties":{"FID":1463,"Fullname":"ODP 188-1166-B","Leg":"188","Hole":"1166B"}},{"type":"Feature","id":1464,"geometry":{"type":"Point","coordinates":[72.284199999999998,-66.400199999999998]},"properties":{"FID":1464,"Fullname":"ODP 188-1167-A","Leg":"188","Hole":"1167A"}},{"type":"Feature","id":1465,"geometry":{"type":"Point","coordinates":[72.283500000000004,-66.399799999999999]},"properties":{"FID":1465,"Fullname":"ODP 188-1167-B","Leg":"188","Hole":"1167B"}},{"type":"Feature","id":1466,"geometry":{"type":"Point","coordinates":[144.4127,-42.609699999999997]},"properties":{"FID":1466,"Fullname":"ODP 189-1168-A","Leg":"189","Hole":"1168A"}},{"type":"Feature","id":1467,"geometry":{"type":"Point","coordinates":[144.4127,-42.609499999999997]},"properties":{"FID":1467,"Fullname":"ODP 189-1168-B","Leg":"189","Hole":"1168B"}},{"type":"Feature","id":1468,"geometry":{"type":"Point","coordinates":[144.4127,-42.609200000000001]},"properties":{"FID":1468,"Fullname":"ODP 189-1168-C","Leg":"189","Hole":"1168C"}},{"type":"Feature","id":1469,"geometry":{"type":"Point","coordinates":[145.23679999999999,-47.065300000000001]},"properties":{"FID":1469,"Fullname":"ODP 189-1169-A","Leg":"189","Hole":"1169A"}},{"type":"Feature","id":1470,"geometry":{"type":"Point","coordinates":[146.0498,-47.150700000000001]},"properties":{"FID":1470,"Fullname":"ODP 189-1170-A","Leg":"189","Hole":"1170A"}},{"type":"Feature","id":1471,"geometry":{"type":"Point","coordinates":[146.0497,-47.150599999999997]},"properties":{"FID":1471,"Fullname":"ODP 189-1170-B","Leg":"189","Hole":"1170B"}},{"type":"Feature","id":1472,"geometry":{"type":"Point","coordinates":[146.0498,-47.150399999999998]},"properties":{"FID":1472,"Fullname":"ODP 189-1170-C","Leg":"189","Hole":"1170C"}},{"type":"Feature","id":1473,"geometry":{"type":"Point","coordinates":[146.0497,-47.150199999999998]},"properties":{"FID":1473,"Fullname":"ODP 189-1170-D","Leg":"189","Hole":"1170D"}},{"type":"Feature","id":1474,"geometry":{"type":"Point","coordinates":[149.11150000000001,-48.499899999999997]},"properties":{"FID":1474,"Fullname":"ODP 189-1171-A","Leg":"189","Hole":"1171A"}},{"type":"Feature","id":1475,"geometry":{"type":"Point","coordinates":[149.1114,-48.499799999999993]},"properties":{"FID":1475,"Fullname":"ODP 189-1171-B","Leg":"189","Hole":"1171B"}},{"type":"Feature","id":1476,"geometry":{"type":"Point","coordinates":[149.11179999999999,-48.5]},"properties":{"FID":1476,"Fullname":"ODP 189-1171-C","Leg":"189","Hole":"1171C"}},{"type":"Feature","id":1477,"geometry":{"type":"Point","coordinates":[149.11199999999999,-48.5]},"properties":{"FID":1477,"Fullname":"ODP 189-1171-D","Leg":"189","Hole":"1171D"}},{"type":"Feature","id":1478,"geometry":{"type":"Point","coordinates":[149.92830000000001,-43.959800000000001]},"properties":{"FID":1478,"Fullname":"ODP 189-1172-A","Leg":"189","Hole":"1172A"}},{"type":"Feature","id":1479,"geometry":{"type":"Point","coordinates":[149.92830000000001,-43.959600000000002]},"properties":{"FID":1479,"Fullname":"ODP 189-1172-B","Leg":"189","Hole":"1172B"}},{"type":"Feature","id":1480,"geometry":{"type":"Point","coordinates":[149.92850000000001,-43.959499999999998]},"properties":{"FID":1480,"Fullname":"ODP 189-1172-C","Leg":"189","Hole":"1172C"}},{"type":"Feature","id":1481,"geometry":{"type":"Point","coordinates":[149.92859999999999,-43.959200000000003]},"properties":{"FID":1481,"Fullname":"ODP 189-1172-D","Leg":"189","Hole":"1172D"}},{"type":"Feature","id":1482,"geometry":{"type":"Point","coordinates":[135.02510000000001,32.244399999999999]},"properties":{"FID":1482,"Fullname":"ODP 190-1173-A","Leg":"190","Hole":"1173A"}},{"type":"Feature","id":1483,"geometry":{"type":"Point","coordinates":[134.95650000000001,32.342300000000002]},"properties":{"FID":1483,"Fullname":"ODP 190-1174-A","Leg":"190","Hole":"1174A"}},{"type":"Feature","id":1484,"geometry":{"type":"Point","coordinates":[134.9564,32.342300000000002]},"properties":{"FID":1484,"Fullname":"ODP 190-1174-B","Leg":"190","Hole":"1174B"}},{"type":"Feature","id":1485,"geometry":{"type":"Point","coordinates":[134.6446,32.598100000000002]},"properties":{"FID":1485,"Fullname":"ODP 190-1175-A","Leg":"190","Hole":"1175A"}},{"type":"Feature","id":1486,"geometry":{"type":"Point","coordinates":[134.66569999999999,32.578299999999999]},"properties":{"FID":1486,"Fullname":"ODP 190-1176-A","Leg":"190","Hole":"1176A"}},{"type":"Feature","id":1487,"geometry":{"type":"Point","coordinates":[134.0119,31.6525]},"properties":{"FID":1487,"Fullname":"ODP 190-1177-A","Leg":"190","Hole":"1177A"}},{"type":"Feature","id":1488,"geometry":{"type":"Point","coordinates":[134.4795,32.731000000000002]},"properties":{"FID":1488,"Fullname":"ODP 190-1178-A","Leg":"190","Hole":"1178A"}},{"type":"Feature","id":1489,"geometry":{"type":"Point","coordinates":[134.47970000000001,32.731000000000002]},"properties":{"FID":1489,"Fullname":"ODP 190-1178-B","Leg":"190","Hole":"1178B"}},{"type":"Feature","id":1490,"geometry":{"type":"Point","coordinates":[159.9631,41.079799999999999]},"properties":{"FID":1490,"Fullname":"ODP 191-1179-A","Leg":"191","Hole":"1179A"}},{"type":"Feature","id":1491,"geometry":{"type":"Point","coordinates":[159.9631,41.079799999999999]},"properties":{"FID":1491,"Fullname":"ODP 191-1179-B","Leg":"191","Hole":"1179B"}},{"type":"Feature","id":1492,"geometry":{"type":"Point","coordinates":[159.9631,41.079799999999999]},"properties":{"FID":1492,"Fullname":"ODP 191-1179-C","Leg":"191","Hole":"1179C"}},{"type":"Feature","id":1493,"geometry":{"type":"Point","coordinates":[159.9631,41.080199999999998]},"properties":{"FID":1493,"Fullname":"ODP 191-1179-D","Leg":"191","Hole":"1179D"}},{"type":"Feature","id":1494,"geometry":{"type":"Point","coordinates":[159.9633,41.079500000000003]},"properties":{"FID":1494,"Fullname":"ODP 191-1179-E","Leg":"191","Hole":"1179E"}},{"type":"Feature","id":1495,"geometry":{"type":"Point","coordinates":[157.01499999999999,-1.177]},"properties":{"FID":1495,"Fullname":"ODP 192-1183-A","Leg":"192","Hole":"1183A"}},{"type":"Feature","id":1496,"geometry":{"type":"Point","coordinates":[164.233,-5.0110999999999999]},"properties":{"FID":1496,"Fullname":"ODP 192-1184-A","Leg":"192","Hole":"1184A"}},{"type":"Feature","id":1497,"geometry":{"type":"Point","coordinates":[161.6677,-0.35759999999999997]},"properties":{"FID":1497,"Fullname":"ODP 192-1185-A","Leg":"192","Hole":"1185A"}},{"type":"Feature","id":1498,"geometry":{"type":"Point","coordinates":[161.66749999999999,-0.35759999999999997]},"properties":{"FID":1498,"Fullname":"ODP 192-1185-B","Leg":"192","Hole":"1185B"}},{"type":"Feature","id":1499,"geometry":{"type":"Point","coordinates":[159.8442,-0.67979999999999996]},"properties":{"FID":1499,"Fullname":"ODP 192-1186-A","Leg":"192","Hole":"1186A"}},{"type":"Feature","id":1500,"geometry":{"type":"Point","coordinates":[161.4513,0.94250000000000012]},"properties":{"FID":1500,"Fullname":"ODP 192-1187-A","Leg":"192","Hole":"1187A"}},{"type":"Feature","id":1501,"geometry":{"type":"Point","coordinates":[151.66990000000001,-3.7282999999999999]},"properties":{"FID":1501,"Fullname":"ODP 193-1188-A","Leg":"193","Hole":"1188A"}},{"type":"Feature","id":1502,"geometry":{"type":"Point","coordinates":[151.66999999999999,-3.7282999999999999]},"properties":{"FID":1502,"Fullname":"ODP 193-1188-B","Leg":"193","Hole":"1188B"}},{"type":"Feature","id":1503,"geometry":{"type":"Point","coordinates":[151.6696,-3.7282000000000002]},"properties":{"FID":1503,"Fullname":"ODP 193-1188-C","Leg":"193","Hole":"1188C"}},{"type":"Feature","id":1504,"geometry":{"type":"Point","coordinates":[151.6696,-3.7277999999999998]},"properties":{"FID":1504,"Fullname":"ODP 193-1188-D","Leg":"193","Hole":"1188D"}},{"type":"Feature","id":1505,"geometry":{"type":"Point","coordinates":[151.66980000000001,-3.7281]},"properties":{"FID":1505,"Fullname":"ODP 193-1188-E","Leg":"193","Hole":"1188E"}},{"type":"Feature","id":1506,"geometry":{"type":"Point","coordinates":[151.66980000000001,-3.7281]},"properties":{"FID":1506,"Fullname":"ODP 193-1188-F","Leg":"193","Hole":"1188F"}},{"type":"Feature","id":1507,"geometry":{"type":"Point","coordinates":[151.67490000000001,-3.7206999999999999]},"properties":{"FID":1507,"Fullname":"ODP 193-1189-A","Leg":"193","Hole":"1189A"}},{"type":"Feature","id":1508,"geometry":{"type":"Point","coordinates":[151.67509999999999,-3.7206000000000001]},"properties":{"FID":1508,"Fullname":"ODP 193-1189-B","Leg":"193","Hole":"1189B"}},{"type":"Feature","id":1509,"geometry":{"type":"Point","coordinates":[151.6754,-3.7206999999999999]},"properties":{"FID":1509,"Fullname":"ODP 193-1189-C","Leg":"193","Hole":"1189C"}},{"type":"Feature","id":1510,"geometry":{"type":"Point","coordinates":[151.6764,-3.7214999999999998]},"properties":{"FID":1510,"Fullname":"ODP 193-1190-A","Leg":"193","Hole":"1190A"}},{"type":"Feature","id":1511,"geometry":{"type":"Point","coordinates":[151.67689999999999,-3.7219000000000002]},"properties":{"FID":1511,"Fullname":"ODP 193-1190-B","Leg":"193","Hole":"1190B"}},{"type":"Feature","id":1512,"geometry":{"type":"Point","coordinates":[151.67679999999999,-3.7216999999999998]},"properties":{"FID":1512,"Fullname":"ODP 193-1190-C","Leg":"193","Hole":"1190C"}},{"type":"Feature","id":1513,"geometry":{"type":"Point","coordinates":[151.67230000000001,-3.7267999999999999]},"properties":{"FID":1513,"Fullname":"ODP 193-1191-A","Leg":"193","Hole":"1191A"}},{"type":"Feature","id":1514,"geometry":{"type":"Point","coordinates":[152.40430000000001,-20.5718]},"properties":{"FID":1514,"Fullname":"ODP 194-1192-A","Leg":"194","Hole":"1192A"}},{"type":"Feature","id":1515,"geometry":{"type":"Point","coordinates":[152.40430000000001,-20.5718]},"properties":{"FID":1515,"Fullname":"ODP 194-1192-B","Leg":"194","Hole":"1192B"}},{"type":"Feature","id":1516,"geometry":{"type":"Point","coordinates":[151.79220000000001,-20.241700000000002]},"properties":{"FID":1516,"Fullname":"ODP 194-1193-A","Leg":"194","Hole":"1193A"}},{"type":"Feature","id":1517,"geometry":{"type":"Point","coordinates":[151.79239999999999,-20.241700000000002]},"properties":{"FID":1517,"Fullname":"ODP 194-1193-B","Leg":"194","Hole":"1193B"}},{"type":"Feature","id":1518,"geometry":{"type":"Point","coordinates":[151.79230000000001,-20.241599999999998]},"properties":{"FID":1518,"Fullname":"ODP 194-1193-C","Leg":"194","Hole":"1193C"}},{"type":"Feature","id":1519,"geometry":{"type":"Point","coordinates":[151.983,-20.2425]},"properties":{"FID":1519,"Fullname":"ODP 194-1194-A","Leg":"194","Hole":"1194A"}},{"type":"Feature","id":1520,"geometry":{"type":"Point","coordinates":[151.98320000000001,-20.242599999999999]},"properties":{"FID":1520,"Fullname":"ODP 194-1194-B","Leg":"194","Hole":"1194B"}},{"type":"Feature","id":1521,"geometry":{"type":"Point","coordinates":[152.6705,-20.404699999999998]},"properties":{"FID":1521,"Fullname":"ODP 194-1195-A","Leg":"194","Hole":"1195A"}},{"type":"Feature","id":1522,"geometry":{"type":"Point","coordinates":[152.67070000000001,-20.404699999999998]},"properties":{"FID":1522,"Fullname":"ODP 194-1195-B","Leg":"194","Hole":"1195B"}},{"type":"Feature","id":1523,"geometry":{"type":"Point","coordinates":[152.85849999999999,-21.0062]},"properties":{"FID":1523,"Fullname":"ODP 194-1196-A","Leg":"194","Hole":"1196A"}},{"type":"Feature","id":1524,"geometry":{"type":"Point","coordinates":[152.8587,-21.0062]},"properties":{"FID":1524,"Fullname":"ODP 194-1196-B","Leg":"194","Hole":"1196B"}},{"type":"Feature","id":1525,"geometry":{"type":"Point","coordinates":[153.06549999999999,-21.0762]},"properties":{"FID":1525,"Fullname":"ODP 194-1197-A","Leg":"194","Hole":"1197A"}},{"type":"Feature","id":1526,"geometry":{"type":"Point","coordinates":[153.06569999999999,-21.0762]},"properties":{"FID":1526,"Fullname":"ODP 194-1197-B","Leg":"194","Hole":"1197B"}},{"type":"Feature","id":1527,"geometry":{"type":"Point","coordinates":[152.73320000000001,-20.965499999999999]},"properties":{"FID":1527,"Fullname":"ODP 194-1198-A","Leg":"194","Hole":"1198A"}},{"type":"Feature","id":1528,"geometry":{"type":"Point","coordinates":[152.73339999999999,-20.965499999999999]},"properties":{"FID":1528,"Fullname":"ODP 194-1198-B","Leg":"194","Hole":"1198B"}},{"type":"Feature","id":1529,"geometry":{"type":"Point","coordinates":[152.91579999999999,-20.978200000000001]},"properties":{"FID":1529,"Fullname":"ODP 194-1199-A","Leg":"194","Hole":"1199A"}},{"type":"Feature","id":1530,"geometry":{"type":"Point","coordinates":[146.00309999999999,13.7834]},"properties":{"FID":1530,"Fullname":"ODP 195-1200-A","Leg":"195","Hole":"1200A"}},{"type":"Feature","id":1531,"geometry":{"type":"Point","coordinates":[146.0033,13.7834]},"properties":{"FID":1531,"Fullname":"ODP 195-1200-B","Leg":"195","Hole":"1200B"}},{"type":"Feature","id":1532,"geometry":{"type":"Point","coordinates":[146.00290000000001,13.7845]},"properties":{"FID":1532,"Fullname":"ODP 195-1200-C","Leg":"195","Hole":"1200C"}},{"type":"Feature","id":1533,"geometry":{"type":"Point","coordinates":[146.00290000000001,13.7841]},"properties":{"FID":1533,"Fullname":"ODP 195-1200-D","Leg":"195","Hole":"1200D"}},{"type":"Feature","id":1534,"geometry":{"type":"Point","coordinates":[146.00309999999999,13.7834]},"properties":{"FID":1534,"Fullname":"ODP 195-1200-E","Leg":"195","Hole":"1200E"}},{"type":"Feature","id":1535,"geometry":{"type":"Point","coordinates":[146.00309999999999,13.7836]},"properties":{"FID":1535,"Fullname":"ODP 195-1200-F","Leg":"195","Hole":"1200F"}},{"type":"Feature","id":1536,"geometry":{"type":"Point","coordinates":[135.0992,19.297999999999998]},"properties":{"FID":1536,"Fullname":"ODP 195-1201-A","Leg":"195","Hole":"1201A"}},{"type":"Feature","id":1537,"geometry":{"type":"Point","coordinates":[135.0992,19.297999999999998]},"properties":{"FID":1537,"Fullname":"ODP 195-1201-B","Leg":"195","Hole":"1201B"}},{"type":"Feature","id":1538,"geometry":{"type":"Point","coordinates":[135.09899999999999,19.297999999999998]},"properties":{"FID":1538,"Fullname":"ODP 195-1201-C","Leg":"195","Hole":"1201C"}},{"type":"Feature","id":1539,"geometry":{"type":"Point","coordinates":[135.0992,19.296900000000001]},"properties":{"FID":1539,"Fullname":"ODP 195-1201-D","Leg":"195","Hole":"1201D"}},{"type":"Feature","id":1540,"geometry":{"type":"Point","coordinates":[135.0992,19.297599999999999]},"properties":{"FID":1540,"Fullname":"ODP 195-1201-E","Leg":"195","Hole":"1201E"}},{"type":"Feature","id":1541,"geometry":{"type":"Point","coordinates":[122.5,24.804099999999998]},"properties":{"FID":1541,"Fullname":"ODP 195-1202-A","Leg":"195","Hole":"1202A"}},{"type":"Feature","id":1542,"geometry":{"type":"Point","coordinates":[122.5001,24.804099999999998]},"properties":{"FID":1542,"Fullname":"ODP 195-1202-B","Leg":"195","Hole":"1202B"}},{"type":"Feature","id":1543,"geometry":{"type":"Point","coordinates":[122.5003,24.803999999999998]},"properties":{"FID":1543,"Fullname":"ODP 195-1202-C","Leg":"195","Hole":"1202C"}},{"type":"Feature","id":1544,"geometry":{"type":"Point","coordinates":[122.5004,24.804099999999998]},"properties":{"FID":1544,"Fullname":"ODP 195-1202-D","Leg":"195","Hole":"1202D"}},{"type":"Feature","id":1545,"geometry":{"type":"Point","coordinates":[135.0247,32.244700000000002]},"properties":{"FID":1545,"Fullname":"ODP 196-1173-B","Leg":"196","Hole":"1173B"}},{"type":"Feature","id":1546,"geometry":{"type":"Point","coordinates":[135.02440000000001,32.244999999999997]},"properties":{"FID":1546,"Fullname":"ODP 196-1173-C","Leg":"196","Hole":"1173C"}},{"type":"Feature","id":1547,"geometry":{"type":"Point","coordinates":[134.94499999999999,32.3536]},"properties":{"FID":1547,"Fullname":"ODP 196-808-H","Leg":"196","Hole":"808H"}},{"type":"Feature","id":1548,"geometry":{"type":"Point","coordinates":[134.94499999999999,32.3536]},"properties":{"FID":1548,"Fullname":"ODP 196-808-I","Leg":"196","Hole":"808I"}},{"type":"Feature","id":1549,"geometry":{"type":"Point","coordinates":[167.73990000000001,50.950000000000003]},"properties":{"FID":1549,"Fullname":"ODP 197-1203-A","Leg":"197","Hole":"1203A"}},{"type":"Feature","id":1550,"geometry":{"type":"Point","coordinates":[167.77269999999999,51.194600000000001]},"properties":{"FID":1550,"Fullname":"ODP 197-1204-A","Leg":"197","Hole":"1204A"}},{"type":"Feature","id":1551,"geometry":{"type":"Point","coordinates":[167.77369999999999,51.194000000000003]},"properties":{"FID":1551,"Fullname":"ODP 197-1204-B","Leg":"197","Hole":"1204B"}},{"type":"Feature","id":1552,"geometry":{"type":"Point","coordinates":[170.3783,41.333300000000001]},"properties":{"FID":1552,"Fullname":"ODP 197-1205-A","Leg":"197","Hole":"1205A"}},{"type":"Feature","id":1553,"geometry":{"type":"Point","coordinates":[172.14590000000001,34.925800000000002]},"properties":{"FID":1553,"Fullname":"ODP 197-1206-A","Leg":"197","Hole":"1206A"}},{"type":"Feature","id":1554,"geometry":{"type":"Point","coordinates":[162.7509,37.790500000000002]},"properties":{"FID":1554,"Fullname":"ODP 198-1207-A","Leg":"198","Hole":"1207A"}},{"type":"Feature","id":1555,"geometry":{"type":"Point","coordinates":[162.7509,37.790599999999998]},"properties":{"FID":1555,"Fullname":"ODP 198-1207-B","Leg":"198","Hole":"1207B"}},{"type":"Feature","id":1556,"geometry":{"type":"Point","coordinates":[158.20160000000001,36.127200000000002]},"properties":{"FID":1556,"Fullname":"ODP 198-1208-A","Leg":"198","Hole":"1208A"}},{"type":"Feature","id":1557,"geometry":{"type":"Point","coordinates":[158.5059,32.651699999999998]},"properties":{"FID":1557,"Fullname":"ODP 198-1209-A","Leg":"198","Hole":"1209A"}},{"type":"Feature","id":1558,"geometry":{"type":"Point","coordinates":[158.5059,32.651800000000001]},"properties":{"FID":1558,"Fullname":"ODP 198-1209-B","Leg":"198","Hole":"1209B"}},{"type":"Feature","id":1559,"geometry":{"type":"Point","coordinates":[158.5061,32.651699999999998]},"properties":{"FID":1559,"Fullname":"ODP 198-1209-C","Leg":"198","Hole":"1209C"}},{"type":"Feature","id":1560,"geometry":{"type":"Point","coordinates":[158.2594,32.223500000000001]},"properties":{"FID":1560,"Fullname":"ODP 198-1210-A","Leg":"198","Hole":"1210A"}},{"type":"Feature","id":1561,"geometry":{"type":"Point","coordinates":[158.2594,32.223700000000001]},"properties":{"FID":1561,"Fullname":"ODP 198-1210-B","Leg":"198","Hole":"1210B"}},{"type":"Feature","id":1562,"geometry":{"type":"Point","coordinates":[157.84999999999999,32.002200000000002]},"properties":{"FID":1562,"Fullname":"ODP 198-1211-A","Leg":"198","Hole":"1211A"}},{"type":"Feature","id":1563,"geometry":{"type":"Point","coordinates":[157.84999999999999,32.002299999999998]},"properties":{"FID":1563,"Fullname":"ODP 198-1211-B","Leg":"198","Hole":"1211B"}},{"type":"Feature","id":1564,"geometry":{"type":"Point","coordinates":[157.84999999999999,32.002000000000002]},"properties":{"FID":1564,"Fullname":"ODP 198-1211-C","Leg":"198","Hole":"1211C"}},{"type":"Feature","id":1565,"geometry":{"type":"Point","coordinates":[157.71170000000001,32.448300000000003]},"properties":{"FID":1565,"Fullname":"ODP 198-1212-A","Leg":"198","Hole":"1212A"}},{"type":"Feature","id":1566,"geometry":{"type":"Point","coordinates":[157.71170000000001,32.448399999999999]},"properties":{"FID":1566,"Fullname":"ODP 198-1212-B","Leg":"198","Hole":"1212B"}},{"type":"Feature","id":1567,"geometry":{"type":"Point","coordinates":[157.29769999999999,31.577300000000001]},"properties":{"FID":1567,"Fullname":"ODP 198-1213-A","Leg":"198","Hole":"1213A"}},{"type":"Feature","id":1568,"geometry":{"type":"Point","coordinates":[157.29769999999999,31.5776]},"properties":{"FID":1568,"Fullname":"ODP 198-1213-B","Leg":"198","Hole":"1213B"}},{"type":"Feature","id":1569,"geometry":{"type":"Point","coordinates":[157.4786,31.867100000000001]},"properties":{"FID":1569,"Fullname":"ODP 198-1214-A","Leg":"198","Hole":"1214A"}},{"type":"Feature","id":1570,"geometry":{"type":"Point","coordinates":[-147.9332,26.029599999999999]},"properties":{"FID":1570,"Fullname":"ODP 199-1215-A","Leg":"199","Hole":"1215A"}},{"type":"Feature","id":1571,"geometry":{"type":"Point","coordinates":[-147.9332,26.029399999999999]},"properties":{"FID":1571,"Fullname":"ODP 199-1215-B","Leg":"199","Hole":"1215B"}},{"type":"Feature","id":1572,"geometry":{"type":"Point","coordinates":[-139.47980000000001,21.4527]},"properties":{"FID":1572,"Fullname":"ODP 199-1216-A","Leg":"199","Hole":"1216A"}},{"type":"Feature","id":1573,"geometry":{"type":"Point","coordinates":[-139.47980000000001,21.4528]},"properties":{"FID":1573,"Fullname":"ODP 199-1216-B","Leg":"199","Hole":"1216B"}},{"type":"Feature","id":1574,"geometry":{"type":"Point","coordinates":[-138.09999999999999,16.866900000000001]},"properties":{"FID":1574,"Fullname":"ODP 199-1217-A","Leg":"199","Hole":"1217A"}},{"type":"Feature","id":1575,"geometry":{"type":"Point","coordinates":[-138.09999999999999,16.867000000000001]},"properties":{"FID":1575,"Fullname":"ODP 199-1217-B","Leg":"199","Hole":"1217B"}},{"type":"Feature","id":1576,"geometry":{"type":"Point","coordinates":[-138.09999999999999,16.867100000000001]},"properties":{"FID":1576,"Fullname":"ODP 199-1217-C","Leg":"199","Hole":"1217C"}},{"type":"Feature","id":1577,"geometry":{"type":"Point","coordinates":[-135.36670000000001,8.8894000000000002]},"properties":{"FID":1577,"Fullname":"ODP 199-1218-A","Leg":"199","Hole":"1218A"}},{"type":"Feature","id":1578,"geometry":{"type":"Point","coordinates":[-135.36670000000001,8.8895999999999997]},"properties":{"FID":1578,"Fullname":"ODP 199-1218-B","Leg":"199","Hole":"1218B"}},{"type":"Feature","id":1579,"geometry":{"type":"Point","coordinates":[-135.36670000000001,8.8897999999999993]},"properties":{"FID":1579,"Fullname":"ODP 199-1218-C","Leg":"199","Hole":"1218C"}},{"type":"Feature","id":1580,"geometry":{"type":"Point","coordinates":[-142.01570000000001,7.8002000000000002]},"properties":{"FID":1580,"Fullname":"ODP 199-1219-A","Leg":"199","Hole":"1219A"}},{"type":"Feature","id":1581,"geometry":{"type":"Point","coordinates":[-142.01570000000001,7.8003]},"properties":{"FID":1581,"Fullname":"ODP 199-1219-B","Leg":"199","Hole":"1219B"}},{"type":"Feature","id":1582,"geometry":{"type":"Point","coordinates":[-142.75819999999999,10.1767]},"properties":{"FID":1582,"Fullname":"ODP 199-1220-A","Leg":"199","Hole":"1220A"}},{"type":"Feature","id":1583,"geometry":{"type":"Point","coordinates":[-142.75839999999999,10.1767]},"properties":{"FID":1583,"Fullname":"ODP 199-1220-B","Leg":"199","Hole":"1220B"}},{"type":"Feature","id":1584,"geometry":{"type":"Point","coordinates":[-142.7586,10.1767]},"properties":{"FID":1584,"Fullname":"ODP 199-1220-C","Leg":"199","Hole":"1220C"}},{"type":"Feature","id":1585,"geometry":{"type":"Point","coordinates":[-143.6942,12.033300000000001]},"properties":{"FID":1585,"Fullname":"ODP 199-1221-A","Leg":"199","Hole":"1221A"}},{"type":"Feature","id":1586,"geometry":{"type":"Point","coordinates":[-143.6942,12.033099999999999]},"properties":{"FID":1586,"Fullname":"ODP 199-1221-B","Leg":"199","Hole":"1221B"}},{"type":"Feature","id":1587,"geometry":{"type":"Point","coordinates":[-143.6942,12.033099999999999]},"properties":{"FID":1587,"Fullname":"ODP 199-1221-C","Leg":"199","Hole":"1221C"}},{"type":"Feature","id":1588,"geometry":{"type":"Point","coordinates":[-143.6942,12.0329]},"properties":{"FID":1588,"Fullname":"ODP 199-1221-D","Leg":"199","Hole":"1221D"}},{"type":"Feature","id":1589,"geometry":{"type":"Point","coordinates":[-143.88910000000001,13.8163]},"properties":{"FID":1589,"Fullname":"ODP 199-1222-A","Leg":"199","Hole":"1222A"}},{"type":"Feature","id":1590,"geometry":{"type":"Point","coordinates":[-143.88890000000001,13.8163]},"properties":{"FID":1590,"Fullname":"ODP 199-1222-B","Leg":"199","Hole":"1222B"}},{"type":"Feature","id":1591,"geometry":{"type":"Point","coordinates":[-155.65430000000001,22.973500000000001]},"properties":{"FID":1591,"Fullname":"ODP 200-1223-A","Leg":"200","Hole":"1223A"}},{"type":"Feature","id":1592,"geometry":{"type":"Point","coordinates":[-141.97919999999999,27.889500000000002]},"properties":{"FID":1592,"Fullname":"ODP 200-1224-A","Leg":"200","Hole":"1224A"}},{"type":"Feature","id":1593,"geometry":{"type":"Point","coordinates":[-141.97919999999999,27.889500000000002]},"properties":{"FID":1593,"Fullname":"ODP 200-1224-B","Leg":"200","Hole":"1224B"}},{"type":"Feature","id":1594,"geometry":{"type":"Point","coordinates":[-141.97929999999999,27.889500000000002]},"properties":{"FID":1594,"Fullname":"ODP 200-1224-C","Leg":"200","Hole":"1224C"}},{"type":"Feature","id":1595,"geometry":{"type":"Point","coordinates":[-141.97919999999999,27.889500000000002]},"properties":{"FID":1595,"Fullname":"ODP 200-1224-D","Leg":"200","Hole":"1224D"}},{"type":"Feature","id":1596,"geometry":{"type":"Point","coordinates":[-141.97929999999999,27.889399999999998]},"properties":{"FID":1596,"Fullname":"ODP 200-1224-E","Leg":"200","Hole":"1224E"}},{"type":"Feature","id":1597,"geometry":{"type":"Point","coordinates":[-141.97929999999999,27.889399999999998]},"properties":{"FID":1597,"Fullname":"ODP 200-1224-F","Leg":"200","Hole":"1224F"}},{"type":"Feature","id":1598,"geometry":{"type":"Point","coordinates":[-110.5715,2.7707999999999999]},"properties":{"FID":1598,"Fullname":"ODP 201-1225-A","Leg":"201","Hole":"1225A"}},{"type":"Feature","id":1599,"geometry":{"type":"Point","coordinates":[-110.5715,2.7709000000000001]},"properties":{"FID":1599,"Fullname":"ODP 201-1225-B","Leg":"201","Hole":"1225B"}},{"type":"Feature","id":1600,"geometry":{"type":"Point","coordinates":[-110.5715,2.7709999999999999]},"properties":{"FID":1600,"Fullname":"ODP 201-1225-C","Leg":"201","Hole":"1225C"}},{"type":"Feature","id":1601,"geometry":{"type":"Point","coordinates":[-90.817999999999998,-3.0945]},"properties":{"FID":1601,"Fullname":"ODP 201-1226-A","Leg":"201","Hole":"1226A"}},{"type":"Feature","id":1602,"geometry":{"type":"Point","coordinates":[-90.817999999999998,-3.0945]},"properties":{"FID":1602,"Fullname":"ODP 201-1226-B","Leg":"201","Hole":"1226B"}},{"type":"Feature","id":1603,"geometry":{"type":"Point","coordinates":[-90.817999999999998,-3.0941000000000001]},"properties":{"FID":1603,"Fullname":"ODP 201-1226-C","Leg":"201","Hole":"1226C"}},{"type":"Feature","id":1604,"geometry":{"type":"Point","coordinates":[-90.817999999999998,-3.0941000000000001]},"properties":{"FID":1604,"Fullname":"ODP 201-1226-D","Leg":"201","Hole":"1226D"}},{"type":"Feature","id":1605,"geometry":{"type":"Point","coordinates":[-90.817999999999998,-3.0939999999999999]},"properties":{"FID":1605,"Fullname":"ODP 201-1226-E","Leg":"201","Hole":"1226E"}},{"type":"Feature","id":1606,"geometry":{"type":"Point","coordinates":[-79.955799999999996,-8.9910999999999994]},"properties":{"FID":1606,"Fullname":"ODP 201-1227-A","Leg":"201","Hole":"1227A"}},{"type":"Feature","id":1607,"geometry":{"type":"Point","coordinates":[-79.955799999999996,-8.9908999999999999]},"properties":{"FID":1607,"Fullname":"ODP 201-1227-B","Leg":"201","Hole":"1227B"}},{"type":"Feature","id":1608,"geometry":{"type":"Point","coordinates":[-79.955799999999996,-8.9908000000000001]},"properties":{"FID":1608,"Fullname":"ODP 201-1227-C","Leg":"201","Hole":"1227C"}},{"type":"Feature","id":1609,"geometry":{"type":"Point","coordinates":[-79.956000000000003,-8.9908000000000001]},"properties":{"FID":1609,"Fullname":"ODP 201-1227-D","Leg":"201","Hole":"1227D"}},{"type":"Feature","id":1610,"geometry":{"type":"Point","coordinates":[-79.956000000000003,-8.9907000000000004]},"properties":{"FID":1610,"Fullname":"ODP 201-1227-E","Leg":"201","Hole":"1227E"}},{"type":"Feature","id":1611,"geometry":{"type":"Point","coordinates":[-78.077799999999996,-11.064500000000001]},"properties":{"FID":1611,"Fullname":"ODP 201-1228-A","Leg":"201","Hole":"1228A"}},{"type":"Feature","id":1612,"geometry":{"type":"Point","coordinates":[-78.077699999999993,-11.064399999999999]},"properties":{"FID":1612,"Fullname":"ODP 201-1228-B","Leg":"201","Hole":"1228B"}},{"type":"Feature","id":1613,"geometry":{"type":"Point","coordinates":[-78.077799999999996,-11.0642]},"properties":{"FID":1613,"Fullname":"ODP 201-1228-C","Leg":"201","Hole":"1228C"}},{"type":"Feature","id":1614,"geometry":{"type":"Point","coordinates":[-78.0779,-11.0642]},"properties":{"FID":1614,"Fullname":"ODP 201-1228-D","Leg":"201","Hole":"1228D"}},{"type":"Feature","id":1615,"geometry":{"type":"Point","coordinates":[-78.077799999999996,-11.064]},"properties":{"FID":1615,"Fullname":"ODP 201-1228-E","Leg":"201","Hole":"1228E"}},{"type":"Feature","id":1616,"geometry":{"type":"Point","coordinates":[-77.957599999999999,-10.9762]},"properties":{"FID":1616,"Fullname":"ODP 201-1229-A","Leg":"201","Hole":"1229A"}},{"type":"Feature","id":1617,"geometry":{"type":"Point","coordinates":[-77.957599999999999,-10.9762]},"properties":{"FID":1617,"Fullname":"ODP 201-1229-B","Leg":"201","Hole":"1229B"}},{"type":"Feature","id":1618,"geometry":{"type":"Point","coordinates":[-77.957800000000006,-10.976100000000001]},"properties":{"FID":1618,"Fullname":"ODP 201-1229-C","Leg":"201","Hole":"1229C"}},{"type":"Feature","id":1619,"geometry":{"type":"Point","coordinates":[-77.957800000000006,-10.976100000000001]},"properties":{"FID":1619,"Fullname":"ODP 201-1229-D","Leg":"201","Hole":"1229D"}},{"type":"Feature","id":1620,"geometry":{"type":"Point","coordinates":[-77.957999999999998,-10.976100000000001]},"properties":{"FID":1620,"Fullname":"ODP 201-1229-E","Leg":"201","Hole":"1229E"}},{"type":"Feature","id":1621,"geometry":{"type":"Point","coordinates":[-80.583500000000001,-9.1125000000000007]},"properties":{"FID":1621,"Fullname":"ODP 201-1230-A","Leg":"201","Hole":"1230A"}},{"type":"Feature","id":1622,"geometry":{"type":"Point","coordinates":[-80.583500000000001,-9.1123999999999992]},"properties":{"FID":1622,"Fullname":"ODP 201-1230-B","Leg":"201","Hole":"1230B"}},{"type":"Feature","id":1623,"geometry":{"type":"Point","coordinates":[-80.583500000000001,-9.1122999999999994]},"properties":{"FID":1623,"Fullname":"ODP 201-1230-C","Leg":"201","Hole":"1230C"}},{"type":"Feature","id":1624,"geometry":{"type":"Point","coordinates":[-80.583500000000001,-9.1121999999999996]},"properties":{"FID":1624,"Fullname":"ODP 201-1230-D","Leg":"201","Hole":"1230D"}},{"type":"Feature","id":1625,"geometry":{"type":"Point","coordinates":[-80.583500000000001,-9.1120999999999999]},"properties":{"FID":1625,"Fullname":"ODP 201-1230-E","Leg":"201","Hole":"1230E"}},{"type":"Feature","id":1626,"geometry":{"type":"Point","coordinates":[-81.903999999999996,-12.021100000000001]},"properties":{"FID":1626,"Fullname":"ODP 201-1231-A","Leg":"201","Hole":"1231A"}},{"type":"Feature","id":1627,"geometry":{"type":"Point","coordinates":[-81.903999999999996,-12.021100000000001]},"properties":{"FID":1627,"Fullname":"ODP 201-1231-B","Leg":"201","Hole":"1231B"}},{"type":"Feature","id":1628,"geometry":{"type":"Point","coordinates":[-81.903999999999996,-12.020899999999999]},"properties":{"FID":1628,"Fullname":"ODP 201-1231-C","Leg":"201","Hole":"1231C"}},{"type":"Feature","id":1629,"geometry":{"type":"Point","coordinates":[-81.903999999999996,-12.0207]},"properties":{"FID":1629,"Fullname":"ODP 201-1231-D","Leg":"201","Hole":"1231D"}},{"type":"Feature","id":1630,"geometry":{"type":"Point","coordinates":[-81.903999999999996,-12.0205]},"properties":{"FID":1630,"Fullname":"ODP 201-1231-E","Leg":"201","Hole":"1231E"}},{"type":"Feature","id":1631,"geometry":{"type":"Point","coordinates":[-75.901399999999995,-39.891199999999998]},"properties":{"FID":1631,"Fullname":"ODP 202-1232-A","Leg":"202","Hole":"1232A"}},{"type":"Feature","id":1632,"geometry":{"type":"Point","coordinates":[-75.901300000000006,-39.890900000000002]},"properties":{"FID":1632,"Fullname":"ODP 202-1232-B","Leg":"202","Hole":"1232B"}},{"type":"Feature","id":1633,"geometry":{"type":"Point","coordinates":[-75.901399999999995,-39.890700000000002]},"properties":{"FID":1633,"Fullname":"ODP 202-1232-C","Leg":"202","Hole":"1232C"}},{"type":"Feature","id":1634,"geometry":{"type":"Point","coordinates":[-74.450000000000003,-41]},"properties":{"FID":1634,"Fullname":"ODP 202-1233-A","Leg":"202","Hole":"1233A"}},{"type":"Feature","id":1635,"geometry":{"type":"Point","coordinates":[-74.450000000000003,-41]},"properties":{"FID":1635,"Fullname":"ODP 202-1233-B","Leg":"202","Hole":"1233B"}},{"type":"Feature","id":1636,"geometry":{"type":"Point","coordinates":[-74.4499,-41]},"properties":{"FID":1636,"Fullname":"ODP 202-1233-C","Leg":"202","Hole":"1233C"}},{"type":"Feature","id":1637,"geometry":{"type":"Point","coordinates":[-74.449799999999996,-41.0002]},"properties":{"FID":1637,"Fullname":"ODP 202-1233-D","Leg":"202","Hole":"1233D"}},{"type":"Feature","id":1638,"geometry":{"type":"Point","coordinates":[-74.449700000000007,-41.0002]},"properties":{"FID":1638,"Fullname":"ODP 202-1233-E","Leg":"202","Hole":"1233E"}},{"type":"Feature","id":1639,"geometry":{"type":"Point","coordinates":[-73.681799999999996,-36.219200000000001]},"properties":{"FID":1639,"Fullname":"ODP 202-1234-A","Leg":"202","Hole":"1234A"}},{"type":"Feature","id":1640,"geometry":{"type":"Point","coordinates":[-73.681700000000006,-36.219200000000001]},"properties":{"FID":1640,"Fullname":"ODP 202-1234-B","Leg":"202","Hole":"1234B"}},{"type":"Feature","id":1641,"geometry":{"type":"Point","coordinates":[-73.681600000000003,-36.219299999999997]},"properties":{"FID":1641,"Fullname":"ODP 202-1234-C","Leg":"202","Hole":"1234C"}},{"type":"Feature","id":1642,"geometry":{"type":"Point","coordinates":[-73.566500000000005,-36.159799999999997]},"properties":{"FID":1642,"Fullname":"ODP 202-1235-A","Leg":"202","Hole":"1235A"}},{"type":"Feature","id":1643,"geometry":{"type":"Point","coordinates":[-73.566400000000002,-36.1599]},"properties":{"FID":1643,"Fullname":"ODP 202-1235-B","Leg":"202","Hole":"1235B"}},{"type":"Feature","id":1644,"geometry":{"type":"Point","coordinates":[-73.566299999999998,-36.159999999999997]},"properties":{"FID":1644,"Fullname":"ODP 202-1235-C","Leg":"202","Hole":"1235C"}},{"type":"Feature","id":1645,"geometry":{"type":"Point","coordinates":[-81.436000000000007,-21.359000000000002]},"properties":{"FID":1645,"Fullname":"ODP 202-1236-A","Leg":"202","Hole":"1236A"}},{"type":"Feature","id":1646,"geometry":{"type":"Point","coordinates":[-81.436099999999996,-21.359000000000002]},"properties":{"FID":1646,"Fullname":"ODP 202-1236-B","Leg":"202","Hole":"1236B"}},{"type":"Feature","id":1647,"geometry":{"type":"Point","coordinates":[-81.436199999999999,-21.359000000000002]},"properties":{"FID":1647,"Fullname":"ODP 202-1236-C","Leg":"202","Hole":"1236C"}},{"type":"Feature","id":1648,"geometry":{"type":"Point","coordinates":[-76.378,-16.007000000000001]},"properties":{"FID":1648,"Fullname":"ODP 202-1237-A","Leg":"202","Hole":"1237A"}},{"type":"Feature","id":1649,"geometry":{"type":"Point","coordinates":[-76.378,-16.007000000000001]},"properties":{"FID":1649,"Fullname":"ODP 202-1237-B","Leg":"202","Hole":"1237B"}},{"type":"Feature","id":1650,"geometry":{"type":"Point","coordinates":[-76.378100000000003,-16.007000000000001]},"properties":{"FID":1650,"Fullname":"ODP 202-1237-C","Leg":"202","Hole":"1237C"}},{"type":"Feature","id":1651,"geometry":{"type":"Point","coordinates":[-76.378200000000007,-16.007000000000001]},"properties":{"FID":1651,"Fullname":"ODP 202-1237-D","Leg":"202","Hole":"1237D"}},{"type":"Feature","id":1652,"geometry":{"type":"Point","coordinates":[-82.782300000000006,-1.8717999999999999]},"properties":{"FID":1652,"Fullname":"ODP 202-1238-A","Leg":"202","Hole":"1238A"}},{"type":"Feature","id":1653,"geometry":{"type":"Point","coordinates":[-82.782200000000003,-1.8717999999999999]},"properties":{"FID":1653,"Fullname":"ODP 202-1238-B","Leg":"202","Hole":"1238B"}},{"type":"Feature","id":1654,"geometry":{"type":"Point","coordinates":[-82.7821,-1.8717999999999999]},"properties":{"FID":1654,"Fullname":"ODP 202-1238-C","Leg":"202","Hole":"1238C"}},{"type":"Feature","id":1655,"geometry":{"type":"Point","coordinates":[-82.080799999999996,-0.67200000000000004]},"properties":{"FID":1655,"Fullname":"ODP 202-1239-A","Leg":"202","Hole":"1239A"}},{"type":"Feature","id":1656,"geometry":{"type":"Point","coordinates":[-82.081000000000003,-0.67200000000000004]},"properties":{"FID":1656,"Fullname":"ODP 202-1239-B","Leg":"202","Hole":"1239B"}},{"type":"Feature","id":1657,"geometry":{"type":"Point","coordinates":[-82.081199999999995,-0.67200000000000004]},"properties":{"FID":1657,"Fullname":"ODP 202-1239-C","Leg":"202","Hole":"1239C"}},{"type":"Feature","id":1658,"geometry":{"type":"Point","coordinates":[-86.462500000000006,0.0218]},"properties":{"FID":1658,"Fullname":"ODP 202-1240-A","Leg":"202","Hole":"1240A"}},{"type":"Feature","id":1659,"geometry":{"type":"Point","coordinates":[-86.462599999999995,0.0218]},"properties":{"FID":1659,"Fullname":"ODP 202-1240-B","Leg":"202","Hole":"1240B"}},{"type":"Feature","id":1660,"geometry":{"type":"Point","coordinates":[-86.462699999999998,0.0218]},"properties":{"FID":1660,"Fullname":"ODP 202-1240-C","Leg":"202","Hole":"1240C"}},{"type":"Feature","id":1661,"geometry":{"type":"Point","coordinates":[-86.462800000000001,0.0218]},"properties":{"FID":1661,"Fullname":"ODP 202-1240-D","Leg":"202","Hole":"1240D"}},{"type":"Feature","id":1662,"geometry":{"type":"Point","coordinates":[-86.444500000000005,5.8428000000000004]},"properties":{"FID":1662,"Fullname":"ODP 202-1241-A","Leg":"202","Hole":"1241A"}},{"type":"Feature","id":1663,"geometry":{"type":"Point","coordinates":[-86.444699999999997,5.8428000000000004]},"properties":{"FID":1663,"Fullname":"ODP 202-1241-B","Leg":"202","Hole":"1241B"}},{"type":"Feature","id":1664,"geometry":{"type":"Point","coordinates":[-86.444900000000004,5.8428000000000004]},"properties":{"FID":1664,"Fullname":"ODP 202-1241-C","Leg":"202","Hole":"1241C"}},{"type":"Feature","id":1665,"geometry":{"type":"Point","coordinates":[-83.606700000000004,7.8559000000000001]},"properties":{"FID":1665,"Fullname":"ODP 202-1242-A","Leg":"202","Hole":"1242A"}},{"type":"Feature","id":1666,"geometry":{"type":"Point","coordinates":[-83.606899999999996,7.8559000000000001]},"properties":{"FID":1666,"Fullname":"ODP 202-1242-B","Leg":"202","Hole":"1242B"}},{"type":"Feature","id":1667,"geometry":{"type":"Point","coordinates":[-83.607100000000003,7.8559000000000001]},"properties":{"FID":1667,"Fullname":"ODP 202-1242-C","Leg":"202","Hole":"1242C"}},{"type":"Feature","id":1668,"geometry":{"type":"Point","coordinates":[-83.607200000000006,7.8559000000000001]},"properties":{"FID":1668,"Fullname":"ODP 202-1242-D","Leg":"202","Hole":"1242D"}},{"type":"Feature","id":1669,"geometry":{"type":"Point","coordinates":[-110.0763,5.3009000000000004]},"properties":{"FID":1669,"Fullname":"ODP 203-1243-A","Leg":"203","Hole":"1243A"}},{"type":"Feature","id":1670,"geometry":{"type":"Point","coordinates":[-110.07089999999999,5.3009000000000004]},"properties":{"FID":1670,"Fullname":"ODP 203-1243-B","Leg":"203","Hole":"1243B"}},{"type":"Feature","id":1671,"geometry":{"type":"Point","coordinates":[-125.1198,44.586199999999998]},"properties":{"FID":1671,"Fullname":"ODP 204-1244-A","Leg":"204","Hole":"1244A"}},{"type":"Feature","id":1672,"geometry":{"type":"Point","coordinates":[-125.1199,44.586199999999998]},"properties":{"FID":1672,"Fullname":"ODP 204-1244-B","Leg":"204","Hole":"1244B"}},{"type":"Feature","id":1673,"geometry":{"type":"Point","coordinates":[-125.1198,44.586300000000001]},"properties":{"FID":1673,"Fullname":"ODP 204-1244-C","Leg":"204","Hole":"1244C"}},{"type":"Feature","id":1674,"geometry":{"type":"Point","coordinates":[-125.1198,44.586399999999998]},"properties":{"FID":1674,"Fullname":"ODP 204-1244-D","Leg":"204","Hole":"1244D"}},{"type":"Feature","id":1675,"geometry":{"type":"Point","coordinates":[-125.1195,44.586199999999998]},"properties":{"FID":1675,"Fullname":"ODP 204-1244-E","Leg":"204","Hole":"1244E"}},{"type":"Feature","id":1676,"geometry":{"type":"Point","coordinates":[-125.1195,44.586199999999998]},"properties":{"FID":1676,"Fullname":"ODP 204-1244-F","Leg":"204","Hole":"1244F"}},{"type":"Feature","id":1677,"geometry":{"type":"Point","coordinates":[-125.1491,44.586199999999998]},"properties":{"FID":1677,"Fullname":"ODP 204-1245-A","Leg":"204","Hole":"1245A"}},{"type":"Feature","id":1678,"geometry":{"type":"Point","coordinates":[-125.1491,44.585999999999999]},"properties":{"FID":1678,"Fullname":"ODP 204-1245-B","Leg":"204","Hole":"1245B"}},{"type":"Feature","id":1679,"geometry":{"type":"Point","coordinates":[-125.1489,44.586199999999998]},"properties":{"FID":1679,"Fullname":"ODP 204-1245-C","Leg":"204","Hole":"1245C"}},{"type":"Feature","id":1680,"geometry":{"type":"Point","coordinates":[-125.14879999999999,44.586199999999998]},"properties":{"FID":1680,"Fullname":"ODP 204-1245-D","Leg":"204","Hole":"1245D"}},{"type":"Feature","id":1681,"geometry":{"type":"Point","coordinates":[-125.1493,44.586199999999998]},"properties":{"FID":1681,"Fullname":"ODP 204-1245-E","Leg":"204","Hole":"1245E"}},{"type":"Feature","id":1682,"geometry":{"type":"Point","coordinates":[-125.1357,44.586100000000002]},"properties":{"FID":1682,"Fullname":"ODP 204-1246-A","Leg":"204","Hole":"1246A"}},{"type":"Feature","id":1683,"geometry":{"type":"Point","coordinates":[-125.1354,44.586100000000002]},"properties":{"FID":1683,"Fullname":"ODP 204-1246-B","Leg":"204","Hole":"1246B"}},{"type":"Feature","id":1684,"geometry":{"type":"Point","coordinates":[-125.1502,44.5777]},"properties":{"FID":1684,"Fullname":"ODP 204-1247-A","Leg":"204","Hole":"1247A"}},{"type":"Feature","id":1685,"geometry":{"type":"Point","coordinates":[-125.15130000000001,44.577599999999997]},"properties":{"FID":1685,"Fullname":"ODP 204-1247-B","Leg":"204","Hole":"1247B"}},{"type":"Feature","id":1686,"geometry":{"type":"Point","coordinates":[-125.15260000000001,44.574199999999998]},"properties":{"FID":1686,"Fullname":"ODP 204-1248-A","Leg":"204","Hole":"1248A"}},{"type":"Feature","id":1687,"geometry":{"type":"Point","coordinates":[-125.1525,44.574300000000001]},"properties":{"FID":1687,"Fullname":"ODP 204-1248-B","Leg":"204","Hole":"1248B"}},{"type":"Feature","id":1688,"geometry":{"type":"Point","coordinates":[-125.1525,44.574199999999998]},"properties":{"FID":1688,"Fullname":"ODP 204-1248-C","Leg":"204","Hole":"1248C"}},{"type":"Feature","id":1689,"geometry":{"type":"Point","coordinates":[-125.1474,44.570399999999999]},"properties":{"FID":1689,"Fullname":"ODP 204-1249-A","Leg":"204","Hole":"1249A"}},{"type":"Feature","id":1690,"geometry":{"type":"Point","coordinates":[-125.1474,44.5702]},"properties":{"FID":1690,"Fullname":"ODP 204-1249-B","Leg":"204","Hole":"1249B"}},{"type":"Feature","id":1691,"geometry":{"type":"Point","coordinates":[-125.1473,44.570599999999999]},"properties":{"FID":1691,"Fullname":"ODP 204-1249-C","Leg":"204","Hole":"1249C"}},{"type":"Feature","id":1692,"geometry":{"type":"Point","coordinates":[-125.1473,44.570399999999999]},"properties":{"FID":1692,"Fullname":"ODP 204-1249-D","Leg":"204","Hole":"1249D"}},{"type":"Feature","id":1693,"geometry":{"type":"Point","coordinates":[-125.1473,44.570399999999999]},"properties":{"FID":1693,"Fullname":"ODP 204-1249-E","Leg":"204","Hole":"1249E"}},{"type":"Feature","id":1694,"geometry":{"type":"Point","coordinates":[-125.1473,44.570500000000003]},"properties":{"FID":1694,"Fullname":"ODP 204-1249-F","Leg":"204","Hole":"1249F"}},{"type":"Feature","id":1695,"geometry":{"type":"Point","coordinates":[-125.1474,44.570099999999996]},"properties":{"FID":1695,"Fullname":"ODP 204-1249-G","Leg":"204","Hole":"1249G"}},{"type":"Feature","id":1696,"geometry":{"type":"Point","coordinates":[-125.1473,44.5702]},"properties":{"FID":1696,"Fullname":"ODP 204-1249-H","Leg":"204","Hole":"1249H"}},{"type":"Feature","id":1697,"geometry":{"type":"Point","coordinates":[-125.1474,44.5702]},"properties":{"FID":1697,"Fullname":"ODP 204-1249-I","Leg":"204","Hole":"1249I"}},{"type":"Feature","id":1698,"geometry":{"type":"Point","coordinates":[-125.1474,44.5702]},"properties":{"FID":1698,"Fullname":"ODP 204-1249-J","Leg":"204","Hole":"1249J"}},{"type":"Feature","id":1699,"geometry":{"type":"Point","coordinates":[-125.1473,44.5702]},"properties":{"FID":1699,"Fullname":"ODP 204-1249-K","Leg":"204","Hole":"1249K"}},{"type":"Feature","id":1700,"geometry":{"type":"Point","coordinates":[-125.1474,44.5702]},"properties":{"FID":1700,"Fullname":"ODP 204-1249-L","Leg":"204","Hole":"1249L"}},{"type":"Feature","id":1701,"geometry":{"type":"Point","coordinates":[-125.1503,44.568600000000004]},"properties":{"FID":1701,"Fullname":"ODP 204-1250-A","Leg":"204","Hole":"1250A"}},{"type":"Feature","id":1702,"geometry":{"type":"Point","coordinates":[-125.1499,44.568600000000004]},"properties":{"FID":1702,"Fullname":"ODP 204-1250-B","Leg":"204","Hole":"1250B"}},{"type":"Feature","id":1703,"geometry":{"type":"Point","coordinates":[-125.1503,44.568800000000003]},"properties":{"FID":1703,"Fullname":"ODP 204-1250-C","Leg":"204","Hole":"1250C"}},{"type":"Feature","id":1704,"geometry":{"type":"Point","coordinates":[-125.1503,44.568399999999997]},"properties":{"FID":1704,"Fullname":"ODP 204-1250-D","Leg":"204","Hole":"1250D"}},{"type":"Feature","id":1705,"geometry":{"type":"Point","coordinates":[-125.1503,44.5685]},"properties":{"FID":1705,"Fullname":"ODP 204-1250-E","Leg":"204","Hole":"1250E"}},{"type":"Feature","id":1706,"geometry":{"type":"Point","coordinates":[-125.15000000000001,44.568600000000004]},"properties":{"FID":1706,"Fullname":"ODP 204-1250-F","Leg":"204","Hole":"1250F"}},{"type":"Feature","id":1707,"geometry":{"type":"Point","coordinates":[-125.0742,44.570300000000003]},"properties":{"FID":1707,"Fullname":"ODP 204-1251-A","Leg":"204","Hole":"1251A"}},{"type":"Feature","id":1708,"geometry":{"type":"Point","coordinates":[-125.074,44.570300000000003]},"properties":{"FID":1708,"Fullname":"ODP 204-1251-B","Leg":"204","Hole":"1251B"}},{"type":"Feature","id":1709,"geometry":{"type":"Point","coordinates":[-125.07389999999999,44.570099999999996]},"properties":{"FID":1709,"Fullname":"ODP 204-1251-C","Leg":"204","Hole":"1251C"}},{"type":"Feature","id":1710,"geometry":{"type":"Point","coordinates":[-125.07389999999999,44.570099999999996]},"properties":{"FID":1710,"Fullname":"ODP 204-1251-D","Leg":"204","Hole":"1251D"}},{"type":"Feature","id":1711,"geometry":{"type":"Point","coordinates":[-125.07389999999999,44.5702]},"properties":{"FID":1711,"Fullname":"ODP 204-1251-E","Leg":"204","Hole":"1251E"}},{"type":"Feature","id":1712,"geometry":{"type":"Point","coordinates":[-125.074,44.570300000000003]},"properties":{"FID":1712,"Fullname":"ODP 204-1251-F","Leg":"204","Hole":"1251F"}},{"type":"Feature","id":1713,"geometry":{"type":"Point","coordinates":[-125.07389999999999,44.5702]},"properties":{"FID":1713,"Fullname":"ODP 204-1251-G","Leg":"204","Hole":"1251G"}},{"type":"Feature","id":1714,"geometry":{"type":"Point","coordinates":[-125.0742,44.570099999999996]},"properties":{"FID":1714,"Fullname":"ODP 204-1251-H","Leg":"204","Hole":"1251H"}},{"type":"Feature","id":1715,"geometry":{"type":"Point","coordinates":[-125.0928,44.586100000000002]},"properties":{"FID":1715,"Fullname":"ODP 204-1252-A","Leg":"204","Hole":"1252A"}},{"type":"Feature","id":1716,"geometry":{"type":"Point","coordinates":[-86.190600000000003,9.6476000000000006]},"properties":{"FID":1716,"Fullname":"ODP 205-1253-A","Leg":"205","Hole":"1253A"}},{"type":"Feature","id":1717,"geometry":{"type":"Point","coordinates":[-86.179100000000005,9.6616]},"properties":{"FID":1717,"Fullname":"ODP 205-1254-A","Leg":"205","Hole":"1254A"}},{"type":"Feature","id":1718,"geometry":{"type":"Point","coordinates":[-86.178799999999995,9.6620000000000008]},"properties":{"FID":1718,"Fullname":"ODP 205-1254-B","Leg":"205","Hole":"1254B"}},{"type":"Feature","id":1719,"geometry":{"type":"Point","coordinates":[-86.1858,9.6545000000000005]},"properties":{"FID":1719,"Fullname":"ODP 205-1255-A","Leg":"205","Hole":"1255A"}},{"type":"Feature","id":1720,"geometry":{"type":"Point","coordinates":[-91.934300000000007,6.7365000000000004]},"properties":{"FID":1720,"Fullname":"ODP 206-1256-A","Leg":"206","Hole":"1256A"}},{"type":"Feature","id":1721,"geometry":{"type":"Point","coordinates":[-91.934300000000007,6.7365000000000004]},"properties":{"FID":1721,"Fullname":"ODP 206-1256-B","Leg":"206","Hole":"1256B"}},{"type":"Feature","id":1722,"geometry":{"type":"Point","coordinates":[-91.934300000000007,6.7363]},"properties":{"FID":1722,"Fullname":"ODP 206-1256-C","Leg":"206","Hole":"1256C"}},{"type":"Feature","id":1723,"geometry":{"type":"Point","coordinates":[-91.934399999999997,6.7361000000000004]},"properties":{"FID":1723,"Fullname":"ODP 206-1256-D","Leg":"206","Hole":"1256D"}},{"type":"Feature","id":1724,"geometry":{"type":"Point","coordinates":[-54.341999999999999,9.4537999999999993]},"properties":{"FID":1724,"Fullname":"ODP 207-1257-A","Leg":"207","Hole":"1257A"}},{"type":"Feature","id":1725,"geometry":{"type":"Point","coordinates":[-54.341799999999999,9.4535999999999998]},"properties":{"FID":1725,"Fullname":"ODP 207-1257-B","Leg":"207","Hole":"1257B"}},{"type":"Feature","id":1726,"geometry":{"type":"Point","coordinates":[-54.3416,9.4534000000000002]},"properties":{"FID":1726,"Fullname":"ODP 207-1257-C","Leg":"207","Hole":"1257C"}},{"type":"Feature","id":1727,"geometry":{"type":"Point","coordinates":[-54.733299999999993,9.4332999999999991]},"properties":{"FID":1727,"Fullname":"ODP 207-1258-A","Leg":"207","Hole":"1258A"}},{"type":"Feature","id":1728,"geometry":{"type":"Point","coordinates":[-54.732999999999997,9.4332999999999991]},"properties":{"FID":1728,"Fullname":"ODP 207-1258-B","Leg":"207","Hole":"1258B"}},{"type":"Feature","id":1729,"geometry":{"type":"Point","coordinates":[-54.73279999999999,9.4332999999999991]},"properties":{"FID":1729,"Fullname":"ODP 207-1258-C","Leg":"207","Hole":"1258C"}},{"type":"Feature","id":1730,"geometry":{"type":"Point","coordinates":[-54.200000000000003,9.3000000000000007]},"properties":{"FID":1730,"Fullname":"ODP 207-1259-A","Leg":"207","Hole":"1259A"}},{"type":"Feature","id":1731,"geometry":{"type":"Point","coordinates":[-54.199100000000001,9.3008000000000006]},"properties":{"FID":1731,"Fullname":"ODP 207-1259-B","Leg":"207","Hole":"1259B"}},{"type":"Feature","id":1732,"geometry":{"type":"Point","coordinates":[-54.199499999999993,9.3003999999999998]},"properties":{"FID":1732,"Fullname":"ODP 207-1259-C","Leg":"207","Hole":"1259C"}},{"type":"Feature","id":1733,"geometry":{"type":"Point","coordinates":[-54.543900000000001,9.2658000000000005]},"properties":{"FID":1733,"Fullname":"ODP 207-1260-A","Leg":"207","Hole":"1260A"}},{"type":"Feature","id":1734,"geometry":{"type":"Point","coordinates":[-54.544199999999996,9.2654999999999994]},"properties":{"FID":1734,"Fullname":"ODP 207-1260-B","Leg":"207","Hole":"1260B"}},{"type":"Feature","id":1735,"geometry":{"type":"Point","coordinates":[-54.317300000000003,9.0486000000000004]},"properties":{"FID":1735,"Fullname":"ODP 207-1261-A","Leg":"207","Hole":"1261A"}},{"type":"Feature","id":1736,"geometry":{"type":"Point","coordinates":[-54.317500000000003,9.0486000000000004]},"properties":{"FID":1736,"Fullname":"ODP 207-1261-B","Leg":"207","Hole":"1261B"}},{"type":"Feature","id":1737,"geometry":{"type":"Point","coordinates":[1.577,-27.186]},"properties":{"FID":1737,"Fullname":"ODP 208-1262-A","Leg":"208","Hole":"1262A"}},{"type":"Feature","id":1738,"geometry":{"type":"Point","coordinates":[1.577,-27.1858]},"properties":{"FID":1738,"Fullname":"ODP 208-1262-B","Leg":"208","Hole":"1262B"}},{"type":"Feature","id":1739,"geometry":{"type":"Point","coordinates":[1.577,-27.185700000000001]},"properties":{"FID":1739,"Fullname":"ODP 208-1262-C","Leg":"208","Hole":"1262C"}},{"type":"Feature","id":1740,"geometry":{"type":"Point","coordinates":[2.7795000000000001,-28.532800000000009]},"properties":{"FID":1740,"Fullname":"ODP 208-1263-A","Leg":"208","Hole":"1263A"}},{"type":"Feature","id":1741,"geometry":{"type":"Point","coordinates":[2.7793999999999999,-28.532699999999998]},"properties":{"FID":1741,"Fullname":"ODP 208-1263-B","Leg":"208","Hole":"1263B"}},{"type":"Feature","id":1742,"geometry":{"type":"Point","coordinates":[2.7795999999999998,-28.533100000000001]},"properties":{"FID":1742,"Fullname":"ODP 208-1263-C","Leg":"208","Hole":"1263C"}},{"type":"Feature","id":1743,"geometry":{"type":"Point","coordinates":[2.7797000000000001,-28.533200000000001]},"properties":{"FID":1743,"Fullname":"ODP 208-1263-D","Leg":"208","Hole":"1263D"}},{"type":"Feature","id":1744,"geometry":{"type":"Point","coordinates":[2.8454999999999999,-28.532699999999998]},"properties":{"FID":1744,"Fullname":"ODP 208-1264-A","Leg":"208","Hole":"1264A"}},{"type":"Feature","id":1745,"geometry":{"type":"Point","coordinates":[2.8454999999999999,-28.532499999999999]},"properties":{"FID":1745,"Fullname":"ODP 208-1264-B","Leg":"208","Hole":"1264B"}},{"type":"Feature","id":1746,"geometry":{"type":"Point","coordinates":[2.8454999999999999,-28.532299999999999]},"properties":{"FID":1746,"Fullname":"ODP 208-1264-C","Leg":"208","Hole":"1264C"}},{"type":"Feature","id":1747,"geometry":{"type":"Point","coordinates":[2.6393,-28.835000000000001]},"properties":{"FID":1747,"Fullname":"ODP 208-1265-A","Leg":"208","Hole":"1265A"}},{"type":"Feature","id":1748,"geometry":{"type":"Point","coordinates":[2.6391,-28.835000000000001]},"properties":{"FID":1748,"Fullname":"ODP 208-1265-B","Leg":"208","Hole":"1265B"}},{"type":"Feature","id":1749,"geometry":{"type":"Point","coordinates":[2.6389,-28.835000000000001]},"properties":{"FID":1749,"Fullname":"ODP 208-1265-C","Leg":"208","Hole":"1265C"}},{"type":"Feature","id":1750,"geometry":{"type":"Point","coordinates":[2.6395,-28.835000000000001]},"properties":{"FID":1750,"Fullname":"ODP 208-1265-D","Leg":"208","Hole":"1265D"}},{"type":"Feature","id":1751,"geometry":{"type":"Point","coordinates":[2.3435000000000001,-28.5427]},"properties":{"FID":1751,"Fullname":"ODP 208-1266-A","Leg":"208","Hole":"1266A"}},{"type":"Feature","id":1752,"geometry":{"type":"Point","coordinates":[2.3435000000000001,-28.5425]},"properties":{"FID":1752,"Fullname":"ODP 208-1266-B","Leg":"208","Hole":"1266B"}},{"type":"Feature","id":1753,"geometry":{"type":"Point","coordinates":[2.3435000000000001,-28.542300000000001]},"properties":{"FID":1753,"Fullname":"ODP 208-1266-C","Leg":"208","Hole":"1266C"}},{"type":"Feature","id":1754,"geometry":{"type":"Point","coordinates":[1.7110000000000001,-28.097999999999999]},"properties":{"FID":1754,"Fullname":"ODP 208-1267-A","Leg":"208","Hole":"1267A"}},{"type":"Feature","id":1755,"geometry":{"type":"Point","coordinates":[1.7110000000000001,-28.098199999999999]},"properties":{"FID":1755,"Fullname":"ODP 208-1267-B","Leg":"208","Hole":"1267B"}},{"type":"Feature","id":1756,"geometry":{"type":"Point","coordinates":[-45.077299999999987,14.8459]},"properties":{"FID":1756,"Fullname":"ODP 209-1268-A","Leg":"209","Hole":"1268A"}},{"type":"Feature","id":1757,"geometry":{"type":"Point","coordinates":[-45.061199999999999,14.932700000000001]},"properties":{"FID":1757,"Fullname":"ODP 209-1269-A","Leg":"209","Hole":"1269A"}},{"type":"Feature","id":1758,"geometry":{"type":"Point","coordinates":[-45.061999999999998,14.932700000000001]},"properties":{"FID":1758,"Fullname":"ODP 209-1269-B","Leg":"209","Hole":"1269B"}},{"type":"Feature","id":1759,"geometry":{"type":"Point","coordinates":[-45.072400000000002,14.9323]},"properties":{"FID":1759,"Fullname":"ODP 209-1269-C","Leg":"209","Hole":"1269C"}},{"type":"Feature","id":1760,"geometry":{"type":"Point","coordinates":[-44.8887,14.7224]},"properties":{"FID":1760,"Fullname":"ODP 209-1270-A","Leg":"209","Hole":"1270A"}},{"type":"Feature","id":1761,"geometry":{"type":"Point","coordinates":[-44.887099999999997,14.7211]},"properties":{"FID":1761,"Fullname":"ODP 209-1270-B","Leg":"209","Hole":"1270B"}},{"type":"Feature","id":1762,"geometry":{"type":"Point","coordinates":[-44.884799999999998,14.721399999999999]},"properties":{"FID":1762,"Fullname":"ODP 209-1270-C","Leg":"209","Hole":"1270C"}},{"type":"Feature","id":1763,"geometry":{"type":"Point","coordinates":[-44.884700000000002,14.7212]},"properties":{"FID":1763,"Fullname":"ODP 209-1270-D","Leg":"209","Hole":"1270D"}},{"type":"Feature","id":1764,"geometry":{"type":"Point","coordinates":[-44.948099999999997,15.037000000000001]},"properties":{"FID":1764,"Fullname":"ODP 209-1271-A","Leg":"209","Hole":"1271A"}},{"type":"Feature","id":1765,"geometry":{"type":"Point","coordinates":[-44.948500000000003,15.0365]},"properties":{"FID":1765,"Fullname":"ODP 209-1271-B","Leg":"209","Hole":"1271B"}},{"type":"Feature","id":1766,"geometry":{"type":"Point","coordinates":[-44.971699999999998,15.0944]},"properties":{"FID":1766,"Fullname":"ODP 209-1272-A","Leg":"209","Hole":"1272A"}},{"type":"Feature","id":1767,"geometry":{"type":"Point","coordinates":[-46.68119999999999,15.499599999999999]},"properties":{"FID":1767,"Fullname":"ODP 209-1273-A","Leg":"209","Hole":"1273A"}},{"type":"Feature","id":1768,"geometry":{"type":"Point","coordinates":[-46.681100000000001,15.499700000000001]},"properties":{"FID":1768,"Fullname":"ODP 209-1273-B","Leg":"209","Hole":"1273B"}},{"type":"Feature","id":1769,"geometry":{"type":"Point","coordinates":[-46.681399999999996,15.4986]},"properties":{"FID":1769,"Fullname":"ODP 209-1273-C","Leg":"209","Hole":"1273C"}},{"type":"Feature","id":1770,"geometry":{"type":"Point","coordinates":[-46.676400000000001,15.6478]},"properties":{"FID":1770,"Fullname":"ODP 209-1274-A","Leg":"209","Hole":"1274A"}},{"type":"Feature","id":1771,"geometry":{"type":"Point","coordinates":[-46.903500000000001,15.7415]},"properties":{"FID":1771,"Fullname":"ODP 209-1275-A","Leg":"209","Hole":"1275A"}},{"type":"Feature","id":1772,"geometry":{"type":"Point","coordinates":[-46.903500000000001,15.741400000000001]},"properties":{"FID":1772,"Fullname":"ODP 209-1275-B","Leg":"209","Hole":"1275B"}},{"type":"Feature","id":1773,"geometry":{"type":"Point","coordinates":[-46.903599999999997,15.7407]},"properties":{"FID":1773,"Fullname":"ODP 209-1275-C","Leg":"209","Hole":"1275C"}},{"type":"Feature","id":1774,"geometry":{"type":"Point","coordinates":[-46.903599999999997,15.7407]},"properties":{"FID":1774,"Fullname":"ODP 209-1275-D","Leg":"209","Hole":"1275D"}},{"type":"Feature","id":1775,"geometry":{"type":"Point","coordinates":[-44.785800000000002,45.405299999999997]},"properties":{"FID":1775,"Fullname":"ODP 210-1276-A","Leg":"210","Hole":"1276A"}},{"type":"Feature","id":1776,"geometry":{"type":"Point","coordinates":[-44.3767,45.1967]},"properties":{"FID":1776,"Fullname":"ODP 210-1277-A","Leg":"210","Hole":"1277A"}}]
}