{
  "type" : "FeatureCollection",
  "features" : [{"type":"Feature","id":1,"geometry":{"type":"Polygon","coordinates":[[[-26.940799999320461,38.400300000144966],[-27.006799999620227,38.463499999925091],[-27.028899999835062,38.49110000016492],[-27.089499999325483,38.570600000689524],[-27.128999999750135,38.607000000249855],[-27.306136651884913,38.667825066773446],[-27.607660943697567,38.697672075306059],[-28.291899999685199,38.939400000010039],[-28.619199999880038,39.120800000719498],[-28.851629553361136,39.187939335032354],[-29.188099999815108,39.278600000389758],[-29.334999999550291,39.314999999950089],[-29.769800000069893,39.399600000040039],[-29.909100000064882,39.387100000065004],[-30.171399999310495,38.888000000299826],[-30.43009999981507,38.388299999845174],[-30.60549999992503,38.402499999975078],[-31.070599999290494,37.680200000030027],[-31.678757414722895,37.557344531724823],[-31.792150886454181,37.321835013375221],[-32.282599999890067,37.39150000012495],[-32.394599999989964,37.13689999983518],[-32.64559999974017,37.17630000014492],[-32.707700000054899,37.033300000394775],[-32.943099999865069,37.065400000409738],[-33.004899999835061,36.915900000384738],[-33.224599999590282,36.940800000219895],[-33.313499999225542,36.691000000049996],[-33.594699999505337,36.742200000429705],[-33.667468447710633,36.410466268803305],[-33.836020813709524,36.314150630447273],[-33.981599999840057,36.221200000679517],[-34.056799999920031,36.071300000194924],[-34.142399999360464,36.079400000509679],[-34.245362274249487,35.664020076265558],[-34.75703909947481,35.645960894579673],[-34.967729556973438,35.062047340812171],[-35.558399999660196,35.147700000055011],[-36.292069576050039,35.254678615725595],[-36.544898125048405,34.550370514687529],[-36.737529399961772,34.508232423187849],[-36.861800000069877,34.554200000629578],[-37.046099999615251,34.566899999935117],[-37.244599999290472,34.123800000669519],[-37.336399999560285,34.136200000529641],[-37.532799999520307,33.705199999880165],[-37.677599999540291,33.736200000429733],[-37.797499999725176,33.501200000179892],[-38.597199999580255,33.63700000064955],[-39.399299999495327,33.76760000053963],[-39.585999999999956,33.067300000694502],[-39.699899999585284,33.084100000214903],[-40.129299999295483,32.444000000299809],[-40.55260000008991,31.802500000574639],[-40.709999999300464,31.817300000494697],[-41.183599999440389,31.194100000214917],[-41.430399999760141,31.237000000049989],[-41.785699999755138,30.60560000023986],[-42.066703859695338,30.043123932323681],[-42.690063569677932,30.140385731216554],[-43.037299999994957,29.471400000010021],[-43.088200000029929,29.469100000064998],[-43.482799999320491,28.802100000714518],[-43.563199999979986,28.810799999920107],[-43.942299999445368,28.104899999935128],[-44.021699999855059,28.106900000434734],[-44.203099999665199,27.671299999895155],[-44.383099999665205,27.235500000025013],[-44.505899999585267,27.253800000369779],[-44.68699999994999,26.766800000119986],[-44.866599999490347,26.279600000539631],[-44.81629999924553,26.270000000299831],[-44.898899999735136,26.055400000109955],[-45.091700000054914,26.081400000309827],[-45.296000000099866,25.636700000104952],[-45.531599291474095,24.965606636637006],[-45.695145553424481,24.942242884801317],[-46.11879999952032,24.590400000159946],[-46.196099999315493,24.597400000109985],[-46.325966847591928,23.902555935308214],[-45.699299999495338,23.783600000239858],[-44.924499999475358,23.645900000284826],[-45.023899999485366,22.963199999980077],[-45.065799999969954,22.973100000564614],[-45.157400000009943,22.389800000269872],[-45.248299999245546,21.806399999860162],[-45.385299999295512,21.822300000144935],[-45.515199999280526,21.246500000374795],[-45.418699999905016,21.22170000065455],[-45.556999999650202,20.595799999970097],[-45.773699999555276,20.618000000299844],[-45.939799999770116,19.80219999993011],[-46.001499999625253,19.822700000104987],[-46.093199999780097,19.377299999995046],[-46.184399999360437,18.931899999885161],[-46.224299999345476,18.935099999965075],[-46.318199999330488,18.421500000624576],[-46.390699999905053,18.422000000299818],[-46.520199999430361,17.588300000045024],[-46.40719999997998,17.566299999945102],[-46.498199999330438,17.086499999875116],[-46.588699999905032,16.606700000704507],[-46.528699999305502,16.586800000319784],[-46.647599999240526,16.018700000404749],[-46.63899999925053,15.435999999900105],[-45.947499999625222,15.360400000259858],[-44.943299999495366,15.235300000394773],[-45.028199999929996,14.755899999885116],[-45.068073332318363,14.261288560518722],[-45.061399999410412,13.991700000354797],[-44.788599999790108,13.190600000689528],[-44.874527479259712,12.874407338228139],[-44.873292551809755,12.69098128096141],[-44.079095966705438,12.620072566895487],[-44.047999999500348,12.122000000299806],[-43.77460000008989,12.032300000644568],[-43.725717511254118,11.389452423490582],[-43.778386208856432,10.819672877601249],[-43.247999999300475,10.825000000050011],[-42.811197399240541,10.800520623927696],[-42.346755247656517,10.77658030683574],[-41.930193731155725,10.790944497090891],[-41.559199999380439,10.812100000514647],[-40.886844487782867,10.801076542548458],[-40.920530508775926,10.177885159572497],[-40.724028720848764,10.048755413631511],[-40.651042342629978,9.7904959217494252],[-40.63489999933546,9.5059000004847007],[-40.512999999550289,9.3620000005996076],[-40.533141270952854,8.8641303525337776],[-39.449139276156643,8.8740950197694133],[-39.53935680597175,8.2209201012817061],[-39.19653019141515,8.2209201012817061],[-38.709355528434855,8.2173113998013037],[-38.031394921138656,8.2368708817858192],[-38.042326912656847,7.7503972754140023],[-37.435601403182147,7.7176013017586911],[-36.719555983022133,7.7121353059995954],[-36.719555983022133,7.4552335143152959],[-36.489984168334672,7.4388355270380089],[-35.954000000099882,7.4500000004996991],[-35.231999999600248,7.4290000006495802],[-34.635373326317904,7.4217505647368398],[-34.622051818136867,7.1760587045456532],[-33.949628374449901,7.1780244660562857],[-33.929999999900019,6.9350000004496906],[-33.799820335040408,6.7178997725565068],[-33.725157588152115,6.2178735861970722],[-33.451379496666391,6.2447145757171256],[-33.193705997633629,5.8582043271680391],[-32.865002368864168,5.645462101494843],[-32.714482914454891,4.8326570467853571],[-32.563963460045613,3.9671701823580747],[-32.386999999350451,3.9859000001849267],[-31.912199999630218,4.0111400004107622],[-31.565482774910095,4.0167248784504181],[-31.371878003666893,3.2318406715098149],[-31.220133723892218,2.6300961129452958],[-30.827691619972256,2.6143984286446198],[-30.635126858917374,1.843038127707473],[-30.684999999550314,1.6130000001499525],[-30.390999999850067,1.3380000006995374],[-30.27199999980013,0.71500000064958158],[-29.22799999980009,0.85900000064953019],[-28.24279347893588,1.0406068373357016],[-27.681886200987321,1.0851232885090099],[-27.65517632992362,0.8358311642768399],[-26.382005841296518,0.9693805159980684],[-26.346392681077305,0.73789497277482496],[-25.491676827723381,0.80912129411245814],[-25.420450507285011,0.58653904094404652],[-25.029399999910027,0.61412600011487939],[-24.820600000089883,-0.2445930000668568],[-24.611699999255507,-1.1033100001563412],[-24.050699999405424,-1.0338699995008369],[-23.601330864827503,-1.0396407620115156],[-22.999014072141676,-1.0042103620185685],[-22.467558077643105,-0.96877996292488433],[-21.652658886798122,-0.80048556475696842],[-21.121202892299607,-0.72962476477101745],[-20.308320235990038,-0.60743072264966713],[-19.455974110616694,-0.41960876842989592],[-18.623359719775181,-0.24245677026368639],[-18.145049324366767,-0.10959277208871754],[-17.888899999935006,0.030609000604954417],[-17.322899999735171,0.14960500047044434],[-16.756899999535278,0.26858700058966178],[-16.498199999930023,0.29894700040381395],[-16.387392017927255,-0.17747057660579912],[-16.194789576177925,-0.18734762469307498],[-15.947863369498862,-1.1207286855803318],[-15.87872403198844,-1.5059335681795574],[-15.383544857808886,-1.4057292810813919],[-14.615371893597967,-1.1920270282247429],[-13.829871719404309,-1.0187549310951454],[-13.125231857564131,-0.79927694067822586],[-12.980838442839797,-1.5616741691275706],[-12.859547974759209,-2.0237330948064596],[-12.616864521280604,-1.9913301167914028],[-12.575514762895921,-2.2669951702908406],[-12.334307840634267,-2.2876700490334656],[-11.962160017870474,-2.9216996728015943],[-12.265391577259436,-3.0319656945611086],[-12.111973175321737,-3.8351336259160576],[-12.28961308357691,-4.0488574562065764],[-12.260294543658233,-4.4457595445672951],[-12.448657510235876,-4.5935520252057245],[-12.260294543658233,-5.0919894116819364],[-11.604399999760119,-4.9423099996067776],[-11.516099999915014,-5.4150400000958712],[-11.408572457852586,-6.0199388848715785],[-11.236133713899733,-6.6038194622983042],[-12.057185668683644,-6.8483881295085212],[-13.017991148872397,-7.0754876062679841],[-12.964580105887137,-7.2455613463789632],[-13.512951546776435,-7.4132252901150082],[-13.419782531038948,-7.8732473080168006],[-13.357399999710196,-8.4107099994668602],[-13.191099999265532,-8.3740099995617925],[-13.022999999450349,-9.2252300001643448],[-13.248199999230508,-9.2764800001518211],[-13.166299999545288,-9.7944400000059773],[-13.315099999665222,-9.8246799996821892],[-13.173599999840064,-10.623099999865076],[-13.031299999994985,-11.421500000024935],[-13.524299999945015,-11.53869999980509],[-14.017699999455374,-11.655099999565266],[-14.511499999425382,-11.770600000089871],[-15.005799999969952,-11.885299999695178],[-14.907699999655222,-12.33899999945038],[-14.784785836197329,-12.294571710615912],[-14.712889458781433,-12.620220007847024],[-14.410199999930001,-13.21809999971515],[-14.599599999939983,-13.265499999325471],[-14.539099999665211,-13.73659999929049],[-14.430216941858362,-14.121629911591128],[-13.995049591665293,-14.049806174215519],[-13.619031201029031,-14.14275454038966],[-13.435200000079874,-14.849400000109881],[-13.226099999914993,-15.663199999979952],[-13.383500000024924,-15.688199999930021],[-13.238599999890027,-16.211699999855057],[-13.770199999230556,-16.322899999934975],[-14.275229457673277,-16.346316869328007],[-14.238100000014924,-16.764499999275529],[-14.368800000019917,-16.777000000149826],[-14.141747067673009,-17.436423055679427],[-13.889613663139983,-17.569905446579071],[-13.622648883139391,-17.77012903202916],[-12.984899684972447,-17.621815264762631],[-12.859799999870063,-18.287199999880045],[-12.74444088533852,-18.527519380315084],[-12.477199999979973,-18.746499999775097],[-12.379374778523186,-19.055904534466663],[-12.091164694195243,-19.161581564937251],[-11.944599999490322,-19.824799999620268],[-11.852199999430411,-20.27840000015982],[-11.970799999920018,-20.299099999665202],[-11.485923517556216,-21.217480165577115],[-11.929005422462239,-21.298781203289877],[-11.779826954350426,-21.723366073585396],[-11.718625532342401,-21.914620518821835],[-11.974906489642763,-22.163251298708417],[-12.364299999745128,-22.267099999365428],[-12.910199999330473,-22.378999999350469],[-12.851099999765154,-22.629799999770114],[-13.204014414033907,-22.788318405769758],[-13.641655577942515,-22.849384614708185],[-13.488990055146871,-23.449869001852903],[-13.488990055146871,-23.612712225988389],[-13.265080622972334,-24.396395239948333],[-13.4279238462085,-24.48799455290623],[-13.342196368767361,-24.80193733014363],[-13.810599999790099,-24.887399999510308],[-13.663199999480355,-25.647999999400383],[-14.048499999775117,-25.737599999840086],[-13.815599999240533,-26.585599999440376],[-13.6895999992405,-26.564399999360433],[-13.482299999345457,-27.442899999835106],[-13.271600000039939,-28.320999999850073],[-12.745599999939998,-28.213299999295486],[-12.532599999790136,-28.940899999935027],[-13.262399999360412,-29.097999999700164],[-13.990199999330457,-29.251000000149816],[-13.820099999915044,-29.851499999525288],[-13.715899999785108,-29.827999999500321],[-13.542799999620229,-30.491299999994965],[-13.366599999490347,-31.156699999305488],[-13.498799999420385,-31.179099999865059],[-13.371399999610276,-31.661199999880068],[-13.24529999949533,-32.143199999780109],[-13.882999999350432,-32.274499999575255],[-14.522899999935021,-32.400200000129871],[-14.44609999981509,-32.89759999974018],[-14.36679999952031,-33.498900000034951],[-14.701799999570255,-33.569099999765115],[-14.515099999965003,-34.043399999810106],[-15.274099999815121,-34.237599999940016],[-15.083400000109862,-34.689799999770116],[-15.265899999385397,-34.770199999530291],[-15.099999999400382,-35.182400000159816],[-16.02739999941042,-35.343099999565311],[-16.961899999485354,-35.499399999310469],[-17.793912608080348,-35.624368851940915],[-17.6215725314471,-36.097073061672404],[-17.340904407312507,-36.53530925571755],[-17.440399999860063,-36.562299999445372],[-17.333099999765125,-36.943599999640242],[-17.237500361152684,-37.313301600788179],[-17.488624472741151,-37.406857642466207],[-17.375372422099531,-38.086369944517287],[-17.084856293483085,-38.06174993331274],[-17.050499999675196,-38.446699999305508],[-16.798499999675187,-38.401200000079882],[-16.410267993672903,-38.322722049383003],[-16.365951974404027,-38.554150152007878],[-16.134523871779209,-38.529530140803331],[-15.98187980410961,-38.85451428510612],[-15.898171766913492,-39.174574427168011],[-16.006499814414838,-39.273054471086937],[-15.922399999260506,-39.680700000004947],[-16.414600000089877,-39.789999999700171],[-16.469799999670215,-40.272899999735159],[-16.867399999710187,-40.36630000004493],[-16.816599999790128,-40.789700000054893],[-16.743599999540322,-41.176300000044932],[-16.677999999700205,-41.519100000064896],[-16.331600000039941,-41.806499999375433],[-16.029153264611409,-42.425650253556341],[-16.204346797466712,-42.490536746573525],[-16.113505706523085,-42.756571370372399],[-16.282210589447118,-42.97718544824977],[-16.210835446498606,-43.3600157609186],[-16.244499999775144,-43.683499999725143],[-16.085599999740168,-44.131899999685174],[-15.892891627746394,-44.48255209919995],[-15.384421471973326,-44.714800690199638],[-15.274820747979106,-44.994891429795587],[-15.012996796764696,-45.305426814296027],[-14.787706418716198,-45.384582893385755],[-14.52345987197549,-45.844369295206775],[-13.809999999999945,-45.7971999995803],[-13.571499999325454,-46.687799999570302],[-13.325099999465351,-47.57779999977015],[-12.556493249064147,-47.41380121695255],[-11.84264911656345,-47.284793241914542],[-11.184708440542067,-47.125683404865185],[-10.406360320971999,-46.854766655756521],[-10.1649501051632,-47.613866061269675],[-9.9995101236931987,-48.37743520886778],[-10.145860876877919,-48.460155200502072],[-9.8467962938138385,-49.236450500590081],[-8.9224799998520439,-49.091199999580283],[-8.3777503222195264,-48.983078464299638],[-8.0221099998765339,-49.282600000089872],[-7.8953234986804546,-49.554120009031124],[-8.0416792826727033,-49.700475793922692],[-7.7566706499305269,-50.101028466990101],[-7.1001916114536812,-50.089024810946228],[-6.928579247334369,-50.408414488637675],[-6.1598299993549404,-50.417099999765128],[-5.6033887861635208,-50.427635684339293],[-5.5432562254943605,-50.698232207350429],[-5.3177591229850805,-51.104126991867133],[-5.1523945811449607,-51.615253757554854],[-4.7447999997201578,-52.234499999974958],[-4.3255718719443053,-53.193733475119757],[-3.8294782464238892,-53.539495698967301],[-2.9195199994483687,-53.546899999935022],[-2.3723099997066583,-54.327399999310501],[-1.3822000000299113,-54.053299999994977],[-0.91465499942864881,-54.453499999425389],[-0.43789999948535296,-54.851799999370428],[-0.038825999820005563,-54.677199999280504],[0.44318200044898504,-54.451199999480366],[0.96453400024398661,-54.832199999330442],[1.6948100001814055,-54.398999999750174],[2.3597500007619487,-54.037399999710203],[3.0254199999330922,-53.650699999605251],[3.3689400007804693,-53.834099999914997],[3.9563800004366954,-54.126699999805112],[4.4145799999670885,-54.430299999745159],[4.8266099999515859,-54.161599999440398],[5.0837199999780864,-54.309300000094879],[5.4946900005431303,-54.54289999963521],[6.1837300000395317,-54.114499999275495],[6.6253999999101438,-53.814199999530331],[7.2372900002333722,-54.101199999280482],[7.7723499999526098,-54.395999999900027],[8.288340000690539,-54.032599999590275],[8.7987599999740951,-53.667999999700157],[9.4286900003432947,-53.232599999390402],[9.9930600000190566,-52.792299999745126],[10.478999999950076,-52.914999999550275],[10.955000000149937,-52.845299999495353],[11.708400000759468,-52.78289999973515],[12.211600000739509,-52.514800000119862],[12.97200000039976,-52.406999999450363],[13.22129999999504,-52.363000000149839],[13.733500000424726,-52.307899999785093],[14.400000000099965,-52.150999999350461],[15.112400000359798,-52.307499999325444],[15.824000000599597,-52.15400000009987],[16.394000000000062,-52.064000000099895],[16.991500000424708,-52.219099999365426],[17.806300000544638,-52.466899999934981],[18.537400000709511,-52.734299999645202],[18.907000000050004,-52.58299999935042],[19.993800000669523,-52.81669999990504],[21.250400000359775,-52.908799999620271],[22.504200000429705,-53.051199999580263],[23.075300000194886,-53.097699999955012],[23.021400000309825,-53.200400000159846],[23.886200000329779,-53.308599999490355],[24.685100000164937,-53.421499999725143],[24.872600000689545,-53.345299999395422],[25.179700000154924,-53.444099999615275],[25.608900000534675,-52.94069999940541],[25.895000000149935,-52.678999999950008],[26.269200000279852,-52.510699999905057],[26.563000000649538,-52.432999999650235],[27.004000000199881,-52.746999999850061],[27.329000000449696,-52.89200000009987],[27.562000000199873,-52.851999999999975],[27.751758111147979,-52.828115226836189],[28.018177596219118,-52.354645620299095],[28.430955291653447,-51.694201307244498],[28.788695960849964,-51.075034764542693],[29.343100000065022,-50.506999999650247],[29.711500000724527,-49.933499999825074],[30.006000000099959,-49.610799999520339],[30.361700000554606,-49.21549999942539],[30.704600000689538,-49.010599999590283],[31.043000000149959,-48.771999999700199],[31.363000000050022,-48.396999999550303],[30.820639347128235,-46.805897831219909],[30.591519036174645,-45.259335736554931],[30.562878997867529,-43.25453302088215],[30.763359268715305,-42.423971895586476],[31.422080161470319,-41.937091236271499],[32.453121557613827,-41.020609995155098],[33.484162954656711,-40.018208637318708],[34.372004156566618,-38.29980631011307],[35.173925242655855,-36.610044021214549],[35.615138645931836,-35.685596892082856],[35.775366057897315,-35.349882314117451],[36.348166833932282,-33.746040141938977],[36.605927182293669,-32.342678240608279],[36.56214557975477,-31.273596757584244],[36.657422095553329,-29.847165902184599],[36.443319566145135,-28.221800220403793],[36.459106259046678,-27.48651039663747],[36.204923741137804,-26.66041721118529],[35.993104975314395,-25.982597162528975],[35.886850176294672,-25.642581804406689],[35.569467444566953,-24.626957063417706],[35.547655613216023,-24.510237372656604],[35.187380829861468,-22.58233133872028],[35.018253812363582,-21.092463237888069],[34.509787765592932,-20.10857888141021],[34.339538278169073,-19.640163450382886],[34.572935384360562,-19.106684351801334],[34.873017376750568,-18.306465703929064],[34.996834098015256,-17.86618511615012],[35.199500000224873,-17.404399999860061],[35.198900000434719,-16.83330000009488],[35.161793431421756,-16.464030783094131],[34.749395097905506,-15.735460394181814],[34.829430235517009,-15.213787992921482],[34.85421802694043,-14.761410801467264],[34.674506540244693,-14.494942046138476],[34.536254120031685,-13.946861445099557],[34.310953735226747,-13.371861509201267],[34.336854790216421,-12.995261060249675],[34.055153616646123,-12.313560595245235],[34.03002396773195,-11.929405649551029],[34.288453597855323,-11.525260650758355],[34.23125365982861,-11.06276078388305],[34.116094888168618,-10.400720100452247],[33.790000000199882,-9.9389999997501377],[33.767969490599569,-9.5933654562507513],[33.416557212145676,-8.8620815699084687],[32.939840343457149,-9.3261951721694345],[32.618575248349089,-9.1273167800453052],[32.199601256392896,-9.3140937823021659],[31.756281586026432,-9.548792431425511],[31.142285645965842,-8.9207892195468048],[30.717652773456791,-8.5327404692971527],[30.585754802742031,-8.1644005028808806],[30.460000000199898,-7.9779999999999518],[30.241554113131883,-7.7210701036023579],[30.21075332500601,-7.5057900144975065],[30.124553505639824,-7.248289907453227],[29.98845345806069,-7.1282898495968539],[29.83765465174082,-7.0799599806685478],[29.531854593514709,-6.7482901836449969],[29.486552850733517,-6.5146799012563861],[29.189353235863223,-6.0180200607771326],[29.371852835839775,-5.6082897351830638],[29.114054045058197,-5.0207899090270303],[29.110953647592794,-4.3418997777524737],[29.169053161274405,-3.3438495917851583],[28.907592826647658,-2.6912516927113757],[28.927000000349778,-1.8620000000998971],[29.217690381605905,-1.2324611535593135],[29.41015400760142,-0.86036480888878941],[29.388935250361556,-0.53138606941155331],[29.551405786447958,-0.1170862021664334],[29.657011635578556,0.66277237104810638],[30.233782038010702,1.085195764872708],[30.52595486622414,1.5281008234942419],[30.959354598935647,1.9292107983397386],[31.32155304293866,2.2525407845296286],[31.233894543898145,2.8506469477984524],[31.499527109588485,3.3871205594662683],[32.009958313525374,3.6683785696153564],[31.718283339204788,3.9444280985779301],[31.525569518218731,4.3715235954376226],[31.752700000005063,5.0972700007100116],[32.600224164713495,5.2109569733856347],[33.644353791194533,5.0675148876020444],[34.157590128082006,5.0290221620431907],[34.466575543626504,4.9427202615308943],[34.792536759064205,4.951530024790884],[35.479698241180927,5.022008125474656],[36.149240197677045,5.110105750879768],[36.677825953704826,5.321540052931141],[36.968548118800697,5.8060769953571025],[37.582900000634595,5.9557200001779051],[37.848700000304802,6.4771499999725961],[38.115000000549628,6.9984500000675212],[38.47750000072449,7.4470500002573772],[38.84080000002001,7.8953500001024963],[39.156500000374763,8.2956700005701123],[39.472900000634581,8.6957499998626417],[39.789800000569642,9.071190000518186],[40.107400000409768,9.4463600004137334],[40.449400000409753,9.796460000728473],[40.792100000314804,10.146200000629563],[41.116599999990058,10.731699999855152],[41.44230000014494,11.316900000534645],[42.033200000179932,11.577200000179914],[42.841300000694503,11.795000000449704],[43.324999983662394,11.925291371899334],[43.649500000424723,12.012700000604582],[43.554377844262149,12.508896709115902],[43.349837298952252,12.618587749325229],[43.289118061049749,12.826767992149144],[43.115634525213238,13.104341649847299],[42.950825166348409,13.355892776630412],[42.673251509549573,13.581421372498369],[42.44772291278224,13.841646676253163],[42.30893608393319,14.188613747926183],[42.265565200873368,14.604974233574069],[42.208333350403848,14.750000000299849],[42.000709771738627,14.924618814206951],[41.788485477322979,15.498414441873024],[41.788485477322979,15.715268861668676],[41.684395355461334,15.80201062958696],[41.684395355461334,15.958145811480051],[41.576223487823768,16.009827224346964],[41.49870860222029,16.201768847854112],[41.351061199314927,16.216533588054688],[41.094551334876257,16.617383247838688],[40.787000000749515,16.844000000000051],[40.57200000009999,17.129000000149915],[40.331300000494707,17.266200000429706],[40.116501370641799,17.692057295407892],[39.986700000204905,17.949400000409753],[39.824001189203557,18.407601168159431],[39.297799999970096,19.029799999970066],[38.826100000214865,19.447500000624586],[38.585708939316135,19.983609486688522],[38.378987404045517,20.268441466500519],[38.302232935701454,20.545610381613869],[38.180705025916268,20.795062405305828],[38.184969163196399,20.893137560050434],[38.103950557572205,21.134061310081449],[37.916255816952457,21.964093417277411],[37.961984493089915,22.243038340547002],[37.737913980645715,22.512837529128717],[37.481833395894569,22.960978553117798],[37.116003987693944,23.281079285180908],[36.575962215084189,23.634937052303144],[36.571100000764488,23.639200000679523],[36.407300000494672,24.132700000304794],[36.242200000529635,24.626000000599618],[36.066100000514666,25.055300000194904],[35.888800000020012,25.484400000459686],[35.54560000043972,25.919099999965056],[35.199900000684522,26.353000000349766],[34.874800000319794,26.807800000469683],[34.547000000449714,27.261900000684534],[34.477715220081393,28.062468017185324],[34.507477882098613,28.320411087102059],[34.620723342508313,28.476745951764315],[34.738740584110701,28.835928861927471],[34.769527690850282,29.113012821684435],[34.825970719872885,29.349047305788588],[34.982491432133941,29.626108804977434],[35.034577398728004,29.856641433755215],[35.180022445579425,30.098200232854538],[35.241596659058644,30.472776697286804],[35.474969126524002,31.456143065849858],[35.470100000015066,32.003500000424708],[35.571300000294855,32.755300000094962],[35.648300000644554,33.232499999875131],[35.755147443000169,33.563505063907598],[36.070534507161824,33.986257936054983],[36.426183748980861,34.368748630544928],[36.421350447864938,34.543957796315283],[36.396000000100003,35.285400000010043],[36.431500000424705,35.752200000429752],[36.413400000309821,36.023200000679537],[35.791200000279844,35.689000000649571],[35.70168042890873,35.32060910382711],[35.311443408686387,34.704741067546308],[34.814236312755668,34.52490020348165],[34.317029216824949,34.345059338517729],[33.735400000409754,34.301700000055007],[33.100700000404743,34.290300000444745],[32.667800000269835,34.38990000068452],[32.171900000584628,34.487099999965096],[31.739900000584612,34.634100000714511],[31.256000000299821,34.826000000000079],[30.792900000534644,34.990800000519641],[30.22080000051966,35.154300000444721],[30.092479934001801,35.223013407342933],[29.745233075146359,35.201577863127909],[29.190402585510981,35.242651228371528],[28.712301680877943,35.255572874588552],[28.415103821484252,35.160814136263411],[28.122213176896651,34.872230707381277],[27.631190626945909,34.730092600792943],[27.389370879662408,34.521189878610073],[27.030150344562799,34.23933992030112],[26.394606319126353,33.940910551780576],[25.752073472312929,33.748697295244028],[25.566005191586385,33.707905647127973],[25.381972637827005,33.750846576908032],[25.203376249314488,33.885871600993653],[25.072437138463215,33.991869928654353],[24.96020361590422,34.029281102540892],[24.836009394318125,34.014626570659743],[24.670380095664939,33.965551223110538],[24.406600101913227,34.069836336877472],[24.425003357019364,34.235465635530716],[24.210298710816915,34.333616330629184],[23.713410815756617,34.296809819517591],[23.433211730337121,34.158358463872048],[23.325467032577535,34.129626544529458],[23.167447572247738,34.039164244434403],[23.001818273594495,34.112777265758268],[22.719635024736647,34.315213075523047],[22.36997317232408,34.437901444396175],[22.167537362559301,34.646471671930158],[21.670649467499004,34.824369807920334],[21.474348076402634,34.977730269236588],[21.394600636410303,35.186300496770571],[21.370062962635643,35.450080491421602],[21.241240175094049,35.529827931413934],[21.136955061327058,35.70772606650479],[21.143089479096261,35.946968386481899],[20.947993465526054,36.114154173276518],[20.85477181156989,36.173941870021338],[20.951933681394337,36.419919746099481],[20.486715255704553,36.970586454701163],[20.06422097102103,37.464287640762052],[19.879083025461284,37.72063248859854],[19.879083025461284,37.867793418531505],[20.054726717563994,38.105149758554546],[19.736669221807176,38.223827929015783],[19.58440000055964,38.27160000063958],[19.132526830548841,38.37864352218088],[18.880319210363325,38.465114706578504],[18.656935317710804,38.587615550617215],[18.887525142471418,38.349819793748509],[19.067673442475439,38.19128928916939],[19.132526830548841,37.679668115790946],[19.139732762656934,37.254518126810183],[19.082085306691624,36.915839321327667],[18.90914293789632,36.685249496567053],[18.845601764110199,36.648842876197818],[18.808333350403871,36.750000000399723],[18.716666667432833,36.808333350403871],[18.650000000599618,36.75833335050379],[18.283350382813978,36.428348694136957],[18.187438965435945,36.357266920831762],[18.159726007649169,36.346570691983914],[17.626487037946504,36.274511371802419],[17.057218408602751,36.303335099335413],[16.459126050826626,36.44024780848963],[16.02677012973777,36.706867292891332],[15.954710809556275,36.980692709401069],[15.709709120579475,37.045546097474471],[15.403133830561899,37.112947495130868],[15.25207714994059,37.289180289039166],[15.092709091451468,37.348327272785468],[14.731770805378403,37.272396213814261],[14.463225594585595,37.171691759766929],[14.266206060661204,37.049072727724251],[14.104868130759655,36.94945998319173],[13.770440814492019,36.957060603464129],[13.466415982011995,37.040667432755868],[13.071183699068513,37.207881090440026],[12.660750174680857,37.375094749023503],[12.082943182182134,37.623931818098981],[11.680270089393161,37.701921444119421],[11.262235943833787,37.679119581503528],[10.836601178002013,37.572710890495273],[10.331460253088267,37.34997932468616],[9.5463181349740012,36.928961087384323],[9.0911632839584513,36.633110433999377],[8.7535405235763619,36.470833074087125],[8.4911051304974308,36.383354610327046],[8.2286697374184996,36.354195121807493],[7.7912774159200353,36.412514097947337],[7.1060294456024735,36.499992562606735],[6.4287107222220925,36.471839294048209],[5.8438585001696879,36.456448445839158],[5.012752710369341,36.487230141357998],[4.2893828562338854,36.364103358383318],[3.9046116564028921,36.394885053902158],[3.53523130568027,36.410275902111266],[2.8570463517078224,36.17995594950753],[2.5074131678834419,36.216348271555546],[2.2180214085611851,36.251639949324272],[1.6815879039586434,36.265756620072011],[1.3286711244728622,36.181056592887501],[0.96163767334002159,36.054006552560395],[0.56481550683020032,35.799093291422309],[-0.22090298678335785,35.641949592699575],[-0.669884983904808,35.484805893976898],[-1.1637651800189701,35.41745859413885],[-1.5007196308062589,35.026739619138141],[-1.9876409008068663,34.804449473864167],[-2.590999865651213,34.550403594450358],[-3.2964296649969924,34.317452702180503],[-4.0564499996676773,34.19930000019491],[-4.7019893421343681,34.209008061173108],[-5.1246397689101855,34.327556351544445],[-5.4046413784967626,34.383841661063855],[-5.7817467077443325,34.476022963988669],[-6.0730260927799122,34.755361051971022],[-6.2225000250560925,34.884217889643935],[-6.2895055798185808,35.049154641073869],[-6.3204312208241618,35.239862760757831],[-6.3204312208241618,35.528502077109238],[-6.3616654091312625,35.750135837798723],[-6.3513568618296858,35.925381136530291],[-6.5266021614605165,36.100626435261802],[-6.6709218191865602,36.239791820236348],[-6.9234812208815697,36.327414469602161],[-7.2791260919955221,36.301643102247397],[-7.4904513062826936,36.1779405382253],[-7.8166666665333651,36.075000017037212],[-8.4833333330668097,36.091666683970345],[-8.6166666667332379,36.075000017037212],[-8.7166666665333992,36.075000017037212],[-8.8833333331667177,36.141666683870426],[-8.9333333330667983,36.141666683870426],[-8.990604675465363,36.153485788238584],[-9.5452100000414362,36.429600000040011],[-9.9768499996277455,36.651400000409751],[-10.225674733602034,36.508333350104067],[-10.333333332966902,36.541666683970334],[-10.399999999800116,36.541666683970334],[-10.566666666433434,36.591666683870415],[-10.675712692186949,36.49180654123893],[-10.803419415673432,36.442142814939018],[-11.335530765032729,36.044833007237571],[-11.576754576562394,36.030643371794213],[-11.803788752648757,36.009358917280281],[-12.142399999260533,36.327600000639563],[-12.953149266725234,36.832357804469154],[-13.675400000009972,37.395000000549658],[-14.410899999835067,37.21010000031481],[-14.921489561793805,37.076385053727279],[-15.394680308349507,37.145971928062067],[-15.728697305336311,37.187724053022691],[-15.754865759347297,37.433345696846459],[-16.031768652301423,37.518203035241925],[-16.654784510097045,37.601451406457272],[-17.300162551060851,37.69238388740655],[-17.838572473241015,37.788087838383092],[-18.483550300605827,37.694824228355515],[-18.828259511866918,37.530676984555271],[-19.287871794147918,37.563506432775682],[-19.871732649442151,37.270688653058926],[-20.644187769749749,37.161378966765938],[-21.518665265489574,37.088505841971084],[-22.466015885124932,37.022920029835575],[-23.420653817419691,36.913610342643267],[-23.755870189857319,36.928184967961954],[-24.146099999315481,36.788500000574629],[-24.255399999910026,36.781000000050028],[-24.311100000064926,36.792500000674522],[-24.384599999989973,36.863300000194897],[-24.433699999755163,36.910500000474713],[-24.500199999730171,36.970700000404747],[-24.554099999615232,37.01719999988012],[-24.634499999375407,37.094600000689525],[-24.680500000074915,37.126700000704545],[-24.749499999325451,37.217400000609587],[-24.737899999485364,37.273300000094991],[-24.7021999998301,37.351900000484704],[-24.666899999735165,37.411000000050024],[-24.733199999480348,37.467299999995078],[-24.774799999620257,37.500099999915108],[-24.816399999760108,37.532800000619602],[-24.845099999465333,37.55190000008497],[-24.89149999972517,37.583899999985078],[-24.931499999825064,37.609100000164915],[-24.983499999325488,37.644099999915113],[-25.101299999795117,37.646300000644544],[-25.26709999966522,37.769200000679518],[-25.354699999605259,37.66330000039477],[-25.426499999375437,37.718499999975052],[-25.463799999969979,37.751700000354788],[-25.538399999360422,37.818100000214883],[-25.633199999480325,37.722500000075001],[-25.698399999760113,37.790200000529637],[-25.734099999415378,37.815900000384772],[-25.808099999915044,37.878300000144918],[-25.91620000002996,37.838600000389761],[-26.04319999938042,37.935500000224863],[-26.075199999280471,37.965500000524685],[-26.171400000109884,38.036000000599586],[-26.302100000114876,38.046800000419751],[-26.378700000004926,38.116400000359761],[-26.416599999490359,38.14930000039476],[-26.494299999745124,38.222499999975071],[-26.532299999345469,38.25540000001007],[-26.614099999815096,38.324000000599597],[-26.647399999410425,38.357600000539662],[-26.717999999600238,38.420200000529633],[-26.82989999958528,38.278200000129971],[-26.900599999890062,38.36010000071451],[-26.940799999320461,38.400300000144966]]]},"properties":{"OBJECTID":1,"Name":"African Plate","Shape_Length":397.83523749934938,"Shape_Area":5301.4190078901674}},{"type":"Feature","id":2,"geometry":{"type":"MultiPolygon","coordinates":[[[[179.99485368544924,-88.59454647334104],[180.00000000010004,-88.676344493503564],[180.00000000010004,-87.488850396328701],[179.98636176778143,-87.7396600581651],[179.99763335139812,-88.050637930695927],[179.99485368544924,-88.59454647334104]]],[[[179.98937970281111,-83.802656175242248],[180.00000000010004,-84.062492441273093],[180.00000000010004,-82.770460860780076],[179.99487219889295,-82.880126089547332],[179.9988556946347,-83.023230010456587],[179.98937970281111,-83.802656175242248]]],[[[179.99476129809545,-82.232234709664056],[180.00000000010004,-82.474418774107107],[180.00000000010004,-81.774783485669275],[179.9954759155811,-81.963032112442022],[179.9988556946347,-82.082281525971609],[179.99476129809545,-82.232234709664056]]],[[[179.99429996657022,-81.272334123720782],[180.00000000010004,-81.453469579857199],[180.00000000010004,-80.403241866418966],[179.991477551348,-80.781539255132486],[179.9988556946347,-81.098884236917968],[179.99429996657022,-81.272334123720782]]],[[[179.99569306768103,-80.131207626930404],[180.00000000010004,-80.321705278275942],[180.00000000010004,-78.258602761807992],[179.99086485852649,-78.389668213017558],[179.9988556946347,-79.061341653594411],[179.9988556946347,-80.023514540363692],[179.99569306768103,-80.131207626930404]]],[[[179.99763695498154,-78.1247858060201],[180.00000000010004,-78.172279924179122],[180.00000000010004,-76.902199085219593],[179.99704981369803,-76.963026005245922],[179.9988556946347,-77.01672426920959],[179.9988556946347,-78.092093965763866],[179.99763695498154,-78.1247858060201]]],[[[179.99397428338659,-76.237077115816192],[180.00000000010004,-76.648379566963399],[180.00000000010004,-75.93515328399684],[179.99730606742116,-76.025375217792032],[179.9988556946347,-76.068700983663405],[179.99397428338659,-76.237077115816192]]],[[[179.98971554653531,-75.456422689355577],[180.00000000010004,-75.773871292825845],[180.00000000010004,-74.851688573868557],[179.99425755364325,-74.926689591751199],[179.9988556946347,-75.042854890940418],[179.98971554653531,-75.456422689355577]]],[[[179.99147046289158,-74.594821792791492],[180.00000000010004,-74.768059556503317],[180.00000000010004,-72.542351920404769],[179.99975419200246,-72.547156970217941],[179.9988556946347,-73.033611509163791],[179.9988556946347,-74.02408359927864],[179.99147046289158,-74.594821792791492]]],[[[179.99857952272691,-72.414899687070886],[180.00000000010004,-72.478224181800499],[180.00000000010004,-71.452977323544587],[179.99881435729685,-71.505909133999296],[179.9988556946347,-71.944092211386419],[179.99857952272691,-72.414899687070886]]],[[[179.99830623674347,-70.984562309802698],[180.00000000010004,-71.163471139881153],[180.00000000010004,-70.752247908214372],[179.99862022963998,-70.857922329751659],[179.9988556946347,-70.90409651744028],[179.99830623674347,-70.984562309802698]]],[[[179.99970616011126,-70.465867105182724],[180.00000000010004,-70.471726369076634],[180.00000000010004,-69.121273981309173],[179.99711035785685,-69.212951232213584],[179.9988556946347,-70.055120441355257],[179.99970616011126,-70.465867105182724]]],[[[179.99626993870675,-68.30581219527653],[180.00000000010004,-68.964146765360908],[180.00000000010004,-67.917019128330082],[179.99856936038771,-68.015026613587281],[179.9988556946347,-68.038802259416684],[179.99626993870675,-68.30581219527653]]],[[[179.9968707946515,-67.2452419383647],[180.00000000010004,-67.548360854070097],[180.00000000010004,-66.573554108635165],[179.99710390971768,-66.87224120846497],[179.9988556946347,-67.041255369139947],[179.9968707946515,-67.2452419383647]]],[[[179.99710390971768,-66.87224120846497],[179.9988556946347,-66.01540927641696],[179.99766666318601,-65.399825934918908],[179.79150759090271,-65.285261023377473],[179.60098171433469,-65.405020145663173],[179.02123868921421,-65.051186375151076],[178.58682101747604,-65.247605156552709],[178.00265403295737,-64.852556981019802],[177.58400000000006,-65.042000000099904],[177.25714146170912,-64.836376310418359],[176.87982461101706,-64.658815439081195],[176.42852406453403,-64.810482016531807],[175.53401864074772,-64.225506302273971],[175.27680631495957,-64.37359824726127],[174.66828929571454,-64.048497790040926],[173.89796472239414,-63.685471267385026],[172.70263348864466,-63.835994459376764],[171.75441852069821,-63.916752367727554],[171.03857264481178,-63.594621723713544],[170.3021587431316,-63.265897746883468],[169.63246619875611,-63.316010794262695],[168.38714725793966,-63.371154013346995],[167.55000000069958,-62.971200000079875],[167.32984544221347,-62.818103832425891],[166.89608059464376,-62.481936076188902],[166.06666660587928,-62.735198796287364],[165.65300000074956,-62.472700000104908],[165.10300000004997,-62.077199999780134],[164.76800000000003,-62.177199999580296],[164.27500000005,-62.321899999485368],[163.7730000005497,-62.474599999590282],[163.0839220910317,-62.717969989223604],[162.47046167836379,-62.340947444369021],[161.8953425418249,-61.976705324291231],[161.47997872174074,-61.740267457377229],[161.13490723927771,-61.497439377625142],[160.86500000074955,-61.558600000089882],[159.44000000000005,-62.025899999285514],[157.97000000059961,-62.478100000014933],[156.13237890426308,-62.978886377903962],[155.44398466026394,-62.433907601554552],[154.83446892320228,-61.802879544255518],[154.1675869985412,-61.064289886668917],[153.35800000049971,-60.01499999975016],[152.47300000064956,-60.176399999959983],[150.95042193642325,-60.527311549388457],[150.68320000067956,-60.061899999685181],[150.37570110152467,-59.52911220366525],[150.00600000039981,-59.570399999660196],[149.65200000009997,-58.998799999320454],[149.39800000049968,-58.551800000069932],[149.06799999990017,-58.510099999815111],[148.68178706092419,-58.59897190462965],[148.35725220712368,-57.474120241955575],[148.07600000029981,-57.527099999765142],[147.90200000000004,-57.566199999730145],[147.63620000032984,-57.595599999340436],[147.36986757952525,-56.884530859911195],[147.25670000040475,-56.300399999360422],[147.04320000057965,-55.665099999565314],[146.5040000005996,-55.701999999700206],[146.43600000069955,-54.819999999700201],[145.40100000024984,-54.75549999932548],[143.97606616082476,-54.779134691712613],[144.00600000069949,-54.217000000149824],[142.25000000000011,-54.214899999535305],[141.45100000005004,-54.052799999420415],[140.65900000005001,-53.885399999510355],[140.58400000019992,-53.504399999660222],[140.47800000069958,-52.750199999930032],[140.40000000010002,-52.274299999845084],[139.6965564209421,-52.294028370013223],[139.66100000074948,-51.452999999450356],[139.2070000006496,-51.49099999995002],[139.42300000064961,-50.259999999999934],[139.11000000069953,-50.255799999670216],[138.40100000074949,-50.231100000064885],[137.70000000009998,-50.23359999934047],[136.94600000059961,-50.220399999460369],[136.22600000059958,-50.247600000139869],[135.24600000039982,-50.209299999295467],[135.02600000029986,-50.384199999730185],[134.24500000034982,-50.347499999825118],[133.46500000064952,-50.30550000012488],[132.26100000024985,-50.222799999520305],[131.51500000005001,-50.222199999730151],[131.25600000010002,-50.603700000154845],[130.56900000024984,-50.524899999535307],[129.4119999999001,-50.34799999950036],[127.64597482108115,-49.977520284233663],[127.14279371136081,-49.908542770732254],[127.19600000029982,-49.642899999535302],[127.30217106164525,-49.395950750426721],[127.52832074100945,-48.788698277803235],[126.86100000024987,-48.697699999755116],[126.43400000059967,-48.629699999855063],[126.36139999991008,-48.66679999932046],[126.22540490321376,-48.952927392285289],[126.07400000059965,-49.401399999910041],[125.99699978441254,-49.723320444482908],[125.60932514763749,-49.796547875184274],[125.26200000009999,-49.598299999545304],[125.12500000005002,-49.358099999615263],[124.91150000022492,-49.174099999515306],[124.60700000014992,-48.983499999925016],[124.21300000064957,-48.847599999340446],[124.00700000044969,-48.905799999670194],[123.89127806792851,-48.978571765474555],[123.77702220481092,-49.054742339986944],[123.52935821590904,-49.018570268203291],[123.29084217762443,-49.587339285479572],[122.94146572506327,-49.508706296158607],[122.85495804527761,-49.564071210717771],[122.60281514030657,-49.848789560289958],[122.36359442294429,-49.847816401205932],[121.8660000006995,-49.735499999825095],[121.33378749289852,-49.686415179716732],[121.63957728806145,-48.98921444868779],[121.28608711073161,-48.874103611792236],[121.01921549509905,-48.830083551314772],[120.82599999990009,-49.274000000099875],[120.56452641646104,-49.234372074711416],[120.372871775612,-49.58152392468935],[120.12730381681774,-50.14821921324608],[119.36600000029989,-49.938400000059914],[119.09484040635971,-49.854884600344008],[118.81853858069098,-49.830433111298987],[118.49699999995005,-49.888499999375426],[118.09946700389912,-49.834888692658978],[117.44636483067245,-49.669126719722271],[117.4762019862327,-49.592876211667772],[117.39332099976434,-49.513310465305665],[117.13804756104616,-49.476842831331567],[117.09494944865821,-49.384016126343113],[116.8396760108393,-49.284558942940805],[116.56782637518711,-49.254721787380561],[116.2363024293137,-49.904508720500985],[115.98800000000006,-49.851699999355446],[115.86288740512975,-49.998651455600168],[115.64522087774139,-49.917026508166771],[115.47808407971661,-50.060841892639189],[114.36200000029987,-49.877799999670231],[113.88887010097449,-50.39889624126846],[112.80242222720403,-50.168437601514029],[112.73956987115264,-50.315093099866601],[111.82671421988539,-50.207346203264649],[111.34783912397643,-49.997838348860682],[111.32988130847565,-49.833225034108011],[110.94582784497914,-49.717399148052209],[110.8255872454551,-49.935335234633328],[110.50995567181684,-49.848912304259386],[109.42403275660649,-49.522008173938048],[108.6650139726168,-49.232679231361374],[108.70258915946221,-49.089893519370378],[108.40574517969634,-49.007228107591061],[108.44566163997274,-48.936117654006466],[107.63464684047938,-48.574687145595249],[106.91178582365688,-48.336671932563604],[106.18359064179475,-49.335053413484218],[105.71249094849856,-49.141071186885711],[105.60327385730272,-49.143902428953879],[105.18149476746959,-48.904684437436799],[105.38296513523284,-48.603846359821603],[104.23770000065457,-48.109899999685183],[102.91500000054964,-47.673999999700186],[102.64100000044971,-47.989999999500355],[102.06000000009999,-47.853299999795126],[101.43600000069955,-47.66100000004991],[100.81700000074949,-47.465400000109867],[100.20200000000006,-47.266499999974997],[99.624300000744483,-47.978099999315475],[99.355700000554634,-48.208699999905036],[98.565343058335543,-47.885869405448659],[98.023477448025858,-47.587843319913247],[97.300989968212548,-47.23563067361664],[95.942999999950075,-46.495999999500327],[96.184700000704538,-46.263899999885041],[95.793388512769695,-45.927843913365848],[96.650037560485089,-45.240409491504806],[95.806400000359815,-45.141399999610258],[94.925700000055031,-44.80530000009486],[95.040500000674569,-44.619499999725178],[94.470200000030047,-44.389700000054916],[93.904400000060036,-44.157099999865068],[93.34310000076448,-43.921700000054898],[92.786200000229883,-43.683599999840055],[92.233700000254885,-43.44280000011986],[91.685700000055022,-43.199400000109847],[91.142000000299845,-42.953399999810074],[90.602700000204891,-42.704899999335453],[90.067700000554623,-42.453799999470334],[89.537000000449723,-42.200199999430367],[89.010599999890132,-41.944199999330465],[88.606675098477069,-41.732827099391102],[88.191210028220269,-42.07410197872332],[87.502300000544665,-41.710499999675221],[86.949700000454698,-41.420999999750165],[86.402000000599628,-41.12879999942038],[85.900716433416733,-40.849379437311143],[85.611110340469907,-41.178584269948033],[85.320114182523582,-41.467214606568803],[85.256236977054925,-41.42462980292305],[84.817000000349822,-41.878999999949997],[84.483401038826912,-42.177947128856886],[83.978729285728036,-42.591612500116753],[83.508714377166825,-42.92433499226604],[82.587700000754467,-42.309099999565262],[81.752000000000066,-41.722499999974957],[80.86714134209933,-41.099353816025769],[80.656400000059989,-41.226099999715188],[80.457810429707649,-41.464155005049406],[79.944005938922999,-41.774150381734671],[79.319100000264882,-41.383999999500361],[78.658600000289823,-40.872199999530324],[78.483700000754482,-40.866400000059912],[77.8245000004747,-40.325999999600242],[78.425400000309821,-39.904899999535303],[78.002400000759508,-39.538499999375404],[78.383900000284825,-39.261999999999944],[78.073100000164914,-39.004899999535326],[78.529300000094963,-38.659199999780128],[78.181500000624567,-38.393199999880039],[78.706100000015056,-38.0005999992905],[78.021299999995051,-37.482899999735139],[78.606300000444719,-36.998299999545281],[79.183900000484698,-36.510899999735159],[78.689900000284865,-36.098000000099887],[78.201100000664553,-35.683099999965009],[78.803500000424719,-35.161200000079873],[78.442299999945078,-34.842299999645206],[78.487900000184936,-34.806700000104854],[77.916600000189931,-34.323800000069923],[77.351800000469723,-33.838299999745175],[78.085800000369773,-33.194199999730188],[77.657800000469706,-32.827599999340464],[77.233400000209883,-32.459499999925015],[76.812400000259856,-32.089999999800114],[76.394800000619568,-31.71909999986508],[76.68940000010997,-31.464900000034902],[76.148100000414729,-30.970400000159827],[76.204500000474695,-30.905699999555281],[75.797200000080011,-30.573500000024922],[75.392600000089999,-30.240100000014934],[75.514900000334819,-30.117599999540289],[75.364100000614599,-30.005799999670216],[75.55390000018491,-29.83940000000996],[74.937600000639577,-29.328400000059901],[74.994000000699543,-29.264499999475333],[74.891137480410464,-29.079622536251009],[74.658232962581224,-28.822201753907791],[74.560167902726562,-28.805857577565121],[74.208768104164733,-28.495318220759259],[74.310919208554708,-28.393167116369284],[74.215800000369768,-28.292399999360441],[74.35480000002002,-28.159699999755162],[73.989123644740459,-27.819283499933533],[73.907601057243028,-27.822195020883441],[73.470872912055313,-27.370909270946072],[73.275801007510552,-27.548512049791213],[73.147694084814248,-27.350528624296544],[72.943887617419648,-27.466989463193102],[72.42854840568441,-26.940004167658174],[72.312087567687172,-26.96329633525761],[72.065599999940105,-26.655999999400422],[71.840274871188399,-26.41337392176905],[71.809000000049991,-26.31099999955029],[71.622983573333272,-26.339494880084601],[71.340504887290763,-25.998347543504281],[71.179709326824025,-25.976618413808694],[70.901576466181041,-26.246059622753364],[70.736435080314777,-26.03094123804766],[70.482204262516746,-26.174353494218337],[70.389000000549629,-25.980999999850042],[70.002244483496156,-25.551456166169089],[69.518444877229342,-25.732881017844647],[69.370617219609073,-25.779917090601202],[69.387415817086321,-25.877348955789614],[69.07160218559244,-25.954622503825419],[68.779306590027147,-25.974780820978083],[68.796105187504452,-26.099090442669763],[68.53404706721841,-26.142766795750958],[68.554205384371073,-26.256997258416675],[68.177916801419315,-26.317472208975232],[67.868822608376718,-26.475379024722145],[67.567888478670397,-26.615242206262792],[67.419653613423577,-26.724467896775991],[67.263616912690452,-26.810288082628858],[66.96268594769839,-27.190194220886553],[66.373000000050013,-27.281100000064896],[66.359000000149933,-27.514499999375403],[65.50660007103653,-27.499999726406202],[65.332100000015032,-27.812199999730183],[64.466900000434748,-27.817499999525296],[63.603700000454694,-27.83130000009487],[63.621100000664569,-28.038799999320474],[63.194200000229898,-28.021400000009976],[63.211199999980067,-28.163999999300472],[62.891716309859873,-28.202871061550184],[62.715346024899191,-28.324125632292066],[62.135099999965064,-28.489599999340442],[61.99884174455093,-28.720958772329425],[61.517599999940103,-28.777199999780123],[61.532200000529656,-28.919900000084908],[60.958834657093803,-29.271999363279974],[60.799268279207752,-29.474364581660097],[60.816215026502334,-30.078798564602039],[60.680687828180794,-30.250664129246104],[60.07288549926642,-30.425793614183931],[59.413574499263802,-30.734845645210328],[59.166700000005051,-31.049699999555287],[58.450686397859045,-31.073148326334149],[58.398080976555889,-31.592626860241353],[57.800000000599596,-31.721999999600257],[57.456244966432109,-31.795924287076161],[57.095684262518773,-31.826829490088869],[57.069794092023756,-32.217316236754868],[57.091199999980063,-32.834999999750153],[57.060700000005056,-33.554199999730145],[56.400600000489703,-33.626799999520301],[55.737900000684533,-33.652799999720173],[55.698700000604617,-34.234999999650199],[55.301000000449733,-34.287199999380448],[55.274699999905124,-34.560499999575256],[54.255100000064999,-34.541599999440393],[54.216100000214908,-35.302399999560294],[53.470600000589627,-35.516699999405432],[53.466500000374765,-36.140899999935016],[52.902300000444711,-36.152999999450344],[52.338000000399745,-36.162399999460376],[52.310600000389741,-36.797299999695213],[52.282700000704494,-37.432199999929992],[51.554800000619593,-37.441499999825112],[50.827000000649548,-37.450699999605263],[50.823299999995072,-37.57989999968521],[49.962200000629593,-37.596799999320467],[49.945100000764455,-37.790199999430399],[49.036599999990074,-37.791699999355444],[49.034400000159906,-37.999899999385434],[48.632600000689536,-38.01419999963025],[48.017100000264861,-38.477999999300494],[48.023400000309834,-38.650699999905044],[47.135300000494681,-38.763699999355424],[46.244400000159942,-38.869899999984966],[46.160200000529642,-39.494500000074879],[46.074399999960065,-40.119000000049937],[45.331800000070018,-40.108499999675189],[45.302699999905144,-40.365899999585281],[44.716000000199926,-40.368899999435371],[44.6858000005696,-40.691100000064921],[44.023000000649574,-40.670800000119868],[44.00920000008,-40.91500000014986],[42.872900000134962,-40.850499999775138],[42.774000000699516,-41.320499999375443],[42.673700000554618,-41.790399999760155],[42.571900000484675,-42.260200000029954],[42.468600000489687,-42.729899999285522],[41.812000000499665,-42.655299999895021],[41.685900000384777,-43.117399999410395],[41.557800000669545,-43.579399999710176],[40.505800000469719,-43.437599999540282],[39.45880000061959,-43.286200000029908],[39.267299999995032,-43.725699999655205],[39.072900000534673,-44.164799999720174],[38.338299999945093,-44.054700000004971],[38.193700000154934,-44.400999999550322],[38.08270000030484,-44.618799999820112],[37.508300000344775,-44.875299999595256],[37.085500000124966,-44.804299999845057],[36.677400000609566,-44.91969999935543],[36.302900000134969,-44.966500000074916],[35.97290000043472,-44.960699999705184],[35.660300000045027,-44.865999999700193],[35.343773402220791,-44.843877646835892],[35.221240034200264,-45.18084441024132],[35.119128893883385,-45.548444516101483],[34.935328840953275,-45.956889078268318],[34.863851042191868,-46.191744701356868],[34.267199999980051,-46.212299999945003],[34.086900000534627,-46.089899999585271],[33.982400000060011,-46.081199999480361],[33.81840000045969,-45.979099999965001],[33.771261839362467,-46.416389209694216],[33.64872847044262,-46.783989315554436],[33.358000000199922,-46.889999999900056],[33.307000000050039,-47.042000000099904],[32.456999999950085,-47.158999999650234],[32.355999999900121,-47.443999999800099],[32.126000000000033,-47.719000000149833],[31.69200000039973,-48.138999999850057],[31.363000000050022,-48.396999999550303],[31.043000000149959,-48.771999999700199],[30.704600000689538,-49.010599999590283],[30.361700000554606,-49.21549999942539],[30.006000000099959,-49.610799999520339],[29.711500000724527,-49.933499999825074],[29.343100000065022,-50.506999999650247],[28.788695960849964,-51.075034764542693],[28.430955291653447,-51.694201307244498],[28.018177596219118,-52.354645620299095],[27.751758111147979,-52.828115226836189],[27.562000000199873,-52.851999999999975],[27.329000000449696,-52.89200000009987],[27.004000000199881,-52.746999999850061],[26.563000000649538,-52.432999999650235],[26.269200000279852,-52.510699999905057],[25.895000000149935,-52.678999999950008],[25.608900000534675,-52.94069999940541],[25.179700000154924,-53.444099999615275],[24.872600000689545,-53.345299999395422],[24.685100000164937,-53.421499999725143],[23.886200000329779,-53.308599999490355],[23.021400000309825,-53.200400000159846],[23.075300000194886,-53.097699999955012],[22.504200000429705,-53.051199999580263],[21.250400000359775,-52.908799999620271],[19.993800000669523,-52.81669999990504],[18.907000000050004,-52.58299999935042],[18.537400000709511,-52.734299999645202],[17.806300000544638,-52.466899999934981],[16.991500000424708,-52.219099999365426],[16.394000000000062,-52.064000000099895],[15.824000000599597,-52.15400000009987],[15.112400000359798,-52.307499999325444],[14.400000000099965,-52.150999999350461],[13.733500000424726,-52.307899999785093],[13.22129999999504,-52.363000000149839],[12.97200000039976,-52.406999999450363],[12.211600000739509,-52.514800000119862],[11.708400000759468,-52.78289999973515],[10.955000000149937,-52.845299999495353],[10.478999999950076,-52.914999999550275],[9.9930600000190566,-52.792299999745126],[9.4286900003432947,-53.232599999390402],[8.7987599999740951,-53.667999999700157],[8.288340000690539,-54.032599999590275],[7.7723499999526098,-54.395999999900027],[7.2372900002333722,-54.101199999280482],[6.6253999999101438,-53.814199999530331],[6.1837300000395317,-54.114499999275495],[5.4946900005431303,-54.54289999963521],[5.0837199999780864,-54.309300000094879],[4.8266099999515859,-54.161599999440398],[4.4145799999670885,-54.430299999745159],[3.9563800004366954,-54.126699999805112],[3.3689400007804693,-53.834099999914997],[3.0254199999330922,-53.650699999605251],[2.3597500007619487,-54.037399999710203],[1.6948100001814055,-54.398999999750174],[0.96453400024398661,-54.832199999330442],[0.44318200044898504,-54.451199999480366],[-0.038825999820005563,-54.677199999280504],[-0.43789999948535296,-54.851799999370428],[-1.0389799995273279,-55.018999999949983],[-1.5500900297310523,-55.211553971838271],[-1.6136899993938982,-55.652899999935016],[-2.0799799996772208,-55.656799999919997],[-2.8962499992380231,-55.707199999380407],[-3.7202399995762789,-55.739900000084901],[-4.0560100000614057,-55.769399999810105],[-4.690609999951505,-55.807200000079888],[-4.6754600000788855,-56.210200000029943],[-5.0318844709914856,-56.357881141001826],[-5.4483199996682288,-56.626999999650195],[-6.0567899996586902,-56.672099999315492],[-6.0914066678833478,-57.143693437502122],[-6.3651165691742904,-57.170181492581776],[-6.5381499997226342,-57.269999999300467],[-6.8419015579105462,-57.435062041579897],[-7.0127799996971589,-57.617199999880029],[-7.1420995133817655,-57.8853589752365],[-7.5247699994358754,-57.920399999360427],[-8.6068500000274071,-57.988799999720186],[-9.8853199992185523,-58.09149999992502],[-11.189699999855065,-58.157699999555291],[-12.6488999994354,-58.240599999490371],[-13.954299999445368,-58.317299999495333],[-15.068899999635221,-58.390399999860051],[-15.971499999925015,-58.438799999720175],[-16.004699999405375,-58.459299999895052],[-16.225799999870048,-58.767199999380409],[-16.40999999930051,-59.098399999560286],[-16.916899999935026,-59.098199999330461],[-17.666999999450354,-59.128899999535292],[-17.938367939328884,-59.163688267399607],[-18.123299999495316,-59.509299999595271],[-18.306981452531943,-59.517557240074552],[-18.513405019925699,-59.908287564519469],[-18.823040371016248,-60.011499348216319],[-18.896763073656871,-60.254784266480669],[-19.370500000074912,-60.289099999965003],[-19.581199999380431,-60.810799999620258],[-20.762881468804721,-60.859240357456486],[-21.9831594968133,-60.896406186396348],[-23.141494477787887,-60.890211880973482],[-24.244080716252029,-60.896406186396348],[-25.495330267777604,-60.896406186396348],[-25.829822721941014,-60.747742873334914],[-26.123306475713264,-60.608731733782463],[-26.560999999950013,-60.56099999945036],[-27.039920480146009,-60.559797766853421],[-27.106781625371696,-60.536599335590836],[-27.704799999520333,-60.467299999695172],[-28.316666666033768,-60.458333349704276],[-28.416666666733249,-60.508333349604356],[-28.549999999500358,-60.541666683470623],[-28.749999999999943,-60.541666683470623],[-29.099999999300508,-60.475000016637409],[-29.449999999500335,-60.425000016737329],[-29.633333333066844,-60.408333349804195],[-29.716666665933815,-60.408333349804195],[-29.933333333366591,-60.508333349604356],[-30.050000000099885,-60.52500001653749],[-30.199999999800127,-60.52500001653749],[-30.283333332667098,-60.508333349604356],[-30.370941833898485,-60.543804266753455],[-31.01389999978511,-60.511799999570258],[-31.57371982560943,-60.469227048989069],[-32.282717728340458,-60.538623794052796],[-33.121945617496181,-60.757881531507451],[-33.651188430801369,-60.946896821331222],[-34.61894671721717,-61.082987830723766],[-35.405250325941722,-61.309806179411623],[-35.904250692515404,-61.392972906574357],[-36.418100000114862,-61.391999999300481],[-37.037041545031229,-61.394835610275152],[-37.527779000900125,-61.535852120179186],[-37.956469191799727,-61.49072683697392],[-38.148251646096526,-61.259459759760091],[-38.349741028225822,-61.127269980625044],[-39.093000000049926,-61.017999999400388],[-39.671032623456767,-60.715596011446735],[-39.900213038800644,-60.71040422977137],[-40.997011384467783,-60.812292600822843],[-41.482479504725347,-60.848253202423336],[-42.067399999710176,-60.50099999975015],[-43.150899999235548,-60.376100000114889],[-44.225899999785099,-60.242499999475342],[-45.603399999910039,-60.091499999525297],[-46.963199999480366,-59.959799999270501],[-48.250699999605274,-59.968400000159818],[-49.59939999991002,-60.043599999340472],[-50.887099999365432,-60.093600000139872],[-51.052057970299074,-60.083940360459223],[-51.33871571146085,-60.103485205977449],[-51.788247169171484,-60.16211974433071],[-52.055360063915771,-60.168634693136539],[-52.250808523594458,-60.240299128202139],[-52.60261575191538,-60.259843973720365],[-53.039117312014298,-60.27938882013791],[-53.364864745111845,-60.448777485492542],[-53.684097229403562,-60.611651201141967],[-53.983784867277734,-60.650740893977058],[-54.400741581858483,-60.683315637106944],[-54.648309631084544,-60.689830585912773],[-55.066599999790128,-60.763099999665201],[-55.809699999355473,-60.700100000114901],[-56.26919999948035,-60.742199999929994],[-56.546006330427758,-60.687443972261462],[-56.977385442983746,-60.488345919828305],[-58.222999999949991,-59.999299999695211],[-58.969799999270492,-59.728499999675194],[-59.704499999974985,-59.453499999325459],[-61.039899999385398,-59.01049999927551],[-62.571399999310472,-58.602899999435408],[-63.570700000104864,-58.359199999979978],[-64.617000000049927,-57.958600000089916],[-65.442903901593752,-57.810088875701013],[-65.998769958766559,-57.710135003027915],[-67.101800000069886,-57.501899999585248],[-67.92285835353016,-57.277012069951013],[-68.593817958132206,-57.10005569051765],[-68.815013431524619,-56.866571578515504],[-69.533579650480419,-56.799045085162504],[-69.968932624341107,-56.802269921819402],[-70.097926098710445,-56.715199327586845],[-70.33396668381539,-56.68069787510683],[-70.465557499179226,-56.512034605612541],[-70.970378019030306,-56.370757288717869],[-71.40842738071899,-56.205455643662958],[-71.978718058091886,-56.040153997708785],[-72.412634878496817,-55.862454728802675],[-72.873700519163606,-55.648970362791943],[-73.27787328272575,-55.39176951325237],[-73.629556076351776,-55.176560639661773],[-74.122961788355781,-54.924608786666113],[-74.479893579425095,-54.788134866630742],[-74.83157637395044,-54.593921980115226],[-75.309235094523956,-54.331472133132422],[-75.372223057548013,-54.032279308543195],[-75.677468222380526,-53.972598699470382],[-75.853698957740676,-53.715749522622332],[-76.094556593212189,-53.544017504604085],[-76.306544510720528,-53.260676759924479],[-76.449091557929023,-52.939564448840201],[-76.605737335309755,-52.462829226787335],[-76.48329999959526,-52.068399999760118],[-76.593099412607785,-51.535672371083024],[-76.708333316329458,-50.967744883619446],[-76.756499999675214,-50.728900000134843],[-77.213588697060686,-49.946036371081618],[-77.32233606695587,-49.33705110182683],[-77.212165082852266,-48.918166872103427],[-77.133840625744256,-48.503321269261107],[-76.978057819812477,-47.990950433615581],[-76.715504720766205,-47.576613020574371],[-76.388788528967382,-47.254166939352729],[-76.115598619280831,-46.981979047095308],[-75.990323931504179,-46.644701040920268],[-75.995142188760951,-46.471243781475266],[-75.821684928416687,-46.365242121826441],[-75.968311854408512,-45.778480905269532],[-76.751630090756066,-45.931543089342085],[-76.841666669780921,-45.59840774811903],[-77.877087327218362,-45.760473589284686],[-77.967123906243216,-45.45434922113958],[-78.0931751163385,-45.229257774027019],[-78.363284853413234,-44.400921248616669],[-78.893299999994952,-44.544899999435358],[-79.585799999870062,-44.665499999525309],[-80.281099999365438,-44.781899999285486],[-81.106499999974972,-44.875999999500323],[-81.934600000089915,-44.964100000014923],[-81.973751667005786,-44.716049274754198],[-82.153824825055608,-44.680034642784506],[-82.342901640198477,-43.959742011484593],[-82.450945535208234,-43.842694459381732],[-82.730058930275391,-42.906314038062362],[-83.405333271613131,-43.086387196112184],[-83.45379999937046,-42.873000000049899],[-83.72046129775066,-41.960929959649889],[-83.936549086870798,-41.987940933627158],[-84.008578349910863,-41.699823881466898],[-84.11662224492062,-41.708827539459321],[-84.179647849968262,-41.546761697394402],[-84.665845376163134,-41.564769012479871],[-84.701860008132826,-41.411706828407375],[-85.61299999935045,-41.480999999450376],[-85.674255059623249,-41.294659276304515],[-86.240099999615268,-41.392499999375445],[-87.700754904415248,-41.478667441349273],[-87.74370247029276,-41.263929612861318],[-88.446700000104897,-41.318700000004981],[-89.249600000039948,-41.378099999915037],[-89.590447797627746,-41.403509201288557],[-89.590447797627746,-41.253192721167125],[-90.320556415745955,-41.285403395350386],[-90.352767090828536,-41.124350024434023],[-91.254665971557301,-41.167297589412158],[-91.267731033560324,-41.05685002870581],[-91.845195001248271,-41.092139349351442],[-91.877405675431532,-40.222451142805937],[-91.54456204010603,-40.136556011051027],[-91.548299999345431,-39.8328999995353],[-91.60349999982509,-39.349299999595246],[-91.65789999938545,-38.865599999540279],[-92.339699999555307,-38.918399999960002],[-92.525479595207116,-38.9219201407019],[-92.589871311811578,-38.310198835208041],[-93.844248594796795,-38.319564849837889],[-93.865624051708608,-38.027433610772448],[-94.072253464026119,-38.013183306164592],[-94.093099999964977,-37.716999999850088],[-94.093628920937931,-37.236541719424793],[-95.304904790123942,-37.243666871728692],[-95.34053055074429,-37.029912307107224],[-96.067296072255886,-37.072663220031529],[-96.124297289788046,-36.915909872042903],[-96.551499999325472,-36.920899999635253],[-97.064817376820429,-36.951535632663251],[-97.12181859345327,-36.288896480987773],[-98.416699999605271,-36.192799999320471],[-99.531799999470365,-36.13320000007991],[-100.47689113901481,-36.162720808318625],[-101.28599999990001,-35.997000000049923],[-101.9259999997002,-35.927400000109856],[-102.56499999925052,-35.85439999986005],[-103.05434383240191,-35.85775503136955],[-103.63476256853767,-35.867592636990537],[-103.6779154676247,-35.64737056190188],[-104.62836074435285,-35.493763620694494],[-105.1694290580046,-35.405225169206176],[-105.77936061100337,-35.287173900854782],[-106.54669385573681,-35.237985872749789],[-107.18613822649792,-35.090421787535433],[-107.9633090768524,-34.942857701421758],[-108.67161668696048,-34.775618404965371],[-109.25899999965026,-34.544599999290483],[-109.2595262460394,-34.544678692667503],[-109.69099999965022,-34.609199999780117],[-109.91899999995002,-34.701899999285502],[-110.00003078779059,-34.743948404994853],[-110.14099999965021,-34.81709999946537],[-110.32599999999996,-34.9460000000999],[-110.52699999985009,-35.061299999495361],[-110.87700000004992,-35.319099999865045],[-110.70375773343261,-35.650612157425087],[-110.85060387007252,-35.948869760830746],[-110.80500000004992,-36.278000000099894],[-110.73899999975015,-36.357800000069915],[-110.47099999935045,-36.410200000029931],[-110.66799999999995,-37.042299999745126],[-110.81380679824508,-37.482936801791936],[-111.06016833589996,-38.147540019756036],[-111.19194311208491,-38.823601914496692],[-111.22730080728638,-39.112584192706265],[-111.44422432199485,-39.785795101662586],[-111.44422432199485,-40.414125284554189],[-111.50406529187967,-40.900333163744449],[-111.26378654011671,-41.444821900410318],[-111.34899999925051,-42.200399999660192],[-111.50064088486891,-42.846210105511943],[-111.71775736710879,-43.42518739298373],[-111.94145313655298,-43.971268242635233],[-112.19804534381751,-44.681831275992579],[-112.44805826297841,-45.431870033475207],[-112.59280258417186,-45.609510792489061],[-112.67499999955032,-45.832699999905003],[-112.92468500341016,-46.581214971293832],[-113.1786538477968,-47.247025184664494],[-113.25415809841746,-47.603954370397844],[-113.19924591606616,-47.871651260597162],[-113.33652637239413,-48.146212173253161],[-113.36398246401944,-48.626693770401118],[-113.65913544494481,-49.313096051141827],[-113.8749999998501,-49.848899999735181],[-114.55599999999998,-49.720999999350454],[-115.23300000004991,-49.589199999880066],[-116.62198203684147,-49.253599962268424],[-116.88078824008517,-49.765193619989532],[-117.16366943929313,-50.487443489925056],[-117.43451314096865,-50.8906996671559],[-117.81971307100139,-51.486555809403058],[-118.09188127080398,-51.996856642220223],[-118.29987794311256,-52.388850372046988],[-118.46387532028979,-52.776844164726356],[-118.43399999930051,-52.957999999500316],[-117.66099999955031,-53.124099999715156],[-118.03699999995001,-53.690799999820115],[-118.31299999965023,-54.350299999545314],[-118.58100000004993,-54.818499999775156],[-119.68499999975018,-54.641599999740151],[-120.66299999945039,-54.409799999570282],[-121.22799999940042,-55.218899999435394],[-121.64818060724917,-55.985587490470266],[-121.86384790215891,-55.966995482955156],[-122.65499999975015,-55.873099999365422],[-123.44199999940042,-55.714999999350425],[-124.34899999935044,-55.502999999450367],[-125.17409999961524,-55.272899999435367],[-125.64542952635151,-55.226664443809],[-126.24661998922107,-55.077761987525662],[-127.43049999977512,-54.812899999635249],[-127.78634726061756,-55.370004840550905],[-128.74905518644766,-55.16054508009131],[-129.65925505787459,-54.948165109432239],[-130.20541143528948,-54.831284333005499],[-131.24695670518776,-54.569218104431911],[-132.04177451947845,-54.366259435124789],[-133.42299999985011,-54.078999999850055],[-134.20500000004995,-53.887099999665224],[-134.51419999923053,-53.793899999585278],[-135.23884625035413,-54.60504068797735],[-136.15699999935043,-54.366999999850066],[-137.01699999925052,-54.096999999850084],[-137.49867611461099,-54.60504068797735],[-138.00007586610832,-55.282989647254396],[-138.39754283123665,-55.694365652153067],[-138.59184657266115,-56.012807894968319],[-139.19094977471229,-55.985821263840194],[-139.32588292855428,-56.49316992185436],[-139.80624495544032,-56.811612163770292],[-140.04372730577052,-57.113862427908657],[-141.21099999925053,-56.839199999780135],[-142.48899999925055,-56.528999999450377],[-143.06416843482538,-56.298902204573039],[-144.48199999980011,-55.910299999845051],[-144.85699999995001,-55.784199999730163],[-145.41200000009991,-56.227699999455353],[-145.97899999965023,-56.668599999790104],[-146.68099999965023,-57.307599999340482],[-147.16699999965024,-57.637899999385411],[-148.07009999961525,-57.439899999385432],[-148.70280184273082,-58.053874367408071],[-149.26400000009988,-58.822099999515331],[-149.80899999955031,-59.314100000114877],[-150.38199999970018,-59.717599999740173],[-151.32899999975015,-59.469399999610232],[-152.11899999925055,-60.157499999825063],[-152.94300000004992,-60.840699999805111],[-153.66099999955031,-61.399199999480345],[-154.18099999995002,-61.836099999715202],[-154.32399999970019,-61.776200000129847],[-155.18697601633005,-62.254025013443595],[-155.6949999995503,-62.138999999750126],[-156.55125852566042,-62.667908472098247],[-157.40968347541204,-63.112449963195218],[-158.39399999930049,-62.788499999675196],[-158.70300000004994,-63.004399999560292],[-159.88799999930049,-62.595399999910001],[-160.42999999980012,-62.92329999989505],[-161.33799999999997,-62.614400000159833],[-161.6519999993005,-62.469999999700178],[-163.01356872971309,-63.362887364160486],[-164.22099999985008,-62.963999999900011],[-164.8213173100458,-63.135517803903497],[-165.604981709838,-62.99617798012963],[-166.05725661689931,-63.142861733382233],[-167.01070101483992,-63.644031225160859],[-167.38399999950036,-63.509999999600268],[-168.91758981072115,-64.145200716040165],[-169.83899999945038,-64.763699999555286],[-170.04300000004994,-64.858499999675189],[-171.16878634701229,-64.306747314736754],[-173.23113442401444,-65.089502152802083],[-173.47099999935045,-65.017999999500319],[-174.38749623666197,-65.384928274919901],[-175.32466529956389,-65.632156923603077],[-175.9398621691038,-65.241190688099721],[-177.07199999960028,-65.606899999935024],[-177.92599999980013,-65.862299999345453],[-178.38340113695287,-65.936880605755334],[-179.19408112334514,-65.729898482029284],[-179.99299999995,-65.457999999700178],[-179.99924538056982,-66.495726746392165],[-179.99999999990004,-66.573554108635165],[-179.99999999990004,-67.548360854070097],[-179.99777075681496,-67.764302479076093],[-179.99999999990004,-67.917019128330082],[-179.99999999990004,-68.964146765360908],[-179.99924538056982,-69.097332805364658],[-179.99999999990004,-69.121273981309173],[-179.99999999990004,-70.471726369076634],[-179.99899999965024,-70.491666683370681],[-179.63921822104405,-70.412423109239057],[-179.99659764246721,-70.491666683370681],[-179.99999999990004,-70.752247908214372],[-179.99999999990004,-71.163471139881153],[-179.99768184354221,-71.408333316129585],[-179.99899999965024,-71.408333316129585],[-179.99999999990004,-71.452977323544587],[-179.99999999990004,-72.478224181800499],[-179.99899999965024,-72.522803938051254],[-179.99999999990004,-72.542351920404769],[-179.99999999990004,-74.768059556503317],[-179.99749397246882,-74.818957816350121],[-179.99999999990004,-74.851688573868557],[-179.99999999990004,-75.773871292825845],[-179.99749397246882,-75.851224451547182],[-179.99999999990004,-75.93515328399684],[-179.99999999990004,-76.648379566963399],[-179.99714411101189,-76.843316392437544],[-179.99999999990004,-76.902199085219593],[-179.99999999990004,-78.172279924179122],[-179.99749397246882,-78.222647802553979],[-179.99999999990004,-78.258602761807992],[-179.99999999990004,-80.321705278275942],[-179.99907991790386,-80.362400943548664],[-179.99999999990004,-80.403241866418966],[-179.99999999990004,-81.453469579857199],[-179.99562172786042,-81.592602148570279],[-179.99999999990004,-81.774783485669275],[-179.99999999990004,-82.474418774107107],[-179.99562172786042,-82.676825366697301],[-179.99999999990004,-82.770460860780076],[-179.99999999990004,-84.062492441273093],[-179.99678478598906,-84.141155890631808],[-179.99676085502941,-85.993493942591329],[-179.99588142778563,-86.683432622917167],[-179.993452877848,-87.368447583389241],[-179.99999999990004,-87.488850396328701],[-179.99999999990004,-88.676344493503564],[-179.99659774858719,-88.730421529429975],[-179.99623193135852,-89.498642806120586],[-179.99899999965024,-89.998999999650209],[-110.00005199380445,-89.998999999650209],[179.99900000074956,-89.998999999650209],[179.99924663442471,-88.730301832363637],[179.99485368544924,-88.59454647334104],[179.98636176778143,-87.7396600581651],[179.99763335139812,-87.007719254839685],[179.99936619659275,-85.99403515909529],[179.99938375135912,-84.140972251767948],[179.98937970281111,-83.802656175242248],[179.99487219889295,-82.880126089547332],[179.99476129809545,-82.232234709664056],[179.9954759155811,-81.963032112442022],[179.99429996657022,-81.272334123720782],[179.991477551348,-80.781539255132486],[179.99569306768103,-80.131207626930404],[179.99086485852649,-78.389668213017558],[179.99763695498154,-78.1247858060201],[179.99704981369803,-76.963026005245922],[179.99397428338659,-76.237077115816192],[179.99730606742116,-76.025375217792032],[179.98971554653531,-75.456422689355577],[179.99425755364325,-74.926689591751199],[179.99147046289158,-74.594821792791492],[179.99975419200246,-72.547156970217941],[179.99999966825021,-72.528598216934142],[179.99857952272691,-72.414899687070886],[179.99881435729685,-71.505909133999296],[179.99999966825021,-71.404884902616118],[180.00000000010004,-71.404885027621901],[179.99830623674347,-70.984562309802698],[179.99862022963998,-70.857922329751659],[179.99999966825021,-70.491666683370681],[179.99970616011126,-70.465867105182724],[179.99711035785685,-69.212951232213584],[179.9988556946347,-69.078797953362823],[179.99626993870675,-68.30581219527653],[179.99856936038771,-68.015026613587281],[179.9968707946515,-67.2452419383647],[179.99710390971768,-66.87224120846497]],[[-58.130799999220528,-60.961500000124886],[-58.890599999989945,-61.081799999870043],[-57.493799999270493,-60.854599999590278],[-58.130799999220528,-60.961500000124886]]]]},"properties":{"OBJECTID":2,"Name":"Antarctic Plate","Shape_Length":923.84032957733143,"Shape_Area":13839.35295676961}},{"type":"Feature","id":3,"geometry":{"type":"Polygon","coordinates":[[[45.983548779052967,33.206550651291593],[45.83520109295614,33.456362455962619],[45.742661945292582,33.626957679653231],[45.573043136231831,34.278671386875033],[45.628645404361976,34.702900504254899],[45.578420921988027,34.857912881674224],[45.370382293608031,35.046376521958962],[45.173293065822406,35.288049327214708],[45.074748452379254,35.466602600429724],[44.822912217125179,35.609160476374939],[44.735317004276396,35.769234965821056],[44.514800000119976,36.01500000024987],[44.356800000219891,36.57160000043973],[44.019500000224866,37.09840000055965],[43.647499999925117,37.406600000389744],[43.175800000169943,37.685000000149955],[42.797300000494658,37.990500000474697],[42.289100000164922,38.212700000404766],[41.839100000164933,38.355100000364757],[41.236299999945118,38.615600000239851],[41.026200000429753,38.848700000104998],[41.001499999925102,39.079900000484713],[40.624200000729502,38.856800000419753],[40.162700000104962,38.768100000114941],[39.401700000654557,38.497000000649564],[38.856500000075016,38.31410000001506],[38.365200000279856,38.121400000709514],[38.041699999955085,37.99410000011494],[37.682200000529633,37.83370000015492],[37.083200000179943,37.511799999870163],[36.789499999925113,37.397900000284835],[36.466500000174904,36.730300000244881],[36.389200000379788,36.259599999840191],[36.413400000309821,36.023200000679537],[36.431500000424705,35.752200000429752],[36.396000000100003,35.285400000010043],[36.421350447864938,34.543957796315283],[36.426183748980861,34.368748630544928],[36.070534507161824,33.986257936054983],[35.755147443000169,33.563505063907598],[35.648300000644554,33.232499999875131],[35.571300000294855,32.755300000094962],[35.470100000015066,32.003500000424708],[35.474969126524002,31.456143065849858],[35.241596659058644,30.472776697286804],[35.180022445579425,30.098200232854538],[35.034577398728004,29.856641433755215],[34.982491432133941,29.626108804977434],[34.825970719872885,29.349047305788588],[34.769527690850282,29.113012821684435],[34.738740584110701,28.835928861927471],[34.620723342508313,28.476745951764315],[34.507477882098613,28.320411087102059],[34.477715220081393,28.062468017185324],[34.547000000449714,27.261900000684534],[34.874800000319794,26.807800000469683],[35.199900000684522,26.353000000349766],[35.54560000043972,25.919099999965056],[35.888800000020012,25.484400000459686],[36.066100000514666,25.055300000194904],[36.242200000529635,24.626000000599618],[36.407300000494672,24.132700000304794],[36.571100000764488,23.639200000679523],[37.116003987693944,23.281079285180908],[37.481833395894569,22.960978553117798],[37.737913980645715,22.512837529128717],[37.961984493089915,22.243038340547002],[37.916255816952457,21.964093417277411],[38.103950557572205,21.134061310081449],[38.184969163196399,20.893137560050434],[38.180705025916268,20.795062405305828],[38.302232935701454,20.545610381613869],[38.378987404045517,20.268441466500519],[38.585708939316135,19.983609486688522],[38.826100000214865,19.447500000624586],[39.297799999970096,19.029799999970066],[39.824001189203557,18.407601168159431],[39.986700000204905,17.949400000409753],[40.331300000494707,17.266200000429706],[40.57200000009999,17.129000000149915],[40.787000000749515,16.844000000000051],[41.094551334876257,16.617383247838688],[41.351061199314927,16.216533588054688],[41.49870860222029,16.201768847854112],[41.576223487823768,16.009827224346964],[41.684395355461334,15.958145811480051],[41.684395355461334,15.80201062958696],[41.788485477322979,15.715268861668676],[41.788485477322979,15.498414441873024],[42.000709771738627,14.924618814206951],[42.208333350403848,14.750000000299849],[42.265565200873368,14.604974233574069],[42.30893608393319,14.188613747926183],[42.44772291278224,13.841646676253163],[42.673251509549573,13.581421372498369],[42.950825166348409,13.355892776630412],[43.115634525213238,13.104341649847299],[43.289118061049749,12.826767992149144],[43.349837298952252,12.618587749325229],[43.554377844262149,12.508896709115902],[43.592714248763627,12.306317385538932],[43.649500000424723,12.012700000604582],[44.049300000294807,12.008000000599623],[44.513099999965107,12.01260000048967],[44.780200000229854,12.022400000060031],[44.913200000179927,12.011600000239866],[45.09689999993509,11.998900000035007],[45.281100000264871,11.998300000244853],[45.327700000754476,12.052500000474708],[45.428000000000054,12.017599999940103],[45.521800000769474,11.982900000534642],[45.60180000007,12.073000000649586],[45.637200000279847,12.158600000089962],[45.850900000334775,12.100200000429709],[46.109700000055,12.058100000614559],[46.150299999945105,12.112299999945094],[46.197600000339776,12.172400000659536],[46.310699999905125,12.142500000474683],[46.429000000049996,12.087500000224907],[46.51080000051968,12.20190000038474],[46.578900000534645,12.292100000614596],[46.716800000719502,12.248200000529664],[46.848700000304802,12.21080000071953],[46.929700000754508,12.300200000030031],[46.992300000744478,12.403000000349778],[47.04890000013495,12.387699999855158],[47.130300000144928,12.358700000704516],[47.161300000694553,12.463000000049988],[47.319000000249844,12.430100000015045],[47.538900000234889,12.368700000504646],[47.587500000324781,12.440899999835153],[47.649400000409742,12.518499999975063],[47.788299999945082,12.492300000444686],[47.901400000409751,12.461100000564613],[47.991400000409726,12.580700000404761],[48.047900000584605,12.670999999850153],[48.141999999900122,12.640700000104971],[48.267500000224857,12.602300000045034],[48.348700000005067,12.572600000090006],[48.447900000684513,12.728899999835164],[48.567100000065011,12.690599999890139],[48.658345320080514,12.667797081470155],[48.735593929016659,12.819535421222781],[48.851466843320225,13.001621429285592],[49.1328724915723,12.882989635962986],[49.207524261335664,12.8522303218719],[49.290150249534463,12.994760150660454],[49.333528892844186,13.071189189429617],[49.472100000414741,13.007800000169937],[49.587818598249783,13.203265163856258],[49.714720040897248,13.428164661470021],[49.901194715363886,13.320583118716002],[50.106794996591873,13.236908585762649],[50.232306796021874,13.197462020355999],[50.252400000459716,13.228999999850146],[50.310200000329814,13.312500000474699],[50.429400000609576,13.272500000374748],[50.573000000149932,13.218099999915125],[50.661500000224862,13.361800000469714],[50.850124773839298,13.308155329804663],[51.088839044286544,13.226097299450885],[51.2560524816368,13.151379380953699],[51.301710953997372,13.205191152849466],[51.342899999935128,13.271800000469682],[51.448700000104964,13.457599999940101],[51.569800000769476,13.667299999895135],[51.762500000075022,14.028300000144952],[51.939999999900124,14.353000000050031],[52.21069429540546,14.747151026298866],[52.328875737925046,14.700500457829889],[52.435125503439281,14.639316147222473],[52.421451559941602,14.491637559425897],[52.651173807825046,14.41779826507792],[52.735952256791279,14.453350517812169],[53.028574645303706,14.346693759609366],[53.116087882250042,14.41779826507792],[53.330847495015917,14.344337261555438],[53.465587599488174,14.445392339684759],[53.569233833074975,14.406525001527655],[53.781708613861497,14.310652235212558],[53.906152236336709,14.655107173956935],[54.056217169786635,14.661109770899259],[54.219613953621092,14.58531475597124],[54.249300000594587,14.691400000409715],[54.367309837179278,14.74337526315793],[54.452817980765246,14.735601795886225],[54.511000000049989,14.760100000214891],[54.639381202480592,14.769286821329786],[54.823353267839082,14.787424912229937],[54.971049152296587,14.756331042243858],[55.047300000294854,14.711600000239855],[55.108400000359779,14.850500000674515],[55.277800000769446,14.788500000474698],[55.48000000019988,14.729200000679555],[55.631200000379749,14.681400000609585],[55.754952209676787,14.817177301291451],[55.947035323521391,14.781161716939721],[56.057400000010034,14.641100000164897],[56.1791000004647,14.621299999895143],[56.207900000284837,14.643299999995065],[56.343206745994564,14.619091589605205],[57.001500000324825,14.660100000414729],[57.476199999930088,14.661999999900104],[57.983600000239846,14.599399999910133],[58.213100000464692,14.91600000039972],[58.589200000079984,14.646000000399738],[59.033700000055035,15.087600000639554],[59.409600000339822,14.89510000066457],[59.642300000644582,15.241800000669571],[59.756418405984675,15.436371032297359],[59.805747108742139,16.117107123694836],[59.874807291523325,16.807708954204941],[59.963598955227667,17.34045893912878],[60.214800000219896,18.239700000354787],[60.45639999996007,18.798300000144934],[60.712200000729524,19.305700000454692],[60.969600000639559,19.812700000304801],[61.230100000514653,20.230299999945089],[61.491900000084968,20.644299999945076],[61.848100000214913,21.125800000169932],[62.096300000344797,21.424900000334787],[62.132500000574623,22.082800000020029],[62.502500000374766,22.385000000149944],[62.825228208814849,22.641666683870426],[62.877200000179926,22.682999999950084],[63.631300000694523,23.200800000519678],[64.27540000070951,23.693600000239883],[64.651100000764472,24.03830000064454],[65.028200000629568,24.38240000035978],[64.161500000224862,24.349800000669518],[63.365600000239851,24.285400000409766],[62.580600000189918,24.283000000349773],[61.955400000309794,24.086899999835168],[61.23799287976766,24.032877262275861],[60.869599999940078,24.177500000524674],[60.282654424162388,24.070098241240885],[59.602599999990048,24.311300000494668],[58.715700000654579,24.363299999995036],[57.831600000039998,24.442700000404727],[57.345400000709503,24.788400000159925],[57.121400000509652,25.551800000569642],[57.280704747626032,25.814717947375414],[57.501321079204502,25.95913435686515],[57.370944951148658,26.523217671558371],[57.408419081175737,26.797737823341947],[57.301349032332041,27.142133741379098],[56.875300000094967,27.300700000304801],[56.670000000699531,27.360000000100001],[56.441000000149927,27.275000000449722],[56.344477487146378,27.145341612325581],[56.233682789928878,26.940270131561363],[56.103592807262316,26.818059893549275],[56.051160420916744,26.765924113507083],[55.792990607630486,26.612066153530236],[55.58656935509174,26.550531958982788],[55.311341016874508,26.51975246860161],[55.018910907912129,26.458168734899232],[54.760884341339363,26.458168734899232],[54.485656003122074,26.535143246663552],[54.296436521328474,26.642820844206653],[54.090015267890351,26.642820844206653],[53.814786929673119,26.627444533538437],[53.539558591455886,26.735035209807165],[53.40194442279693,26.903900745822796],[53.247128482493508,27.026553726373436],[53.006303687565207,27.087830071800397],[52.817084204872231,27.225579287154403],[52.662268264568809,27.347880189419243],[52.559057638299407,27.424249790195688],[52.541855866654998,27.515823628957378],[52.387039927250896,27.59207697797018],[52.197820444557919,27.668277327236922],[52.008600962764262,27.774868590513108],[51.716170853801941,27.759647648520229],[51.526951371108964,27.835731055343956],[51.337731889315307,28.002926758063495],[51.303328346925696,28.200187620562303],[51.148512406622331,28.442471061890046],[51.045301779453609,28.608719937675062],[51.084943620951378,28.913978708350783],[51.124585461549884,29.167603383089727],[51.074370276367233,29.3641607077505],[50.75612994574044,29.469447148267307],[50.538499813915337,29.457306839339196],[50.166220162230729,29.828445339480879],[50.056726146394567,30.150881842023466],[50.012928540419864,30.340060053029049],[49.804889911140549,30.481704331989363],[49.691548155822773,30.676056296860679],[49.56775166840481,30.880667705150529],[49.445242665716478,31.02394531392514],[49.236850193681562,31.180237289019715],[49.160204383225732,31.386643521981],[49.191723425695614,31.672656035547675],[48.907038985960469,31.951793098972416],[48.720899160567853,32.202293575688032],[48.337670106490293,32.322659768233791],[47.888744644349913,32.350413902379728],[47.604060204614825,32.56291249361675],[47.297476961892357,32.56291249361675],[47.198415951435038,32.565962386055332],[47.012792522157213,32.629824385786833],[46.626028332041926,32.84388228094258],[46.355828430737517,33.069022115178541],[46.180638005939272,33.069022115178541],[45.983548779052967,33.206550651291593]]]},"properties":{"OBJECTID":3,"Name":"Arabian Plate","Shape_Length":99.187126086489698,"Shape_Area":423.42706978292136}},{"type":"Feature","id":4,"geometry":{"type":"MultiPolygon","coordinates":[[[[-178.30757951648147,-14.143440461408147],[-178.73299999995001,-13.986100000014915],[-178.7964614704205,-14.23499058145012],[-178.88799999999998,-14.224100000114845],[-179.09956888199827,-15.045443585253224],[-179.16735434862426,-15.033360101787196],[-179.20362504366082,-15.142172185997538],[-179.36265808939928,-15.516039347038202],[-179.46030996023646,-15.744823729731309],[-179.99899999965024,-15.620410242638513],[-179.99899999965024,-17.245399982623042],[-179.99777790732455,-19.297481158128903],[-179.97969323975119,-22.146734285259015],[-179.99676849926681,-23.441249370561934],[-179.99676849926681,-25.940770630360248],[-179.99766983129766,-28.407970489646345],[-179.99131608776722,-31.002249730540598],[-179.99899999965024,-32.302022499838472],[-179.99222338230322,-33.035744701856459],[-179.99752734900792,-33.687942461075693],[-179.99835790169578,-35.404345714083377],[-179.99899999965024,-37.158716239462819],[-179.81099999945039,-36.793000000149846],[-179.62471643271718,-36.533049749546251],[-179.37099999925053,-36.178999999650216],[-179.04399999940043,-35.542300000044918],[-178.53900000004992,-34.705799999270482],[-178.29399999999998,-34.241299999695173],[-177.98100000004993,-33.57950000002495],[-177.80999999960028,-33.190799999420392],[-177.71947350319959,-32.879678033014784],[-177.66599999960027,-32.695899999984988],[-177.6658250355969,-32.690825019558986],[-177.42846170064695,-32.164575411725821],[-177.30099999925054,-31.793199999580281],[-177.05665592692947,-31.339150532271219],[-176.91900000004995,-31.037399999810077],[-176.68999999950034,-30.677899999485362],[-176.54699999975017,-30.321500000024912],[-176.308741628923,-29.813824885410099],[-176.15299999935047,-29.46909999986508],[-176.07799999950035,-29.065299999895046],[-175.99499999945039,-28.697099999465365],[-175.89166668317085,-28.290060671163019],[-175.88699196940385,-28.271646547749924],[-175.88499999985009,-28.263799999770129],[-175.78500000004993,-27.784300000044936],[-175.69484378151529,-27.461661890184018],[-175.60805625878928,-27.145142690182979],[-175.54168932969878,-26.864359528369505],[-175.48553269787567,-26.649943295646551],[-175.42299999955031,-26.437199999780148],[-175.41499999935047,-26.024799999820118],[-175.38530826416502,-25.759103951885834],[-175.31614037048169,-25.580871957874535],[-175.21180939578696,-25.34045710181374],[-175.20273713660953,-25.186228703891516],[-175.19366487833145,-25.034268370988514],[-175.22798074491541,-24.776179780872155],[-175.19708697768183,-24.425584048165263],[-175.13817834125743,-24.155726805647532],[-175.05333539381334,-23.914467302723779],[-174.98499999985009,-23.749899999984962],[-174.92597956330619,-23.651959094236759],[-174.82921894220038,-23.491743313203301],[-174.66299999945039,-23.220499999575281],[-174.48900000004994,-22.905799999470332],[-174.38751801374531,-22.729184663641263],[-174.13899999985009,-22.289799999370416],[-173.90257131231618,-21.77180925889013],[-173.81799999970019,-21.526299999745163],[-173.65833335010399,-21.143279863574776],[-173.49166668257132,-20.769763998409758],[-173.21799999999996,-20.204000000099882],[-173.05299999925055,-19.77879999982008],[-172.9700000000999,-19.460799999520304],[-172.84947183425771,-18.989025756233616],[-172.69348243336759,-18.620113595266162],[-172.69799999960028,-18.483199999380417],[-172.64637861558063,-18.323559664846584],[-172.5399999997002,-17.934799999620225],[-172.44499999935047,-17.676599999690211],[-172.41860932286193,-17.525689932844102],[-172.37328395668922,-17.264950607184744],[-172.33499999975015,-16.962899999735157],[-172.25369998096932,-16.65623794852246],[-172.23032181929651,-16.441938136635656],[-172.23811454015387,-16.2354310447069],[-172.23052008833139,-16.013619641832975],[-172.24238885596091,-15.839544384465739],[-172.27008264649692,-15.653600360368273],[-172.33733899609777,-15.503262638260082],[-172.42799999960027,-15.373399999710159],[-172.49076362853859,-15.293322266609266],[-172.67131348572875,-15.103686530009327],[-172.77399999970021,-15.032999999750132],[-172.9389999995503,-14.866899999535292],[-173.1008963733689,-14.731792749535714],[-173.27299999935047,-14.696700000004967],[-173.35793666154765,-14.625264463983797],[-173.42256548081227,-14.582178584174301],[-173.4839122080819,-14.575000016637432],[-173.59650899469432,-14.561824355109877],[-173.66122189067769,-14.554251889912734],[-173.83599999970019,-14.533799999870041],[-174.08299999935045,-14.37910000016484],[-174.25766588557212,-14.367334131165194],[-174.63870255437936,-14.341666683170843],[-174.7539999997002,-14.333899999485368],[-175.19499737592812,-14.391666683070923],[-175.41303684587371,-14.419978838452607],[-175.63602453770221,-14.448654414369685],[-175.86499999935046,-14.478099999715141],[-176.34599999990004,-14.633999999900027],[-176.87999999930051,-14.670799999920007],[-177.4149999998501,-14.706399999460359],[-177.64684192371578,-14.53988301778702],[-177.90563081411076,-14.446278525133778],[-178.34612254292099,-14.303118713158028],[-178.30757951648147,-14.143440461408147]]],[[[99.674800000319806,-3.7285200000978875],[99.369900000684538,-3.3114999993254628],[98.87440000055966,-2.6650000001498597],[98.301300000294816,-2.0212900001333765],[98.035400000509696,-1.6342400000759199],[97.76950000072452,-1.2471399995113188],[97.372200000129965,-0.54717699991857671],[97.010600000089994,0.11592500043849441],[96.670300000244879,0.75871400025096136],[96.201900000684532,1.345000000649577],[95.866128055865147,1.7948556963333431],[95.201705362412611,2.2089162153111488],[94.33506706719146,2.6566793342839219],[93.726906404307158,3.0814269458969079],[93.579165887395845,3.3885072286257696],[93.291332127076089,2.9974205649072019],[92.568000000399763,2.1910000006495807],[91.632000000399785,1.2910000006495466],[92.601038997851504,0.72645621238433478],[92.240800000319837,0.21580300000846364],[91.740673649269581,-0.44404083211867373],[90.840291306998267,-1.0943169685531871],[90.089972688588773,-1.4944868982516937],[89.779840992667744,-1.7245846076934299],[89.349658318376726,-2.1547672828837676],[89.029522374258249,-2.2748182612536993],[88.62000000069952,-2.9689199995582953],[87.922700000704538,-3.5286399997361286],[87.224500000574608,-4.0878399993164862],[86.501200000379754,-3.7163399995912414],[85.778600000089966,-3.3442400000758994],[84.986499999975081,-3.1809499999424702],[84.194700000204875,-3.0170499995577984],[83.728799999920113,-3.2251799999569926],[83.262700000304847,-3.433090000103391],[82.796400000459698,-3.640779999996937],[82.32980000026987,-3.8482299996147162],[81.701000000749502,-4.0307599993744248],[81.07200000009999,-4.212799999920037],[80.374100000314797,-4.3931099998266063],[79.675900000184924,-4.5727499994129062],[79.141100000764482,-4.7524499999674958],[78.606000000099982,-4.9317300000394084],[77.980800000219915,-4.993509999986486],[77.355500000224879,-5.0546900001433528],[76.779100000664528,-5.0464899997136854],[76.202800000319826,-5.038289999284018],[75.541730357170309,-5.001149140920063],[74.926560533841609,-4.8050080377906852],[74.391630252334323,-4.5910359253676347],[73.883100000264847,-4.3074199998330869],[73.769700000354817,-4.9265199998980052],[73.704300000744468,-5.7781099995767704],[73.54400000000004,-6.1905499995827427],[73.391700000354774,-7.0389200000578853],[72.883900000484687,-7.0384299999444693],[72.557478160388825,-6.9686541789471335],[71.908036013851017,-6.9302463107186441],[71.33191798142974,-6.7172572193451288],[70.785600000339798,-6.5023699999754854],[70.29180000036979,-6.4735700001553482],[69.805900000484712,-6.4446100001513287],[69.007400000209884,-6.5384199995832546],[68.831548571009819,-6.5231478079249428],[68.535324196254692,-6.5019889239496251],[67.916000000599581,-7.1229999995503022],[68.275721055182601,-7.4037088036183718],[67.903084931124738,-7.8037446435004654],[68.237361454467589,-8.1955605683654653],[67.816074350450947,-8.6490108758512179],[67.470251491613112,-8.9170235917653144],[66.637394773949723,-9.6000237381049942],[66.839124775088351,-9.8622727394952676],[66.283000000050038,-10.286999999450359],[66.559328343128584,-10.65814544775418],[66.69365282771588,-10.8573162355558],[66.16740000030984,-11.209999999800118],[66.418200000729485,-11.558999999750142],[65.621175966897397,-12.108908894629735],[65.987346532016886,-12.468421812816359],[66.183747107543013,-12.708097091607442],[66.25365239764011,-12.651507095376132],[66.737000000149919,-13.261999999800082],[66.108000000399727,-13.749000000049932],[65.928403528000445,-13.891476022400468],[66.167200000080015,-14.227599999640233],[66.072209665643584,-14.318384207565089],[66.530678209931523,-14.853906289743406],[66.707901345370828,-14.726767953977856],[67.262000000000057,-15.395999999600235],[67.1605698856917,-15.571625436364741],[67.29020000003004,-15.821499999325454],[67.405674196307189,-16.010482386552837],[66.544907527960106,-16.513786691702421],[66.884020169994926,-16.994196266644337],[66.70810000021487,-17.090099999315498],[66.142799999920101,-17.450099999315455],[65.542400000659541,-17.782999999650201],[65.08489848927394,-17.986435051536375],[65.390003063990264,-18.445992396931501],[65.566221164775015,-19.043875239650561],[66.050820941932955,-19.736160636104444],[66.359000000149933,-20.191999999800089],[66.755090358633197,-19.979306019157434],[66.997179783820002,-20.374915567699247],[67.533875565804749,-20.066595379772934],[67.723448060279793,-20.388693015070544],[68.005800000369788,-20.29769999985507],[68.164775695442074,-20.501914781042274],[68.402001285730819,-20.822377420981127],[68.555989827268775,-20.743302224218212],[68.732123280265228,-21.03742626830757],[68.606953120690036,-21.141734733870805],[69.226046341665381,-22.130241849381775],[69.125867923565863,-22.219289332436688],[69.426403177864415,-22.648943437389676],[69.130320297044136,-22.847074087299234],[69.294584904170051,-23.034314266490185],[69.128323598855047,-23.140612477583716],[69.50718132635717,-23.756596983264103],[69.452669423255315,-23.797480910815352],[69.747033699645556,-24.241752920960494],[69.939299999995058,-24.678499999575251],[69.866522661092006,-24.74488014690121],[70.085323005152645,-25.110743017076516],[69.905978460737401,-25.23269730713497],[70.047000000549644,-25.46999999990004],[70.002244483496156,-25.551456166169089],[70.389000000549629,-25.980999999850042],[70.482204262516746,-26.174353494218337],[70.736435080314777,-26.03094123804766],[70.901576466181041,-26.246059622753364],[71.179709326824025,-25.976618413808694],[71.340504887290763,-25.998347543504281],[71.622983573333272,-26.339494880084601],[71.809000000049991,-26.31099999955029],[71.840274871188399,-26.41337392176905],[72.065599999940105,-26.655999999400422],[72.312087567687172,-26.96329633525761],[72.42854840568441,-26.940004167658174],[72.943887617419648,-27.466989463193102],[73.147694084814248,-27.350528624296544],[73.275801007510552,-27.548512049791213],[73.470872912055313,-27.370909270946072],[73.907601057243028,-27.822195020883441],[73.989123644740459,-27.819283499933533],[74.35480000002002,-28.159699999755162],[74.215800000369768,-28.292399999360441],[74.310919208554708,-28.393167116369284],[74.208768104164733,-28.495318220759259],[74.560167902726562,-28.805857577565121],[74.658232962581224,-28.822201753907791],[74.891137480410464,-29.079622536251009],[74.994000000699543,-29.264499999475333],[74.937600000639577,-29.328400000059901],[75.55390000018491,-29.83940000000996],[75.364100000614599,-30.005799999670216],[75.514900000334819,-30.117599999540289],[75.392600000089999,-30.240100000014934],[75.797200000080011,-30.573500000024922],[76.204500000474695,-30.905699999555281],[76.148100000414729,-30.970400000159827],[76.68940000010997,-31.464900000034902],[76.394800000619568,-31.71909999986508],[76.812400000259856,-32.089999999800114],[77.233400000209883,-32.459499999925015],[77.657800000469706,-32.827599999340464],[78.085800000369773,-33.194199999730188],[77.351800000469723,-33.838299999745175],[77.916600000189931,-34.323800000069923],[78.487900000184936,-34.806700000104854],[78.442299999945078,-34.842299999645206],[78.803500000424719,-35.161200000079873],[78.201100000664553,-35.683099999965009],[78.689900000284865,-36.098000000099887],[79.183900000484698,-36.510899999735159],[78.606300000444719,-36.998299999545281],[78.021299999995051,-37.482899999735139],[78.706100000015056,-38.0005999992905],[78.181500000624567,-38.393199999880039],[78.529300000094963,-38.659199999780128],[78.073100000164914,-39.004899999535326],[78.383900000284825,-39.261999999999944],[78.002400000759508,-39.538499999375404],[78.425400000309821,-39.904899999535303],[77.8245000004747,-40.325999999600242],[78.483700000754482,-40.866400000059912],[78.658600000289823,-40.872199999530324],[79.319100000264882,-41.383999999500361],[79.944005938922999,-41.774150381734671],[80.457810429707649,-41.464155005049406],[80.656400000059989,-41.226099999715188],[80.86714134209933,-41.099353816025769],[81.752000000000066,-41.722499999974957],[82.587700000754467,-42.309099999565262],[83.508714377166825,-42.92433499226604],[83.978729285728036,-42.591612500116753],[84.483401038826912,-42.177947128856886],[84.817000000349822,-41.878999999949997],[85.256236977054925,-41.42462980292305],[85.320114182523582,-41.467214606568803],[85.611110340469907,-41.178584269948033],[85.900716433416733,-40.849379437311143],[86.402000000599628,-41.12879999942038],[86.949700000454698,-41.420999999750165],[87.502300000544665,-41.710499999675221],[88.191210028220269,-42.07410197872332],[88.606675098477069,-41.732827099391102],[89.010599999890132,-41.944199999330465],[89.537000000449723,-42.200199999430367],[90.067700000554623,-42.453799999470334],[90.602700000204891,-42.704899999335453],[91.142000000299845,-42.953399999810074],[91.685700000055022,-43.199400000109847],[92.233700000254885,-43.44280000011986],[92.786200000229883,-43.683599999840055],[93.34310000076448,-43.921700000054898],[93.904400000060036,-44.157099999865068],[94.470200000030047,-44.389700000054916],[95.040500000674569,-44.619499999725178],[94.925700000055031,-44.80530000009486],[95.806400000359815,-45.141399999610258],[96.650037560485089,-45.240409491504806],[95.793388512769695,-45.927843913365848],[96.184700000704538,-46.263899999885041],[95.942999999950075,-46.495999999500327],[97.300989968212548,-47.23563067361664],[98.023477448025858,-47.587843319913247],[98.565343058335543,-47.885869405448659],[99.355700000554634,-48.208699999905036],[99.624300000744483,-47.978099999315475],[100.20200000000006,-47.266499999974997],[100.81700000074949,-47.465400000109867],[101.43600000069955,-47.66100000004991],[102.06000000009999,-47.853299999795126],[102.64100000044971,-47.989999999500355],[102.91500000054964,-47.673999999700186],[104.23770000065457,-48.109899999685183],[105.38296513523284,-48.603846359821603],[105.18149476746959,-48.904684437436799],[105.60327385730272,-49.143902428953879],[105.71249094849856,-49.141071186885711],[106.18359064179475,-49.335053413484218],[106.91178582365688,-48.336671932563604],[107.63464684047938,-48.574687145595249],[108.44566163997274,-48.936117654006466],[108.40574517969634,-49.007228107591061],[108.70258915946221,-49.089893519370378],[108.6650139726168,-49.232679231361374],[109.42403275660649,-49.522008173938048],[110.50995567181684,-49.848912304259386],[110.8255872454551,-49.935335234633328],[110.94582784497914,-49.717399148052209],[111.32988130847565,-49.833225034108011],[111.34783912397643,-49.997838348860682],[111.82671421988539,-50.207346203264649],[112.73956987115264,-50.315093099866601],[112.80242222720403,-50.168437601514029],[113.88887010097449,-50.39889624126846],[114.36200000029987,-49.877799999670231],[115.47808407971661,-50.060841892639189],[115.64522087774139,-49.917026508166771],[115.86288740512975,-49.998651455600168],[115.98800000000006,-49.851699999355446],[116.2363024293137,-49.904508720500985],[116.56782637518711,-49.254721787380561],[116.8396760108393,-49.284558942940805],[117.09494944865821,-49.384016126343113],[117.13804756104616,-49.476842831331567],[117.39332099976434,-49.513310465305665],[117.4762019862327,-49.592876211667772],[117.44636483067245,-49.669126719722271],[118.09946700389912,-49.834888692658978],[118.49699999995005,-49.888499999375426],[118.81853858069098,-49.830433111298987],[119.09484040635971,-49.854884600344008],[119.36600000029989,-49.938400000059914],[120.12730381681774,-50.14821921324608],[120.372871775612,-49.58152392468935],[120.56452641646104,-49.234372074711416],[120.82599999990009,-49.274000000099875],[121.01921549509905,-48.830083551314772],[121.28608711073161,-48.874103611792236],[121.63957728806145,-48.98921444868779],[121.33378749289852,-49.686415179716732],[121.8660000006995,-49.735499999825095],[122.36359442294429,-49.847816401205932],[122.60281514030657,-49.848789560289958],[122.85495804527761,-49.564071210717771],[122.94146572506327,-49.508706296158607],[123.29084217762443,-49.587339285479572],[123.52935821590904,-49.018570268203291],[123.77702220481092,-49.054742339986944],[123.89127806792851,-48.978571765474555],[124.00700000044969,-48.905799999670194],[124.21300000064957,-48.847599999340446],[124.60700000014992,-48.983499999925016],[124.91150000022492,-49.174099999515306],[125.12500000005002,-49.358099999615263],[125.26200000009999,-49.598299999545304],[125.60932514763749,-49.796547875184274],[125.99699978441254,-49.723320444482908],[126.07400000059965,-49.401399999910041],[126.22540490321376,-48.952927392285289],[126.36139999991008,-48.66679999932046],[126.43400000059967,-48.629699999855063],[126.86100000024987,-48.697699999755116],[127.52832074100945,-48.788698277803235],[127.30217106164525,-49.395950750426721],[127.19600000029982,-49.642899999535302],[127.14279371136081,-49.908542770732254],[127.64597482108115,-49.977520284233663],[129.4119999999001,-50.34799999950036],[130.56900000024984,-50.524899999535307],[131.25600000010002,-50.603700000154845],[131.51500000005001,-50.222199999730151],[132.26100000024985,-50.222799999520305],[133.46500000064952,-50.30550000012488],[134.24500000034982,-50.347499999825118],[135.02600000029986,-50.384199999730185],[135.24600000039982,-50.209299999295467],[136.22600000059958,-50.247600000139869],[136.94600000059961,-50.220399999460369],[137.70000000009998,-50.23359999934047],[138.40100000074949,-50.231100000064885],[139.11000000069953,-50.255799999670216],[139.42300000064961,-50.259999999999934],[139.2070000006496,-51.49099999995002],[139.66100000074948,-51.452999999450356],[139.6965564209421,-52.294028370013223],[140.40000000010002,-52.274299999845084],[140.47800000069958,-52.750199999930032],[140.58400000019992,-53.504399999660222],[140.65900000005001,-53.885399999510355],[141.45100000005004,-54.052799999420415],[142.25000000000011,-54.214899999535305],[144.00600000069949,-54.217000000149824],[143.97606616082476,-54.779134691712613],[145.40100000024984,-54.75549999932548],[146.43600000069955,-54.819999999700201],[146.5040000005996,-55.701999999700206],[147.04320000057965,-55.665099999565314],[147.25670000040475,-56.300399999360422],[147.36986757952525,-56.884530859911195],[147.63620000032984,-57.595599999340436],[147.90200000000004,-57.566199999730145],[148.07600000029981,-57.527099999765142],[148.35725220712368,-57.474120241955575],[148.68178706092419,-58.59897190462965],[149.06799999990017,-58.510099999815111],[149.39800000049968,-58.551800000069932],[149.65200000009997,-58.998799999320454],[150.00600000039981,-59.570399999660196],[150.37570110152467,-59.52911220366525],[150.68320000067956,-60.061899999685181],[150.95042193642325,-60.527311549388457],[152.47300000064956,-60.176399999959983],[153.35800000049971,-60.01499999975016],[154.1675869985412,-61.064289886668917],[154.83446892320228,-61.802879544255518],[155.44398466026394,-62.433907601554552],[156.13237890426308,-62.978886377903962],[157.97000000059961,-62.478100000014933],[159.44000000000005,-62.025899999285514],[160.86500000074955,-61.558600000089882],[161.13490723927771,-61.497439377625142],[160.74000000009994,-61.052599999590257],[160.32700000034981,-60.503899999485327],[159.80300000074953,-60.005499999625215],[159.69100000064952,-59.93869999930547],[159.52077737237789,-59.790327602536763],[159.38775889225917,-59.555589108050867],[159.02782653386748,-59.477342943222197],[158.51922646293099,-59.211305982984697],[158.12017102167533,-58.937444406534098],[158.02627562442058,-58.757478227338254],[157.75241404707072,-58.5383889652785],[157.61939556695188,-58.256702772614801],[157.56945384761707,-58.058211686120387],[157.49630000034483,-57.812599999590248],[157.24549649436779,-57.720756109706656],[157.33770937428824,-57.349047260422708],[157.43942938865541,-57.067361066859689],[157.54114940212332,-56.762201024657543],[157.70546634889297,-56.488339447307624],[157.78371251372164,-56.316197885224199],[158.06118060180336,-56.268830798102783],[158.10244599478688,-56.167299969617886],[158.44017458468943,-55.569701575267459],[158.46500000014998,-55.52160000013987],[158.54000000000008,-55.272399999760125],[158.59600000049966,-55.046699999405405],[158.60597915941071,-54.992812539666943],[158.62500001673743,-54.91666666593386],[158.62500001673743,-54.898087428791769],[158.72884601133444,-54.747013301322738],[158.88500000074953,-54.307999999500339],[158.98500000054969,-54.088299999745175],[159.14200000019991,-53.812199999929987],[159.27423702971521,-53.69507946604449],[159.31800000010003,-53.597999999300498],[159.51200000000006,-53.34519999928051],[159.73100000074953,-53.170399999860081],[159.87500001693729,-53.021682740965673],[159.90500000014993,-52.990699999305491],[160.09200000010003,-52.821699999355417],[160.34200000049964,-52.633599999940031],[160.53500000014992,-52.432699999305498],[160.67099999995014,-52.291799999270495],[160.76200000019992,-52.165599999940014],[160.77776614179413,-52.15119547958767],[160.87392442397311,-52.075641833703628],[160.97952687996155,-51.96853077127804],[161.02500001733699,-51.92531362102676],[161.02600000049972,-51.924399999760112],[161.16200000029983,-51.750799999919991],[161.36800000049971,-51.542099999315496],[161.5419999999001,-51.398800000119877],[161.71600000019987,-51.192100000014932],[161.82500000044968,-51.118199999630235],[162.04900000064958,-50.962100000114845],[162.22499998346257,-50.848407153067626],[162.27299999995012,-50.817399999310453],[162.45299999995007,-50.66789999928551],[162.59400000009998,-50.54949999992499],[162.78500000014992,-50.443299999295505],[162.96300000054964,-50.368800000019917],[163.04699999995012,-50.273199999880035],[163.23500000014997,-50.078699999405387],[163.29600000009998,-49.985299999994936],[163.35649431396143,-49.912967574593836],[163.41200000029983,-49.846599999790101],[163.51081382579753,-49.747745105851891],[163.64840407698659,-49.596043033059459],[163.8318577461381,-49.324390484733044],[163.93769640096821,-49.155048636285471],[164.04000710174637,-48.953955191478883],[164.20934894929462,-48.752861746672238],[164.27990805281445,-48.569408078420054],[164.28700000034985,-48.428599999890025],[164.38927466349503,-48.294227574243109],[164.38900000064962,-48.201999999400414],[164.39800000019989,-48.059299999994948],[164.48300000074948,-47.919699999655222],[164.48000000000002,-47.759499999925026],[164.52800000029981,-47.657599999740171],[164.6510000004497,-47.52079999992003],[164.69900000074949,-47.443899999685186],[164.73899999995012,-47.256199999830073],[164.8380000003998,-47.148499999275487],[164.92300000005002,-47.010799999320454],[164.94300000054966,-46.783000000149855],[165.02100000024984,-46.601299999994978],[165.16800000009994,-46.405199999480374],[165.19166668407024,-46.385517360737538],[165.42700000005004,-46.189799999270519],[165.83634559927009,-45.866583675696006],[166.13495195526855,-45.610635370425939],[166.37699999995016,-45.514999999950021],[166.38397521278591,-45.507815530162532],[166.53700000034985,-45.350199999430401],[166.71000000039976,-45.211299999895061],[166.95100000034984,-44.987099999465386],[167.10000000069954,-44.826199999830067],[167.20195214267733,-44.758333349604356],[167.36800000019991,-44.647799999870074],[167.68800000010003,-44.465999999600285],[167.73244136237906,-44.450586876083435],[168.0810000002499,-44.329699999455386],[168.48800000029985,-44.165999999300482],[168.70864765706381,-44.06268111264319],[169.08444690629972,-43.901914092161576],[169.35706072916935,-43.776120719495566],[169.66558790595718,-43.636957836434988],[170.05002869486839,-43.453654383742787],[170.48621462980134,-43.225716717252681],[170.75606772104857,-43.095817308122207],[171.15000000069949,-42.893299999994952],[171.15000609000913,-42.893296921615615],[171.4730000004497,-42.730000000299754],[171.85900000064953,-42.615600000139864],[172.59300000054964,-42.48299999975012],[173.12600000059956,-42.391700000054925],[173.66171736516435,-42.30130889209164],[173.72400000069956,-42.290800000119873],[174.30399999990016,-42.20129999979514],[174.98799999990013,-42.121899999385448],[175.50299999995013,-42.059299999395421],[175.61654600029772,-42.030013999646314],[176.08100000044976,-41.909999999600245],[176.67299999995009,-41.75599999980011],[177.12299999995014,-41.656599999790103],[177.60700000034979,-41.499699999355471],[178.01500000064959,-41.187899999885019],[178.27744824234253,-40.816374756189987],[178.34834563304457,-40.719685772380444],[178.56600000069955,-40.423999999800117],[178.79200000049968,-40.087000000149828],[178.95000000039977,-39.684799999320489],[179.1099406995038,-39.268771392285885],[179.20069618308241,-38.872559495824021],[179.3660000000001,-38.537999999900023],[179.42792792223588,-38.436261271540388],[179.56900000034977,-38.204499999775123],[179.72298973438876,-37.787353831314249],[179.83800000010001,-37.475799999670187],[179.99999966825021,-37.160662184412217],[179.99809483221077,-37.005472027212249],[179.99809483221077,-36.016930446083165],[179.99809483221077,-35.015980392581014],[179.99809483221077,-34.060528068415579],[179.99809483221077,-33.055441857455719],[179.99999966825021,-32.304150706789642],[179.99809483221077,-32.021402546090599],[179.99809483221077,-31.082494851755939],[179.99809483221077,-30.056727854406915],[179.99809483221077,-29.059913958362472],[179.99809483221077,-28.09618932018094],[179.99809483221077,-27.041469222426656],[179.99809483221077,-26.032246854009088],[179.99809483221077,-25.014752171575424],[179.99809483221077,-24.009665960615564],[179.99809483221077,-23.041805164976324],[179.99809483221077,-22.032582797458076],[179.99900000074956,-21.95833334930461],[179.99809483221077,-20.994407328635248],[179.99809483221077,-20.018274218979968],[179.99809483221077,-19.066958052272241],[179.99809483221077,-18.049463369838577],[179.99900000074956,-17.048923355028762],[179.99809483221077,-16.320549640653326],[179.99999966825021,-15.620711151298565],[179.89000000049964,-15.653799999969976],[179.6139999999001,-15.677499999325448],[179.33200000049965,-15.729499999725135],[178.93600000049969,-15.812399999660215],[178.82472155975222,-15.837660800305628],[178.66211435009723,-15.981137751006372],[178.49099999995008,-16.092399999460383],[178.17364863837406,-16.223384973937357],[178.01082673446626,-16.31075282468305],[177.87183242572598,-16.394149409567547],[177.70901052181819,-16.41797700563427],[177.59781507590515,-16.453718399284639],[177.4120000001999,-16.509899999885022],[177.26900000044975,-16.505899999785129],[177.19000000049971,-16.503999999400378],[177.12999999990018,-16.504899999535326],[177.03500000044971,-16.515899999585258],[176.94900000054963,-16.523499999325452],[176.88300000024992,-16.543499999825087],[176.7900000003998,-16.544699999405395],[176.67100000034975,-16.552699999605238],[176.61898677182216,-16.554640175403733],[176.54500000034977,-16.557399999610254],[176.37700000064956,-16.568999999450341],[176.18400000010001,-16.552099999815084],[176.17900000064958,-16.669599999939976],[176.14800000009996,-16.815799999770149],[176.10600000039972,-16.965399999910005],[176.06500000005008,-17.089499999525287],[176.03600000000006,-17.238899999435375],[175.98600000010003,-17.540800000119873],[175.9730000004497,-17.804299999845057],[176.3360000002998,-17.822699999405415],[176.3420000000001,-18.038399999960006],[176.30000000029986,-18.140300000144862],[176.24400000069954,-18.242499999775134],[176.21500000064952,-18.318899999435359],[176.21199999990017,-18.610699999305496],[176.1360000006996,-18.731999999300456],[176.06099999995013,-18.894499999875052],[175.97500000005004,-19.022200000029954],[175.92200000029982,-19.079799999670229],[175.90000000019995,-19.162400000159835],[175.88500000005001,-19.327400000009959],[175.83900000024983,-19.445099999465356],[175.77200000059963,-19.547099999765123],[175.55900000044971,-19.754800000119872],[175.57400000059965,-19.976499999475323],[175.59000000009996,-20.188699999605262],[175.82800000019995,-20.629399999710188],[175.98939340208392,-20.861608516919489],[175.32044563395891,-21.291182598398166],[174.92281472961611,-21.854493046516836],[174.58400000059964,-22.17039999976015],[174.03399999990017,-22.488099999715189],[173.60600000000011,-22.834999999950014],[173.24250625795753,-22.882493239471387],[173.04000000069959,-23.006799999520297],[172.78300000034983,-23.068599999490345],[172.06000000049971,-23.172999999850049],[171.28800000009994,-23.072399999360414],[170.66000000059967,-22.88379999937041],[170.32100000044977,-22.701699999655204],[169.71900000024993,-22.229799999670206],[169.28800000049966,-21.822499999275522],[168.99600000039982,-21.419799999670204],[168.7050000005496,-21.016199999929995],[168.61634469655053,-20.749106403737471],[168.4751706281221,-20.396171233115865],[167.88600000010001,-19.533199999979956],[167.86341633189829,-19.33736572125099],[167.52100000064956,-18.711799999470372],[167.51048116127663,-18.51385032283406],[167.51048116127663,-18.231502185977035],[167.41636511535785,-18.066799106293672],[167.31999999990012,-17.921900000084918],[167.39283610410303,-17.502102833478943],[167.29872005908351,-17.243283707876799],[167.22813302441966,-16.937406559764895],[167.09788191202074,-16.741274132395233],[166.8648455796598,-16.339933782717878],[166.63828247925312,-16.255781773609897],[166.3534316298659,-16.002295634036216],[166.39088986257718,-15.82379406104701],[166.34715517766938,-15.59540181334296],[166.32285813009867,-15.410744252345296],[166.30827990119656,-15.15805495796991],[166.26200000000006,-14.888500000074885],[166.2710000004497,-14.685899999285482],[166.26800000059961,-14.559399999610264],[166.25200000019993,-14.420500000074924],[166.25000000059958,-14.344699999305476],[166.2340000001999,-14.18049999947533],[166.20399999990013,-13.991299999695173],[166.23964781999098,-13.783224790491658],[166.19285652380961,-13.54922892017845],[166.07521146663589,-13.008061658618601],[165.9987573772512,-12.692526395176969],[165.95756641036166,-12.537481430823334],[165.81639234193312,-12.066901203028067],[165.67521827350458,-11.690437021151581],[165.54374209562127,-11.5683709948255],[165.37645706594094,-11.35424615683462],[165.14894942557555,-11.173578324779839],[164.96828159352083,-10.99960189301288],[164.84114497096368,-10.825625462145297],[164.43966089883145,-10.885848072830242],[164.06494243234749,-10.979527689451288],[163.7370637732746,-11.073207306072277],[163.40918511510108,-11.153504121218191],[162.99431824059434,-11.253875139026377],[162.59283416936148,-11.300714947336928],[162.16458449248046,-11.35424615683462],[161.72000000029982,-11.3208999995353],[161.38400000000001,-11.232100000014952],[161.06000000000006,-11.054099999615232],[160.86700000034978,-10.914199999830089],[160.65034274612094,-10.740828474554405],[160.54400000059957,-10.672299999745121],[160.36400000059962,-10.570199999330441],[160.20999999990011,-10.468099999815081],[160.06800000039982,-10.37869999960526],[159.91400000059957,-10.276499999974988],[159.70800000039981,-10.173899999885066],[159.57999999990011,-10.084399999560276],[159.43900000064957,-9.9694500001173765],[159.28499999995006,-9.8796899994938485],[159.11900000074945,-9.726409999621751],[159.0030000005496,-9.649519999848053],[158.92600000019991,-9.6235999997401223],[158.70899999995015,-9.545859999439358],[158.58000000009997,-9.5067899999584711],[158.27300000074945,-9.3900599993694414],[158.14500000024987,-9.3128500001273551],[158.05600000049969,-9.2486599996591963],[157.82699999995009,-9.1070799997421545],[157.72400000029984,-9.06804999940789],[157.57200000010005,-8.9651499998725512],[157.41900000054966,-8.900199999430356],[157.06960906080963,-8.6170462750654906],[156.75816680715252,-8.4258098036794422],[156.46700000014994,-8.3819000000848973],[156.44608057775656,-8.356472502903614],[156.29600000059963,-8.174050000007469],[156.26497195379272,-8.0063013329400974],[156.13104727451218,-7.8394595107477585],[155.78151485972307,-7.7447944817798771],[155.30797049074567,-7.5201483016027737],[154.8720000001,-7.9623699995757988],[154.48100000044974,-8.2961999996302325],[154.08700000005001,-8.6326499999974544],[153.69700000064961,-8.9664899996137706],[153.25499999995009,-9.1861499993229359],[153.23699999995006,-8.8895099992869859],[153.17000000029986,-8.7826499996976963],[153.10800000009999,-8.6840099996617255],[152.95900000064955,-8.5441899999684665],[152.68500000054962,-8.3877900001083958],[152.38567642262888,-8.2487842978570143],[152.30214722191681,-8.211327793642738],[152.06200000049967,-8.103639999586278],[151.68000000039979,-7.9553200000179345],[151.30700000074955,-7.8521899997686546],[150.91700000044978,-7.7572399999260142],[150.55499999995016,-7.68698000012688],[150.17300000074954,-7.6290000000499276],[149.86600000049964,-7.6121900000683809],[149.60900000014999,-7.6241899994688538],[149.33400000069958,-7.6649199999579878],[149.14800000009996,-7.664679999682221],[148.9440000003998,-7.60692999941989],[148.73300000074948,-7.4752500000873852],[148.58700000024987,-7.3945099999364743],[148.0100000000001,-7.3123799995373133],[147.47600000059958,-7.1028499993279866],[146.95600000019988,-6.7178499993779042],[146.88857895145748,-6.6877426092339647],[146.49700000064956,-6.5128799999120019],[146.00700000054962,-6.1122800000219399],[145.50500000014995,-5.7621799997072003],[145.00700000074949,-5.2018799997621272],[144.86699999995005,-4.968069999530826],[144.73300000064955,-4.6972299994648665],[144.58300000004999,-4.3757600001238757],[144.41600000059964,-4.0036799997321282],[144.07900000004997,-3.7657100001163712],[143.74300000064954,-3.4604500000673966],[143.59988238126698,-3.2750000167373514],[143.50800000039976,-3.1559399995313129],[143.15441201460283,-2.9778400718618059],[142.63300000034985,-2.9323299993299656],[142.44900000024984,-2.8135800000169411],[142.24599999990016,-2.6931000000649306],[141.86799999990012,-2.3984300000444136],[141.59400000069957,-2.2720499996077592],[141.19499999995014,-2.1667299999894567],[140.83700000044973,-1.8932800000719112],[140.22600000069951,-1.7673799992874706],[139.80500000074949,-1.5574199999330176],[139.25700000054962,-1.389969999515813],[138.79300000064961,-1.1594099998715706],[138.60144648406811,-0.94463117309010158],[138.05400000039981,-0.71815699944590961],[137.43500000044969,-0.61638699986008305],[136.94300000074952,-0.42227999952228856],[136.45100000014997,-0.22813899941525051],[136.05121115996712,-0.12500001673731731],[135.98219494594002,-0.1071949618779513],[135.81538765321773,-0.064161408222389582],[135.76614212875631,-0.051456868239824871],[135.66358969291002,-0.025000016037836303],[135.54999999990014,0.024999983862187491],[135.4006499465379,0.091205987366492991],[135.2431191238486,0.14157298440574095],[135.13488366155184,0.21122947076349874],[134.9516335206705,0.33982606082412303],[134.89805160829519,0.36018718768860936],[134.81666666743286,0.35833331712893823],[134.47100000014996,0.25903800000372712],[134.09211828772891,0.12499998366234877],[133.76505119575609,0.009290927634253876],[133.32700000034981,-0.14568499936319768],[133.11728137813316,-0.10282902044286857],[132.7833333339662,-0.058333349904103216],[132.50606768327702,-0.014088715221987513],[132.38333333386629,0.0083333169290540354],[132.19606018822719,0.0019466735002424684],[132.01964976022828,-0.1562143994748908],[131.52922780451968,-0.48900072730168631],[131.10010859293732,-0.74296923983848728],[130.6447167759585,-0.90936240375185662],[130.0579619355949,-1.2333911964465187],[129.7977213559559,-1.3741516252972019],[129.48872216459631,-1.5836925936382613],[128.94575499899406,-1.8464186413071957],[128.6568424470214,-1.957168453361362],[128.42030290365619,-2.0478419448498357],[128.0710820401041,-2.3108164257374142],[128.38300000005006,-2.2863699998755465],[129.25800000009997,-2.416279999422386],[130.10699999995006,-2.5192199999030436],[130.6947867673955,-2.6432881940948505],[131.27084080136194,-2.8698262978453499],[131.71097197307813,-3.1805071252036328],[132.11874055892974,-3.5106055035411146],[132.42917323095992,-3.7899082643548923],[132.83017323130969,-4.2951782644652781],[133.31099999995013,-4.6262699997606092],[133.70817743643966,-4.8880723420649019],[133.51333163314837,-5.3150340314953155],[133.39642415135359,-5.7804722622850022],[133.20157834896168,-6.1293016203734396],[132.68900000014992,-6.6809899992890109],[132.43100000044967,-6.9894299993949289],[131.8670000007495,-7.661199999280484],[131.41500000024985,-8.2674699994408911],[130.93300000034981,-8.5624899994139128],[130.54000000019994,-8.7255999993404316],[129.86100000054967,-8.9262500001373724],[129.10599999990018,-9.0202699993609485],[128.37600000010002,-9.0954699994408656],[127.89999999990016,-9.1330699994808242],[127.43000000029986,-9.2207699995357757],[126.85300000004997,-9.3898400000159654],[126.33300000054965,-9.5963699994758258],[125.86900000064952,-9.784010000161345],[125.48200000019995,-9.9840499998076098],[125.15900000044974,-10.158999999850039],[124.73400000039976,-10.38999999999993],[123.96000000039976,-10.708099999515298],[123.21700000005001,-10.994799999820088],[122.70178572842872,-11.273614212925565],[122.24429323814252,-11.463424927018707],[121.93619217902585,-11.553368206777293],[121.27654345121937,-11.718084023558788],[120.8669488243288,-11.726239762055343],[120.69898689293086,-11.726704895914168],[120.388132436163,-11.553368206777293],[119.99362373604663,-11.435933215945113],[119.81282131055514,-11.290124808812834],[119.62035421227711,-11.19097509102761],[118.8446534845707,-11.155981073567659],[118.24975518145652,-11.208472100207189],[117.57600000009995,-11.337199999380402],[117.0577558765325,-11.332755859195515],[115.73518786272973,-11.234175189233554],[115.01300000014999,-11.15049999977515],[114.41000000059955,-11.088200000129859],[113.75600000000009,-10.963599999940016],[113.20400000059965,-10.870199999630245],[112.70139443450557,-10.782224423018647],[111.52300000064957,-10.577199999280481],[111.01500000054966,-10.477299999595232],[110.6150000004497,-10.477299999595232],[109.62600000069955,-10.371300000094891],[109.0670000004497,-10.327599999340464],[108.36299999995009,-10.177699999755134],[107.83600000049967,-10.052800000119873],[106.9336715082336,-9.708671490996494],[106.03295485378351,-9.1866344020559723],[105.3156112082907,-8.7653064850062492],[105.0542435488008,-8.6117936020930301],[104.57600000000008,-8.166569999505839],[103.76300000014993,-7.862769999335967],[103.18300000005001,-7.6214499999175018],[102.70093327495073,-7.3416666494962328],[102.45200000000006,-7.1971899998185904],[101.85800000000006,-6.5583600000139199],[101.34600000069952,-5.9829799998270801],[100.79100000054967,-5.3049199994583773],[100.35900000054966,-4.6558800000619271],[99.98000000029981,-4.1454399998560802],[99.674800000319806,-3.7285200000978875]]]]},"properties":{"OBJECTID":4,"Name":"Australian Plate","Shape_Length":439.52838755690891,"Shape_Area":4489.360141365637}},{"type":"Feature","id":5,"geometry":{"type":"Polygon","coordinates":[[[-70.62649999987508,20.002200000429752],[-71.277099999265488,20.200499999875149],[-71.804399999959969,20.266500000174915],[-72.332199999430372,20.331000000549636],[-73.23849999947538,20.291299999895102],[-73.87549531935349,20.016731673228207],[-74.271177650028505,19.997750078503373],[-74.448075592414625,19.964293071667953],[-74.556269181377559,19.913508326048486],[-74.759408165654293,19.880387839227467],[-74.891890112038993,19.882595871802096],[-75.035412220397632,19.850027393349592],[-75.225303010125799,19.843403296524968],[-75.346744794536619,19.823531004252516],[-75.448314286674929,19.827947069401773],[-75.664701465500173,19.838987231375654],[-75.865632417202278,19.858859523648164],[-76.047399999610263,19.800300000444736],[-76.659248396396322,19.714248539538517],[-77.127135310246331,19.682634558338236],[-77.525471466534896,19.647859179557543],[-77.935999999800117,19.574000000299804],[-78.126597627878198,19.518497903155776],[-78.452005896055198,19.512836508098417],[-78.52866600123491,19.446548825467971],[-78.884179089293525,19.306882969573451],[-79.180439996308735,19.285721476664889],[-79.67561894026187,19.201075503231948],[-80.240499975193643,19.113220539196561],[-80.757899999585277,19.05360000033977],[-80.928305377291281,19.063115510172679],[-81.374859681529017,18.936640010727956],[-81.612943164795183,18.891666683270842],[-81.754099999515347,18.86470000000503],[-81.689299999695208,18.333199999880151],[-81.71807911545875,17.872710594418436],[-81.753657836140178,17.714084263478014],[-81.924269939206283,17.714892914976076],[-82.244199999730142,17.690699999905121],[-82.475165123271779,17.666501527023911],[-82.864599999490338,17.625699999855158],[-83.275185585746158,17.477733721634024],[-83.623404064945589,17.393651076336141],[-84.215272090734345,17.264984114325443],[-84.909699999655231,17.106600000489664],[-85.671399999910022,16.91100000054962],[-86.202867267410397,16.742426871003318],[-86.626509328942348,16.569831957079202],[-87.034460943018075,16.459998830281847],[-87.552245684790478,16.287403916357675],[-88.07003042656288,16.083428108420492],[-88.205900372703979,15.764783642251359],[-88.381960092983888,15.6406926151721],[-88.483297211996671,15.538907803752181],[-88.598362222138803,15.502870958527978],[-88.796180247920063,15.411330662679973],[-89.141127835281338,15.233699915818534],[-89.361501386779537,15.121100996913526],[-89.601854554743852,15.004459614619577],[-89.895534394896345,14.906926537929451],[-90.145659029640456,14.856443908759445],[-90.252294179832518,14.843780365271698],[-90.406304351864321,14.846113852372412],[-90.639487252134927,14.84530882604156],[-90.870325714260275,14.886787611958766],[-90.883929895548192,14.887827485450146],[-91.339822455941544,14.922674890034216],[-91.376425755344314,14.851369762004936],[-91.482908081043092,14.775786325178785],[-92.074596311670405,14.103607211103963],[-92.641170599143777,13.49974923044266],[-92.366710002264767,13.312470235612921],[-92.137454680588974,13.254349167879866],[-91.730607208256004,13.038009638733911],[-91.307900000084885,12.832200000729472],[-90.884622781815892,12.666680596532331],[-90.445485827708751,12.514920031834038],[-90.169893755992007,12.407930751103322],[-89.405764508824973,12.108072559501068],[-88.821267907487879,11.893706506250339],[-88.490900432209116,11.722729043710444],[-88.162523539729534,11.58648756784703],[-87.881964137335046,11.390982085754729],[-87.462100000014971,11.095900000184884],[-87.34854158002986,10.968030235906724],[-86.985257447473202,10.604850261930096],[-86.695307638136967,10.23804628630711],[-86.534612563419046,10.105298181066246],[-86.363437375034778,9.8991892801611812],[-86.293569950892504,9.7874014022529536],[-86.052527338365962,9.5079317065830651],[-85.75559078688525,9.2424354961013364],[-85.654283022643369,9.1830481856252959],[-85.413240410116771,9.137634360337529],[-85.294465789164803,9.1166741330048922],[-84.920675071397397,8.9210453457661174],[-84.697099314681566,8.8686447783338735],[-84.497977156820298,8.7289099300492694],[-84.267414657960046,8.564721484708798],[-84.059572998195279,8.4631537345572383],[-83.764369206473646,8.3621059553256032],[-83.4569525413267,8.2957319027051994],[-83.191456329945652,8.1525036837980451],[-83.006307657272544,7.8730339881280997],[-82.941993613314537,7.6405368353067615],[-82.877052922654229,7.43985595988471],[-82.768758416267872,7.3699885357423796],[-82.632516939505138,7.3595084220760896],[-82.491999999400434,7.2960500003073321],[-82.370514099645959,7.3071078546438457],[-82.273400000009929,7.1288100005810975],[-82.202099999915049,7.0408400006655256],[-82.125199999680206,7.008010000261379],[-81.943599999640242,6.9497100007159816],[-81.776219958384331,6.9270659790117861],[-81.670682171744772,6.9059584220435681],[-81.549313717154291,6.8742970861416666],[-81.470485329434382,6.8169314525245568],[-81.245366524945155,6.8169314525245568],[-80.970831397650841,6.7894779401548817],[-80.690805567522887,6.7126081040808003],[-80.443723952598305,6.6906452936454457],[-80.108791096831624,6.7400616173497951],[-79.78483964673228,6.8992919905329586],[-79.477360303335274,6.9706711237733998],[-79.202825176041017,7.0530316626811214],[-78.873383023107976,7.2067713339299644],[-78.77455037659854,7.2781504671703487],[-78.693292269822336,7.3820545930450976],[-78.546056745622252,7.3392286146089418],[-78.028739415691462,7.0559357912038649],[-77.612161341772492,7.333237001986106],[-77.382380356468218,7.5073035844928881],[-77.23635378639807,7.6595427414044366],[-77.084558368473893,7.7631256474307406],[-77.011508418978337,7.9808058454134994],[-76.975472684416786,8.1313702866094673],[-76.905999999700214,8.4434399999560696],[-76.841666649995886,8.6499999999001034],[-76.875000016237721,8.7333333336664509],[-76.891666683170854,8.8333333334666122],[-76.908333350103987,8.9333333332667735],[-76.925000016137801,9.0333333339662545],[-76.941666683070935,9.1333333337664158],[-76.797395316240795,9.2701815813150006],[-76.705599999640242,9.378520000697506],[-76.703299999695219,9.7614500005171863],[-76.594399999560267,10.089999999900101],[-76.455899999585256,10.328500000574593],[-76.36800645103682,10.447843035327878],[-76.274799999220534,10.574399999860134],[-76.064499999475345,10.765000000349801],[-75.987264655539377,10.921068661189793],[-75.904999999650215,11.087300000194887],[-75.63129999989502,11.390000000000043],[-75.370299999445365,11.594800000619557],[-75.122799999220547,11.764500000474698],[-74.796400000059919,11.913800000269873],[-74.580813609960103,11.985886699411708],[-74.476399999260536,12.020800000020017],[-74.339478192564513,12.184896513063677],[-74.18994178708374,12.274998958435219],[-74.026616545217337,12.296333452127158],[-73.908631633343191,12.407378074538542],[-73.78370643290549,12.601706165107487],[-73.519975453104621,12.927899744677518],[-73.303200000079926,13.289800000469711],[-73.145199850892368,13.420660258763974],[-72.719913986940924,13.55055978120896],[-72.018097338021676,13.653928125182858],[-71.778718016223422,13.545119342383771],[-71.571981329174946,13.63216636808346],[-71.202031467478207,13.653928125182858],[-71.037532168774533,13.70322382551916],[-70.659399999910022,13.310100000414764],[-70.495699999755118,13.162300000544633],[-70.182699999805095,12.929600000239873],[-69.863399999810099,12.668500000574625],[-69.59440000005992,12.449599999940119],[-69.347799999969993,12.175100000164946],[-69.024099999415398,11.843700000654565],[-68.542224026817337,11.573134971002162],[-67.982968674864424,11.378045894802256],[-67.80088553743758,10.883820235815278],[-67.683125956097967,10.704484419320522],[-67.498899999535297,10.592399999860163],[-66.869499999325456,10.666600000589597],[-66.436600000089868,10.662400000259879],[-65.96429999964522,10.652800000020022],[-65.525699999255494,10.615300000094976],[-65.120899999935034,10.599900000384764],[-64.9969999996502,10.539199999880111],[-64.507699999455383,10.4740000004997],[-64.284770520742882,10.441511217268896],[-64.172400492788483,10.463674120564235],[-64.033437601863795,10.477668041946629],[-63.834858087730538,10.474608157140779],[-63.528986000103771,10.497134999880416],[-63.340136999422953,10.499902000676855],[-62.858261106864575,10.532698631736537],[-62.560604358504293,10.518576607324633],[-62.351812746660869,10.523631458225282],[-62.201915512490871,10.384421156611154],[-61.800462304191967,10.214176000322198],[-61.56928968996715,10.116739349841168],[-61.196020827199391,9.9967463471662654],[-61.086752839771691,9.9620217683899455],[-60.737276632610474,9.9845686210450708],[-60.569752272649225,9.9808201370397569],[-60.201215041740738,9.9857339661496667],[-59.99699219363481,9.972455480635972],[-59.755539166499318,9.9192539670969495],[-59.464977049251388,9.8210357859728106],[-59.164102846768913,9.7449184908957136],[-58.837980294754743,9.6565936328898943],[-58.511857742740574,9.6633878526673129],[-58.328413807850893,9.8400375686788948],[-58.140610568522902,10.142353509406973],[-57.953670845632985,10.441457066390569],[-57.789252609120581,10.601414571125588],[-57.651308240882543,10.879906035535157],[-57.608333350004045,10.975441226031819],[-57.501521940784926,11.29159216804419],[-57.475279844888917,11.416386838182063],[-57.475000016337617,11.417717567711634],[-57.423799999770154,11.66120000047971],[-57.456649621582756,12.229283414198278],[-57.491666683270751,12.586369215067293],[-57.534618833892011,12.876285484187804],[-57.551201032001984,12.988211172407716],[-57.577381892160531,13.152381875922913],[-57.668769470534585,13.647040357926244],[-57.708333349804207,13.861189905689628],[-57.731962682231938,14.040295999360922],[-57.766170632868352,14.307837284363245],[-57.790599999490325,14.49890000043473],[-57.875000016437582,14.750379006086291],[-57.913200000079883,14.864200000229857],[-58.072148184890807,14.985275137337794],[-58.138947510718992,15.03615799179795],[-58.288399999560284,15.150000000399757],[-58.526299999545301,15.283900000484664],[-58.666100000114852,15.411600000639567],[-58.6919000000849,15.77030000004504],[-58.80418920686634,16.045855856962305],[-58.808333349404506,16.119310339500601],[-58.814154393910087,16.222487710639371],[-58.823999999900025,16.396999999850152],[-58.82500001633764,16.398948954830473],[-59.088299999645244,16.912100000015016],[-59.426260770218335,17.186084290757435],[-59.818999999350467,17.548400000059985],[-60.051300000094898,17.822500000274829],[-60.278399999360431,18.191000000149927],[-60.533799999670237,18.513100000664565],[-60.729000000049894,18.594599999890136],[-61.001670035943391,18.847971732209714],[-61.563439049672354,19.110927441548256],[-62.176499999675229,19.275200000479686],[-62.846700000004944,19.574300000644541],[-63.359799999670201,19.691500000424753],[-63.760100000114846,19.724200000229871],[-64.34359999974015,19.779400000709529],[-65.128499999675228,19.832900000134941],[-65.693999999300502,19.828799999920136],[-66.259399999710183,19.824600000489681],[-67.040499999775136,19.754300000644548],[-67.531299999895054,19.721300000494693],[-68.021799999670236,19.687000000649562],[-68.147956233493346,19.672122369451813],[-68.8527999995203,19.589000000449687],[-69.414799999620243,19.6961000003148],[-69.977499999625252,19.801500000025044],[-70.62649999987508,20.002200000429752]],[[-77.325000016237709,9.6833333335665657],[-77.391666683070923,9.8333333332667507],[-77.458333349904137,9.9833333338663124],[-77.275000016337628,9.5833333337664044],[-77.325000016237709,9.6833333335665657]]]},"properties":{"OBJECTID":5,"Name":"Caribbean Plate","Shape_Length":88.371358395244712,"Shape_Area":275.32999546536115}},{"type":"Feature","id":6,"geometry":{"type":"Polygon","coordinates":[[[-108.11399999960025,21.72000000039975],[-108.39699999925051,21.834800000119969],[-108.58199999960027,21.904700000404773],[-108.66899999975016,21.773900000284812],[-108.7839999997002,21.64280000071949],[-108.86799999999994,21.53600000029985],[-108.93599999990005,21.451300000094989],[-108.97699999935048,21.346999999850141],[-108.80899999965021,21.252900000534623],[-108.91500000004993,21.06790000018492],[-109.01299999935043,20.949000000249839],[-109.1109999995503,20.824000000499666],[-109.19399999960029,20.739200000179892],[-109.26099999925054,20.642600000689526],[-109.28499999985007,20.558400000159907],[-109.18699999965025,20.499499999925092],[-109.21499999945036,20.39730000029482],[-109.31899999935047,20.242300000244882],[-109.37799999970019,20.175700000154961],[-109.37299999935044,20.141799999870159],[-109.4499999997002,20.027100000264852],[-109.1600000000999,19.80650000037474],[-108.90299999975014,19.62550000012493],[-108.53399999930048,19.383700000154931],[-108.19799999990005,19.223500000424735],[-108.23299999965025,19.107299999995064],[-107.81599999980011,18.936000000099966],[-107.52299999945041,18.863200000079985],[-107.2719999997002,18.756100000214872],[-107.00199999970022,18.647099999965064],[-106.75599999940044,18.58989999988512],[-106.52699999975016,18.54440000065955],[-106.2440000000999,18.51990000038478],[-105.79463101301081,18.427123998273942],[-106.01999999990005,17.779000000649546],[-105.32280000001992,17.489300000494666],[-105.36699999955033,17.030800000619593],[-105.3980000000999,16.260500000374748],[-105.35699999975014,15.557600000239859],[-105.31999999950034,15.10760000023987],[-104.68999999950034,15.274500000474688],[-104.56299999925051,14.672199999930115],[-104.43699999925053,14.069800000169948],[-104.18100000004995,13.328399999860153],[-103.92699999955028,12.58680000021991],[-103.77199999950034,11.890400000359762],[-103.87500000004991,11.872300000244877],[-103.80699999925054,11.404500000474684],[-103.73899999935043,10.936600000589578],[-103.62799999950033,10.274600000689531],[-103.59800000009989,10.123200000279837],[-104.29599999999999,10.017100000664527],[-104.29599999999999,9.1747400003507664],[-104.25799999950033,8.4557400006005992],[-104.22899999945037,8.3400100002613726],[-103.59499999935048,8.3704800006515825],[-102.89199999999994,8.4390000002498482],[-102.80999999930049,7.7908500005271435],[-102.65899999935044,7.1817200006775579],[-102.49614605169887,6.4954038722909218],[-102.35982478258762,5.6320358384832048],[-102.32000000009987,4.653259999949114],[-102.18399999940044,3.7775300004092287],[-102.25899999925053,3.7507100001664071],[-102.19899999955032,3.458159999884117],[-102.2190000000499,3.2386899999435741],[-102.19299999985009,3.0721900001684048],[-102.14499999955029,2.8887600002738623],[-102.11799999999994,2.8929400005806087],[-102.09599999990002,2.7983300002293845],[-102.10899999955029,2.785640000485671],[-102.06800000009991,2.6353200004177211],[-101.93927087694937,2.2233843195307941],[-101.77872405906805,2.1943905922520912],[-101.65908942004069,2.2237745389638235],[-101.51199999970021,2.2322600003987532],[-101.20299999985008,2.2414200001329618],[-101.19599999990004,2.1988999998351915],[-101.06700000004992,2.2104600005286557],[-100.64399999960028,2.2043999998601294],[-100.40053396776835,2.0989704475281883],[-100.27596021878901,2.2698972188815674],[-100.04709216946799,2.2525148354912972],[-99.848643289955817,2.2336839194773574],[-99.81079999992005,2.2725999999900637],[-99.73890000003496,2.2688200001429664],[-99.522723598914922,2.2105074082903116],[-99.028999999949974,2.1200000000000614],[-98.719129999549807,2.4519290005230232],[-98.080375341348883,2.3348350047317581],[-97.711970384525614,2.1829334353298009],[-97.631235725448335,2.1346129553236892],[-97.274387001159141,2.1335065670744484],[-97.058568149800237,2.1673605049833782],[-96.720028773409126,2.1250430823724287],[-96.483199999980002,2.3323119998989341],[-95.724999999250542,2.2849999998501858],[-95.425039999896057,2.5899489999464436],[-94.445693167405693,2.5301423985529254],[-93.610699999605288,2.3724800005516045],[-92.92790000008489,2.299879999862128],[-92.245099999665229,2.2269500001424376],[-92.090199999730146,2.1997500003622577],[-92.118299999645217,1.9900900004532218],[-91.537599999640236,2.0111700003952251],[-91.560799999320466,1.8165900007280129],[-90.697299999895051,1.7361500000225192],[-90.663199999380424,1.1204100002213977],[-90.067179999757172,1.089925000038761],[-90.033129999749633,0.87880200011227316],[-87.787257243127215,0.74380428304129964],[-87.144999999850086,0.92890900045006219],[-86.265599999240521,0.88046200022120047],[-85.262528751700472,0.83964170779864844],[-85.253482864242756,1.5814044946217791],[-84.575900000084914,1.5981200001379534],[-84.571299999295491,2.0661800002068844],[-84.4633553022054,2.7678742226173085],[-84.268485057139628,3.3291005269678067],[-83.855360138859282,3.2979212879371289],[-83.325313074438782,3.2433576189590099],[-82.686138672961363,3.2277679998933309],[-82.647164623948186,3.7734046842788302],[-82.623780194900064,4.5684752809095244],[-82.592600955869386,5.1141119652950238],[-82.604416017784956,5.3149680232557444],[-82.623780194900064,5.6441590306148441],[-82.608190574935065,6.2131801440484651],[-82.639369813965686,6.7899960674645854],[-82.621825929423039,7.1025110198677339],[-82.632516939505138,7.3595084220760896],[-82.768758416267872,7.3699885357423796],[-82.877052922654229,7.43985595988471],[-82.941993613314537,7.6405368353067615],[-83.006307657272544,7.8730339881280997],[-83.191456329945652,8.1525036837980451],[-83.4569525413267,8.2957319027051994],[-83.764369206473646,8.3621059553256032],[-84.059572998195279,8.4631537345572383],[-84.267414657960046,8.564721484708798],[-84.497977156820298,8.7289099300492694],[-84.697099314681566,8.8686447783338735],[-84.920675071397397,8.9210453457661174],[-85.294465789164803,9.1166741330048922],[-85.413240410116771,9.137634360337529],[-85.654283022643369,9.1830481856252959],[-85.75559078688525,9.2424354961013364],[-86.052527338365962,9.5079317065830651],[-86.293569950892504,9.7874014022529536],[-86.363437375034778,9.8991892801611812],[-86.534612563419046,10.105298181066246],[-86.695307638136967,10.23804628630711],[-86.985257447473202,10.604850261930096],[-87.34854158002986,10.968030235906724],[-87.462100000014971,11.095900000184884],[-87.881964137335046,11.390982085754729],[-88.162523539729534,11.58648756784703],[-88.490900432209116,11.722729043710444],[-88.821267907487879,11.893706506250339],[-89.405764508824973,12.108072559501068],[-90.169893755992007,12.407930751103322],[-90.445485827708751,12.514920031834038],[-90.884622781815892,12.666680596532331],[-91.307900000084885,12.832200000729472],[-91.730607208256004,13.038009638733911],[-92.137454680588974,13.254349167879866],[-92.366710002264767,13.312470235612921],[-92.641170599143777,13.49974923044266],[-92.84459433575995,13.586930831592667],[-93.022857001149646,13.734572066048031],[-93.341852357600203,13.864620376828952],[-93.655799999270528,14.016100000514655],[-94.055199999580282,14.222100000714534],[-94.452196744284265,14.466222656350567],[-94.740981138368795,14.668371731670106],[-95.087522410730628,14.905174934675529],[-95.21458754437964,14.974483189147918],[-95.46629999964523,15.090200000030052],[-95.722848077176991,15.225725611947496],[-96.18201526339368,15.297921710018954],[-96.670018094959062,15.308224292117416],[-97.148564302500517,15.319755526196616],[-97.667469828869457,15.435067865189865],[-98.165699999855065,15.639900000384785],[-98.587799999270487,15.771500000524668],[-99.028099999815083,15.919100000164917],[-99.488636745589304,16.121579954051697],[-99.903404740536303,16.261204823343974],[-100.33599999999996,16.442399999860129],[-100.81096639228514,16.577414087290322],[-101.22573438723214,16.688292659778483],[-101.76780740998396,16.938796102458184],[-101.86636614188393,16.983968853679698],[-102.02652408032202,16.992182081338058],[-102.61236220305318,17.308669688155646],[-102.71888166085995,17.321984620493879],[-103.10501469687074,17.48842127382278],[-103.81070610630172,17.814637114311438],[-104.03040248898367,17.987731233809427],[-104.31667353245751,18.167482819476561],[-104.60960204210051,18.380521735090042],[-105.04233734039593,18.740024906424367],[-105.21543145989392,18.873174228907601],[-105.52299999985007,19.098000000100001],[-105.76363471317143,19.259135271375726],[-105.94899999925053,19.401900000384785],[-106.12099999995002,19.643700000354784],[-106.20572565511486,19.797392338485679],[-106.2709999996502,19.915800000070021],[-106.35200000009991,20.20270000060458],[-106.4424269829189,20.469156273343401],[-106.45718333604208,20.734770639453473],[-106.38340156772813,20.961034728769789],[-106.44200000009988,21.120800000719498],[-106.52499999925055,21.183800000269855],[-106.55099999945037,21.235500000324805],[-106.62399999970017,21.31060000028981],[-106.69939753766619,21.408333350603698],[-106.75699999965025,21.483000000549623],[-106.80799999980013,21.640300000544642],[-106.8619999998001,21.715599999840151],[-106.88999999960026,21.799200000579617],[-107.04599999990006,21.753600000339816],[-107.17099999965023,21.752200000529626],[-107.39299999935048,21.747799999970084],[-107.58599999990003,21.741700000154935],[-107.77400000009987,21.739700000554649],[-107.92799999990007,21.686100000114948],[-108.11399999960025,21.72000000039975]]]},"properties":{"OBJECTID":6,"Name":"Cocos Plate","Shape_Length":85.41106335379736,"Shape_Area":249.32204088153682}},{"type":"Feature","id":7,"geometry":{"type":"Polygon","coordinates":[[[76.945139036737203,86.060210273785174],[73.565353819223446,86.29879998453174],[67.696759894353704,86.481383151311434],[66.939551912390925,86.770431375008002],[61.313978431359601,87.026274375062428],[59.881480847463195,86.984096383341466],[54.869136978888491,86.938685205657748],[49.431371892099207,86.792156550384561],[44.054845537491587,86.605573211734395],[40.692500812162791,86.467852331320103],[35.911093694418526,86.269071728777305],[31.946749141559678,86.135124043040207],[32.404031168004053,86.059181730852231],[29.032038763078504,85.943592594023073],[23.861713698528433,86.006905863414943],[20.373886550124212,85.79914814816857],[17.365813176636834,85.643941692555131],[14.305358638590349,85.433797573199513],[12.638292054534759,85.279792530900636],[10.917501458925244,85.20240362592665],[9.6014721135472314,85.067559720804525],[8.8622843681291101,84.998971410502236],[7.508795195541893,84.873382836848521],[5.7888499869374073,84.872105151131905],[2.6512630431549837,84.596949594148498],[2.5828463531767056,84.454141196758883],[1.259987629925206,84.277328830261354],[-0.79973945930856871,83.973249533938883],[-3.017355213272424,83.688880938804346],[-4.675390851206771,83.466416896122894],[-5.748249914901578,83.25432777071012],[-6.2342999999449944,83.000400000159914],[-6.8421363439171046,82.69777241736324],[-5.0097499997626187,82.519400000509677],[-5.2649999994503673,82.390000000199905],[-5.6819999993005013,82.231800000069995],[-5.0329699994658768,81.912800000419736],[-3.909109999426903,81.62030000064459],[-4.1520799993924129,81.552100000514656],[-4.6411599993344339,81.369700000454714],[-3.454109999976481,81.250500000174952],[-2.4141300000993624,81.125600000539634],[-2.7794899999634595,80.992900000035036],[-3.3637499995627991,80.792200000529647],[-2.941559999594233,80.755500000624579],[-1.6838799995622935,80.624800000619587],[-2.3407899994588774,80.370400000559641],[-1.7655899994788342,80.30850000047468],[-0.96876899928986404,80.213200000679535],[-0.25072299946680232,80.142099999915104],[0.62792800077664879,80.026400000059994],[1.4866000005895899,79.908500000374772],[2.3776100006010665,79.779699999855154],[3.2958800004616933,79.657500000624566],[4.0187347067413839,79.585439322466812],[3.6222121907400719,79.413880034536021],[2.9071000006645704,79.101400000109948],[3.8570600005186293,78.95000000059963],[4.6906800006815388,78.8058000003698],[5.5920900000535312,78.64099999985018],[7.2800000002998217,78.394000000199924],[7.4105804606198262,78.167478091440842],[7.4354486217565636,77.910167775522496],[7.5101240481862988,77.658768233966896],[7.4459768401591191,77.470950200791208],[7.3891040485131043,77.250544980566474],[7.3815894331058871,77.028844128653645],[7.2800779076693516,76.723483695915888],[7.2175688066551515,76.482084994127206],[7.1404273204645392,76.165692623715643],[7.1674358842586798,75.916560359373136],[7.3380141791110987,75.65219781987355],[7.5961974399599512,75.444083205975232],[7.8799470056498535,75.218424340610909],[8.1229692733133447,75.009913133784153],[8.3474214841142498,74.780098280910977],[8.5145850693455145,74.568395660731198],[8.7823846998940098,74.330711077154547],[8.7673098671567118,74.132915674718674],[8.7067211748424143,73.974745296458309],[8.5807301743581093,73.811783555166983],[8.2487018311246629,73.665070678269217],[8.3402500365100423,73.597663511461917],[7.944735088553557,73.453439298784645],[7.6370156396600919,73.46289153861369],[7.1203675824979769,73.329087732712765],[6.7370216327421986,73.292194151039268],[6.2991917317131083,73.200472821663425],[6.0374869002003493,73.123103609144323],[5.5844518168978539,73.008906080551242],[5.3203768437164172,73.006651250854588],[4.9066536037808532,72.914101879698023],[4.6966121114598423,72.908474645388651],[4.3719540190627981,72.822381737427293],[3.6901493190358678,72.675848142178097],[2.943605347708683,72.567173240552677],[2.5855218011902252,72.542016552621874],[2.4694295665213417,72.437394942222852],[1.715015279931265,72.424495874385173],[1.1628448446139146,72.268105365070596],[0.44478306798424683,72.171241877710543],[-0.216189823401578,72.074767846259135],[-0.74321604618353376,71.985628170104007],[-1.4302812882507965,71.893815260965596],[-2.0722201382487242,71.80597698115281],[-2.7646129452311925,71.709027441263459],[-3.5415171708806952,71.589556112824425],[-4.0724500000674198,71.490500000074974],[-4.3603899999984606,71.432399999860138],[-4.7412499996876818,71.333200000080012],[-5.1572899993339547,71.431000000050005],[-5.6985299998595451,71.539800000069988],[-5.9171099992270229,71.464599999990071],[-6.5586144631868706,71.32270801626197],[-5.8685849288513623,71.121948749635123],[-6.4512177446031842,70.94616871041768],[-7.941240000025914,71.216600000090011],[-9.6189229351452923,71.431026345689361],[-10.770309604704437,71.531785391282824],[-12.190223088524647,71.671424036390249],[-12.444464192768237,71.47245273800354],[-12.676597374669086,71.262427477546112],[-12.864514712783716,71.295589361060195],[-13.826209323901139,70.643405659143923],[-14.080450428144673,70.720783386444168],[-14.339123285311302,70.849652405434199],[-14.596753305720426,70.676528658670691],[-14.801326139389801,70.533327675731698],[-15.15268465007648,70.433380398686495],[-15.484303481620316,70.190193255614304],[-15.691999999800089,69.848000000299805],[-16.01489361155086,69.549063514869374],[-15.715599999940025,69.549900000384753],[-16.033499999225512,69.264700000005064],[-16.262700000004941,69.037900000184891],[-16.403813332719096,68.93765957652829],[-17.07890368265879,68.978574143082312],[-17.391699999655202,68.699500000724527],[-17.829099999565301,68.39979999987014],[-18.220299999445388,68.066200000529648],[-18.48989999988504,67.737600000639588],[-18.601520497772697,67.459864876862639],[-18.670177754599649,67.093528832889376],[-18.725418510555755,66.798779513563773],[-18.304792813837253,66.957391911307695],[-18.117999999700203,66.933700000454735],[-18.247299999895006,66.780700000005027],[-17.473499999225567,66.685199999980057],[-17.717799999370413,66.364500000174928],[-16.865062067260567,66.369121296011031],[-16.986791503425081,65.875796737029873],[-17.006011940998235,65.574676551082007],[-17.025000000049943,65.379300000294847],[-17.14099999935047,64.995200000479713],[-17.367499999725169,64.736700000204905],[-17.821799999270524,64.489199999980087],[-18.626099999915027,64.182299999845156],[-19.040699999705168,63.984900000534651],[-19.237699999455344,63.862500000174919],[-20.096700000004944,63.949400000209891],[-20.731299999895043,64.017100000664527],[-21.297599999540296,64.06720000067952],[-22.06559999984006,63.922400000659536],[-22.537399999710146,63.836100000414717],[-22.871999999300499,63.767300000494686],[-23.058599999690216,63.649800000369794],[-23.330299999845067,63.650800000619597],[-23.487299999495349,63.568200000129934],[-23.740499999974986,63.473700000354768],[-24.009499999725165,63.35509999986516],[-24.254700000004959,63.229700000554658],[-24.519300000094859,63.110199999930103],[-24.720699999505314,62.992200000129969],[-24.888099999415374,62.92380000066953],[-25.035099999265526,62.800299999945082],[-25.156399999260486,62.71000000049969],[-25.311199999979976,62.613700000454685],[-25.448699999705184,62.620000000499658],[-25.643499999625249,62.50310000016492],[-25.874799999220556,62.375100000564657],[-26.107200000079899,62.237300000494656],[-26.308899999835091,62.105000000449706],[-26.526499999875057,61.939200000579604],[-26.767999999500319,61.825199999980043],[-27.031599999340472,61.665400000709496],[-27.225699999355413,61.532000000299831],[-27.388799999720163,61.397600000539626],[-27.581699999255534,61.251900000384751],[-27.854499999775101,61.066400000359806],[-28.023699999954999,60.956300000644546],[-28.19239999956028,60.848300000644542],[-28.407699999655222,60.704499999975098],[-28.64159999954029,60.566100000114943],[-28.828599999490336,60.418600000589606],[-28.926599999690211,60.333400000709503],[-29.028499999875066,60.339900000084981],[-29.11799999930048,60.273100000664556],[-29.224499999375439,60.167800000169905],[-29.371699999455359,60.08270000040477],[-29.507499999925017,59.969200000379772],[-29.636199999430403,59.867799999870158],[-29.849499999925001,59.750800000319828],[-30.042900000034933,59.618199999930084],[-30.162999999550323,59.528600000389758],[-30.305499999625226,59.389699999955099],[-30.452699999705203,59.238300000444724],[-30.64659999949032,59.092500000174937],[-30.791100000064887,58.940800000319825],[-30.976999999650218,58.975900000184936],[-31.039200000079916,58.89230000034479],[-31.177999999500344,58.804800000519663],[-31.303099999365429,58.689600000339794],[-31.427400000109856,58.574300000045014],[-31.55599999950033,58.446599999890111],[-31.745100000064895,58.468300000544616],[-31.799599999740167,58.396700000105],[-31.872299999645236,58.340199999930121],[-31.983499999725154,58.249200000579606],[-32.122499999375407,58.148399999860146],[-32.280499999275492,57.997900000484663],[-32.396099999915009,57.937099999865154],[-32.491999999500308,57.890000000599628],[-32.628999999550274,57.809000000149922],[-32.708199999730141,57.773500000724482],[-32.806499999375433,57.642200000030016],[-32.881899999685174,57.580900000634585],[-32.942999999750157,57.510000000099978],[-33.070299999445353,57.451199999980076],[-33.203100000064921,57.284900000434732],[-33.377299999695197,57.264700000604591],[-33.508999999949992,57.162500000074999],[-33.587999999900035,57.074000000000069],[-33.687899999585284,57.001800000669562],[-33.828400000059901,56.937799999970082],[-33.978099999415406,56.901900000084993],[-34.003499999825067,56.827399999910142],[-34.137999999700185,56.81200000019993],[-34.267999999800111,56.794000000199901],[-34.307499999325444,56.71590000038475],[-34.370999999450362,56.627700000654556],[-34.440199999830099,56.498500000574609],[-34.46039999966024,56.436300000144968],[-34.492699999905028,56.336800000020048],[-34.510399999560263,56.210100000114949],[-34.558299999745145,56.06080000031983],[-34.620299999945018,55.938600000189922],[-34.637600000039924,55.811900000284822],[-34.877399999510317,55.848500000074978],[-34.900600000089867,55.773800000569622],[-34.971699999954978,55.690900000634599],[-35.080399999860049,55.483500000624588],[-35.173199999480346,55.325900000284832],[-35.250799999620256,55.141200000279866],[-35.338599999790119,54.995900000584641],[-35.211999999999932,54.970700000404747],[-35.273900000084893,54.912700000304824],[-35.288999999450368,54.786000000399781],[-35.365099999665233,54.678100000514689],[-35.412299999944992,54.516100000514655],[-35.487799999470383,54.331300000394776],[-35.313199999380402,54.326899999835177],[-35.120999999750154,54.307600000139928],[-35.146899999835057,54.220400000659538],[-35.201199999280504,54.11050000027484],[-35.269799999870031,53.950700000104973],[-35.327199999280481,53.828200000529648],[-35.394999999850086,53.668400000359782],[-35.451699999355469,53.545899999885137],[-35.24570000005491,53.512100000614566],[-35.256499999875075,53.474699999905113],[-35.281799999270504,53.387500000424723],[-35.324799999220545,53.238000000399779],[-35.182799999720146,53.210500000274862],[-35.183699999855094,53.133600000040019],[-35.161299999295466,52.990100000614575],[-35.156099999615265,52.861099999865132],[-35.137599999939994,52.705100000464711],[-35.010699999805126,52.704400000559644],[-34.88369999955529,52.703600000539666],[-34.924800000019957,52.708000000199888],[-34.571900000084895,52.682200000229898],[-34.174499999375428,52.663000000649561],[-33.711899999285492,52.647700000154941],[-33.335400000109871,52.628100000114955],[-33.020399999660185,52.615100000464679],[-32.856999999850075,52.594600000289859],[-32.64859999959026,52.580999999950109],[-32.338999999949976,52.592000000000041],[-31.915999999500343,52.586399999860134],[-31.895999999900027,52.209000000549622],[-31.671028786749048,52.186330710593893],[-31.373999999900036,52.154000000299845],[-31.268399999959968,52.108900000634549],[-31.057899999984954,52.104800000419743],[-30.807399999910047,52.09450000027482],[-30.374999999450381,52.082000000299843],[-30.018999999550317,52.080000000699499],[-30.036099999415399,51.952800000219895],[-30.010999999350418,51.85750000042475],[-30.005999999900041,51.765200000479695],[-30.000999999550288,51.620500000574623],[-29.996099999315447,51.42360000004004],[-30.000999999550288,51.254399999860141],[-29.976499999275518,51.106700000104979],[-29.981499999625214,50.989800000669561],[-29.942499999775123,50.931299999995076],[-29.908499999375408,50.860500000474701],[-29.874599999989982,50.789700000055007],[-29.830899999235555,50.743500000025051],[-29.767999999800111,50.694099999915124],[-29.661899999285481,50.59840000055965],[-29.536799999420396,50.499500000224884],[-29.508099999715171,50.468600000689548],[-29.42659999959028,50.415900000384738],[-29.321799999670191,50.319900000684527],[-29.19819999973015,50.220599999890112],[-29.126500000074884,50.195400000609595],[-29.021699999255532,50.151500000524663],[-28.994699999705176,50.068100000015022],[-28.986799999620246,49.988000000599584],[-28.959999999400395,49.904700000204912],[-28.895199999580257,49.814800000319792],[-28.868599999590288,49.731400000709527],[-28.818100000014965,49.657000000649589],[-28.718299999545309,49.652800000319814],[-28.561899999685181,49.638600000189911],[-28.544599999590275,49.583000000149923],[-28.48609999981511,49.480600000289826],[-28.451799999969978,49.369300000094995],[-28.426199999330436,49.285800000369761],[-28.352999999750125,49.220100000414732],[-28.317399999310453,49.161100000065005],[-28.263099999865062,49.098700000304802],[-28.205799999670205,48.996200000329793],[-28.16219999993001,48.90930000029482],[-28.086799999620268,48.803400000010072],[-28.035299999795086,48.68850000017494],[-28.010799999520316,48.605000000449706],[-27.889499999525299,48.608900000434744],[-27.760199999330439,48.584800000619566],[-27.749399999510331,48.516899999935106],[-27.730599999490323,48.421000000349807],[-27.711799999470372,48.325199999980043],[-27.703599999940025,48.205000000349798],[-27.653600000039944,48.090000000399755],[-27.635099999465353,47.994200000030048],[-27.62179999947034,47.886099999915132],[-27.590499999475355,47.774600000389739],[-27.564400000059891,47.650800000219874],[-27.463499999225519,47.657800000169914],[-27.447999999400395,47.601999999900102],[-27.442899999835106,47.521900000484663],[-27.463599999340431,47.473100000164948],[-27.458499999775142,47.392900000634597],[-27.461199999280495,47.340599999890117],[-27.474099999715179,47.264000000000067],[-27.440700000004938,47.204700000204923],[-27.381899999885036,47.114000000299825],[-27.333599999240505,46.999000000349781],[-27.346599999790101,46.922300000344819],[-27.377400000109901,46.849099999865132],[-27.377499999325437,46.756799999920133],[-27.435999999999979,46.755100000664527],[-27.443699999855085,46.690600000289862],[-27.446299999245525,46.638300000444701],[-27.471699999655243,46.485000000549633],[-27.486799999920038,46.35600000069951],[-27.489300000094886,46.303699999955086],[-27.512000000099874,46.202699999905121],[-27.564899999735132,46.213100000164957],[-27.572299999245502,46.148600000689555],[-27.584700000004943,46.071900000684536],[-27.602000000099906,45.983000000149957],[-27.677299999395416,45.984600000189914],[-27.697099999665227,45.935799999870142],[-27.69939999961025,45.883500000025037],[-27.739399999710201,45.878200000229867],[-27.759199999979955,45.829300000694502],[-27.773400000109859,45.700299999945116],[-27.795199999979957,45.599200000679559],[-27.824599999590248,45.525900000085016],[-27.876999999550321,45.536200000229883],[-27.864399999460375,45.520600000289846],[-27.861599999840053,45.480500000074983],[-27.871399999410414,45.456099999915125],[-27.923600000039926,45.466299999945079],[-27.938199999730159,45.429600000040011],[-27.935400000109894,45.389599999940117],[-27.937399999710181,45.337300000094956],[-27.972100000014962,45.344100000714491],[-27.978999999850089,45.279600000339769],[-27.985699999455392,45.215099999965105],[-27.987699999954998,45.162800000119944],[-27.994499999675213,45.098300000644542],[-28.076299999245521,45.127399999910097],[-28.100199999730137,45.066299999845171],[-28.114600000089865,45.029599999940103],[-28.138499999675219,44.968499999875121],[-28.157499999924994,44.919600000339813],[-28.105699999755132,44.909400000309802],[-28.142099999315462,44.863900000184913],[-28.143799999470332,44.811600000339809],[-28.167599999840093,44.750500000274826],[-28.214999999450356,44.628099999915094],[-28.257399999610243,44.518000000199891],[-28.282499999675224,44.404600000289861],[-28.31999999960027,44.306700000204899],[-28.366600000089875,44.184299999845166],[-28.434899999435402,44.197599999840179],[-28.436399999360447,44.145299999995075],[-28.45489999993498,44.096300000344797],[-28.482699999505314,44.022900000534662],[-28.480899999235533,43.930500000474694],[-28.513099999365409,43.84480000002003],[-28.523699999855069,43.767999999900155],[-28.79639999936046,43.768400000359804],[-28.840499999675217,43.698100000514671],[-28.884499999875061,43.627800000669538],[-28.933899999984988,43.492900000334828],[-29.007899999585277,43.389000000549629],[-29.091399999310454,43.208200000529644],[-29.173599999340468,43.07960000023985],[-29.316799999320494,43.080700000604622],[-29.317499999225561,43.028399999860142],[-29.326800000019944,42.951500000524675],[-29.349199999680195,42.837800000269851],[-29.371499999225534,42.723999999900116],[-29.321400000109861,42.714500000674548],[-29.317699999455385,42.674400000459684],[-29.33940000010989,42.613000000050022],[-29.36959999974016,42.527100000264852],[-29.391800000069907,42.413299999895116],[-29.434699999905035,42.290499999975054],[-29.222599999890065,42.289100000164922],[-29.223299999795131,42.236800000319818],[-29.244899999435404,42.175399999910098],[-29.24199999970017,42.0830999999651],[-29.260599999490353,41.929400000509645],[-29.161599999939995,41.910099999915133],[-29.200299999445349,41.799699999855136],[-29.205999999700168,41.682800000419718],[-29.245199999780141,41.520000000399762],[-29.29199999960025,41.38489999983517],[-29.322299999345432,41.246700000204896],[-29.228599999590244,41.215300000094999],[-29.24199999970017,41.126100000114945],[-29.255999999600249,40.984700000404757],[-29.277699999355434,40.871000000149934],[-29.299899999685181,40.705000000050006],[-29.345999999600281,40.569900000384735],[-29.560499999675187,40.598700000204872],[-29.576999999750171,40.549500000324826],[-29.569499999225513,40.469500000124981],[-29.598400000059883,40.383500000224899],[-29.631300000094882,40.285100000464695],[-29.639799999969966,40.208200000229851],[-29.656499999375399,40.106800000619558],[-29.588099999915016,40.106500000274821],[-29.580199999830086,40.078799999920136],[-29.612699999405379,40.032800000119948],[-29.608899999535311,39.992800000020054],[-29.769800000069893,39.399600000040039],[-29.334999999550291,39.314999999950089],[-29.188099999815108,39.278600000389758],[-28.851629553361136,39.187939335032354],[-28.619199999880038,39.120800000719498],[-28.291899999685199,38.939400000010039],[-27.607660943697567,38.697672075306059],[-27.306136651884913,38.667825066773446],[-27.128999999750135,38.607000000249855],[-27.089499999325483,38.570600000689524],[-27.028899999835062,38.49110000016492],[-27.006799999620227,38.463499999925091],[-26.940799999320461,38.400300000144966],[-26.900599999890062,38.36010000071451],[-26.82989999958528,38.278200000129971],[-26.717999999600238,38.420200000529633],[-26.647399999410425,38.357600000539662],[-26.614099999815096,38.324000000599597],[-26.532299999345469,38.25540000001007],[-26.494299999745124,38.222499999975071],[-26.416599999490359,38.14930000039476],[-26.378700000004926,38.116400000359761],[-26.302100000114876,38.046800000419751],[-26.171400000109884,38.036000000599586],[-26.075199999280471,37.965500000524685],[-26.04319999938042,37.935500000224863],[-25.91620000002996,37.838600000389761],[-25.808099999915044,37.878300000144918],[-25.734099999415378,37.815900000384772],[-25.698399999760113,37.790200000529637],[-25.633199999480325,37.722500000075001],[-25.538399999360422,37.818100000214883],[-25.463799999969979,37.751700000354788],[-25.426499999375437,37.718499999975052],[-25.354699999605259,37.66330000039477],[-25.26709999966522,37.769200000679518],[-25.101299999795117,37.646300000644544],[-24.983499999325488,37.644099999915113],[-24.931499999825064,37.609100000164915],[-24.89149999972517,37.583899999985078],[-24.845099999465333,37.55190000008497],[-24.816399999760108,37.532800000619602],[-24.774799999620257,37.500099999915108],[-24.733199999480348,37.467299999995078],[-24.666899999735165,37.411000000050024],[-24.7021999998301,37.351900000484704],[-24.737899999485364,37.273300000094991],[-24.749499999325451,37.217400000609587],[-24.680500000074915,37.126700000704545],[-24.634499999375407,37.094600000689525],[-24.554099999615232,37.01719999988012],[-24.500199999730171,36.970700000404747],[-24.433699999755163,36.910500000474713],[-24.384599999989973,36.863300000194897],[-24.311100000064926,36.792500000674522],[-24.255399999910026,36.781000000050028],[-24.146099999315481,36.788500000574629],[-23.755870189857319,36.928184967961954],[-23.420653817419691,36.913610342643267],[-22.466015885124932,37.022920029835575],[-21.518665265489574,37.088505841971084],[-20.644187769749749,37.161378966765938],[-19.871732649442151,37.270688653058926],[-19.287871794147918,37.563506432775682],[-18.828259511866918,37.530676984555271],[-18.483550300605827,37.694824228355515],[-17.838572473241015,37.788087838383092],[-17.300162551060851,37.69238388740655],[-16.654784510097045,37.601451406457272],[-16.031768652301423,37.518203035241925],[-15.754865759347297,37.433345696846459],[-15.728697305336311,37.187724053022691],[-15.394680308349507,37.145971928062067],[-14.921489561793805,37.076385053727279],[-14.410899999835067,37.21010000031481],[-13.675400000009972,37.395000000549658],[-12.953149266725234,36.832357804469154],[-12.142399999260533,36.327600000639563],[-11.803788752648757,36.009358917280281],[-11.576754576562394,36.030643371794213],[-11.335530765032729,36.044833007237571],[-10.803419415673432,36.442142814939018],[-10.675712692186949,36.49180654123893],[-10.566666666433434,36.591666683870415],[-10.399999999800116,36.541666683970334],[-10.333333332966902,36.541666683970334],[-10.225674733602034,36.508333350104067],[-9.9768499996277455,36.651400000409751],[-9.5452100000414362,36.429600000040011],[-8.990604675465363,36.153485788238584],[-8.9333333330667983,36.141666683870426],[-8.8833333331667177,36.141666683870426],[-8.7166666665333992,36.075000017037212],[-8.6166666667332379,36.075000017037212],[-8.4833333330668097,36.091666683970345],[-7.8166666665333651,36.075000017037212],[-7.4904513062826936,36.1779405382253],[-7.2791260919955221,36.301643102247397],[-6.9234812208815697,36.327414469602161],[-6.6709218191865602,36.239791820236348],[-6.5266021614605165,36.100626435261802],[-6.3513568618296858,35.925381136530291],[-6.3616654091312625,35.750135837798723],[-6.3204312208241618,35.528502077109238],[-6.3204312208241618,35.239862760757831],[-6.2895055798185808,35.049154641073869],[-6.2225000250560925,34.884217889643935],[-6.0730260927799122,34.755361051971022],[-5.7817467077443325,34.476022963988669],[-5.4046413784967626,34.383841661063855],[-5.1246397689101855,34.327556351544445],[-4.7019893421343681,34.209008061173108],[-4.0564499996676773,34.19930000019491],[-3.2964296649969924,34.317452702180503],[-2.590999865651213,34.550403594450358],[-1.9876409008068663,34.804449473864167],[-1.5007196308062589,35.026739619138141],[-1.1637651800189701,35.41745859413885],[-0.669884983904808,35.484805893976898],[-0.22090298678335785,35.641949592699575],[0.56481550683020032,35.799093291422309],[0.96163767334002159,36.054006552560395],[1.3286711244728622,36.181056592887501],[1.6815879039586434,36.265756620072011],[2.2180214085611851,36.251639949324272],[2.5074131678834419,36.216348271555546],[2.8570463517078224,36.17995594950753],[3.53523130568027,36.410275902111266],[4.2893828562338854,36.364103358383318],[5.012752710369341,36.487230141357998],[5.8438585001696879,36.456448445839158],[6.4287107222220925,36.471839294048209],[7.1060294456024735,36.499992562606735],[7.7912774159200353,36.412514097947337],[8.2286697374184996,36.354195121807493],[8.4911051304974308,36.383354610327046],[8.7535405235763619,36.470833074087125],[9.0911632839584513,36.633110433999377],[9.5463181349740012,36.928961087384323],[10.331460253088267,37.34997932468616],[10.836601178002013,37.572710890495273],[11.262235943833787,37.679119581503528],[11.680270089393161,37.701921444119421],[12.082943182182134,37.623931818098981],[12.660750174680857,37.375094749023503],[13.071183699068513,37.207881090440026],[13.466415982011995,37.040667432755868],[13.770440814492019,36.957060603464129],[14.104868130759655,36.94945998319173],[14.266206060661204,37.049072727724251],[14.463225594585595,37.171691759766929],[14.731770805378403,37.272396213814261],[15.092709091451468,37.348327272785468],[15.25207714994059,37.289180289039166],[15.403133830561899,37.112947495130868],[15.709709120579475,37.045546097474471],[15.954710809556275,36.980692709401069],[16.02677012973777,36.706867292891332],[16.459126050826626,36.44024780848963],[17.057218408602751,36.303335099335413],[17.626487037946504,36.274511371802419],[18.159726007649169,36.346570691983914],[18.187438965435945,36.357266920831762],[18.283350382813978,36.428348694136957],[18.650000000599618,36.75833335050379],[18.716666667432833,36.808333350403871],[18.808333350403871,36.750000000399723],[18.845601764110199,36.648842876197818],[18.90914293789632,36.685249496567053],[19.082085306691624,36.915839321327667],[19.139732762656934,37.254518126810183],[19.132526830548841,37.679668115790946],[19.067673442475439,38.19128928916939],[18.887525142471418,38.349819793748509],[18.656935317710804,38.587615550617215],[18.880319210363325,38.465114706578504],[19.132526830548841,38.37864352218088],[19.58440000055964,38.27160000063958],[19.736669221807176,38.223827929015783],[20.054726717563994,38.105149758554546],[19.879083025461284,37.867793418531505],[19.879083025461284,37.72063248859854],[20.06422097102103,37.464287640762052],[20.486715255704553,36.970586454701163],[20.951933681394337,36.419919746099481],[20.85477181156989,36.173941870021338],[20.947993465526054,36.114154173276518],[21.143089479096261,35.946968386481899],[21.136955061327058,35.70772606650479],[21.241240175094049,35.529827931413934],[21.370062962635643,35.450080491421602],[21.394600636410303,35.186300496770571],[21.474348076402634,34.977730269236588],[21.670649467499004,34.824369807920334],[22.167537362559301,34.646471671930158],[22.36997317232408,34.437901444396175],[22.719635024736647,34.315213075523047],[23.001818273594495,34.112777265758268],[23.167447572247738,34.039164244434403],[23.325467032577535,34.129626544529458],[23.433211730337121,34.158358463872048],[23.713410815756617,34.296809819517591],[24.210298710816915,34.333616330629184],[24.425003357019364,34.235465635530716],[24.406600101913227,34.069836336877472],[24.670380095664939,33.965551223110538],[24.836009394318125,34.014626570659743],[24.96020361590422,34.029281102540892],[25.072437138463215,33.991869928654353],[25.203376249314488,33.885871600993653],[25.381972637827005,33.750846576908032],[25.566005191586385,33.707905647127973],[25.752073472312929,33.748697295244028],[26.394606319126353,33.940910551780576],[27.030150344562799,34.23933992030112],[27.389370879662408,34.521189878610073],[27.631190626945909,34.730092600792943],[28.122213176896651,34.872230707381277],[28.415103821484252,35.160814136263411],[28.712301680877943,35.255572874588552],[29.190402585510981,35.242651228371528],[29.745233075146359,35.201577863127909],[30.092479934001801,35.223013407342933],[30.22080000051966,35.154300000444721],[30.792900000534644,34.990800000519641],[31.256000000299821,34.826000000000079],[31.739900000584612,34.634100000714511],[32.171900000584628,34.487099999965096],[32.667800000269835,34.38990000068452],[33.100700000404743,34.290300000444745],[33.735400000409754,34.301700000055007],[34.317029216824949,34.345059338517729],[34.814236312755668,34.52490020348165],[35.311443408686387,34.704741067546308],[35.70168042890873,35.32060910382711],[35.791200000279844,35.689000000649571],[36.413400000309821,36.023200000679537],[36.389200000379788,36.259599999840191],[36.466500000174904,36.730300000244881],[36.789499999925113,37.397900000284835],[37.083200000179943,37.511799999870163],[37.682200000529633,37.83370000015492],[38.041699999955085,37.99410000011494],[38.365200000279856,38.121400000709514],[38.856500000075016,38.31410000001506],[39.401700000654557,38.497000000649564],[40.162700000104962,38.768100000114941],[40.624200000729502,38.856800000419753],[41.001499999925102,39.079900000484713],[41.026200000429753,38.848700000104998],[41.236299999945118,38.615600000239851],[41.839100000164933,38.355100000364757],[42.289100000164922,38.212700000404766],[42.797300000494658,37.990500000474697],[43.175800000169943,37.685000000149955],[43.647499999925117,37.406600000389744],[44.019500000224866,37.09840000055965],[44.356800000219891,36.57160000043973],[44.514800000119976,36.01500000024987],[44.735317004276396,35.769234965821056],[44.822912217125179,35.609160476374939],[45.074748452379254,35.466602600429724],[45.173293065822406,35.288049327214708],[45.370382293608031,35.046376521958962],[45.578420921988027,34.857912881674224],[45.628645404361976,34.702900504254899],[45.573043136231831,34.278671386875033],[45.742661945292582,33.626957679653231],[45.83520109295614,33.456362455962619],[45.983548779052967,33.206550651291593],[46.180638005939272,33.069022115178541],[46.355828430737517,33.069022115178541],[46.626028332041926,32.84388228094258],[47.012792522157213,32.629824385786833],[47.198415951435038,32.565962386055332],[47.297476961892357,32.56291249361675],[47.604060204614825,32.56291249361675],[47.888744644349913,32.350413902379728],[48.337670106490293,32.322659768233791],[48.720899160567853,32.202293575688032],[48.907038985960469,31.951793098972416],[49.191723425695614,31.672656035547675],[49.160204383225732,31.386643521981],[49.236850193681562,31.180237289019715],[49.445242665716478,31.02394531392514],[49.56775166840481,30.880667705150529],[49.691548155822773,30.676056296860679],[49.804889911140549,30.481704331989363],[50.012928540419864,30.340060053029049],[50.056726146394567,30.150881842023466],[50.166220162230729,29.828445339480879],[50.538499813915337,29.457306839339196],[50.75612994574044,29.469447148267307],[51.074370276367233,29.3641607077505],[51.124585461549884,29.167603383089727],[51.084943620951378,28.913978708350783],[51.045301779453609,28.608719937675062],[51.148512406622331,28.442471061890046],[51.303328346925696,28.200187620562303],[51.337731889315307,28.002926758063495],[51.526951371108964,27.835731055343956],[51.716170853801941,27.759647648520229],[52.008600962764262,27.774868590513108],[52.197820444557919,27.668277327236922],[52.387039927250896,27.59207697797018],[52.541855866654998,27.515823628957378],[52.559057638299407,27.424249790195688],[52.662268264568809,27.347880189419243],[52.817084204872231,27.225579287154403],[53.006303687565207,27.087830071800397],[53.247128482493508,27.026553726373436],[53.40194442279693,26.903900745822796],[53.539558591455886,26.735035209807165],[53.814786929673119,26.627444533538437],[54.090015267890351,26.642820844206653],[54.296436521328474,26.642820844206653],[54.485656003122074,26.535143246663552],[54.760884341339363,26.458168734899232],[55.018910907912129,26.458168734899232],[55.311341016874508,26.51975246860161],[55.58656935509174,26.550531958982788],[55.792990607630486,26.612066153530236],[56.051160420916744,26.765924113507083],[56.103592807262316,26.818059893549275],[56.233682789928878,26.940270131561363],[56.344477487146378,27.145341612325581],[56.441000000149927,27.275000000449722],[56.670000000699531,27.360000000100001],[56.875300000094967,27.300700000304801],[57.301349032332041,27.142133741379098],[57.408419081175737,26.797737823341947],[57.370944951148658,26.523217671558371],[57.501321079204502,25.95913435686515],[57.280704747626032,25.814717947375414],[57.121400000509652,25.551800000569642],[57.345400000709503,24.788400000159925],[57.831600000039998,24.442700000404727],[58.715700000654579,24.363299999995036],[59.602599999990048,24.311300000494668],[60.282654424162388,24.070098241240885],[60.869599999940078,24.177500000524674],[61.23799287976766,24.032877262275861],[61.955400000309794,24.086899999835168],[62.580600000189918,24.283000000349773],[63.365600000239851,24.285400000409766],[64.161500000224862,24.349800000669518],[65.028200000629568,24.38240000035978],[65.492100000414723,24.620100000114974],[65.957800000469717,24.856400000059978],[66.529600000139965,25.17869999990512],[66.658454903371137,25.250435506593419],[66.664147807075665,25.098835931333213],[66.682576044448922,24.931840323272354],[66.682576044448922,24.781350528504163],[66.756288993042631,24.781350528504163],[66.885286652856792,24.781350528504163],[67.051140786518147,24.714407480221098],[67.198566683705565,24.706037065458247],[67.401277292113377,24.706037065458247],[67.474990240707086,24.655794334041332],[67.659272611741699,24.57205083837556],[67.751413797708665,24.488209202392852],[67.954124406116478,24.538510798934283],[68.046265591184124,24.655802765185513],[68.083122065930638,24.789715872889246],[68.285832674338508,24.923484586344614],[68.47011504537312,25.157230662764903],[68.451686807999863,25.30726014134251],[68.396402096779411,25.540270264760977],[68.304260911711765,25.855774881105901],[68.175263250998285,26.013212750767877],[68.064693828557381,26.1621699469855],[67.91726793137002,26.327455075990997],[67.788270271555859,26.360483862540264],[67.659272611741699,26.410009354048498],[67.603987900521247,26.591420801328979],[67.569275286325478,27.328337337698031],[67.641756931737063,27.723874892812091],[67.625472554914552,28.159575296362902],[67.391505575322071,28.600867149299575],[67.629237182649888,29.150707021212099],[67.795989175160344,29.571212140427974],[68.107410000671052,29.36537700034836],[68.27844608731715,29.028343395731156],[68.570166203107817,28.743867117573473],[68.927023827987341,28.524477916322837],[69.258705607577781,28.524477916322837],[69.554930626247483,28.570382852386786],[69.779118784404432,28.7497333781929],[70.010779881586302,28.981394475374771],[70.190130408291793,29.190636756381252],[70.255249504660981,29.463773865971177],[70.543972502928739,30.000614711299932],[70.62539438884005,30.437206459010952],[70.432672449673873,31.317760828499502],[70.250853713827894,31.691103504023545],[70.228674986061833,32.059989452451305],[70.444338227727087,32.449373940554949],[70.595306201020435,32.373889953458615],[70.68086430374467,32.262490856068212],[70.972302637656639,32.123395287262724],[71.248796285120534,32.278095291464581],[71.373366999787265,32.501333593770369],[71.177590612217045,32.743175012916538],[71.207336062109619,32.976440008699512],[71.392689420480451,33.011494634170106],[71.541749000016409,32.982173000583543],[71.596025000153702,32.92306799988836],[71.644480999898292,32.702225000483452],[71.721415999948476,32.738511000182541],[71.849184000541243,32.501669000424101],[71.973053000295806,32.413597000301365],[72.13418000050666,32.389652000439526],[72.272889000227224,32.439326000594519],[72.341258000056712,32.52651200032858],[72.61127599998747,32.582684000666177],[72.768314000490761,32.655517000409304],[72.955276000487117,32.627195000149186],[73.068644000720099,32.657139000564484],[73.13646600050555,32.7290150002421],[73.266579000420563,32.719853000415696],[73.440472000282625,32.626135999876567],[73.643339118605468,32.7736160767206],[73.822186000683416,32.816002999838645],[74.053373000463637,32.977396000624992],[74.548612772761317,32.86600258425193],[74.731295321821676,32.964955631996872],[74.821281311283542,32.957577405073209],[74.826442482734421,32.797496628466661],[74.902658762591898,32.71633335609954],[75.072080010384241,32.562615627409343],[75.273205679698435,32.515911627519642],[75.371924385701902,32.45242679176306],[75.565005327034271,32.407488418255923],[75.648343784238307,32.353794814579089],[75.643682273418221,32.226253446739236],[75.67672578007074,32.167843394457122],[75.824499251739155,31.996486720186056],[75.719514415058256,31.919323016244277],[75.961785098603457,31.603815627289407],[76.092184073036606,31.417308724717941],[76.169088012301984,31.23135670294954],[76.318436773338476,31.14297673808602],[76.506324983311401,30.939406559465226],[76.628972480695495,30.943547071440264],[76.811799304394413,30.749336340599712],[76.95051898176564,30.6774076190664],[77.150891849279503,30.600341131837808],[77.21768280511742,30.523274643709897],[77.212545038522762,30.456483687871923],[77.412917906036569,30.410243795714678],[77.531086519727182,30.307488479110077],[77.649255134317059,30.307488479110077],[77.931865924472902,30.137316107652282],[77.97293438121676,30.096840080205595],[78.039204610704303,29.989958656067188],[78.142748357550715,29.935146311952792],[78.189559587205224,29.865531473198985],[78.384596517115654,29.77035614641909],[78.49337782112957,29.734708268771612],[78.539322665508678,29.603925055397042],[78.745728288729595,29.481082685717411],[79.111430576859675,29.376186527586242],[79.166298406446344,29.312021139763829],[79.334027833417849,29.273097551710691],[79.503580581878396,29.216532571920709],[79.692731235857877,29.110728886329071],[79.841487120634156,29.045020877911213],[79.968938589544337,29.04781391947688],[80.138502677556573,29.112957924368743],[80.159053740337924,29.051304734226164],[80.277222354927801,28.999927076373524],[80.410804266603691,28.999927076373524],[80.477595222441607,28.938273886230888],[80.572169669894436,28.869735824648615],[80.783572476788436,28.828553459774412],[80.968893118722519,28.783252858232856],[81.084547381756295,28.726654487514622],[81.161828389668528,28.649436936665325],[81.316744005431588,28.572595083896033],[81.361290944521556,28.470737196264622],[81.566801577730701,28.321741987502776],[81.651393225816776,28.299053970064733],[81.790808477529254,28.208623110268377],[81.785144680382757,27.992895163281219],[81.922914926382816,27.918578023157295],[82.101129223534883,27.920996252475106],[82.358017514596668,27.730898917251295],[82.477740753033402,27.6720914608523],[82.677446369454458,27.720955600820389],[82.807042566761083,27.71883107299567],[82.966382153613552,27.740076351242692],[83.149233452362012,27.766863278017922],[83.244231928360875,27.724315830411285],[83.313425485098094,27.692061038186409],[83.704112161846865,27.617868069256019],[83.863572721903665,27.469166855166293],[83.989258165132298,27.430339615980529],[84.143391139589482,27.425201850285191],[84.246146456194083,27.358410894447275],[84.410554962941262,27.348135363056599],[84.585239001079117,27.342997597361261],[84.749647506926976,27.36868642583795],[84.95515814013612,27.276206641523345],[85.099015583202686,27.276206641523345],[85.325077280092444,27.188864622004758],[85.607654400530237,27.111798134776166],[85.741236312206127,27.106660369080828],[85.972435773891902,27.019318349562241],[86.05977779341049,26.91656303385696],[86.172808641405709,26.865185375105],[86.414283635381537,26.860047609409719],[86.553003312752764,26.824083248643035],[86.532452249072094,26.695639102662483],[86.789340540133878,26.669950274185851],[86.902371389028417,26.675088039881189],[86.979437876257066,26.772705589891132],[87.033384416957347,26.803532184962421],[87.233757284471153,26.803532184962421],[87.354757732883115,26.760019093906124],[87.495783342127595,26.741878995719105],[87.67046738026545,26.741878995719105],[87.811166557190916,26.663967692554991],[87.928690059298845,26.668067350128183],[87.999284392860488,26.716190166343154],[88.12450138463123,26.724671706733943],[88.405502022300539,26.819713464404913],[88.451407785740798,26.860047609409719],[88.601621849269009,26.883366390646472],[88.685918966687041,26.938417569515252],[88.790860277080185,26.950460015117642],[89.014505693483045,26.941858268644239],[89.053816159088512,26.88008841844578],[89.086898214281234,26.815784130333384],[89.140091195951982,26.790467525855661],[89.210625519552138,26.780145429368133],[89.299139147054063,26.767567824195794],[89.346454142744562,26.835069075377589],[89.390999999950111,26.843000000449706],[89.446000000199888,26.822000000599587],[89.50138764872105,26.769553571340282],[89.570999999950118,26.731000000349809],[89.620000000499658,26.708000000000027],[89.691000000249858,26.696000000599611],[89.731000000349809,26.714000000599583],[89.864000000299825,26.725000000649572],[89.887035905182927,26.708881032533668],[89.992567126771519,26.706388168479236],[90.08199999990012,26.721000000549623],[90.19900000034977,26.718000000699533],[90.331000000050039,26.731000000349809],[90.706000000199936,26.775999999900137],[90.804000000399753,26.768999999950097],[90.879000000249846,26.772000000699506],[90.937000000349769,26.778000000399743],[90.99400000019989,26.789000000449732],[91.042000000499684,26.800000000499665],[91.089000000549618,26.808000000699508],[91.158000000699531,26.811999999900138],[91.22200000049969,26.818999999850178],[91.269000000549624,26.800999999850148],[91.321000000050049,26.779000000649546],[91.345000000649577,26.78100000024989],[91.377000000549629,26.800999999850148],[91.41300000054963,26.814000000399744],[91.491000000249869,26.800000000499665],[91.563000000249872,26.800999999850148],[91.624000000199885,26.816000000000031],[91.701000000549641,26.816000000000031],[91.773999999900127,26.832000000399773],[91.855000000349776,26.863000000050022],[91.916000000299846,26.868000000399775],[91.992000000399742,26.856000000099982],[92.100000000399746,26.863000000050022],[92.267000000749476,26.911000000349759],[92.365000000050031,26.934000000699541],[92.44300000064959,26.936000000299828],[92.520000000099969,26.965000000349789],[92.614000000199894,26.970000000699542],[92.689000000050044,26.952000000699513],[92.74400000029982,26.929000000349788],[92.80800000009998,26.925000000249838],[92.858000000000061,26.937000000549631],[92.909000000149945,26.944999999850154],[92.960000000299829,26.934000000699541],[93.008999999950106,26.914000000199906],[93.076000000499675,26.903000000149916],[93.159999999900151,26.925000000249838],[93.274000000499655,26.946000000099957],[93.327000000249882,26.960000000000036],[93.392000000299845,26.95100000044971],[93.453000000249858,26.946000000099957],[93.511000000349782,26.969000000449739],[93.569000000449705,26.9620000004997],[93.624000000699539,26.978000000000065],[93.686000000000035,27.002000000599594],[93.745000000349819,27.040000000199882],[93.809000000149922,27.063999999900147],[93.836999999950081,27.095000000449716],[93.860000000299806,27.168000000699521],[93.914000000299836,27.218000000599602],[93.960000000099967,27.261999999900127],[94.023000000549644,27.332000000299843],[94.087000000349803,27.372000000399737],[94.151000000149963,27.407000000149935],[94.21000000049969,27.470999999950095],[94.238000000299849,27.520000000499692],[94.291000000050019,27.544000000199901],[94.478000000000065,27.567000000549626],[94.628000000599627,27.631000000349786],[94.844000000599635,27.711000000549632],[95.076000000100009,27.81000000009999],[95.232000000399751,27.901000000349768],[95.226000000699514,27.98000000029981],[95.24189796312055,28.012593866613713],[95.30300000014995,28.030000000199891],[95.432000000000073,28.148000000000025],[95.614000000499686,28.269999999900108],[95.650000000499688,28.312999999850149],[95.726999999950124,28.251000000549652],[95.79899999995007,28.1750000004497],[95.843000000149971,28.113000000249883],[95.949000000549631,28.053000000549616],[96.071000000449715,28.038000000399734],[96.191000000749511,27.997000000050036],[96.235000000050036,27.932000000000073],[96.254701252960501,27.900480833423785],[96.327999999900157,27.830000000599625],[96.349000000649596,27.758000000599623],[96.334061282102539,27.572981321330985],[96.21200000059963,27.506000000599613],[95.84600000000006,27.315000000549617],[95.467000000649591,27.145000000349796],[95.103999999900111,27.001000000349791],[94.680000000099994,26.785000000349783],[94.283000000749496,26.562000000399735],[94.048000000499655,26.248000000199909],[93.989993981237319,26.093238136131106],[93.942088434034076,25.930359277258901],[93.780675575317616,25.805486164654837],[93.723274304265772,25.649360377979121],[93.491776294640317,25.43214158976258],[93.290572997645768,25.307587168113344],[93.114919325766323,25.138320903187207],[92.949433472576743,25.100905113979877],[92.695155720959804,25.073854289244082],[92.250828707379014,25.116281819450478],[91.805000000449695,25.168000000199925],[91.620266265975431,25.176645340410175],[91.466000000299857,24.94600000049968],[91.086000000699528,24.644999999950073],[90.725000000449711,24.21100000034977],[90.542000000599614,23.73900000024986],[90.529000000050019,23.216000000000065],[90.542000000599614,22.770000000099969],[90.647000000749472,22.037000000449723],[90.791000000749477,21.618000000099983],[90.966666666933179,21.225000017037189],[91.108333350703617,21.000000000399723],[91.208333350503779,20.850000000699538],[91.475000016937315,20.550000000399734],[91.991666683770518,19.966666666733317],[92.191666683370784,19.700000000299838],[92.790074899237254,19.242594190269699],[93.336989343083758,18.632085042290896],[93.502335571129777,18.02157589521147],[93.870296025441291,17.829325553331671],[94.027423621802768,17.522579721277168],[93.908004389291193,16.881486998426283],[93.695829095336535,16.400127565834566],[93.638202918230149,15.835391026774516],[93.557526269921482,15.489633961438244],[93.367800000369755,15.35260000028984],[92.844306704890585,14.726305413963757],[92.516800000020055,14.384300000045016],[92.068200000729519,13.714900000634543],[91.888900000634578,13.153700000554636],[91.852810552265225,12.987390501470543],[91.700000000299838,12.283200000279862],[91.642599999990068,11.791500000025053],[91.590700000604613,11.300300000344805],[91.576400000359797,10.514199999930099],[91.558600000589593,10.056000000399763],[91.533641006127596,9.608025677443095],[91.65051672746506,8.6612082253793687],[91.793036691590089,7.9421968878761504],[92.081020646785475,7.3662289774853775],[92.378268817851733,6.8822862513094947],[92.56784367574511,6.3388383252285507],[92.699513932721857,5.7628141145797827],[92.747504797708302,5.2889043231760411],[92.963463689697562,4.6290299302871176],[93.357691655645453,3.7977530903328898],[93.579165887395845,3.3885072286257696],[93.726906404307158,3.0814269458969079],[94.33506706719146,2.6566793342839219],[95.201705362412611,2.2089162153111488],[95.866128055865147,1.7948556963333431],[96.201900000684532,1.345000000649577],[96.670300000244879,0.75871400025096136],[97.010600000089994,0.11592500043849441],[97.372200000129965,-0.54717699991857671],[97.76950000072452,-1.2471399995113188],[98.035400000509696,-1.6342400000759199],[98.301300000294816,-2.0212900001333765],[98.87440000055966,-2.6650000001498597],[99.369900000684538,-3.3114999993254628],[99.674800000319806,-3.7285200000978875],[99.98000000029981,-4.1454399998560802],[100.35900000054966,-4.6558800000619271],[100.79100000054967,-5.3049199994583773],[101.34600000069952,-5.9829799998270801],[101.85800000000006,-6.5583600000139199],[102.45200000000006,-7.1971899998185904],[102.70093327495073,-7.3416666494962328],[103.18300000005001,-7.6214499999175018],[103.76300000014993,-7.862769999335967],[104.57600000000008,-8.166569999505839],[105.0542435488008,-8.6117936020930301],[105.3156112082907,-8.7653064850062492],[106.03295485378351,-9.1866344020559723],[106.9336715082336,-9.708671490996494],[107.83600000049967,-10.052800000119873],[108.36299999995009,-10.177699999755134],[109.0670000004497,-10.327599999340464],[109.62600000069955,-10.371300000094891],[110.6150000004497,-10.477299999595232],[111.01500000054966,-10.477299999595232],[111.52300000064957,-10.577199999280481],[112.70139443450557,-10.782224423018647],[113.20400000059965,-10.870199999630245],[113.75600000000009,-10.963599999940016],[114.41000000059955,-11.088200000129859],[115.01300000014999,-11.15049999977515],[115.73518786272973,-11.234175189233554],[117.0577558765325,-11.332755859195515],[117.57600000009995,-11.337199999380402],[118.24975518145652,-11.208472100207189],[118.8446534845707,-11.155981073567659],[119.62035421227711,-11.19097509102761],[119.81282131055514,-11.290124808812834],[119.99362373604663,-11.435933215945113],[120.388132436163,-11.553368206777293],[120.69898689293086,-11.726704895914168],[120.8669488243288,-11.726239762055343],[121.27654345121937,-11.718084023558788],[121.93619217902585,-11.553368206777293],[122.24429323814252,-11.463424927018707],[122.70178572842872,-11.273614212925565],[123.21700000005001,-10.994799999820088],[123.96000000039976,-10.708099999515298],[124.73400000039976,-10.38999999999993],[125.15900000044974,-10.158999999850039],[125.48200000019995,-9.9840499998076098],[125.86900000064952,-9.784010000161345],[126.33300000054965,-9.5963699994758258],[126.85300000004997,-9.3898400000159654],[127.43000000029986,-9.2207699995357757],[127.89999999990016,-9.1330699994808242],[128.37600000010002,-9.0954699994408656],[129.10599999990018,-9.0202699993609485],[129.86100000054967,-8.9262500001373724],[130.54000000019994,-8.7255999993404316],[130.93300000034981,-8.5624899994139128],[131.41500000024985,-8.2674699994408911],[131.8670000007495,-7.661199999280484],[132.43100000044967,-6.9894299993949289],[132.68900000014992,-6.6809899992890109],[133.20157834896168,-6.1293016203734396],[133.39642415135359,-5.7804722622850022],[133.51333163314837,-5.3150340314953155],[133.70817743643966,-4.8880723420649019],[133.31099999995013,-4.6262699997606092],[132.83017323130969,-4.2951782644652781],[132.42917323095992,-3.7899082643548923],[132.11874055892974,-3.5106055035411146],[131.71097197307813,-3.1805071252036328],[131.27084080136194,-2.8698262978453499],[130.6947867673955,-2.6432881940948505],[130.10699999995006,-2.5192199999030436],[129.25800000009997,-2.416279999422386],[128.38300000005006,-2.2863699998755465],[128.0710820401041,-2.3108164257374142],[128.42030290365619,-2.0478419448498357],[128.6568424470214,-1.957168453361362],[128.94575499899406,-1.8464186413071957],[129.48872216459631,-1.5836925936382613],[129.7977213559559,-1.3741516252972019],[130.0579619355949,-1.2333911964465187],[130.6447167759585,-0.90936240375185662],[131.10010859293732,-0.74296923983848728],[131.52922780451968,-0.48900072730168631],[132.01964976022828,-0.1562143994748908],[132.19606018822719,0.0019466735002424684],[131.80770588072187,-0.011297514568582301],[131.52568365907371,0.017313435166954605],[131.31723245231592,0.037749828092159987],[130.99266764659467,0.3162138631793141],[130.32827035809066,0.72440685349351952],[129.99316521830019,0.89461898847559951],[129.19700000014996,1.0593200006175607],[129.06159509523752,1.2308278086564997],[129.2460000006995,1.9280600006685518],[129.21700000064959,2.6706300000744818],[129.06302919554105,3.1626181853810067],[128.87814151781686,3.6494890708639787],[128.4583333174287,4.1000000000000227],[128.35298346121783,4.5257533216584989],[127.99166665049563,4.9500000000999762],[127.79166664999593,5.2500000003997229],[127.59314662691531,5.466041951974546],[127.45900000034976,5.8965300000594993],[127.32199415830382,6.0482807468590067],[127.25000000029979,6.4468300002043861],[127.34992382032806,7.14195412018654],[127.36686945965789,7.4709418025221908],[127.34992382032806,7.8777654212372568],[127.10965890643342,8.9589575373605044],[126.79431120559775,9.8149012962578581],[126.57300000024986,10.296400000559629],[126.43391383385642,10.881076854813045],[126.32879793357779,11.34659012683295],[126.24000000069952,11.630400000159909],[125.97294086832642,12.343338624178216],[125.6859999999001,12.818100000714537],[125.49400000049968,13.305600000639572],[125.31252041968173,13.741625794195102],[125.15000000000009,14.132100000714502],[124.94376917440798,14.636755392447469],[124.76590219632931,14.880499028807208],[124.52215855996963,15.078129004549965],[124.22647992980501,15.34099433382147],[124.00832062249879,15.42068762923077],[123.68552499548218,15.5524409466924],[123.46063551451743,15.62630891952108],[122.98010568492953,15.65634203375788],[122.81779623091143,15.651979271426285],[122.70858457521808,15.819008861269992],[122.70537246756544,15.98603845201302],[122.74070564994588,16.156280149509314],[122.89533662218741,16.517719044997989],[122.90017445588649,16.648340555772108],[122.86147178539466,16.822502570737072],[122.89049878848834,16.962799749808653],[123.00176896446624,17.07890775948556],[122.97499998366243,17.350000000499676],[122.37283565664029,17.977464486996553],[122.84646930491454,18.81522450990326],[122.81376791745549,19.912400782170437],[122.61087079145398,20.842713598154091],[122.03844968940166,21.641181933299606],[121.69104881535065,22.223685831236196],[121.60925580171397,22.452706270677879],[121.60925580171397,22.959822956664141],[121.77047718037761,23.260190866915025],[121.80969044725634,23.864193160885691],[122.08602435893704,23.410197012582103],[122.52375873038113,23.193574131341165],[123.19781438872315,23.05013413648129],[124.00238888134186,23.02037405102169],[124.86445495043563,23.189400232934474],[125.26535832762477,23.391666683270842],[125.5500000001,23.379900000384737],[125.86850930985679,23.472772269524683],[126.42600000039977,23.760599999890132],[126.53457092600752,23.838428211093117],[126.89823308678763,24.099116560480923],[126.90100000034977,24.101099999965072],[127.30855158608688,24.484009854071587],[127.90700000074946,24.968999999950086],[128.46824888168055,25.294518918013694],[129.16988772743673,25.865737793764197],[129.93823569162396,26.620365259249354],[130.33613017376854,27.306390226727615],[130.52300000044977,27.709400000509675],[130.61192093540296,28.156706139776588],[130.78557075498645,28.191403808139285],[131.09699999995007,28.318200000429727],[131.27478817133715,28.429401469102572],[131.41516394306154,28.652377105519065],[131.46700000064959,28.750800000219897],[131.63205877119537,28.841400180773803],[131.95936670970593,29.101321190820329],[132.21583858588212,29.638875118491967],[132.34092743954977,30.025927894756592],[132.40200000039977,30.214900000035016],[132.63000000069951,30.49259999989016],[132.69862832004105,30.660723289448299],[132.791666649896,30.699999999900115],[132.82400000059965,30.754400000359794],[132.96500000074946,30.969800000569649],[133.19700000024989,31.216200000429751],[133.50000000039972,31.515200000479695],[134.04200000000003,31.882100000314836],[134.36666666743281,32.0250000170372],[134.69100000024991,32.199700000154962],[135.02600000029986,32.326400000060005],[135.35600000000011,32.460000000699551],[135.80703981233751,32.607471002484829],[136.02500000074951,32.686000000499689],[136.52400000039972,32.868100000214895],[137.03000000000009,33.052599999990036],[137.49445640763713,33.369438480001918],[137.8844619828343,33.628781973309458],[138.06600000069955,33.749500000424746],[138.38300000074946,34.058999999950117],[138.50800000049969,34.582200000429737],[138.67400000059956,35.03370000035477],[138.42100000034975,35.360000000299806],[138.43652943228756,35.705373014652935],[138.12100000005,36.026700000204926],[137.92848631059485,36.165165162242488],[137.85399999990011,36.599700000354801],[137.82398070284717,36.804880355743876],[137.84501375817842,37.288640633758291],[137.88900000054969,37.85560000013993],[137.84800000019993,38.484599999890122],[137.84391633617008,38.779925705506969],[137.78135600077883,39.025962000645848],[137.85164300002452,39.411090000203387],[138.12052300053608,39.68210200010725],[138.39970100020105,39.869948000399972],[138.65500000034979,40.072200000429746],[138.65500000034979,40.474400000359765],[138.75600000039981,40.782299999845179],[138.47500000034984,41.103000000549628],[138.48012495610192,41.241666650295713],[138.50867098647689,41.50406538790736],[138.72991900006184,41.754296000560032],[138.8146250005434,41.968926000334704],[138.81950100057077,42.2639650002846],[138.81617800021456,42.461199000033901],[138.8113060003717,42.748071000176594],[138.80601700018451,42.979003999934719],[138.80121000064105,43.183125000718235],[138.75716400011856,43.331021000518831],[138.69656200053601,43.522142999899586],[138.62444600058257,43.747964000438344],[138.56300000074953,43.939000000349779],[138.5671820002492,44.045803000008505],[138.27007445257402,43.88716817587067],[138.56769813735923,44.05833335030394],[138.64010337816842,44.537463920223786],[138.73646242679968,44.647588546973907],[138.85000000049968,44.811299999995072],[139.03800000069953,45.411800000269864],[139.15800000009995,45.946600000589626],[139.37000000000012,46.224000000099977],[139.9380000006995,46.515699999855144],[140.55300000054967,46.955700000055003],[141.17800000019986,47.392299999945067],[142.14298098678319,47.956616973794382],[142.68144225035962,48.317780016634515],[142.87800000039977,48.703600000439735],[142.88347615220277,49.108320029345919],[142.72382656004777,49.62274649395556],[142.68834887280229,49.924306834193089],[142.52100000024984,50.317800000070008],[142.39800000009996,50.857400000509642],[142.47015110059283,51.350804648615679],[142.34100000024989,52.152000000699502],[142.53182818482298,52.669152324820004],[142.70206589562463,52.98894915078273],[142.84900000034975,53.384300000344808],[142.40900000014994,54.034900000634593],[142.17900000024986,54.573800000269841],[141.94300000064959,55.112300000344817],[141.70000000019991,55.650299999845174],[141.45100000005004,56.187800000569609],[141.53500000034978,56.658100000514651],[141.62100000024986,57.12830000034478],[141.70900000064955,57.598500000174909],[141.80000000000007,58.068599999890125],[141.89300000074945,58.538700000504662],[141.98800000019992,59.008700000104966],[142.08600000039974,59.478600000489678],[142.18700000044976,59.948399999860158],[142.94300000044973,60.281700000654553],[143.33042292058144,60.556764052519043],[143.77347321791478,60.898545710616133],[144.41906079372075,61.265644528072585],[145.0140140499085,61.696036246175879],[145.40643002762374,62.012500744014176],[145.22920990851048,63.113797197282906],[145.6342844663551,63.696091873341345],[145.48700000014992,64.43760000004005],[145.10280186631314,66.018507102920523],[143.86132559460054,66.238769021573148],[142.86013505428934,66.959626211280693],[142.67980000016996,67.412700000504685],[142.10800000049971,67.662000000099965],[141.27600000039979,67.698000000099967],[140.33000000059963,67.447200000579642],[139.38100000004999,67.909700000554665],[138.96299999995006,68.476499999875159],[138.52300000064963,69.04229999984517],[137.36799999990012,69.634900000035032],[136.75800000039976,69.953600000239874],[136.31736336562687,70.448945025592536],[135.7327177169492,71.393372612056453],[135.38792669346219,72.008000089332711],[135.10309932627297,72.622627565709649],[134.6533719035906,73.79191886396444],[134.51100000024985,74.826800000119988],[134.61900000024991,75.820000000199911],[132.8544622155589,76.280410599869356],[131.58023451900794,76.625201623356304],[130.05116128386624,76.820083505649336],[128.68698810331841,77.04494721744021],[127.18100000014999,77.23410000011495],[126.45700000005002,77.684400000459732],[126.32866416751733,77.758333317128915],[125.67899999995007,78.132600000189939],[125.18800000049964,78.990099999915117],[123.40800000009995,79.759300000694509],[122.63900000044976,80.206100000614583],[121.89800000059961,80.64340000040977],[121.00400000029981,81.114600000489702],[119.98400000000004,81.595300000694522],[119.10000000039975,82.08740000050966],[118.53821998076751,82.351199947519603],[118.05494570358144,82.605391419978105],[116.96741189124589,82.875707350913558],[116.58698649523058,83.175497685969503],[115.23390681814521,83.477390941738634],[114.09606536402543,83.729733980039214],[112.31841446385647,84.003186505253097],[109.72700000074951,84.109700000554653],[108.93899999995011,84.19359999984016],[107.70900000024989,84.294599999890124],[106.75900000034977,84.36860000038979],[105.30200000059961,84.485500000724528],[103.94300000014994,84.57850000057465],[102.91800000039979,84.663900000684521],[99.443599999940091,84.910800000219865],[98.568200000329796,84.960400000559616],[97.272700000005045,85.027899999885165],[95.839200000279845,85.101800000269861],[94.104591831347989,85.233836286715302],[91.462547118055113,85.355725804002702],[88.449431243157392,85.427515207960539],[87.040863760054549,85.573744741526639],[85.947653689566152,85.562014515357646],[83.913049341553915,85.745397824250233],[82.63501597220943,85.714410042789325],[80.592407941273507,85.837743087973195],[76.945139036737203,86.060210273785174]]]},"properties":{"OBJECTID":7,"Name":"Eurasian Plate","Shape_Length":619.56169102986109,"Shape_Area":9659.6547709990136}},{"type":"Feature","id":8,"geometry":{"type":"Polygon","coordinates":[[[71.973053000295806,32.413597000301365],[71.849184000541243,32.501669000424101],[71.721415999948476,32.738511000182541],[71.541749000016409,32.982173000583543],[71.392689420480451,33.011494634170106],[71.207336062109619,32.976440008699512],[71.177590612217045,32.743175012916538],[71.373366999787265,32.501333593770369],[71.248796285120534,32.278095291464581],[70.972302637656639,32.123395287262724],[70.68086430374467,32.262490856068212],[70.595306201020435,32.373889953458615],[70.444338227727087,32.449373940554949],[70.228674986061833,32.059989452451305],[70.250853713827894,31.691103504023545],[70.432672449673873,31.317760828499502],[70.62539438884005,30.437206459010952],[70.543972502928739,30.000614711299932],[70.255249504660981,29.463773865971177],[70.190130408291793,29.190636756381252],[69.779118784404432,28.7497333781929],[69.554930626247483,28.570382852386786],[69.258705607577781,28.524477916322837],[68.927023827987341,28.524477916322837],[68.570166203107817,28.743867117573473],[68.27844608731715,29.028343395731156],[68.107410000671052,29.36537700034836],[67.795989175160344,29.571212140427974],[67.629237182649888,29.150707021212099],[67.391505575322071,28.600867149299575],[67.625472554914552,28.159575296362902],[67.641756931737063,27.723874892812091],[67.569275286325478,27.328337337698031],[67.603987900521247,26.591420801328979],[67.659272611741699,26.410009354048498],[67.91726793137002,26.327455075990997],[68.064693828557381,26.1621699469855],[68.304260911711765,25.855774881105901],[68.396402096779411,25.540270264760977],[68.451686807999863,25.30726014134251],[68.47011504537312,25.157230662764903],[68.285832674338508,24.923484586344614],[68.083122065930638,24.789715872889246],[68.046265591184124,24.655802765185513],[67.954124406116478,24.538510798934283],[67.751413797708665,24.488209202392852],[67.659272611741699,24.57205083837556],[67.474990240707086,24.655794334041332],[67.401277292113377,24.706037065458247],[67.198566683705565,24.706037065458247],[67.051140786518147,24.714407480221098],[66.885286652856792,24.781350528504163],[66.682576044448922,24.781350528504163],[66.682576044448922,24.931840323272354],[66.664147807075665,25.098835931333213],[66.658454903371137,25.250435506593419],[66.529600000139965,25.17869999990512],[65.957800000469717,24.856400000059978],[65.492100000414723,24.620100000114974],[65.028200000629568,24.38240000035978],[64.651100000764472,24.03830000064454],[64.27540000070951,23.693600000239883],[63.631300000694523,23.200800000519678],[62.877200000179926,22.682999999950084],[62.825228208814849,22.641666683870426],[62.502500000374766,22.385000000149944],[62.132500000574623,22.082800000020029],[62.096300000344797,21.424900000334787],[61.848100000214913,21.125800000169932],[61.491900000084968,20.644299999945076],[61.230100000514653,20.230299999945089],[60.969600000639559,19.812700000304801],[60.712200000729524,19.305700000454692],[60.45639999996007,18.798300000144934],[60.214800000219896,18.239700000354787],[59.963598955227667,17.34045893912878],[59.874807291523325,16.807708954204941],[59.805747108742139,16.117107123694836],[59.756418405984675,15.436371032297359],[59.642300000644582,15.241800000669571],[59.409600000339822,14.89510000066457],[59.033700000055035,15.087600000639554],[58.589200000079984,14.646000000399738],[58.213100000464692,14.91600000039972],[57.983600000239846,14.599399999910133],[57.476199999930088,14.661999999900104],[57.001500000324825,14.660100000414729],[56.343206745994564,14.619091589605205],[56.595315832859455,14.300953931878496],[56.859430114508257,14.222920167132031],[56.903100000564621,14.140700000704499],[57.037199999980089,14.068100000015022],[57.06351842403609,13.874769522895235],[57.195575564860462,13.754717576854716],[57.46569244345153,13.718701992502986],[57.555731402981905,13.022400704029337],[57.867499999925087,13.002300000144942],[58.384089832279983,12.698260449360305],[58.131980745415149,12.212050067356756],[57.855861268982437,11.695826697943801],[57.576000000399745,11.358900000234883],[57.356400000759493,10.896300000144947],[57.180902144518427,10.612358113536175],[56.746446506101449,10.129136063578528],[57.048031873572143,9.9572648323062367],[57.268545905469239,9.8048507221831187],[57.37748238120696,9.9301997209404362],[57.701907744346954,9.9201400196462259],[57.915676395049672,9.7642146513850889],[58.147049522117811,9.6133191328717089],[58.036392809680478,9.3869758564506469],[58.199862953912259,9.2436251148072301],[58.089206240575606,9.0952445216174169],[58.37842265008527,8.8613564692257114],[58.251400000409774,8.6468999999351013],[58.602952551519081,8.3479095740676144],[58.93371646953949,8.0940674981166012],[59.033694766900055,8.013579405265375],[59.13603537823019,8.0771344636846152],[59.72854099367197,7.5916621211100619],[59.55652323406008,7.3126110895302077],[60.145264383644417,6.9191936420729689],[60.038300000644597,6.7668600005886219],[60.670100000015054,6.3098300001544203],[61.141700000554636,5.9095200001479498],[61.657300000394741,5.4896700001704062],[61.529299999895159,5.2615600001939242],[61.999699999955112,4.9113100001564476],[62.527807172762891,4.5263959601055035],[62.562100000514647,4.3573000006945222],[62.939000000149917,4.0880000005996067],[63.036911152727555,4.0025353437311537],[63.26563902741924,3.9582654327036266],[63.513000000549653,3.7810000003497635],[63.906000000699521,3.7370000001499193],[64.26219999993009,3.5837000002548507],[64.394521764467925,3.4934313646658097],[64.682200000529633,3.2989499999425789],[65.212800000519678,2.9207800001968849],[65.362647251269664,3.0782618197272313],[65.482043894610115,3.0222946426836756],[65.810384664021058,3.055874949269537],[66.34020727024938,2.7014161634252218],[66.429754752979534,2.5708260848559803],[66.720784071627634,2.3693442489379777],[66.758095522390477,2.1529378318155068],[66.758095522390477,1.951455995897561],[66.765557812543079,1.6044595011051115],[67.03046911565724,1.3656662135250031],[67.116285453311093,1.2574630054133991],[67.239000000549652,1.1009999999500906],[67.102364669294104,0.95528978529540609],[67.20600000039974,0.78900000024987094],[66.947115967128241,0.25912696543713309],[67.126645328519146,0.17295287207741694],[67.062014759173849,0.0041952717944013784],[67.1948664860995,-0.11788469402335977],[67.02969947405154,-0.37281638766609149],[67.39952995884056,-0.63133866774529679],[67.413892307284186,-0.78214333224894972],[67.640099303140403,-0.96167269363985497],[67.435632624546031,-1.3191601074529444],[68.056729529644144,-1.7969269580126479],[67.999397508188508,-1.9529974624628608],[68.273240531625277,-2.1717548899761709],[67.9643612720551,-2.6282412781124549],[68.228725595809635,-2.8416438040183039],[68.009527372790103,-3.2056779073095072],[68.658345461773706,-3.6326420689762813],[68.273240531625277,-4.0972795389195653],[68.751000000549652,-4.5487699997356685],[68.418950335289821,-4.9044931901086102],[68.651698058118939,-5.0737642610117746],[68.572352243661157,-5.1901381228760215],[68.715174709145572,-5.2959325418532899],[68.219099999965067,-5.8909899997885873],[68.064539030052231,-6.0682318042543102],[68.535324196254692,-6.5019889239496251],[68.831548571009819,-6.5231478079249428],[69.007400000209884,-6.5384199995832546],[69.805900000484712,-6.4446100001513287],[70.29180000036979,-6.4735700001553482],[70.785600000339798,-6.5023699999754854],[71.33191798142974,-6.7172572193451288],[71.908036013851017,-6.9302463107186441],[72.557478160388825,-6.9686541789471335],[72.883900000484687,-7.0384299999444693],[73.391700000354774,-7.0389200000578853],[73.54400000000004,-6.1905499995827427],[73.704300000744468,-5.7781099995767704],[73.769700000354817,-4.9265199998980052],[73.883100000264847,-4.3074199998330869],[74.391630252334323,-4.5910359253676347],[74.926560533841609,-4.8050080377906852],[75.541730357170309,-5.001149140920063],[76.202800000319826,-5.038289999284018],[76.779100000664528,-5.0464899997136854],[77.355500000224879,-5.0546900001433528],[77.980800000219915,-4.993509999986486],[78.606000000099982,-4.9317300000394084],[79.141100000764482,-4.7524499999674958],[79.675900000184924,-4.5727499994129062],[80.374100000314797,-4.3931099998266063],[81.07200000009999,-4.212799999920037],[81.701000000749502,-4.0307599993744248],[82.32980000026987,-3.8482299996147162],[82.796400000459698,-3.640779999996937],[83.262700000304847,-3.433090000103391],[83.728799999920113,-3.2251799999569926],[84.194700000204875,-3.0170499995577984],[84.986499999975081,-3.1809499999424702],[85.778600000089966,-3.3442400000758994],[86.501200000379754,-3.7163399995912414],[87.224500000574608,-4.0878399993164862],[87.922700000704538,-3.5286399997361286],[88.62000000069952,-2.9689199995582953],[89.029522374258249,-2.2748182612536993],[89.349658318376726,-2.1547672828837676],[89.779840992667744,-1.7245846076934299],[90.089972688588773,-1.4944868982516937],[90.840291306998267,-1.0943169685531871],[91.740673649269581,-0.44404083211867373],[92.240800000319837,0.21580300000846364],[92.601038997851504,0.72645621238433478],[91.632000000399785,1.2910000006495466],[92.568000000399763,2.1910000006495807],[93.291332127076089,2.9974205649072019],[93.579165887395845,3.3885072286257696],[93.357691655645453,3.7977530903328898],[92.963463689697562,4.6290299302871176],[92.747504797708302,5.2889043231760411],[92.699513932721857,5.7628141145797827],[92.56784367574511,6.3388383252285507],[92.378268817851733,6.8822862513094947],[92.081020646785475,7.3662289774853775],[91.793036691590089,7.9421968878761504],[91.65051672746506,8.6612082253793687],[91.533641006127596,9.608025677443095],[91.558600000589593,10.056000000399763],[91.576400000359797,10.514199999930099],[91.590700000604613,11.300300000344805],[91.642599999990068,11.791500000025053],[91.700000000299838,12.283200000279862],[91.852810552265225,12.987390501470543],[91.888900000634578,13.153700000554636],[92.068200000729519,13.714900000634543],[92.516800000020055,14.384300000045016],[92.844306704890585,14.726305413963757],[93.367800000369755,15.35260000028984],[93.557526269921482,15.489633961438244],[93.638202918230149,15.835391026774516],[93.695829095336535,16.400127565834566],[93.908004389291193,16.881486998426283],[94.027423621802768,17.522579721277168],[93.870296025441291,17.829325553331671],[93.502335571129777,18.02157589521147],[93.336989343083758,18.632085042290896],[92.790074899237254,19.242594190269699],[92.191666683370784,19.700000000299838],[91.991666683770518,19.966666666733317],[91.475000016937315,20.550000000399734],[91.208333350503779,20.850000000699538],[91.108333350703617,21.000000000399723],[90.966666666933179,21.225000017037189],[90.791000000749477,21.618000000099983],[90.647000000749472,22.037000000449723],[90.542000000599614,22.770000000099969],[90.529000000050019,23.216000000000065],[90.542000000599614,23.73900000024986],[90.725000000449711,24.21100000034977],[91.086000000699528,24.644999999950073],[91.466000000299857,24.94600000049968],[91.620266265975431,25.176645340410175],[91.805000000449695,25.168000000199925],[92.250828707379014,25.116281819450478],[92.695155720959804,25.073854289244082],[92.949433472576743,25.100905113979877],[93.114919325766323,25.138320903187207],[93.290572997645768,25.307587168113344],[93.491776294640317,25.43214158976258],[93.723274304265772,25.649360377979121],[93.780675575317616,25.805486164654837],[93.942088434034076,25.930359277258901],[93.989993981237319,26.093238136131106],[94.048000000499655,26.248000000199909],[94.283000000749496,26.562000000399735],[94.680000000099994,26.785000000349783],[95.103999999900111,27.001000000349791],[95.467000000649591,27.145000000349796],[95.84600000000006,27.315000000549617],[96.21200000059963,27.506000000599613],[96.334061282102539,27.572981321330985],[96.349000000649596,27.758000000599623],[96.327999999900157,27.830000000599625],[96.254701252960501,27.900480833423785],[96.235000000050036,27.932000000000073],[96.191000000749511,27.997000000050036],[96.071000000449715,28.038000000399734],[95.949000000549631,28.053000000549616],[95.843000000149971,28.113000000249883],[95.79899999995007,28.1750000004497],[95.726999999950124,28.251000000549652],[95.650000000499688,28.312999999850149],[95.614000000499686,28.269999999900108],[95.432000000000073,28.148000000000025],[95.30300000014995,28.030000000199891],[95.24189796312055,28.012593866613713],[95.226000000699514,27.98000000029981],[95.232000000399751,27.901000000349768],[95.076000000100009,27.81000000009999],[94.844000000599635,27.711000000549632],[94.628000000599627,27.631000000349786],[94.478000000000065,27.567000000549626],[94.291000000050019,27.544000000199901],[94.238000000299849,27.520000000499692],[94.21000000049969,27.470999999950095],[94.151000000149963,27.407000000149935],[94.087000000349803,27.372000000399737],[94.023000000549644,27.332000000299843],[93.960000000099967,27.261999999900127],[93.914000000299836,27.218000000599602],[93.860000000299806,27.168000000699521],[93.836999999950081,27.095000000449716],[93.809000000149922,27.063999999900147],[93.745000000349819,27.040000000199882],[93.686000000000035,27.002000000599594],[93.624000000699539,26.978000000000065],[93.569000000449705,26.9620000004997],[93.511000000349782,26.969000000449739],[93.453000000249858,26.946000000099957],[93.392000000299845,26.95100000044971],[93.327000000249882,26.960000000000036],[93.274000000499655,26.946000000099957],[93.159999999900151,26.925000000249838],[93.076000000499675,26.903000000149916],[93.008999999950106,26.914000000199906],[92.960000000299829,26.934000000699541],[92.909000000149945,26.944999999850154],[92.858000000000061,26.937000000549631],[92.80800000009998,26.925000000249838],[92.74400000029982,26.929000000349788],[92.689000000050044,26.952000000699513],[92.614000000199894,26.970000000699542],[92.520000000099969,26.965000000349789],[92.44300000064959,26.936000000299828],[92.365000000050031,26.934000000699541],[92.267000000749476,26.911000000349759],[92.100000000399746,26.863000000050022],[91.992000000399742,26.856000000099982],[91.916000000299846,26.868000000399775],[91.855000000349776,26.863000000050022],[91.773999999900127,26.832000000399773],[91.701000000549641,26.816000000000031],[91.624000000199885,26.816000000000031],[91.563000000249872,26.800999999850148],[91.491000000249869,26.800000000499665],[91.41300000054963,26.814000000399744],[91.377000000549629,26.800999999850148],[91.345000000649577,26.78100000024989],[91.321000000050049,26.779000000649546],[91.269000000549624,26.800999999850148],[91.22200000049969,26.818999999850178],[91.158000000699531,26.811999999900138],[91.089000000549618,26.808000000699508],[91.042000000499684,26.800000000499665],[90.99400000019989,26.789000000449732],[90.937000000349769,26.778000000399743],[90.879000000249846,26.772000000699506],[90.804000000399753,26.768999999950097],[90.706000000199936,26.775999999900137],[90.331000000050039,26.731000000349809],[90.19900000034977,26.718000000699533],[90.08199999990012,26.721000000549623],[89.992567126771519,26.706388168479236],[89.887035905182927,26.708881032533668],[89.864000000299825,26.725000000649572],[89.731000000349809,26.714000000599583],[89.691000000249858,26.696000000599611],[89.620000000499658,26.708000000000027],[89.570999999950118,26.731000000349809],[89.50138764872105,26.769553571340282],[89.446000000199888,26.822000000599587],[89.390999999950111,26.843000000449706],[89.346454142744562,26.835069075377589],[89.299139147054063,26.767567824195794],[89.210625519552138,26.780145429368133],[89.140091195951982,26.790467525855661],[89.086898214281234,26.815784130333384],[89.053816159088512,26.88008841844578],[89.014505693483045,26.941858268644239],[88.790860277080185,26.950460015117642],[88.685918966687041,26.938417569515252],[88.601621849269009,26.883366390646472],[88.451407785740798,26.860047609409719],[88.405502022300539,26.819713464404913],[88.12450138463123,26.724671706733943],[87.999284392860488,26.716190166343154],[87.928690059298845,26.668067350128183],[87.811166557190916,26.663967692554991],[87.67046738026545,26.741878995719105],[87.495783342127595,26.741878995719105],[87.354757732883115,26.760019093906124],[87.233757284471153,26.803532184962421],[87.033384416957347,26.803532184962421],[86.979437876257066,26.772705589891132],[86.902371389028417,26.675088039881189],[86.789340540133878,26.669950274185851],[86.532452249072094,26.695639102662483],[86.553003312752764,26.824083248643035],[86.414283635381537,26.860047609409719],[86.172808641405709,26.865185375105],[86.05977779341049,26.91656303385696],[85.972435773891902,27.019318349562241],[85.741236312206127,27.106660369080828],[85.607654400530237,27.111798134776166],[85.325077280092444,27.188864622004758],[85.099015583202686,27.276206641523345],[84.95515814013612,27.276206641523345],[84.749647506926976,27.36868642583795],[84.585239001079117,27.342997597361261],[84.410554962941262,27.348135363056599],[84.246146456194083,27.358410894447275],[84.143391139589482,27.425201850285191],[83.989258165132298,27.430339615980529],[83.863572721903665,27.469166855166293],[83.704112161846865,27.617868069256019],[83.313425485098094,27.692061038186409],[83.244231928360875,27.724315830411285],[83.149233452362012,27.766863278017922],[82.966382153613552,27.740076351242692],[82.807042566761083,27.71883107299567],[82.677446369454458,27.720955600820389],[82.477740753033402,27.6720914608523],[82.358017514596668,27.730898917251295],[82.101129223534883,27.920996252475106],[81.922914926382816,27.918578023157295],[81.785144680382757,27.992895163281219],[81.790808477529254,28.208623110268377],[81.651393225816776,28.299053970064733],[81.566801577730701,28.321741987502776],[81.361290944521556,28.470737196264622],[81.316744005431588,28.572595083896033],[81.161828389668528,28.649436936665325],[81.084547381756295,28.726654487514622],[80.968893118722519,28.783252858232856],[80.783572476788436,28.828553459774412],[80.572169669894436,28.869735824648615],[80.477595222441607,28.938273886230888],[80.410804266603691,28.999927076373524],[80.277222354927801,28.999927076373524],[80.159053740337924,29.051304734226164],[80.138502677556573,29.112957924368743],[79.968938589544337,29.04781391947688],[79.841487120634156,29.045020877911213],[79.692731235857877,29.110728886329071],[79.503580581878396,29.216532571920709],[79.334027833417849,29.273097551710691],[79.166298406446344,29.312021139763829],[79.111430576859675,29.376186527586242],[78.745728288729595,29.481082685717411],[78.539322665508678,29.603925055397042],[78.49337782112957,29.734708268771612],[78.384596517115654,29.77035614641909],[78.189559587205224,29.865531473198985],[78.142748357550715,29.935146311952792],[78.039204610704303,29.989958656067188],[77.97293438121676,30.096840080205595],[77.931865924472902,30.137316107652282],[77.649255134317059,30.307488479110077],[77.531086519727182,30.307488479110077],[77.412917906036569,30.410243795714678],[77.212545038522762,30.456483687871923],[77.21768280511742,30.523274643709897],[77.150891849279503,30.600341131837808],[76.95051898176564,30.6774076190664],[76.811799304394413,30.749336340599712],[76.628972480695495,30.943547071440264],[76.506324983311401,30.939406559465226],[76.318436773338476,31.14297673808602],[76.169088012301984,31.23135670294954],[76.092184073036606,31.417308724717941],[75.961785098603457,31.603815627289407],[75.719514415058256,31.919323016244277],[75.824499251739155,31.996486720186056],[75.67672578007074,32.167843394457122],[75.643682273418221,32.226253446739236],[75.648343784238307,32.353794814579089],[75.565005327034271,32.407488418255923],[75.371924385701902,32.45242679176306],[75.273205679698435,32.515911627519642],[75.072080010384241,32.562615627409343],[74.902658762591898,32.71633335609954],[74.826442482734421,32.797496628466661],[74.821281311283542,32.957577405073209],[74.731295321821676,32.964955631996872],[74.548612772761317,32.86600258425193],[74.053373000463637,32.977396000624992],[73.822186000683416,32.816002999838645],[73.643339118605468,32.7736160767206],[73.440472000282625,32.626135999876567],[73.266579000420563,32.719853000415696],[73.13646600050555,32.7290150002421],[73.068644000720099,32.657139000564484],[72.955276000487117,32.627195000149186],[72.768314000490761,32.655517000409304],[72.61127599998747,32.582684000666177],[72.341258000056712,32.52651200032858],[72.13418000050666,32.389652000439526],[71.973053000295806,32.413597000301365]]]},"properties":{"OBJECTID":8,"Name":"Indian Plate","Shape_Length":159.21731632857976,"Shape_Area":985.75750216411359}},{"type":"Feature","id":9,"geometry":{"type":"Polygon","coordinates":[[[-127.56839547187349,48.760747209416252],[-127.67623161359808,48.894123490206937],[-127.70054151427945,49.122636553734026],[-127.71879851174191,49.294252331679843],[-127.88339051705867,49.461682130625888],[-128.09338721504793,49.609247377764348],[-128.30567068575351,49.919467487834368],[-128.41399999950033,50.085600000339809],[-128.44368977416372,50.253134988488966],[-128.67068004264979,50.440068150824573],[-129.00894005094256,50.595845785654546],[-129.36945400719662,50.64035368157721],[-129.64209999971519,50.762600000389739],[-129.98811375854308,50.951908952136478],[-130.30857060864662,51.080981850132332],[-130.57439999996001,51.344100000414755],[-130.8500000000999,51.612099999915131],[-131.07399999940043,51.185100000264868],[-130.75299999925051,50.907600000639547],[-130.2539999996003,50.464700000704511],[-130.32899999945039,50.297900000584605],[-130.16199999999998,50.217200000479693],[-130.29999999940043,50.05540000070954],[-130.16199999999998,49.982699999905151],[-130.45699999995003,49.487000000449711],[-129.70500000004995,49.176800000119954],[-128.87177971166432,48.797709647682154],[-129.08705074639482,48.408171585050638],[-128.93999999960027,48.323599999940086],[-129.18999999999994,47.835400000109985],[-128.93799999999999,47.727000000549651],[-129.25899999925053,47.064700000304811],[-129.62010283247969,46.455355770252652],[-129.73286385058623,46.316967247540504],[-129.93552084501096,46.016930885851764],[-129.85629999944541,45.979900000184898],[-129.93599999930052,45.736200000729525],[-129.94813488531668,45.589146130589484],[-130.06899999925054,45.285400000709501],[-130.36699999995,44.92950000002503],[-130.47999999940043,44.589200000179915],[-129.49799999960027,44.207500000424716],[-128.40135776814645,43.826905568737061],[-127.36682939286214,43.469014671390028],[-126.5503907830082,43.183820362819517],[-126.87933314760664,42.479368605876516],[-127.02432502877701,42.394790007852635],[-127.24099999965023,41.692100000314838],[-127.40264052444064,41.637891955649309],[-127.41332727623279,41.205078502670801],[-127.49882129146937,40.692114409452472],[-127.07135121438699,40.676084281764247],[-127.08281799585382,40.399705814072092],[-126.79484538560604,40.377554074960642],[-126.15900000004996,40.390400000060026],[-125.92502051628378,40.374856878642106],[-124.98048382676717,40.380723566439485],[-124.73114960796801,40.374856878642106],[-124.88968948168417,40.624925741929474],[-124.8930809366359,40.828413023742087],[-124.97108439422936,41.008160123590869],[-125.06265367162962,41.140426856814031],[-125.10335112835185,41.418526142167764],[-125.15422294902982,41.486355236704867],[-125.22544349761927,41.669493790605998],[-125.21526913366358,41.761063068006251],[-125.28648968225298,42.018813625448502],[-125.33100000004993,42.141900000085002],[-125.28999999970017,42.284500000274818],[-125.13349649956376,42.343901207075078],[-125.19800000009991,42.491700000055005],[-125.20491821840102,42.559083831253872],[-125.21921892551296,42.698515717726252],[-125.23709480827875,42.866549016623878],[-125.28899999945037,43.051400000209867],[-125.31574869244815,43.231217028643016],[-125.39082740096376,43.313446090264904],[-125.39440257751693,43.527956684353569],[-125.41585363683583,43.721016220022591],[-125.39440257751693,43.846147400282348],[-125.34077492921955,43.967703403988935],[-125.36199999970017,44.066300000045032],[-125.37199999950036,44.322600000489672],[-125.37199999950036,44.522700000204907],[-125.37599999960025,44.667500000224891],[-125.38725222441059,44.800719548068741],[-125.35781651362117,44.969049489242593],[-125.42827322213145,45.130685467060687],[-125.42827322213145,45.375211690766946],[-125.46971834462585,45.665327548227822],[-125.53188602791784,45.992744016023551],[-125.75568968992724,46.361605606313731],[-125.92480283628186,46.656317370850047],[-126.0089563274725,46.989814538110522],[-126.1367449621103,47.020982497844045],[-126.25206641213521,47.60382334297293],[-126.34557029133583,47.641224895012954],[-126.48599999990006,47.995599999840181],[-126.45154135425008,48.224065739242519],[-126.89300068883068,48.508183614182485],[-127.0888084195729,48.735207070350043],[-127.36123656751357,48.692640172206211],[-127.56839547187349,48.760747209416252]]]},"properties":{"OBJECTID":9,"Name":"Juan de Fuca Plate","Shape_Length":34.195417775385891,"Shape_Area":29.170555705303631}},{"type":"Feature","id":10,"geometry":{"type":"Polygon","coordinates":[[[-77.942519860702987,6.7233746509194248],[-77.96715401914264,6.9204479193360839],[-78.028739415691462,7.0559357912038649],[-78.546056745622252,7.3392286146089418],[-78.693292269822336,7.3820545930450976],[-78.77455037659854,7.2781504671703487],[-78.873383023107976,7.2067713339299644],[-79.202825176041017,7.0530316626811214],[-79.477360303335274,6.9706711237733998],[-79.78483964673228,6.8992919905329586],[-80.108791096831624,6.7400616173497951],[-80.443723952598305,6.6906452936454457],[-80.690805567522887,6.7126081040808003],[-80.970831397650841,6.7894779401548817],[-81.245366524945155,6.8169314525245568],[-81.470485329434382,6.8169314525245568],[-81.549313717154291,6.8742970861416666],[-81.670682171744772,6.9059584220435681],[-81.776219958384331,6.9270659790117861],[-81.943599999640242,6.9497100007159816],[-82.125199999680206,7.008010000261379],[-82.202099999915049,7.0408400006655256],[-82.273400000009929,7.1288100005810975],[-82.370514099645959,7.3071078546438457],[-82.491999999400434,7.2960500003073321],[-82.632516939505138,7.3595084220760896],[-82.621825929423039,7.1025110198677339],[-82.639369813965686,6.7899960674645854],[-82.608190574935065,6.2131801440484651],[-82.623780194900064,5.6441590306148441],[-82.604416017784956,5.3149680232557444],[-82.592600955869386,5.1141119652950238],[-82.623780194900064,4.5684752809095244],[-82.647164623948186,3.7734046842788302],[-82.686138672961363,3.2277679998933309],[-83.325313074438782,3.2433576189590099],[-83.855360138859282,3.2979212879371289],[-84.268485057139628,3.3291005269678067],[-84.4633553022054,2.7678742226173085],[-84.571299999295491,2.0661800002068844],[-84.575900000084914,1.5981200001379534],[-85.253482864242756,1.5814044946217791],[-85.262528751700472,0.83964170779864844],[-86.265599999240521,0.88046200022120047],[-87.144999999850086,0.92890900045006219],[-87.787257243127215,0.74380428304129964],[-90.033129999749633,0.87880200011227316],[-90.067179999757172,1.089925000038761],[-90.663199999380424,1.1204100002213977],[-90.697299999895051,1.7361500000225192],[-91.560799999320466,1.8165900007280129],[-91.537599999640236,2.0111700003952251],[-92.118299999645217,1.9900900004532218],[-92.090199999730146,2.1997500003622577],[-92.245099999665229,2.2269500001424376],[-92.92790000008489,2.299879999862128],[-93.610699999605288,2.3724800005516045],[-94.445693167405693,2.5301423985529254],[-95.425039999896057,2.5899489999464436],[-95.724999999250542,2.2849999998501858],[-96.483199999980002,2.3323119998989341],[-96.720028773409126,2.1250430823724287],[-97.058568149800237,2.1673605049833782],[-97.274387001159141,2.1335065670744484],[-97.631235725448335,2.1346129553236892],[-97.711970384525614,2.1829334353298009],[-98.080375341348883,2.3348350047317581],[-98.719129999549807,2.4519290005230232],[-99.028999999949974,2.1200000000000614],[-99.522723598914922,2.2105074082903116],[-99.73890000003496,2.2688200001429664],[-99.81079999992005,2.2725999999900637],[-99.848643289955817,2.2336839194773574],[-100.04709216946799,2.2525148354912972],[-100.27596021878901,2.2698972188815674],[-100.40053396776835,2.0989704475281883],[-100.64399999960028,2.2043999998601294],[-101.06700000004992,2.2104600005286557],[-101.19599999990004,2.1988999998351915],[-101.20299999985008,2.2414200001329618],[-101.51199999970021,2.2322600003987532],[-101.65908942004069,2.2237745389638235],[-101.77872405906805,2.1943905922520912],[-101.93927087694937,2.2233843195307941],[-102.00512992380692,2.0642249568163606],[-101.98299999955032,1.9370000001499079],[-102.02855855183566,1.7862465340503491],[-102.10361966241743,1.5665427526459439],[-102.13425100747799,1.4308896519359564],[-102.1444614558315,1.3273265309946396],[-102.12695783033956,1.1800043463235852],[-102.14399999930049,0.80746099992524023],[-102.16128649157827,0.59306218527166266],[-102.18076462178982,0.35932462273319743],[-102.21192963084775,0.10610892998317922],[-102.26646839490047,-0.33020118693519862],[-102.34827654142919,-0.86000632832934798],[-102.39900000004991,-1.2833599997641159],[-102.46199999960027,-1.5326899998435692],[-102.48145367904402,-1.729051515115259],[-102.50818287563914,-1.9510017544273524],[-102.59770581946793,-2.4209972115520486],[-102.61399999980011,-2.6569999999500169],[-102.39295009067411,-2.7305289202734002],[-102.45799999950032,-2.940999999850078],[-102.51873421111492,-3.2828852760346194],[-102.57889183409083,-3.8407105062847791],[-102.97449999947537,-3.7283549996834608],[-103.62999999999994,-3.7050000000498926],[-103.8009999995503,-4.0159999995003091],[-104.57461579838036,-4.1258863544716178],[-104.6819999993005,-4.5249999998500812],[-105.54399999970019,-4.5693500000024301],[-106.25299999965023,-4.4939099996467462],[-106.4499999994004,-5.0432400000259463],[-106.58699999945037,-5.6238299994548697],[-106.7409999992505,-5.6198999998850354],[-106.75199999930049,-6.0187500000124601],[-106.84500000004994,-6.0161999993304676],[-106.93863271792554,-6.3828304651538019],[-107.37599999960025,-6.2949999995502708],[-107.5434756082127,-6.8192307274160839],[-107.65299999955033,-7.1859399999310085],[-107.7679680978494,-7.6534773383084485],[-107.92291450010407,-8.2280702464446449],[-108.03300000004992,-8.6019999994003911],[-108.24599999930047,-9.0199999995003282],[-109.0379999993005,-9.0353699996257433],[-109.75599999970018,-8.9245399995213006],[-109.94589756402132,-9.602387883094309],[-110.02911254970439,-9.768817855359714],[-110.15393502867857,-10.149229219253016],[-110.29882594566084,-10.741889527979311],[-110.37486179633481,-11.021249906557898],[-110.48499999925053,-11.394200000129842],[-110.61460865576481,-11.851142880539442],[-110.74985047402015,-12.281457756070552],[-110.82361873811425,-12.656446432856569],[-110.87279758054387,-12.957666845548431],[-111.00755041581903,-13.528432809226729],[-111.26600000009989,-13.541299999695184],[-111.84599999930049,-13.464499999575253],[-112.4259999994004,-13.386299999645246],[-112.43899999995,-13.86459999979013],[-112.5809999994504,-14.061899999885043],[-112.61299999935045,-14.717999999300503],[-112.7659999998001,-14.703800000069918],[-112.86899999945035,-15.247799999270512],[-112.97299999935046,-15.791700000154833],[-113.08329667000527,-16.899519926903054],[-113.25030399982967,-17.700885999988884],[-113.4374159995487,-18.768075000061174],[-113.49800000009986,-19.300599999790109],[-113.69699999945038,-19.967499999924996],[-113.79599999990006,-20.320999999650212],[-113.93099999945036,-20.574499999575266],[-114.08699999975016,-20.599299999295511],[-114.2289999992505,-21.121299999295502],[-114.31799999990005,-21.563599999440385],[-114.37899999985007,-21.626999999450391],[-114.4209999995503,-22.114499999375425],[-114.12499999935045,-22.105700000054924],[-113.90599999950035,-22.102199999630216],[-113.6099999993005,-22.126399999560306],[-113.27999999960025,-22.223100000064903],[-112.93399999950032,-22.407000000049891],[-112.57499999975016,-22.619499999625248],[-112.20799999980011,-22.820899999935023],[-111.92399999990005,-23.01579999997],[-111.74100000004995,-23.208699999505313],[-111.87099999925056,-23.326699999305504],[-111.86399999930052,-23.474999999750139],[-111.83199999940041,-23.72749999942539],[-111.76299999925055,-23.85979999947034],[-111.71299999935047,-24.031999999500329],[-112.0979999993005,-24.110399999660217],[-112.12299999925051,-24.222399999760114],[-112.10299999965025,-24.448499999675221],[-112.04799999940042,-24.659099999765147],[-111.97699999965022,-24.890699999705191],[-111.97799999990002,-25.026599999390442],[-112.45299999985008,-25.059399999310472],[-112.44300000004995,-25.198499999974956],[-112.38799999980012,-25.42919999978011],[-112.36599999970019,-25.564199999330469],[-112.36400000009991,-25.663699999455389],[-112.43699999945039,-25.682699999705164],[-112.45499999945037,-25.785999999700209],[-112.54099999935045,-25.787399999510342],[-112.54999999980009,-25.925899999485353],[-112.61999999930049,-25.934200000029932],[-112.67199999970018,-26.03789999958525],[-112.68299999975017,-26.282299999845065],[-112.6579999998001,-26.553799999770149],[-112.68399999999997,-26.800899999535318],[-112.94700000004991,-26.724099999415387],[-112.97600000009987,-26.830199999930016],[-113.11199999990004,-27.014300000144829],[-113.1289999996502,-27.272699999405404],[-113.13299999975015,-27.577000000149837],[-113.00100000004994,-27.607400000009932],[-112.97099999975018,-27.849499999425404],[-112.95499999935043,-28.128999999550274],[-112.93399999950032,-28.379399999510326],[-113.00999999960027,-28.382899999934978],[-113.02099999965026,-28.549499999825116],[-113.0199999994004,-28.787199999580253],[-112.95599999960029,-29.008799999720168],[-112.84224545816136,-29.137746051938677],[-112.47099999985005,-28.975999999800081],[-112.30199999990003,-29.374999999650242],[-111.93268332837289,-29.556011848467961],[-111.77299999995,-30.02469999980508],[-111.77499999955029,-30.187299999595268],[-111.79699999965021,-30.424800000019957],[-111.85099999965024,-30.624400000059893],[-111.88500000004996,-30.665799999969977],[-111.9509999994504,-31.044599999989941],[-111.97799999990002,-31.386199999530334],[-111.96399999999994,-31.390499999974963],[-112.02299999945041,-31.536200000129838],[-112.04099999945038,-31.773699999655207],[-111.90427248138985,-31.63754974292624],[-111.4698895765427,-31.662610295128957],[-111.20257702061298,-31.741968710887249],[-110.6183999996602,-31.799649999347935],[-110.20999999980012,-31.919799999370412],[-109.79099999945038,-32.11519999997995],[-109.43499999955031,-32.399999999900047],[-109.20599999990003,-32.661500000024944],[-108.97199999990005,-32.936499999475359],[-109.1829999995503,-33.020399999660185],[-109.40999999960025,-33.140099999615245],[-109.32299999945036,-33.391700000054925],[-109.20499999965023,-33.701899999485363],[-109.26999999970019,-33.916699999905006],[-109.27699999965023,-34.203699999655214],[-109.25944651214678,-34.536143544588867],[-109.25899999965026,-34.544599999290483],[-108.67161668696048,-34.775618404965371],[-107.9633090768524,-34.942857701421758],[-107.18613822649792,-35.090421787535433],[-106.54669385573681,-35.237985872749789],[-105.77936061100337,-35.287173900854782],[-105.1694290580046,-35.405225169206176],[-104.62836074435285,-35.493763620694494],[-103.6779154676247,-35.64737056190188],[-103.63476256853767,-35.867592636990537],[-103.05434383240191,-35.85775503136955],[-102.56499999925052,-35.85439999986005],[-101.9259999997002,-35.927400000109856],[-101.28599999990001,-35.997000000049923],[-100.47689113901481,-36.162720808318625],[-99.531799999470365,-36.13320000007991],[-98.416699999605271,-36.192799999320471],[-97.12181859345327,-36.288896480987773],[-97.064817376820429,-36.951535632663251],[-96.551499999325472,-36.920899999635253],[-96.124297289788046,-36.915909872042903],[-96.067296072255886,-37.072663220031529],[-95.34053055074429,-37.029912307107224],[-95.304904790123942,-37.243666871728692],[-94.093628920937931,-37.236541719424793],[-94.093099999964977,-37.716999999850088],[-94.072253464026119,-38.013183306164592],[-93.865624051708608,-38.027433610772448],[-93.844248594796795,-38.319564849837889],[-92.589871311811578,-38.310198835208041],[-92.525479595207116,-38.9219201407019],[-92.339699999555307,-38.918399999960002],[-91.65789999938545,-38.865599999540279],[-91.60349999982509,-39.349299999595246],[-91.548299999345431,-39.8328999995353],[-91.54456204010603,-40.136556011051027],[-91.877405675431532,-40.222451142805937],[-91.845195001248271,-41.092139349351442],[-91.267731033560324,-41.05685002870581],[-91.254665971557301,-41.167297589412158],[-90.352767090828536,-41.124350024434023],[-90.320556415745955,-41.285403395350386],[-89.590447797627746,-41.253192721167125],[-89.590447797627746,-41.403509201288557],[-89.249600000039948,-41.378099999915037],[-88.446700000104897,-41.318700000004981],[-87.74370247029276,-41.263929612861318],[-87.700754904415248,-41.478667441349273],[-86.240099999615268,-41.392499999375445],[-85.674255059623249,-41.294659276304515],[-85.61299999935045,-41.480999999450376],[-84.701860008132826,-41.411706828407375],[-84.665845376163134,-41.564769012479871],[-84.179647849968262,-41.546761697394402],[-84.11662224492062,-41.708827539459321],[-84.008578349910863,-41.699823881466898],[-83.936549086870798,-41.987940933627158],[-83.72046129775066,-41.960929959649889],[-83.45379999937046,-42.873000000049899],[-83.405333271613131,-43.086387196112184],[-82.730058930275391,-42.906314038062362],[-82.450945535208234,-43.842694459381732],[-82.342901640198477,-43.959742011484593],[-82.153824825055608,-44.680034642784506],[-81.973751667005786,-44.716049274754198],[-81.934600000089915,-44.964100000014923],[-81.106499999974972,-44.875999999500323],[-80.281099999365438,-44.781899999285486],[-79.585799999870062,-44.665499999525309],[-78.893299999994952,-44.544899999435358],[-78.363284853413234,-44.400921248616669],[-78.0931751163385,-45.229257774027019],[-77.967123906243216,-45.45434922113958],[-77.877087327218362,-45.760473589284686],[-76.841666669780921,-45.59840774811903],[-76.751630090756066,-45.931543089342085],[-75.968311854408512,-45.778480905269532],[-76.076355748518949,-45.391323616091995],[-76.031337459456154,-45.03117730089167],[-76.056576744720928,-44.544765504024724],[-75.989179500133787,-43.928562126740701],[-75.941038611142972,-43.321986927254841],[-75.960294966739298,-42.898347105034816],[-75.950666788941135,-42.570989059897158],[-75.86401318875761,-41.974042038209461],[-75.75810323297776,-41.598543104980251],[-75.613680566904577,-41.078621504778596],[-75.478886077730238,-40.654981682558571],[-75.260631103242758,-40.298976779554664],[-75.243901813817615,-39.936508843808042],[-75.197395472323137,-39.746715328349694],[-75.122985326111859,-39.476978549120702],[-75.110068405832237,-39.208362599454347],[-75.037080532940195,-38.876599540936013],[-74.983998443972951,-38.578012787460125],[-75.03044527193174,-38.345778646767087],[-74.937551615114899,-37.967568759390701],[-74.976489548253994,-37.489247631472949],[-74.876830434676776,-37.343592003867855],[-74.823167835127435,-37.113609434627676],[-74.838500007069626,-36.983285978065396],[-74.769505235578094,-36.814632093895966],[-74.686628281669812,-36.621925350574429],[-74.62071684030991,-36.547079047559976],[-74.471896547887354,-36.221534658897326],[-74.424531381717827,-36.032691357220301],[-74.37853486768995,-35.887035730514526],[-74.202214897999113,-35.779710531415844],[-74.081243280952606,-35.403023052371907],[-73.895217915874071,-35.133286273142971],[-73.737096355512335,-34.742633006208223],[-73.498540040190676,-34.521293419155938],[-73.28463996166488,-34.055914182993092],[-73.253562368508483,-33.877218025491459],[-73.129251997681536,-33.706291264929916],[-72.997172229015121,-33.364437745605414],[-72.958325238019256,-33.193510985943192],[-72.85608098095247,-33.029671758145071],[-72.746976618875806,-32.839713645168558],[-72.717686480446673,-32.582394325237885],[-72.651512449639824,-32.191967545365856],[-72.611808031515409,-31.900801811254553],[-72.644895046469173,-31.702279719733212],[-72.59195582200357,-31.344939954815004],[-72.547928215314869,-31.04798290508694],[-72.517931341957819,-30.64516774639435],[-72.489101517021368,-30.171324553385375],[-72.470215756751713,-29.979319319031276],[-72.399921496379932,-29.769925229765477],[-72.357463157198879,-29.41358517281742],[-72.30132310257909,-29.141521832166802],[-72.245183047959245,-28.934235476785773],[-72.218046141016544,-28.727257739952677],[-72.154269557993644,-28.534745764605304],[-72.091666649596164,-28.23333333316674],[-72.041666649696083,-28.116666666433446],[-71.990393570406923,-27.871892906132643],[-71.959675376917062,-27.690273639017164],[-71.85591910857994,-27.43690165039078],[-71.813279884259202,-27.292994269769679],[-71.68536221309563,-26.802643195027372],[-71.605413668505946,-26.376250956316539],[-71.541454832474528,-25.971178329316388],[-71.498815608153734,-25.773971918968869],[-71.573434250490209,-25.512806672589818],[-71.488155802748054,-25.182352687026821],[-71.450846481579845,-24.926517343800356],[-71.423634812196781,-24.650590515639749],[-71.411584829376352,-24.317207650412684],[-71.408333316129585,-24.133333333266648],[-71.374999983162638,-23.899999999800116],[-71.358333316229505,-23.816666666033768],[-71.341666649296371,-23.716666666233607],[-71.308333316329424,-23.499999999700208],[-71.347166535107476,-23.357734939415877],[-71.291666649396291,-23.13333333346651],[-71.274999983362477,-22.799999999300496],[-71.217585402344412,-22.178972453515883],[-71.190948865597647,-21.923261696969689],[-71.164312328850883,-21.699514784879398],[-71.164312328850883,-21.56633209934688],[-71.180294251078806,-21.353239802674693],[-71.24166664949621,-20.61666666613371],[-71.254876554509337,-20.218523320894519],[-71.391666650095772,-19.78333333296689],[-71.75833331632947,-19.23333333316674],[-71.808333316229493,-19.133333333366579],[-72.058333316629216,-18.849999999999966],[-72.124999982563111,-18.749999999300485],[-72.39166664989591,-18.433333332966924],[-72.39166664989591,-18.416666666033791],[-72.63333333256719,-18.191666649396325],[-72.649999999500324,-18.191666649396325],[-73.133333333366579,-17.79166664929636],[-73.399999999800116,-17.591666649696094],[-73.716666666133676,-17.324999983262558],[-74.06666666633356,-17.074999982862892],[-74.33333333276704,-16.874999983262569],[-74.783333332767029,-16.608333316829089],[-75.099999999999966,-16.341666649496233],[-75.48333333316674,-16.024999983162672],[-75.859713718912985,-15.665286263450241],[-76.400000000099908,-15.124999983162638],[-76.599999999700174,-14.958333316529263],[-77.042762647977781,-14.553620678251662],[-77.125400000009961,-14.467500000124858],[-77.386104655905115,-14.186229432742095],[-77.641666649296383,-13.899999999999977],[-77.72499998306273,-13.799999999300496],[-77.95833331652932,-13.516666665933826],[-78.174999983062719,-13.249999999500346],[-78.456145097718036,-12.709945394464341],[-78.641989287175818,-12.488361938252808],[-78.71346782068332,-12.363274503715331],[-78.924329497408337,-12.116673560236563],[-79.13876509972954,-11.737837329229308],[-79.508333316129608,-11.28333333286696],[-79.585505938648112,-11.083808740081224],[-79.660558399550439,-10.930129891781007],[-79.742758714343154,-10.7978946033532],[-79.874994002770961,-10.558441513764819],[-80.017951070685342,-10.347579837939122],[-80.07155997171526,-10.197474916134411],[-80.191666649596186,-10.033333332667098],[-80.358333316229505,-9.7333333332666712],[-80.518300810633889,-9.4290806728347434],[-80.693075264811569,-9.2252172900458618],[-80.80833331622955,-8.9333333330667983],[-80.941666649895922,-8.6333333327670516],[-81.008333316729136,-8.5166666660337569],[-81.108333316529297,-8.2166666666333299],[-81.209640320844073,-8.1272078165874291],[-81.286388405800267,-7.9043437248829491],[-81.357299708115022,-7.7169352843358752],[-81.426078196251694,-7.4562731268032962],[-81.48683495027268,-7.2311157440962575],[-81.610948514362406,-6.9119796581346691],[-81.690548772208047,-6.6986006638894651],[-81.794609820786548,-6.5459068951869881],[-81.85601105146884,-6.2561760959500248],[-81.891666649796036,-5.9666666666333299],[-81.941666649696117,-5.7333333331667404],[-81.974999982663007,-5.3999999999000465],[-81.974999982663007,-4.9333333329668676],[-81.960203890297237,-4.7797665896563331],[-81.964111167596286,-4.4593698853119008],[-81.893780183408694,-4.2913569794409909],[-81.874999982862903,-4.1499999997001851],[-81.847801547903089,-3.9073639018225776],[-81.808333316029689,-3.7666666665334105],[-81.814011837776036,-3.5216467698824658],[-81.765734124130461,-3.2802582034532861],[-81.651899999885075,-3.0002099999914549],[-81.55409403021531,-2.7571014594647067],[-81.531799999470365,-2.4374499999175328],[-81.485086458673095,-2.1636363366475848],[-81.491666649696072,-1.8999999997001851],[-81.473784280120412,-1.4187937216528894],[-81.346618396321901,-0.9736427447168694],[-81.302329372902193,-0.79895092744328622],[-81.220061523520428,-0.65582576994330566],[-81.181125554500682,-0.37264242460815922],[-81.008333316729136,-0.016666665933826152],[-80.86838256999954,0.34456726596658882],[-80.854933198008666,0.45888692699014655],[-80.741666649396336,0.56666666683327094],[-80.641666649596175,0.81666666723293702],[-80.552322330910783,0.8690927682167171],[-80.438002670786602,1.1179061473508796],[-80.441666649995852,1.250000000299849],[-80.291699999855098,1.5493799998871509],[-79.791299999495322,2.0736900002933112],[-79.554149368598416,2.4508810286366156],[-79.529138024600115,2.7510171476233154],[-79.337384393574894,3.1595357536721167],[-79.038428763376714,3.390142185313664],[-78.833740248113941,3.7690336913518081],[-78.411297994606741,4.1000193740948703],[-78.107653991738289,4.7506793249909265],[-77.969112265918284,5.1221762904035018],[-77.754405632214116,5.6025368954614123],[-77.579166021694505,5.9412401166381414],[-77.707097390432182,6.1847921749189823],[-77.859939401582096,6.4286115728658615],[-77.942519860702987,6.7233746509194248]]]},"properties":{"OBJECTID":10,"Name":"Nazca Plate","Shape_Length":188.10591456216721,"Shape_Area":1418.4951744379591}},{"type":"Feature","id":11,"geometry":{"type":"MultiPolygon","coordinates":[[[[179.99684226455895,52.901233199452633],[180.00000000010004,52.579883409791591],[180.00000000010004,53.560225180247926],[179.99648406009135,53.140495594096421],[179.99809483221077,53.005581957341519],[179.99684226455895,52.901233199452633]]],[[[179.99806360685,54.00841454369629],[180.00000000010004,53.699830611593484],[180.00000000010004,54.341121614271117],[179.99805942859984,54.013336830930029],[179.99809483221077,54.010668168301379],[179.99806360685,54.00841454369629]]],[[[179.99569537624075,62.683492001155003],[180.00000000010004,62.384363952934109],[180.00000000010004,63.869070537875075],[179.99479501817564,63.517404545383499],[179.99809483221077,63.00681017744779],[179.99569537624075,62.683492001155003]]],[[[179.99576341355078,64.602440091437131],[180.00000000010004,64.323199045699482],[180.00000000010004,65.694544236827142],[179.99750204228553,65.538485095310932],[179.99809483221077,65.004574127893761],[179.99576341355078,64.602440091437131]]],[[[179.995173557214,68.628017889713874],[180.00000000010004,68.38207079203346],[180.00000000010004,69.979630104345915],[179.99639868655026,69.889617574991121],[179.99809483221077,69.000102026987008],[179.995173557214,68.628017889713874]]],[[[179.99287994785141,70.420777585517214],[180.00000000010004,70.238995386427973],[180.00000000010004,72.123053305765495],[179.99734989228375,72.058931464915247],[179.99809483221077,72.023632973882684],[179.99809483221077,71.014410605465116],[179.99287994785141,70.420777585517214]]],[[[179.99431208943145,72.78291448401626],[180.00000000010004,72.333804979216495],[180.00000000010004,73.243211359017039],[179.99654727973325,73.074612178809048],[179.99809483221077,73.003902240995671],[179.99431208943145,72.78291448401626]]],[[[179.99207243399565,73.476153019746107],[180.00000000010004,73.370265111745539],[180.00000000010004,75.777830204000793],[179.99011020592138,75.687539036797148],[179.99809483221077,75.022346976931487],[179.99809483221077,74.029669238344752],[179.99207243399565,73.476153019746107]]],[[[179.995475549557,75.940658067715731],[180.00000000010004,75.898857186909709],[180.00000000010004,78.7637720929078],[179.98907247101783,78.663867681148645],[179.99809483221077,78.021060979980291],[179.99809483221077,77.015974769919751],[179.99809483221077,76.019160872975988],[179.995475549557,75.940658067715731]]],[[[179.99740016078886,78.996078557079784],[180.00000000010004,78.887630462675759],[180.00000000010004,79.356953024562472],[179.99668614494965,79.049795375855979],[179.99809483221077,79.013738719466403],[179.99740016078886,78.996078557079784]]],[[[179.99330613836764,80.809354240305993],[180.00000000010004,80.499682275116982],[180.00000000010004,81.400072053882241],[179.99402733799127,81.151174731129004],[179.99809483221077,81.003230354996958],[179.99330613836764,80.809354240305993]]],[[[179.99133686590369,81.710381579945988],[180.00000000010004,81.547387901930165],[180.00000000010004,83.230275047355633],[179.99399623134104,83.126515957845243],[179.99809483221077,83.000994304543553],[179.99809483221077,82.00418040849911],[179.99133686590369,81.710381579945988]]],[[[179.98896309007466,83.609672761988406],[180.00000000010004,83.405611185707698],[180.00000000010004,84.935266098751526],[179.99077230569742,84.770288162868496],[179.99809483221077,84.01435282951951],[179.98896309007466,83.609672761988406]]],[[[179.99735206504579,86.100088056918366],[180.00000000010004,86.031354451247012],[180.00000000010004,86.941840004013045],[179.99340944708842,86.758792055009394],[179.99836740683043,86.330780203843403],[179.99735206504579,86.100088056918366]]],[[[179.99702778300582,88.660858092527008],[180.00000000010004,88.594045133875909],[180.00000000010004,89.386066359674828],[179.99700282502045,89.319328415274185],[179.99809483221077,88.990149996625121],[179.99702778300582,88.660858092527008]]],[[[179.99999897397356,89.999890986080175],[179.99999934899085,89.99998341929944],[178.39776536877685,89.99998341929944],[176.40881554510145,89.99998341929944],[174.41986572232531,89.99998341929944],[172.43091589864991,89.99998341929944],[170.4419660749744,89.99998341929944],[168.45301625219838,89.99998341929944],[166.46406642852287,89.99998341929944],[164.47511660574685,89.99998341929944],[162.48616678207145,89.99998341929944],[160.49721695929532,89.99998341929944],[158.50826713561992,89.99998341929944],[156.51931731284378,89.99998341929944],[154.53036748916838,89.99998341929944],[152.54141766549299,89.99998341929944],[150.55246784271685,89.99998341929944],[148.56351801904145,89.99998341929944],[146.57456819626532,89.99998341929944],[144.58561837258992,89.99998341929944],[142.59666854981378,89.99998341929944],[140.60771872613839,89.99998341929944],[138.61876890336225,89.99998341929944],[136.62981907968685,89.99998341929944],[134.64086925601146,89.99998341929944],[132.65191943323532,89.99998341929944],[130.66296960955992,89.99998341929944],[128.67401978678379,89.99998341929944],[126.68506996310839,89.99998341929944],[124.69612014033225,89.99998341929944],[122.70717031665686,89.99998341929944],[120.71822049388072,89.99998341929944],[118.72927067020532,89.99998341929944],[116.74032084652993,89.99998341929944],[114.75137102375379,89.99998341929944],[112.76242120007839,89.99998341929944],[110.77347137730226,89.99998341929944],[108.78452155362686,89.99998341929944],[106.79557173085078,89.99998341929944],[104.80662190717533,89.99998341929944],[102.81767208439925,89.99998341929944],[100.82872226072379,89.99998341929944],[98.839772437048396,89.99998341929944],[96.850822614272317,89.99998341929944],[94.861872790596863,89.99998341929944],[92.872922967820784,89.99998341929944],[90.88397314414533,89.99998341929944],[88.895023321369251,89.99998341929944],[86.906073497693797,89.99998341929944],[84.917123674917718,89.99998341929944],[82.92817385124232,89.99998341929944],[80.939224027566866,89.99998341929944],[78.950274204790787,89.99998341929944],[76.961324381115332,89.99998341929944],[74.972374558339254,89.99998341929944],[72.983424734663856,89.99998341929944],[70.994474911887721,89.99998341929944],[69.005525088212323,89.99998341929944],[67.016575265436188,89.99998341929944],[65.02762544176079,89.99998341929944],[63.038675618984712,89.99998341929944],[61.049725795309257,89.99998341929944],[59.060775971633859,89.99998341929944],[57.071826148857724,89.99998341929944],[55.082876325182326,89.99998341929944],[53.093926502406191,89.99998341929944],[51.104976678730793,89.99998341929944],[49.116026855954715,89.99998341929944],[47.12707703227926,89.99998341929944],[45.138127209503182,89.99998341929944],[43.149177385827727,89.99998341929944],[41.160227562152329,89.99998341929944],[39.171277739376251,89.99998341929944],[37.182327915700796,89.99998341929944],[35.193378092924718,89.99998341929944],[33.204428269249263,89.99998341929944],[31.215478446473185,89.99998341929944],[29.22652862279773,89.99998341929944],[27.237578800021652,89.99998341929944],[25.248628976346254,89.99998341929944],[23.259679152670799,89.99998341929944],[21.270729329894721,89.99998341929944],[19.281779506219266,89.99998341929944],[17.292829683443188,89.99998341929944],[15.30387985976779,89.99998341929944],[13.314930036991655,89.99998341929944],[11.325980213316257,89.99998341929944],[9.3370303905401215,89.99998341929944],[7.3480805668647236,89.99998341929944],[5.3591307431892687,89.99998341929944],[3.3701809204131905,89.99998341929944],[1.3812310967377925,89.99998341929944],[-0.60771872603834254,89.99998341929944],[-2.5966685497137405,89.99998341929944],[-4.5856183724898756,89.99998341929944],[-6.5745681961652735,89.99998341929944],[-8.5635180189413518,89.99998341929944],[-10.552467842616807,89.99998341929944],[-12.541417666292205,89.99998341929944],[-14.53036748906834,89.99998341929944],[-16.519317312743738,89.99998341929944],[-18.508267135519816,89.99998341929944],[-20.497216959195271,89.99998341929944],[-22.486166781971349,89.99998341929944],[-24.475116605646804,89.99998341929944],[-26.464066428422882,89.99998341929944],[-28.453016252098337,89.99998341929944],[-30.441966075773735,89.99998341929944],[-32.430915898549813,89.99998341929944],[-34.419865722225268,89.99998341929944],[-36.408815545001346,89.99998341929944],[-38.397765368676801,89.99998341929944],[-40.386715191452879,89.99998341929944],[-42.375665015128277,89.99998341929944],[-44.364614837904412,89.99998341929944],[-46.35356466157981,89.99998341929944],[-48.342514484355945,89.99998341929944],[-50.331464308031343,89.99998341929944],[-52.320414131706798,89.99998341929944],[-54.309363954482876,89.99998341929944],[-56.298313778158274,89.99998341929944],[-58.287263600934409,89.99998341929944],[-60.276213424609807,89.99998341929944],[-62.265163247385942,89.99998341929944],[-64.25411307106134,89.99998341929944],[-66.243062893837418,89.99998341929944],[-68.232012717512873,89.99998341929944],[-70.220962541188271,89.99998341929944],[-72.209912363964406,89.99998341929944],[-74.198862187639804,89.99998341929944],[-76.187812010415882,89.99998341929944],[-78.176761834091337,89.99998341929944],[-80.165711656867416,89.99998341929944],[-82.15466148054287,89.99998341929944],[-84.143611303318949,89.99998341929944],[-86.132561126994403,89.99998341929944],[-88.121510950669801,89.99998341929944],[-90.11046077344588,89.99998341929944],[-92.099410597121334,89.99998341929944],[-94.088360419897413,89.99998341929944],[-96.077310243572867,89.99998341929944],[-98.066260066348946,89.99998341929944],[-100.05520989002434,89.99998341929944],[-102.04415971280048,89.99998341929944],[-104.03310953647588,89.99998341929944],[-106.02205936015133,89.99998341929944],[-108.01100918292741,89.99998341929944],[-109.99995900660286,89.99998341929944],[-111.9889908169726,89.99998341929944],[-113.977940640648,89.99998341929944],[-115.96689046342414,89.99998341929944],[-117.95584028709953,89.99998341929944],[-119.94479010987561,89.99998341929944],[-121.93373993355107,89.99998341929944],[-123.92268975632715,89.99998341929944],[-125.9116395800026,89.99998341929944],[-127.90058940277868,89.99998341929944],[-129.88953922645413,89.99998341929944],[-131.87848905012953,89.99998341929944],[-133.86743887290561,89.99998341929944],[-135.85638869658106,89.99998341929944],[-137.84533851935714,89.99998341929944],[-139.8342883430326,89.99998341929944],[-141.82323816580868,89.99998341929944],[-143.81218798948407,89.99998341929944],[-145.80113781226021,89.99998341929944],[-147.79008763593561,89.99998341929944],[-149.77903745961103,89.99998341929944],[-151.76798728238714,89.99998341929944],[-153.75693710606257,89.99998341929944],[-155.74588692883867,89.99998341929944],[-157.7348367525141,89.99998341929944],[-159.72378657529018,89.99998341929944],[-161.7127363989656,89.99998341929944],[-163.70168622174171,89.99998341929944],[-165.69063604541714,89.99998341929944],[-167.67958586909256,89.99998341929944],[-169.66853569186867,89.99998341929944],[-171.65748551554407,89.99998341929944],[-173.64643533832017,89.99998341929944],[-175.6353851619956,89.99998341929944],[-177.62433498477171,89.99998341929944],[-179.61328480844713,89.99998341929944],[-179.99999999990004,89.99998341929944],[-179.99999999990004,89.411287826671924],[-179.99899999965024,89.40833331722888],[-179.99999999990004,89.386066359674828],[-179.99999999990004,88.594045133875909],[-179.99899999965024,88.571565962399291],[-179.99899999965024,88.008333350603721],[-179.99598332547006,87.053400299484281],[-179.99999999990004,86.941840004013045],[-179.99999999990004,86.031354451247012],[-179.99911502653723,86.008382810118633],[-179.99598332547006,85.381177532517142],[-179.99598332547006,85.007078479488314],[-179.99999999990004,84.935266098751526],[-179.99999999990004,83.405611185707698],[-179.99509841865708,83.314985781868415],[-179.99999999990004,83.230275047355633],[-179.99999999990004,81.547387901930165],[-179.99756451978672,81.501565241242929],[-179.99999999990004,81.400072053882241],[-179.99999999990004,80.499682275116982],[-179.99756451978672,80.387011893384226],[-179.99756451978672,79.582695043941158],[-179.99999999990004,79.356953024562472],[-179.99999999990004,78.887630462675759],[-179.99756451978672,78.786038354386619],[-179.99999999990004,78.7637720929078],[-179.99999999990004,75.898857186909709],[-179.99341120866032,75.837984099286814],[-179.99999999990004,75.777830204000793],[-179.99999999990004,73.370265111745539],[-179.99795693266628,73.342976014331668],[-179.99999999990004,73.243211359017039],[-179.99999999990004,72.333804979216495],[-179.99795693266628,72.172487236396876],[-179.99999999990004,72.123053305765495],[-179.99999999990004,70.238995386427973],[-179.99486663368816,70.107935307768287],[-179.99999999990004,69.979630104345915],[-179.99999999990004,68.38207079203346],[-179.99753638809381,68.256529425592589],[-179.99753638809381,66.906161021913704],[-179.99881045673717,65.768860588245616],[-179.99999999990004,65.694544236827142],[-179.99999999990004,64.323199045699482],[-179.99659765505771,64.098944345804966],[-179.99999999990004,63.869070537875075],[-179.99999999990004,62.384363952934109],[-179.99891937183151,62.309271163733285],[-179.99166664979603,60.750000000099988],[-179.99450431482225,59.524415603297484],[-179.99450431482225,57.99747452672807],[-179.99450431482225,56.699574611778985],[-179.99450431482225,55.554368804576711],[-179.99908562769954,54.495569624838367],[-179.99999999990004,54.341121614271117],[-179.99999999990004,53.699830611593484],[-179.99949915396274,53.620015702662613],[-179.99999999990004,53.560225180247926],[-179.99999999990004,52.579883409791591],[-179.99949915396274,52.528914367004461],[-179.99694454065801,51.590300939836538],[-179.99196414642819,50.331116607845217],[-179.60543294997063,50.331116607845217],[-179.14862335448419,50.341156379263566],[-178.8072711289594,50.32609672258576],[-178.28018313444409,50.386335350196305],[-177.93883090891927,50.290957523071313],[-177.30130542970178,50.386335350196305],[-176.71397880667655,50.496772834898479],[-176.25699402235622,50.584672661614093],[-175.60803781549276,50.624287543235596],[-175.10561145820222,50.722162807467669],[-174.59666008329617,50.911388318316313],[-174.23771173520839,50.885679216422773],[-173.78167885269687,50.925000017037235],[-173.04228454649459,50.999382136776262],[-172.26265413038379,51.095679219420504],[-171.55617035257967,51.185469430070214],[-169.63848924788047,51.369131071941467],[-168.46047281436887,51.654524516493268],[-167.62752453043271,51.881692230212309],[-166.76015689672337,52.095092203842171],[-166.04853341158764,52.240223296468002],[-164.27995222821272,52.741761244086206],[-162.57323840582774,53.131350465551577],[-161.39381239472621,53.391997097188323],[-160.72783280484003,53.480396076417833],[-160.17994727664546,53.571710331266843],[-159.45088963324994,53.712395376245695],[-158.70959432301956,53.807028820124003],[-158.3297388903375,53.948931232390521],[-158.28560130645511,53.965419687868348],[-157.90521004960408,53.996295707880677],[-157.25854818325203,54.090929151758985],[-156.70209943913778,54.241883466149091],[-156.35953046595822,54.327512761904472],[-155.66555187721733,54.469462927272332],[-155.18559646260664,54.656822391640105],[-154.79807864151607,54.879541184378184],[-154.10379140724763,55.13597805534306],[-153.62957549291463,55.279230778977308],[-153.17450536433108,55.452946026038319],[-152.16444212800178,55.909958244177687],[-151.07144836604922,56.273028011633471],[-150.00848321273006,56.630917016806961],[-149.39385115610594,56.925930709834461],[-148.96765078415635,57.043815919269321],[-148.25699999945039,57.346900000634548],[-147.39089381060086,57.755748934865494],[-146.84948423660819,58.040336018492496],[-146.68079490745899,58.458952928335009],[-146.25986601510448,58.726209368367734],[-145.87718422637093,58.988348450120952],[-145.60569999965523,59.070900000534664],[-145.49298257528559,59.183585285832351],[-145.44105581747198,59.277091645363214],[-145.38526792837217,59.377607802058492],[-145.32096416006792,59.496306982481315],[-145.25882438183973,59.57663331337676],[-145.15802914932576,59.686841751545671],[-145.0476511116095,59.799482869338988],[-144.90310059161897,59.924988065946536],[-144.77949900797282,60.019868943896711],[-144.66559383278911,60.103655485612251],[-144.60607371043335,60.15398543328115],[-144.60215586430166,60.156095061138217],[-144.59700101508474,60.159613234163487],[-144.58889073461967,60.166283593912794],[-144.58193321414649,60.171029675179398],[-144.57572021631489,60.1748732948667],[-144.56296156502418,60.186132597341555],[-144.55763310798153,60.191894228136164],[-144.55359212487664,60.195771175799166],[-144.54974597179913,60.200165111330875],[-144.54270424780276,60.205993269473879],[-144.53780035620144,60.210712883692679],[-144.53186054003186,60.213702500869772],[-144.52715483742577,60.220595301631931],[-144.52496728421278,60.225871937939644],[-144.52294448320131,60.237319462223468],[-144.52326890373689,60.241094128191492],[-144.52388497081472,60.245673024590474],[-144.5232377350334,60.25023195963729],[-144.52293762497138,60.253026361877176],[-144.52217176051829,60.257641371452166],[-144.52229088201855,60.262784628407928],[-144.52199950797089,60.267178697039299],[-144.52207936596994,60.271178801460565],[-144.52192932128114,60.275175237547217],[-144.52286315571004,60.278446324538322],[-144.52223429757476,60.282720748263955],[-144.52303065084382,60.286332396822729],[-144.52436437241784,60.290523871579467],[-144.52544035638732,60.293397325126534],[-144.5268102900628,60.298789000012391],[-144.52881640505302,60.303276769907086],[-144.5327377747285,60.308423335468603],[-144.53675075924011,60.312200219164822],[-144.54192319649829,60.315881078648943],[-144.54592315433007,60.319885995342474],[-144.54947106253948,60.323769419023506],[-144.5521585281935,60.326725190215427],[-144.55455334635982,60.328876540320152],[-144.55737177848476,60.331605765993345],[-144.55986009376829,60.334101252470873],[-144.56233388769874,60.336824968897247],[-144.56469663154428,60.339489777930964],[-144.56815598980705,60.343028585900583],[-144.57135598808836,60.347020268170922],[-144.57393211497509,60.349973883687824],[-144.57747181147488,60.354084973442809],[-144.58077449434739,60.358306544911159],[-144.58382534816127,60.362866890994269],[-144.58621113353695,60.367016981648419],[-144.58802838460224,60.371043977597537],[-144.59143846091621,60.375438436534694],[-144.5942788014255,60.377938990691916],[-144.59756991451991,60.380617828250251],[-144.60106297577568,60.383756745477456],[-144.60368652661188,60.38610722706693],[-144.60547873875277,60.387712678797129],[-144.6108077704622,60.392076200156566],[-144.61605960886382,60.39484172696416],[-144.62087615381142,60.397200493108301],[-144.62534356305497,60.399610907317594],[-144.62724708068819,60.401029086023584],[-144.63188203362893,60.405824063429861],[-144.63482213863077,60.408668506646336],[-144.63849174489809,60.412780897720324],[-144.64228133331684,60.416837867173911],[-144.64424928827401,60.419097635947196],[-144.63837812275213,60.439543875549475],[-144.54574025021233,60.439989910506029],[-144.41111883916307,60.448732113995902],[-144.30998395339671,60.459350898625132],[-144.16698519381163,60.479971164237895],[-143.97819080715999,60.510888653788413],[-143.8748408399328,60.526236854347417],[-143.68276749902083,60.556826697494159],[-143.57001948780908,60.573507474790176],[-143.40676077059305,60.586465076801915],[-143.26170310221636,60.598949638115357],[-143.12037285842064,60.598987852107769],[-142.93509974385807,60.593622678443921],[-142.79195768449949,60.582571327105143],[-142.66860602244992,60.572920939649691],[-142.36911988847203,60.551012014792718],[-142.10577902288355,60.531727084137685],[-141.90811351852403,60.511097337871888],[-141.75804583314863,60.497848081224049],[-141.63266931693539,60.483574613677547],[-141.51427895111266,60.470810821862017],[-141.35098766944537,60.453273398948284],[-141.15290619716325,60.425488482807282],[-141.00990153173029,60.414814176732932],[-140.85996052485831,60.398734473916875],[-140.63201055384394,60.375266808116749],[-140.49603882063502,60.356744993586631],[-140.37061666202931,60.337040434768312],[-140.17772553880252,60.29609693702406],[-140.0861077384813,60.273826194223545],[-139.98665954200425,60.246076045872883],[-139.90413744258888,60.218922736195395],[-139.80964343139919,60.19558159961116],[-139.71761332339611,60.180135560907445],[-139.63468285532946,60.162933348595232],[-139.56986142106769,60.142302917945358],[-139.50879544235573,60.117738701579867],[-139.44500077666447,60.082017907800264],[-139.38298582793357,60.047242396819229],[-139.34768416499219,60.026559435869331],[-139.287931530116,59.993954672470238],[-139.12435178100986,59.904225778496937],[-138.8986582890488,59.763361741451263],[-138.59720046163199,59.541815179926687],[-138.37928746154711,59.377496477680381],[-138.11782644703288,59.173643728475326],[-138.03532012172622,59.109033026952659],[-137.94424568728863,59.02160218769086],[-137.84940830325058,58.938034563444376],[-137.76401369007971,58.877406436757724],[-137.53648844188803,58.704558013841336],[-137.48339666542375,58.666212726735978],[-137.40545378526394,58.611383842290536],[-137.30799758801822,58.553264543523937],[-137.19855445132686,58.496768185603344],[-137.14519912224165,58.467156546737272],[-137.12059647334854,58.447316818016816],[-137.0737656051985,58.405621927709831],[-136.99655414275946,58.306757299509798],[-136.91586204319873,58.221870773617354],[-136.83052335976521,58.1003275474784],[-136.76095473087611,57.979800389776244],[-136.66617194198153,57.868995959196241],[-136.58460911252047,57.748337385362106],[-136.51883030317595,57.655695075567337],[-136.44037560804782,57.513480515813228],[-136.39742249155472,57.418238129286294],[-136.34792445365059,57.328539015463264],[-136.32080309508672,57.220300759872202],[-136.26553049683491,57.109968532721666],[-136.0159617438394,56.804234475740543],[-135.90299999975014,56.621000000149934],[-135.42900000004994,56.102400000459681],[-135.17999999990002,55.818599999890125],[-134.9511335279899,55.602186129186578],[-134.72408314342232,55.338381059638266],[-134.60303143275439,55.202818439719294],[-134.20808292098997,54.755786787929992],[-133.70937422074365,54.234374238580301],[-133.4259999997002,53.924100000114947],[-133.09299999925054,53.521699999955104],[-132.71399999990007,53.127000000549629],[-132.5089835720342,52.965281537812757],[-132.16899999955029,52.697100000264868],[-131.96233956871612,52.540224317498314],[-131.59199999930047,52.259100000564615],[-131.31755499666571,52.019478406803103],[-130.8500000000999,51.612099999915131],[-130.57439999996001,51.344100000414755],[-130.30857060864662,51.080981850132332],[-129.98811375854308,50.951908952136478],[-129.64209999971519,50.762600000389739],[-129.36945400719662,50.64035368157721],[-129.00894005094256,50.595845785654546],[-128.67068004264979,50.440068150824573],[-128.44368977416372,50.253134988488966],[-128.41399999950033,50.085600000339809],[-128.30567068575351,49.919467487834368],[-128.09338721504793,49.609247377764348],[-127.88339051705867,49.461682130625888],[-127.71879851174191,49.294252331679843],[-127.70054151427945,49.122636553734026],[-127.67623161359808,48.894123490206937],[-127.56839547187349,48.760747209416252],[-127.36123656751357,48.692640172206211],[-127.0888084195729,48.735207070350043],[-126.89300068883068,48.508183614182485],[-126.45154135425008,48.224065739242519],[-126.48599999990006,47.995599999840181],[-126.34557029133583,47.641224895012954],[-126.25206641213521,47.60382334297293],[-126.1367449621103,47.020982497844045],[-126.0089563274725,46.989814538110522],[-125.92480283628186,46.656317370850047],[-125.75568968992724,46.361605606313731],[-125.53188602791784,45.992744016023551],[-125.46971834462585,45.665327548227822],[-125.42827322213145,45.375211690766946],[-125.42827322213145,45.130685467060687],[-125.35781651362117,44.969049489242593],[-125.38725222441059,44.800719548068741],[-125.37599999960025,44.667500000224891],[-125.37199999950036,44.522700000204907],[-125.37199999950036,44.322600000489672],[-125.36199999970017,44.066300000045032],[-125.34077492921955,43.967703403988935],[-125.39440257751693,43.846147400282348],[-125.41585363683583,43.721016220022591],[-125.39440257751693,43.527956684353569],[-125.39082740096376,43.313446090264904],[-125.31574869244815,43.231217028643016],[-125.28899999945037,43.051400000209867],[-125.23709480827875,42.866549016623878],[-125.21921892551296,42.698515717726252],[-125.20491821840102,42.559083831253872],[-125.19800000009991,42.491700000055005],[-125.13349649956376,42.343901207075078],[-125.28999999970017,42.284500000274818],[-125.33100000004993,42.141900000085002],[-125.28648968225298,42.018813625448502],[-125.21526913366358,41.761063068006251],[-125.22544349761927,41.669493790605998],[-125.15422294902982,41.486355236704867],[-125.10335112835185,41.418526142167764],[-125.06265367162962,41.140426856814031],[-124.97108439422936,41.008160123590869],[-124.8930809366359,40.828413023742087],[-124.88968948168417,40.624925741929474],[-124.73114960796801,40.374856878642106],[-124.41599999990007,40.310700000204918],[-124.16299999965025,39.914200000529661],[-123.88999999980012,39.438800000119954],[-123.59699999945036,38.997100000664545],[-123.30499999935046,38.540600000389759],[-122.6960000000999,37.874000000599608],[-122.37999999940041,37.52700000024987],[-122.00499999925051,37.20480000051964],[-121.30499999975018,36.698300000344773],[-120.89699999945037,36.337700000554662],[-120.43799999990006,35.91020000032978],[-119.93599999950032,35.450200000529662],[-119.62717492858008,35.14766976125054],[-119.32899999985005,34.981200000279841],[-118.91199999999998,34.837300000394748],[-118.68229999954531,34.776800000119977],[-118.43209999981508,34.70849999987513],[-118.1874999993255,34.590200000629579],[-117.98839999986006,34.517400000609598],[-117.75519999988006,34.467400000709517],[-117.45467884874984,34.258875716840919],[-117.23828841617745,34.138449737365534],[-116.99879999942038,33.994200000129979],[-116.78829999944537,33.957800000569648],[-116.60369999955532,33.959300000494693],[-116.46979999947035,33.962300000344783],[-116.25939999961025,33.912300000444702],[-116.04899999975015,33.762100000514636],[-115.77300000004993,33.421099999865135],[-115.70597300005386,33.345023000710967],[-115.63843995424048,33.232187939621781],[-115.56570629181186,33.105973643768721],[-115.52166669985826,33.028500000174915],[-115.47983300009287,32.957356000079415],[-115.47620199992235,32.910679000535481],[-115.48696599988097,32.840735000020288],[-115.38582753121557,32.716839496345756],[-115.241170727547,32.584143407891986],[-115.14188353579652,32.482243394217335],[-115.28650799984428,32.405134000333874],[-114.93308299998046,32.152218000360506],[-114.76500000004995,31.995199999880128],[-114.52199999960027,31.786000000499655],[-114.33199999980013,31.601599999940106],[-114.2070000000499,31.458500000074991],[-114.11799999940041,31.355700000654565],[-114.32999999930047,31.193600000539618],[-114.43899999955033,31.097200000379758],[-114.30299999975017,30.912300000144967],[-114.1289999994504,30.679699999955062],[-113.9859999997002,30.513400000409717],[-113.80699999994999,30.313500000025044],[-113.97537977525639,30.174622663405216],[-114.04099999995003,30.120500000374761],[-113.90899999935044,29.982000000399751],[-113.7579999994004,29.834399999860182],[-113.86999999950035,29.729800000169917],[-113.96899999995003,29.645799999870121],[-113.77500000004994,29.439700000454707],[-113.52099999955033,29.205400000109989],[-113.28099999985005,29.008400000359757],[-113.33899999994998,28.949800000469679],[-113.1960341627464,28.816421951611801],[-113.08699999995002,28.714700000104983],[-112.81199999960029,28.498700000104975],[-112.58899999965024,28.322300000644589],[-112.32099999925055,28.124900000434707],[-112.07013400298183,27.95009507992404],[-112.01499999925051,27.906000000699521],[-111.91748072895246,27.843480095230234],[-111.71099999975013,27.693500000224901],[-111.50599999980011,27.570000000399773],[-111.38198473340867,27.496542394515927],[-111.56899999935047,27.215200000080017],[-111.37299999985009,27.105300000594582],[-111.50599999980011,26.926700000404765],[-111.20915268175082,26.792376487984598],[-111.04927556291688,26.653189349309059],[-110.9401829405902,26.568548521796913],[-110.75773493471945,26.461336807247903],[-110.64676140461512,26.386100515926103],[-110.65248735840481,26.277143637269091],[-110.65616594080547,26.184843436775225],[-110.65536024178169,26.130360225643926],[-110.57199999940042,26.066100000714528],[-110.29099999935045,25.88950000012494],[-110.02400000009987,25.706300000045019],[-110.00016492167379,25.690775826443314],[-109.87199999990003,25.607300000494661],[-109.78036492989759,25.537343684663369],[-109.96136695991726,25.341532397102469],[-109.86428405236711,25.293813679557729],[-109.75152063666803,25.217885209734675],[-109.66759662548384,25.163657387178716],[-109.56172325772212,25.043581493990814],[-109.34999999990004,24.856800000519684],[-109.17800000009987,24.7348000006196],[-109.13141017543921,24.704034651178233],[-109.06199999990002,24.658200000729494],[-109.23301897604489,24.450169507616749],[-109.15232119726539,24.375101806803002],[-109.16358135229751,24.300034105989255],[-109.00199999930049,24.151500000324802],[-108.84079023807897,24.020406919243953],[-108.84266692983493,23.952845988151864],[-108.60056839721375,23.778549325790777],[-108.43899999985007,23.674300000544633],[-108.29877867319715,23.551534399692855],[-108.40722921105919,23.387704863888416],[-108.50490215121329,23.259571627029004],[-108.32004519972617,23.141073581780404],[-108.03344794066987,22.963305646038805],[-108.23199999940044,22.711700000554629],[-108.27299999975014,22.613400000010017],[-108.40699999995002,22.44010000051469],[-108.52699999935044,22.276900000035027],[-108.5159999993005,22.201100000164899],[-108.58899999955031,22.102400000060015],[-108.6759999997002,21.959600000539638],[-108.58199999960027,21.904700000404773],[-108.39699999925051,21.834800000119969],[-108.11399999960025,21.72000000039975],[-107.92799999990007,21.686100000114948],[-107.77400000009987,21.739700000554649],[-107.58599999990003,21.741700000154935],[-107.39299999935048,21.747799999970084],[-107.17099999965023,21.752200000529626],[-107.04599999990006,21.753600000339816],[-106.88999999960026,21.799200000579617],[-106.8619999998001,21.715599999840151],[-106.80799999980013,21.640300000544642],[-106.75699999965025,21.483000000549623],[-106.62399999970017,21.31060000028981],[-106.55099999945037,21.235500000324805],[-106.52499999925055,21.183800000269855],[-106.44200000009988,21.120800000719498],[-106.38340156772813,20.961034728769789],[-106.45718333604208,20.734770639453473],[-106.4424269829189,20.469156273343401],[-106.35200000009991,20.20270000060458],[-106.2709999996502,19.915800000070021],[-106.20572565511486,19.797392338485679],[-106.12099999995002,19.643700000354784],[-105.94899999925053,19.401900000384785],[-105.76363471317143,19.259135271375726],[-105.52299999985007,19.098000000100001],[-105.21543145989392,18.873174228907601],[-105.04233734039593,18.740024906424367],[-104.60960204210051,18.380521735090042],[-104.31667353245751,18.167482819476561],[-104.03040248898367,17.987731233809427],[-103.81070610630172,17.814637114311438],[-103.10501469687074,17.48842127382278],[-102.71888166085995,17.321984620493879],[-102.61236220305318,17.308669688155646],[-102.02652408032202,16.992182081338058],[-101.86636614188393,16.983968853679698],[-101.76780740998396,16.938796102458184],[-101.22573438723214,16.688292659778483],[-100.81096639228514,16.577414087290322],[-100.33599999999996,16.442399999860129],[-99.903404740536303,16.261204823343974],[-99.488636745589304,16.121579954051697],[-99.028099999815083,15.919100000164917],[-98.587799999270487,15.771500000524668],[-98.165699999855065,15.639900000384785],[-97.667469828869457,15.435067865189865],[-97.148564302500517,15.319755526196616],[-96.670018094959062,15.308224292117416],[-96.18201526339368,15.297921710018954],[-95.722848077176991,15.225725611947496],[-95.46629999964523,15.090200000030052],[-95.21458754437964,14.974483189147918],[-95.087522410730628,14.905174934675529],[-94.740981138368795,14.668371731670106],[-94.452196744284265,14.466222656350567],[-94.055199999580282,14.222100000714534],[-93.655799999270528,14.016100000514655],[-93.341852357600203,13.864620376828952],[-93.022857001149646,13.734572066048031],[-92.84459433575995,13.586930831592667],[-92.641170599143777,13.49974923044266],[-92.074596311670405,14.103607211103963],[-91.482908081043092,14.775786325178785],[-91.376425755344314,14.851369762004936],[-91.339822455941544,14.922674890034216],[-90.883929895548192,14.887827485450146],[-90.870325714260275,14.886787611958766],[-90.639487252134927,14.84530882604156],[-90.406304351864321,14.846113852372412],[-90.252294179832518,14.843780365271698],[-90.145659029640456,14.856443908759445],[-89.895534394896345,14.906926537929451],[-89.601854554743852,15.004459614619577],[-89.361501386779537,15.121100996913526],[-89.141127835281338,15.233699915818534],[-88.796180247920063,15.411330662679973],[-88.598362222138803,15.502870958527978],[-88.483297211996671,15.538907803752181],[-88.381960092983888,15.6406926151721],[-88.205900372703979,15.764783642251359],[-88.07003042656288,16.083428108420492],[-87.552245684790478,16.287403916357675],[-87.034460943018075,16.459998830281847],[-86.626509328942348,16.569831957079202],[-86.202867267410397,16.742426871003318],[-85.671399999910022,16.91100000054962],[-84.909699999655231,17.106600000489664],[-84.215272090734345,17.264984114325443],[-83.623404064945589,17.393651076336141],[-83.275185585746158,17.477733721634024],[-82.864599999490338,17.625699999855158],[-82.475165123271779,17.666501527023911],[-82.244199999730142,17.690699999905121],[-81.924269939206283,17.714892914976076],[-81.753657836140178,17.714084263478014],[-81.71807911545875,17.872710594418436],[-81.689299999695208,18.333199999880151],[-81.754099999515347,18.86470000000503],[-81.612943164795183,18.891666683270842],[-81.374859681529017,18.936640010727956],[-80.928305377291281,19.063115510172679],[-80.757899999585277,19.05360000033977],[-80.240499975193643,19.113220539196561],[-79.67561894026187,19.201075503231948],[-79.180439996308735,19.285721476664889],[-78.884179089293525,19.306882969573451],[-78.52866600123491,19.446548825467971],[-78.452005896055198,19.512836508098417],[-78.126597627878198,19.518497903155776],[-77.935999999800117,19.574000000299804],[-77.525471466534896,19.647859179557543],[-77.127135310246331,19.682634558338236],[-76.659248396396322,19.714248539538517],[-76.047399999610263,19.800300000444736],[-75.865632417202278,19.858859523648164],[-75.664701465500173,19.838987231375654],[-75.448314286674929,19.827947069401773],[-75.346744794536619,19.823531004252516],[-75.225303010125799,19.843403296524968],[-75.035412220397632,19.850027393349592],[-74.891890112038993,19.882595871802096],[-74.759408165654293,19.880387839227467],[-74.556269181377559,19.913508326048486],[-74.448075592414625,19.964293071667953],[-74.271177650028505,19.997750078503373],[-73.87549531935349,20.016731673228207],[-73.23849999947538,20.291299999895102],[-72.332199999430372,20.331000000549636],[-71.804399999959969,20.266500000174915],[-71.277099999265488,20.200499999875149],[-70.62649999987508,20.002200000429752],[-69.977499999625252,19.801500000025044],[-69.414799999620243,19.6961000003148],[-68.8527999995203,19.589000000449687],[-68.147956233493346,19.672122369451813],[-68.021799999670236,19.687000000649562],[-67.531299999895054,19.721300000494693],[-67.040499999775136,19.754300000644548],[-66.259399999710183,19.824600000489681],[-65.693999999300502,19.828799999920136],[-65.128499999675228,19.832900000134941],[-64.34359999974015,19.779400000709529],[-63.760100000114846,19.724200000229871],[-63.359799999670201,19.691500000424753],[-62.846700000004944,19.574300000644541],[-62.176499999675229,19.275200000479686],[-61.563439049672354,19.110927441548256],[-61.001670035943391,18.847971732209714],[-60.729000000049894,18.594599999890136],[-60.533799999670237,18.513100000664565],[-60.278399999360431,18.191000000149927],[-60.051300000094898,17.822500000274829],[-59.818999999350467,17.548400000059985],[-59.426260770218335,17.186084290757435],[-58.736110176343516,16.99507219392666],[-58.3657869889783,16.900529037485114],[-57.708075849620741,16.708779421033512],[-57.136882097330897,16.543402493730127],[-56.490578947160657,16.593761029947643],[-55.840696842385341,16.551910953527738],[-55.073496731488945,16.582039982259403],[-54.74464108761606,16.624900512648594],[-54.142144238965443,16.714632202614098],[-53.584285145642923,16.69602183454009],[-52.809936586404319,16.609206272751351],[-52.480701912463246,16.560901332130811],[-51.348695414461758,16.378520173767072],[-50.669828458716381,16.214462387329377],[-50.012211139332578,15.967953931029172],[-49.733817868299923,15.875041122250025],[-48.902998179822077,15.752306396023414],[-48.147707552461554,15.61068940339328],[-47.477387121218612,15.525719207275642],[-46.63899999925053,15.435999999900105],[-46.647599999240526,16.018700000404749],[-46.528699999305502,16.586800000319784],[-46.588699999905032,16.606700000704507],[-46.498199999330438,17.086499999875116],[-46.40719999997998,17.566299999945102],[-46.520199999430361,17.588300000045024],[-46.390699999905053,18.422000000299818],[-46.318199999330488,18.421500000624576],[-46.224299999345476,18.935099999965075],[-46.184399999360437,18.931899999885161],[-46.093199999780097,19.377299999995046],[-46.001499999625253,19.822700000104987],[-45.939799999770116,19.80219999993011],[-45.773699999555276,20.618000000299844],[-45.556999999650202,20.595799999970097],[-45.418699999905016,21.22170000065455],[-45.515199999280526,21.246500000374795],[-45.385299999295512,21.822300000144935],[-45.248299999245546,21.806399999860162],[-45.157400000009943,22.389800000269872],[-45.065799999969954,22.973100000564614],[-45.023899999485366,22.963199999980077],[-44.924499999475358,23.645900000284826],[-45.699299999495338,23.783600000239858],[-46.325966847591928,23.902555935308214],[-46.196099999315493,24.597400000109985],[-46.11879999952032,24.590400000159946],[-45.695145553424481,24.942242884801317],[-45.531599291474095,24.965606636637006],[-45.296000000099866,25.636700000104952],[-45.091700000054914,26.081400000309827],[-44.898899999735136,26.055400000109955],[-44.81629999924553,26.270000000299831],[-44.866599999490347,26.279600000539631],[-44.68699999994999,26.766800000119986],[-44.505899999585267,27.253800000369779],[-44.383099999665205,27.235500000025013],[-44.203099999665199,27.671299999895155],[-44.021699999855059,28.106900000434734],[-43.942299999445368,28.104899999935128],[-43.563199999979986,28.810799999920107],[-43.482799999320491,28.802100000714518],[-43.088200000029929,29.469100000064998],[-43.037299999994957,29.471400000010021],[-42.690063569677932,30.140385731216554],[-42.066703859695338,30.043123932323681],[-41.785699999755138,30.60560000023986],[-41.430399999760141,31.237000000049989],[-41.183599999440389,31.194100000214917],[-40.709999999300464,31.817300000494697],[-40.55260000008991,31.802500000574639],[-40.129299999295483,32.444000000299809],[-39.699899999585284,33.084100000214903],[-39.585999999999956,33.067300000694502],[-39.399299999495327,33.76760000053963],[-38.597199999580255,33.63700000064955],[-37.797499999725176,33.501200000179892],[-37.677599999540291,33.736200000429733],[-37.532799999520307,33.705199999880165],[-37.336399999560285,34.136200000529641],[-37.244599999290472,34.123800000669519],[-37.046099999615251,34.566899999935117],[-36.861800000069877,34.554200000629578],[-36.737529399961772,34.508232423187849],[-36.544898125048405,34.550370514687529],[-36.292069576050039,35.254678615725595],[-35.558399999660196,35.147700000055011],[-34.967729556973438,35.062047340812171],[-34.75703909947481,35.645960894579673],[-34.245362274249487,35.664020076265558],[-34.142399999360464,36.079400000509679],[-34.056799999920031,36.071300000194924],[-33.981599999840057,36.221200000679517],[-33.836020813709524,36.314150630447273],[-33.667468447710633,36.410466268803305],[-33.594699999505337,36.742200000429705],[-33.313499999225542,36.691000000049996],[-33.224599999590282,36.940800000219895],[-33.004899999835061,36.915900000384738],[-32.943099999865069,37.065400000409738],[-32.707700000054899,37.033300000394775],[-32.64559999974017,37.17630000014492],[-32.394599999989964,37.13689999983518],[-32.282599999890067,37.39150000012495],[-31.792150886454181,37.321835013375221],[-31.678757414722895,37.557344531724823],[-31.070599999290494,37.680200000030027],[-30.60549999992503,38.402499999975078],[-30.43009999981507,38.388299999845174],[-30.171399999310495,38.888000000299826],[-29.909100000064882,39.387100000065004],[-29.769800000069893,39.399600000040039],[-29.608899999535311,39.992800000020054],[-29.612699999405379,40.032800000119948],[-29.580199999830086,40.078799999920136],[-29.588099999915016,40.106500000274821],[-29.656499999375399,40.106800000619558],[-29.639799999969966,40.208200000229851],[-29.631300000094882,40.285100000464695],[-29.598400000059883,40.383500000224899],[-29.569499999225513,40.469500000124981],[-29.576999999750171,40.549500000324826],[-29.560499999675187,40.598700000204872],[-29.345999999600281,40.569900000384735],[-29.299899999685181,40.705000000050006],[-29.277699999355434,40.871000000149934],[-29.255999999600249,40.984700000404757],[-29.24199999970017,41.126100000114945],[-29.228599999590244,41.215300000094999],[-29.322299999345432,41.246700000204896],[-29.29199999960025,41.38489999983517],[-29.245199999780141,41.520000000399762],[-29.205999999700168,41.682800000419718],[-29.200299999445349,41.799699999855136],[-29.161599999939995,41.910099999915133],[-29.260599999490353,41.929400000509645],[-29.24199999970017,42.0830999999651],[-29.244899999435404,42.175399999910098],[-29.223299999795131,42.236800000319818],[-29.222599999890065,42.289100000164922],[-29.434699999905035,42.290499999975054],[-29.391800000069907,42.413299999895116],[-29.36959999974016,42.527100000264852],[-29.33940000010989,42.613000000050022],[-29.317699999455385,42.674400000459684],[-29.321400000109861,42.714500000674548],[-29.371499999225534,42.723999999900116],[-29.349199999680195,42.837800000269851],[-29.326800000019944,42.951500000524675],[-29.317499999225561,43.028399999860142],[-29.316799999320494,43.080700000604622],[-29.173599999340468,43.07960000023985],[-29.091399999310454,43.208200000529644],[-29.007899999585277,43.389000000549629],[-28.933899999984988,43.492900000334828],[-28.884499999875061,43.627800000669538],[-28.840499999675217,43.698100000514671],[-28.79639999936046,43.768400000359804],[-28.523699999855069,43.767999999900155],[-28.513099999365409,43.84480000002003],[-28.480899999235533,43.930500000474694],[-28.482699999505314,44.022900000534662],[-28.45489999993498,44.096300000344797],[-28.436399999360447,44.145299999995075],[-28.434899999435402,44.197599999840179],[-28.366600000089875,44.184299999845166],[-28.31999999960027,44.306700000204899],[-28.282499999675224,44.404600000289861],[-28.257399999610243,44.518000000199891],[-28.214999999450356,44.628099999915094],[-28.167599999840093,44.750500000274826],[-28.143799999470332,44.811600000339809],[-28.142099999315462,44.863900000184913],[-28.105699999755132,44.909400000309802],[-28.157499999924994,44.919600000339813],[-28.138499999675219,44.968499999875121],[-28.114600000089865,45.029599999940103],[-28.100199999730137,45.066299999845171],[-28.076299999245521,45.127399999910097],[-27.994499999675213,45.098300000644542],[-27.987699999954998,45.162800000119944],[-27.985699999455392,45.215099999965105],[-27.978999999850089,45.279600000339769],[-27.972100000014962,45.344100000714491],[-27.937399999710181,45.337300000094956],[-27.935400000109894,45.389599999940117],[-27.938199999730159,45.429600000040011],[-27.923600000039926,45.466299999945079],[-27.871399999410414,45.456099999915125],[-27.861599999840053,45.480500000074983],[-27.864399999460375,45.520600000289846],[-27.876999999550321,45.536200000229883],[-27.824599999590248,45.525900000085016],[-27.795199999979957,45.599200000679559],[-27.773400000109859,45.700299999945116],[-27.759199999979955,45.829300000694502],[-27.739399999710201,45.878200000229867],[-27.69939999961025,45.883500000025037],[-27.697099999665227,45.935799999870142],[-27.677299999395416,45.984600000189914],[-27.602000000099906,45.983000000149957],[-27.584700000004943,46.071900000684536],[-27.572299999245502,46.148600000689555],[-27.564899999735132,46.213100000164957],[-27.512000000099874,46.202699999905121],[-27.489300000094886,46.303699999955086],[-27.486799999920038,46.35600000069951],[-27.471699999655243,46.485000000549633],[-27.446299999245525,46.638300000444701],[-27.443699999855085,46.690600000289862],[-27.435999999999979,46.755100000664527],[-27.377499999325437,46.756799999920133],[-27.377400000109901,46.849099999865132],[-27.346599999790101,46.922300000344819],[-27.333599999240505,46.999000000349781],[-27.381899999885036,47.114000000299825],[-27.440700000004938,47.204700000204923],[-27.474099999715179,47.264000000000067],[-27.461199999280495,47.340599999890117],[-27.458499999775142,47.392900000634597],[-27.463599999340431,47.473100000164948],[-27.442899999835106,47.521900000484663],[-27.447999999400395,47.601999999900102],[-27.463499999225519,47.657800000169914],[-27.564400000059891,47.650800000219874],[-27.590499999475355,47.774600000389739],[-27.62179999947034,47.886099999915132],[-27.635099999465353,47.994200000030048],[-27.653600000039944,48.090000000399755],[-27.703599999940025,48.205000000349798],[-27.711799999470372,48.325199999980043],[-27.730599999490323,48.421000000349807],[-27.749399999510331,48.516899999935106],[-27.760199999330439,48.584800000619566],[-27.889499999525299,48.608900000434744],[-28.010799999520316,48.605000000449706],[-28.035299999795086,48.68850000017494],[-28.086799999620268,48.803400000010072],[-28.16219999993001,48.90930000029482],[-28.205799999670205,48.996200000329793],[-28.263099999865062,49.098700000304802],[-28.317399999310453,49.161100000065005],[-28.352999999750125,49.220100000414732],[-28.426199999330436,49.285800000369761],[-28.451799999969978,49.369300000094995],[-28.48609999981511,49.480600000289826],[-28.544599999590275,49.583000000149923],[-28.561899999685181,49.638600000189911],[-28.718299999545309,49.652800000319814],[-28.818100000014965,49.657000000649589],[-28.868599999590288,49.731400000709527],[-28.895199999580257,49.814800000319792],[-28.959999999400395,49.904700000204912],[-28.986799999620246,49.988000000599584],[-28.994699999705176,50.068100000015022],[-29.021699999255532,50.151500000524663],[-29.126500000074884,50.195400000609595],[-29.19819999973015,50.220599999890112],[-29.321799999670191,50.319900000684527],[-29.42659999959028,50.415900000384738],[-29.508099999715171,50.468600000689548],[-29.536799999420396,50.499500000224884],[-29.661899999285481,50.59840000055965],[-29.767999999800111,50.694099999915124],[-29.830899999235555,50.743500000025051],[-29.874599999989982,50.789700000055007],[-29.908499999375408,50.860500000474701],[-29.942499999775123,50.931299999995076],[-29.981499999625214,50.989800000669561],[-29.976499999275518,51.106700000104979],[-30.000999999550288,51.254399999860141],[-29.996099999315447,51.42360000004004],[-30.000999999550288,51.620500000574623],[-30.005999999900041,51.765200000479695],[-30.010999999350418,51.85750000042475],[-30.036099999415399,51.952800000219895],[-30.018999999550317,52.080000000699499],[-30.374999999450381,52.082000000299843],[-30.807399999910047,52.09450000027482],[-31.057899999984954,52.104800000419743],[-31.268399999959968,52.108900000634549],[-31.373999999900036,52.154000000299845],[-31.671028786749048,52.186330710593893],[-31.895999999900027,52.209000000549622],[-31.915999999500343,52.586399999860134],[-32.338999999949976,52.592000000000041],[-32.64859999959026,52.580999999950109],[-32.856999999850075,52.594600000289859],[-33.020399999660185,52.615100000464679],[-33.335400000109871,52.628100000114955],[-33.711899999285492,52.647700000154941],[-34.174499999375428,52.663000000649561],[-34.571900000084895,52.682200000229898],[-34.924800000019957,52.708000000199888],[-34.88369999955529,52.703600000539666],[-35.010699999805126,52.704400000559644],[-35.137599999939994,52.705100000464711],[-35.156099999615265,52.861099999865132],[-35.161299999295466,52.990100000614575],[-35.183699999855094,53.133600000040019],[-35.182799999720146,53.210500000274862],[-35.324799999220545,53.238000000399779],[-35.281799999270504,53.387500000424723],[-35.256499999875075,53.474699999905113],[-35.24570000005491,53.512100000614566],[-35.451699999355469,53.545899999885137],[-35.394999999850086,53.668400000359782],[-35.327199999280481,53.828200000529648],[-35.269799999870031,53.950700000104973],[-35.201199999280504,54.11050000027484],[-35.146899999835057,54.220400000659538],[-35.120999999750154,54.307600000139928],[-35.313199999380402,54.326899999835177],[-35.487799999470383,54.331300000394776],[-35.412299999944992,54.516100000514655],[-35.365099999665233,54.678100000514689],[-35.288999999450368,54.786000000399781],[-35.273900000084893,54.912700000304824],[-35.211999999999932,54.970700000404747],[-35.338599999790119,54.995900000584641],[-35.250799999620256,55.141200000279866],[-35.173199999480346,55.325900000284832],[-35.080399999860049,55.483500000624588],[-34.971699999954978,55.690900000634599],[-34.900600000089867,55.773800000569622],[-34.877399999510317,55.848500000074978],[-34.637600000039924,55.811900000284822],[-34.620299999945018,55.938600000189922],[-34.558299999745145,56.06080000031983],[-34.510399999560263,56.210100000114949],[-34.492699999905028,56.336800000020048],[-34.46039999966024,56.436300000144968],[-34.440199999830099,56.498500000574609],[-34.370999999450362,56.627700000654556],[-34.307499999325444,56.71590000038475],[-34.267999999800111,56.794000000199901],[-34.137999999700185,56.81200000019993],[-34.003499999825067,56.827399999910142],[-33.978099999415406,56.901900000084993],[-33.828400000059901,56.937799999970082],[-33.687899999585284,57.001800000669562],[-33.587999999900035,57.074000000000069],[-33.508999999949992,57.162500000074999],[-33.377299999695197,57.264700000604591],[-33.203100000064921,57.284900000434732],[-33.070299999445353,57.451199999980076],[-32.942999999750157,57.510000000099978],[-32.881899999685174,57.580900000634585],[-32.806499999375433,57.642200000030016],[-32.708199999730141,57.773500000724482],[-32.628999999550274,57.809000000149922],[-32.491999999500308,57.890000000599628],[-32.396099999915009,57.937099999865154],[-32.280499999275492,57.997900000484663],[-32.122499999375407,58.148399999860146],[-31.983499999725154,58.249200000579606],[-31.872299999645236,58.340199999930121],[-31.799599999740167,58.396700000105],[-31.745100000064895,58.468300000544616],[-31.55599999950033,58.446599999890111],[-31.427400000109856,58.574300000045014],[-31.303099999365429,58.689600000339794],[-31.177999999500344,58.804800000519663],[-31.039200000079916,58.89230000034479],[-30.976999999650218,58.975900000184936],[-30.791100000064887,58.940800000319825],[-30.64659999949032,59.092500000174937],[-30.452699999705203,59.238300000444724],[-30.305499999625226,59.389699999955099],[-30.162999999550323,59.528600000389758],[-30.042900000034933,59.618199999930084],[-29.849499999925001,59.750800000319828],[-29.636199999430403,59.867799999870158],[-29.507499999925017,59.969200000379772],[-29.371699999455359,60.08270000040477],[-29.224499999375439,60.167800000169905],[-29.11799999930048,60.273100000664556],[-29.028499999875066,60.339900000084981],[-28.926599999690211,60.333400000709503],[-28.828599999490336,60.418600000589606],[-28.64159999954029,60.566100000114943],[-28.407699999655222,60.704499999975098],[-28.19239999956028,60.848300000644542],[-28.023699999954999,60.956300000644546],[-27.854499999775101,61.066400000359806],[-27.581699999255534,61.251900000384751],[-27.388799999720163,61.397600000539626],[-27.225699999355413,61.532000000299831],[-27.031599999340472,61.665400000709496],[-26.767999999500319,61.825199999980043],[-26.526499999875057,61.939200000579604],[-26.308899999835091,62.105000000449706],[-26.107200000079899,62.237300000494656],[-25.874799999220556,62.375100000564657],[-25.643499999625249,62.50310000016492],[-25.448699999705184,62.620000000499658],[-25.311199999979976,62.613700000454685],[-25.156399999260486,62.71000000049969],[-25.035099999265526,62.800299999945082],[-24.888099999415374,62.92380000066953],[-24.720699999505314,62.992200000129969],[-24.519300000094859,63.110199999930103],[-24.254700000004959,63.229700000554658],[-24.009499999725165,63.35509999986516],[-23.740499999974986,63.473700000354768],[-23.487299999495349,63.568200000129934],[-23.330299999845067,63.650800000619597],[-23.058599999690216,63.649800000369794],[-22.871999999300499,63.767300000494686],[-22.537399999710146,63.836100000414717],[-22.06559999984006,63.922400000659536],[-21.297599999540296,64.06720000067952],[-20.731299999895043,64.017100000664527],[-20.096700000004944,63.949400000209891],[-19.237699999455344,63.862500000174919],[-19.040699999705168,63.984900000534651],[-18.626099999915027,64.182299999845156],[-17.821799999270524,64.489199999980087],[-17.367499999725169,64.736700000204905],[-17.14099999935047,64.995200000479713],[-17.025000000049943,65.379300000294847],[-17.006011940998235,65.574676551082007],[-16.986791503425081,65.875796737029873],[-16.865062067260567,66.369121296011031],[-17.717799999370413,66.364500000174928],[-17.473499999225567,66.685199999980057],[-18.247299999895006,66.780700000005027],[-18.117999999700203,66.933700000454735],[-18.304792813837253,66.957391911307695],[-18.725418510555755,66.798779513563773],[-18.670177754599649,67.093528832889376],[-18.601520497772697,67.459864876862639],[-18.48989999988504,67.737600000639588],[-18.220299999445388,68.066200000529648],[-17.829099999565301,68.39979999987014],[-17.391699999655202,68.699500000724527],[-17.07890368265879,68.978574143082312],[-16.403813332719096,68.93765957652829],[-16.262700000004941,69.037900000184891],[-16.033499999225512,69.264700000005064],[-15.715599999940025,69.549900000384753],[-16.01489361155086,69.549063514869374],[-15.691999999800089,69.848000000299805],[-15.484303481620316,70.190193255614304],[-15.15268465007648,70.433380398686495],[-14.801326139389801,70.533327675731698],[-14.596753305720426,70.676528658670691],[-14.339123285311302,70.849652405434199],[-14.080450428144673,70.720783386444168],[-13.826209323901139,70.643405659143923],[-12.864514712783716,71.295589361060195],[-12.676597374669086,71.262427477546112],[-12.444464192768237,71.47245273800354],[-12.190223088524647,71.671424036390249],[-10.770309604704437,71.531785391282824],[-9.6189229351452923,71.431026345689361],[-7.941240000025914,71.216600000090011],[-6.4512177446031842,70.94616871041768],[-5.8685849288513623,71.121948749635123],[-6.5586144631868706,71.32270801626197],[-5.9171099992270229,71.464599999990071],[-5.6985299998595451,71.539800000069988],[-5.1572899993339547,71.431000000050005],[-4.7412499996876818,71.333200000080012],[-4.3603899999984606,71.432399999860138],[-4.0724500000674198,71.490500000074974],[-3.5415171708806952,71.589556112824425],[-2.7646129452311925,71.709027441263459],[-2.0722201382487242,71.80597698115281],[-1.4302812882507965,71.893815260965596],[-0.74321604618353376,71.985628170104007],[-0.216189823401578,72.074767846259135],[0.44478306798424683,72.171241877710543],[1.1628448446139146,72.268105365070596],[1.715015279931265,72.424495874385173],[2.4694295665213417,72.437394942222852],[2.5855218011902252,72.542016552621874],[2.943605347708683,72.567173240552677],[3.6901493190358678,72.675848142178097],[4.3719540190627981,72.822381737427293],[4.6966121114598423,72.908474645388651],[4.9066536037808532,72.914101879698023],[5.3203768437164172,73.006651250854588],[5.5844518168978539,73.008906080551242],[6.0374869002003493,73.123103609144323],[6.2991917317131083,73.200472821663425],[6.7370216327421986,73.292194151039268],[7.1203675824979769,73.329087732712765],[7.6370156396600919,73.46289153861369],[7.944735088553557,73.453439298784645],[8.3402500365100423,73.597663511461917],[8.2487018311246629,73.665070678269217],[8.5807301743581093,73.811783555166983],[8.7067211748424143,73.974745296458309],[8.7673098671567118,74.132915674718674],[8.7823846998940098,74.330711077154547],[8.5145850693455145,74.568395660731198],[8.3474214841142498,74.780098280910977],[8.1229692733133447,75.009913133784153],[7.8799470056498535,75.218424340610909],[7.5961974399599512,75.444083205975232],[7.3380141791110987,75.65219781987355],[7.1674358842586798,75.916560359373136],[7.1404273204645392,76.165692623715643],[7.2175688066551515,76.482084994127206],[7.2800779076693516,76.723483695915888],[7.3815894331058871,77.028844128653645],[7.3891040485131043,77.250544980566474],[7.4459768401591191,77.470950200791208],[7.5101240481862988,77.658768233966896],[7.4354486217565636,77.910167775522496],[7.4105804606198262,78.167478091440842],[7.2800000002998217,78.394000000199924],[5.5920900000535312,78.64099999985018],[4.6906800006815388,78.8058000003698],[3.8570600005186293,78.95000000059963],[2.9071000006645704,79.101400000109948],[3.6222121907400719,79.413880034536021],[4.0187347067413839,79.585439322466812],[3.2958800004616933,79.657500000624566],[2.3776100006010665,79.779699999855154],[1.4866000005895899,79.908500000374772],[0.62792800077664879,80.026400000059994],[-0.25072299946680232,80.142099999915104],[-0.96876899928986404,80.213200000679535],[-1.7655899994788342,80.30850000047468],[-2.3407899994588774,80.370400000559641],[-1.6838799995622935,80.624800000619587],[-2.941559999594233,80.755500000624579],[-3.3637499995627991,80.792200000529647],[-2.7794899999634595,80.992900000035036],[-2.4141300000993624,81.125600000539634],[-3.454109999976481,81.250500000174952],[-4.6411599993344339,81.369700000454714],[-4.1520799993924129,81.552100000514656],[-3.909109999426903,81.62030000064459],[-5.0329699994658768,81.912800000419736],[-5.6819999993005013,82.231800000069995],[-5.2649999994503673,82.390000000199905],[-5.0097499997626187,82.519400000509677],[-6.8421363439171046,82.69777241736324],[-6.2342999999449944,83.000400000159914],[-5.748249914901578,83.25432777071012],[-4.675390851206771,83.466416896122894],[-3.017355213272424,83.688880938804346],[-0.79973945930856871,83.973249533938883],[1.259987629925206,84.277328830261354],[2.5828463531767056,84.454141196758883],[2.6512630431549837,84.596949594148498],[5.7888499869374073,84.872105151131905],[7.508795195541893,84.873382836848521],[8.8622843681291101,84.998971410502236],[8.937660000408755,85.009400000209894],[8.960266760502634,85.008063075250789],[9.6014721135472314,85.067559720804525],[10.917501458925244,85.20240362592665],[12.638292054534759,85.279792530900636],[14.305358638590349,85.433797573199513],[17.365813176636834,85.643941692555131],[20.373886550124212,85.79914814816857],[23.861713698528433,86.006905863414943],[29.032038763078504,85.943592594023073],[32.404031168004053,86.059181730852231],[31.946749141559678,86.135124043040207],[35.911093694418526,86.269071728777305],[40.692500812162791,86.467852331320103],[44.054845537491587,86.605573211734395],[49.431371892099207,86.792156550384561],[54.869136978888491,86.938685205657748],[59.881480847463195,86.984096383341466],[61.313978431359601,87.026274375062428],[66.939551912390925,86.770431375008002],[67.696759894353704,86.481383151311434],[73.565353819223446,86.29879998453174],[76.945139036737203,86.060210273785174],[80.592407941273507,85.837743087973195],[82.63501597220943,85.714410042789325],[83.913049341553915,85.745397824250233],[85.947653689566152,85.562014515357646],[87.040863760054549,85.573744741526639],[88.449431243157392,85.427515207960539],[91.462547118055113,85.355725804002702],[94.104591831347989,85.233836286715302],[95.839200000279845,85.101800000269861],[97.272700000005045,85.027899999885165],[98.568200000329796,84.960400000559616],[99.443599999940091,84.910800000219865],[102.91800000039979,84.663900000684521],[103.94300000014994,84.57850000057465],[105.30200000059961,84.485500000724528],[106.75900000034977,84.36860000038979],[107.70900000024989,84.294599999890124],[108.93899999995011,84.19359999984016],[109.72700000074951,84.109700000554653],[112.31841446385647,84.003186505253097],[114.09606536402543,83.729733980039214],[115.23390681814521,83.477390941738634],[116.58698649523058,83.175497685969503],[116.96741189124589,82.875707350913558],[118.05494570358144,82.605391419978105],[118.53821998076751,82.351199947519603],[119.10000000039975,82.08740000050966],[119.98400000000004,81.595300000694522],[121.00400000029981,81.114600000489702],[121.89800000059961,80.64340000040977],[122.63900000044976,80.206100000614583],[123.40800000009995,79.759300000694509],[125.18800000049964,78.990099999915117],[125.67899999995007,78.132600000189939],[126.32866416751733,77.758333317128915],[126.45700000005002,77.684400000459732],[127.18100000014999,77.23410000011495],[128.68698810331841,77.04494721744021],[130.05116128386624,76.820083505649336],[131.58023451900794,76.625201623356304],[132.8544622155589,76.280410599869356],[134.61900000024991,75.820000000199911],[134.51100000024985,74.826800000119988],[134.6533719035906,73.79191886396444],[135.10309932627297,72.622627565709649],[135.38792669346219,72.008000089332711],[135.7327177169492,71.393372612056453],[136.31736336562687,70.448945025592536],[136.75800000039976,69.953600000239874],[137.36799999990012,69.634900000035032],[138.52300000064963,69.04229999984517],[138.96299999995006,68.476499999875159],[139.38100000004999,67.909700000554665],[140.33000000059963,67.447200000579642],[141.27600000039979,67.698000000099967],[142.10800000049971,67.662000000099965],[142.67980000016996,67.412700000504685],[142.86013505428934,66.959626211280693],[143.86132559460054,66.238769021573148],[145.10280186631314,66.018507102920523],[145.48700000014992,64.43760000004005],[145.6342844663551,63.696091873341345],[145.22920990851048,63.113797197282906],[145.40643002762374,62.012500744014176],[145.0140140499085,61.696036246175879],[144.41906079372075,61.265644528072585],[143.77347321791478,60.898545710616133],[143.33042292058144,60.556764052519043],[142.94300000044973,60.281700000654553],[142.18700000044976,59.948399999860158],[142.08600000039974,59.478600000489678],[141.98800000019992,59.008700000104966],[141.89300000074945,58.538700000504662],[141.80000000000007,58.068599999890125],[141.70900000064955,57.598500000174909],[141.62100000024986,57.12830000034478],[141.53500000034978,56.658100000514651],[141.45100000005004,56.187800000569609],[141.70000000019991,55.650299999845174],[141.94300000064959,55.112300000344817],[142.17900000024986,54.573800000269841],[142.40900000014994,54.034900000634593],[142.84900000034975,53.384300000344808],[142.70206589562463,52.98894915078273],[142.53182818482298,52.669152324820004],[142.34100000024989,52.152000000699502],[142.47015110059283,51.350804648615679],[142.39800000009996,50.857400000509642],[142.52100000024984,50.317800000070008],[142.68834887280229,49.924306834193089],[142.72382656004777,49.62274649395556],[142.88347615220277,49.108320029345919],[142.87800000039977,48.703600000439735],[142.68144225035962,48.317780016634515],[142.14298098678319,47.956616973794382],[141.17800000019986,47.392299999945067],[140.55300000054967,46.955700000055003],[139.9380000006995,46.515699999855144],[139.37000000000012,46.224000000099977],[139.15800000009995,45.946600000589626],[139.03800000069953,45.411800000269864],[138.85000000049968,44.811299999995072],[138.73646242679968,44.647588546973907],[138.64010337816842,44.537463920223786],[138.5770000006496,44.295000000249843],[138.56300000074953,43.939000000349779],[138.62444600058257,43.747964000438344],[138.69656200053601,43.522142999899586],[138.75716400011856,43.331021000518831],[138.80121000064105,43.183125000718235],[138.80601700018451,42.979003999934719],[138.8113060003717,42.748071000176594],[138.81617800021456,42.461199000033901],[138.81950100057077,42.2639650002846],[138.8146250005434,41.968926000334704],[138.72991900006184,41.754296000560032],[138.50867098647689,41.50406538790736],[138.48012495610192,41.241666650295713],[138.47500000034984,41.103000000549628],[138.75600000039981,40.782299999845179],[138.65500000034979,40.474400000359765],[138.65500000034979,40.072200000429746],[138.39970100020105,39.869948000399972],[138.12052300053608,39.68210200010725],[137.85164300002452,39.411090000203387],[137.78135600077883,39.025962000645848],[137.84391633617008,38.779925705506969],[137.84800000019993,38.484599999890122],[137.88900000054969,37.85560000013993],[137.84501375817842,37.288640633758291],[137.82398070284717,36.804880355743876],[137.85399999990011,36.599700000354801],[137.92848631059485,36.165165162242488],[138.12100000005,36.026700000204926],[138.43652943228756,35.705373014652935],[138.42100000034975,35.360000000299806],[138.67400000059956,35.03370000035477],[139.2340000001999,35.014100000314841],[139.42900000034979,34.859900000284824],[139.92300000054968,34.712600000089992],[140.28982609499838,34.601391536490269],[140.78365994365151,34.474624533495501],[141.22355207017199,34.399018074024923],[141.88300000005006,34.212700000304835],[142.09000866097097,34.841655398178148],[142.45718640203086,35.728947836473537],[142.78095441471453,36.134315917745482],[143.16389638540988,36.602526733222192],[143.42260631532929,37.031440564830234],[143.74300000064954,37.479200000179901],[144.04078890348512,38.265835948870006],[144.11900000014998,38.908600000589615],[144.23600000059957,39.557200000379794],[144.28300000064962,40.067200000079993],[144.47900000014999,40.549400000209914],[144.8959490767885,41.132829828433898],[145.85684817730157,41.613350372521722],[146.68872099257976,42.059773992675673],[147.27148430175919,42.387500832697299],[147.79890363439529,42.59702358077368],[148.93321644558262,43.391765040824055],[150.29730006444652,44.101263132987242],[151.19083501902094,44.455029402185232],[152.28133175935329,44.920069863733261],[153.25760132314258,45.549921195007187],[154.64349248628923,46.693935208942776],[155.87148434842402,47.691415722957288],[156.95415595183579,48.581890968093774],[158.08788834866846,49.306219999553377],[159.25671174854847,50.12316601679828],[159.58218026950385,50.405238735379385],[160.21141940977805,51.099571579664712],[160.77556484604088,51.533529607905109],[161.51329349270054,52.184466648916782],[162.22932423862278,52.857101592464574],[162.85856337889686,53.638226042398003],[163.80937536498118,54.642213865477572],[163.83746931695543,55.091717095267768],[164.09887172534991,55.42008724013408],[164.85368823912097,55.071268078559058],[165.4848947569875,54.811815092792358],[165.92652468576568,54.433596467602968],[167.37281688958785,53.852301773807881],[167.89497545895028,53.562085357753119],[168.36401685139663,53.217483518349752],[169.22552145035468,52.920743046054781],[170.04873695454694,52.719725306177963],[170.79537427370383,52.32726210056552],[171.7334570585964,52.020949354129471],[172.61410620313882,51.714636608592684],[173.38946034112189,51.504046595474051],[174.22696517690144,51.291189769192556],[175.21728248559828,51.084324426930834],[176.12663415334362,51.0112026404895],[176.88835074249289,50.738187903449045],[177.58161843784069,50.573124166846867],[178.04929902562958,50.474085924525866],[178.9481525348117,50.471793522952794],[179.99856688455418,50.330419931834456],[179.99809483221077,51.007818007794867],[179.99809483221077,52.021176532770824],[179.99684226455895,52.901233199452633],[179.99648406009135,53.140495594096421],[179.99806360685,54.00841454369629],[179.99805942859984,54.013336830930029],[179.9948930047085,54.488589564656763],[179.99809483221077,55.003345906888171],[179.99809483221077,56.004295960390323],[179.99809483221077,57.005246013892474],[179.99809483221077,58.006196067394626],[179.99809483221077,59.015418435812194],[179.99809483221077,60.012232331856694],[179.99202429868251,60.745736511231087],[179.99809483221077,61.013182385358846],[179.99809483221077,62.009996281403346],[179.99569537624075,62.683492001155003],[179.99479501817564,63.517404545383499],[179.99809483221077,64.094619533065043],[179.99576341355078,64.602440091437131],[179.99750204228553,65.538485095310932],[179.99933132897775,65.769428424682133],[179.99809483221077,66.001388023938205],[179.99809483221077,67.010610391456453],[179.99809483221077,68.003288130942565],[179.995173557214,68.628017889713874],[179.99639868655026,69.889617574991121],[179.99809483221077,70.009324395404576],[179.99287994785141,70.420777585517214],[179.99734989228375,72.058931464915247],[179.99431208943145,72.78291448401626],[179.99654727973325,73.074612178809048],[179.99207243399565,73.476153019746107],[179.99011020592138,75.687539036797148],[179.995475549557,75.940658067715731],[179.98907247101783,78.663867681148645],[179.99740016078886,78.996078557079784],[179.99668614494965,79.049795375855979],[179.99809483221077,80.00228030149475],[179.99330613836764,80.809354240305993],[179.99402733799127,81.151174731129004],[179.99133686590369,81.710381579945988],[179.99399623134104,83.126515957845243],[179.98896309007466,83.609672761988406],[179.99077230569742,84.770288162868496],[179.99809483221077,85.023575197937078],[179.99809483221077,86.01625293652387],[179.99735206504579,86.100088056918366],[179.99340944708842,86.758792055009394],[179.99809483221077,87.008930676009925],[179.99900000074956,88.008179080000616],[179.99890877621908,88.571558000701202],[179.99702778300582,88.660858092527008],[179.99700282502045,89.319328415274185],[179.99900000074956,89.40833331722888],[179.99786020178692,89.472546913209555],[179.99809483221077,89.69743288501968],[179.99999897397356,89.999890986080175]]],[[[179.99786020178692,89.472546913209555],[180.00000000010004,89.411287829369883],[180.00000000010004,89.99998341929944],[179.99999955583485,89.99998341929944],[179.99999897397356,89.999890986080175],[179.99786020178692,89.472546913209555]]]]},"properties":{"OBJECTID":11,"Name":"North American Plate","Shape_Length":1049.0806234432134,"Shape_Area":11495.87538100042}},{"type":"Feature","id":12,"geometry":{"type":"MultiPolygon","coordinates":[[[[179.9988556946347,-61.996922514662288],[179.9988556946347,-61.013525225608646],[179.9988556946347,-60.058427139900573],[179.99809483221077,-59.030509361717634],[179.99809483221077,-58.017150836741678],[179.99809483221077,-57.020336939797915],[179.99809483221077,-56.052476145057994],[179.99809483221077,-55.059798405571939],[179.99809483221077,-54.042303723138275],[179.99809483221077,-53.020672883246903],[179.99809483221077,-52.065220559980844],[179.99809483221077,-51.022908933700307],[179.99809483221077,-50.009550408724351],[179.99075797050398,-49.753402850561088],[179.99809483221077,-49.0086003552222],[179.99809483221077,-48.024194930651504],[179.99491263511004,-47.096231898383337],[179.99809483221077,-46.088473339373081],[179.99809483221077,-45.062706342024001],[179.99809483221077,-44.012122401727424],[179.99809483221077,-43.089759336324278],[179.99809483221077,-42.055720024959157],[179.99809483221077,-41.087859229319918],[179.99900000074956,-40.658333349704264],[179.99809483221077,-40.04141144558173],[179.99809483221077,-39.098367593789362],[179.99809483221077,-38.076736753898047],[179.99999966825021,-37.16108368316543],[179.99999966825021,-37.160662184412217],[179.83800000010001,-37.475799999670187],[179.72298973438876,-37.787353831314249],[179.56900000034977,-38.204499999775123],[179.42792792223588,-38.436261271540388],[179.3660000000001,-38.537999999900023],[179.20069618308241,-38.872559495824021],[179.1099406995038,-39.268771392285885],[178.95000000039977,-39.684799999320489],[178.79200000049968,-40.087000000149828],[178.56600000069955,-40.423999999800117],[178.34834563304457,-40.719685772380444],[178.27744824234253,-40.816374756189987],[178.01500000064959,-41.187899999885019],[177.60700000034979,-41.499699999355471],[177.12299999995014,-41.656599999790103],[176.67299999995009,-41.75599999980011],[176.08100000044976,-41.909999999600245],[175.61654600029772,-42.030013999646314],[175.50299999995013,-42.059299999395421],[174.98799999990013,-42.121899999385448],[174.30399999990016,-42.20129999979514],[173.72400000069956,-42.290800000119873],[173.66171736516435,-42.30130889209164],[173.12600000059956,-42.391700000054925],[172.59300000054964,-42.48299999975012],[171.85900000064953,-42.615600000139864],[171.4730000004497,-42.730000000299754],[171.15000609000913,-42.893296921615615],[171.15000000069949,-42.893299999994952],[170.75606772104857,-43.095817308122207],[170.48621462980134,-43.225716717252681],[170.05002869486839,-43.453654383742787],[169.66558790595718,-43.636957836434988],[169.35706072916935,-43.776120719495566],[169.08444690629972,-43.901914092161576],[168.70864765706381,-44.06268111264319],[168.48800000029985,-44.165999999300482],[168.0810000002499,-44.329699999455386],[167.73244136237906,-44.450586876083435],[167.68800000010003,-44.465999999600285],[167.36800000019991,-44.647799999870074],[167.20195214267733,-44.758333349604356],[167.10000000069954,-44.826199999830067],[166.95100000034984,-44.987099999465386],[166.71000000039976,-45.211299999895061],[166.53700000034985,-45.350199999430401],[166.38397521278591,-45.507815530162532],[166.37699999995016,-45.514999999950021],[166.13495195526855,-45.610635370425939],[165.83634559927009,-45.866583675696006],[165.42700000005004,-46.189799999270519],[165.19166668407024,-46.385517360737538],[165.16800000009994,-46.405199999480374],[165.02100000024984,-46.601299999994978],[164.94300000054966,-46.783000000149855],[164.92300000005002,-47.010799999320454],[164.8380000003998,-47.148499999275487],[164.73899999995012,-47.256199999830073],[164.69900000074949,-47.443899999685186],[164.6510000004497,-47.52079999992003],[164.52800000029981,-47.657599999740171],[164.48000000000002,-47.759499999925026],[164.48300000074948,-47.919699999655222],[164.39800000019989,-48.059299999994948],[164.38900000064962,-48.201999999400414],[164.38927466349503,-48.294227574243109],[164.28700000034985,-48.428599999890025],[164.27990805281445,-48.569408078420054],[164.20934894929462,-48.752861746672238],[164.04000710174637,-48.953955191478883],[163.93769640096821,-49.155048636285471],[163.8318577461381,-49.324390484733044],[163.64840407698659,-49.596043033059459],[163.51081382579753,-49.747745105851891],[163.41200000029983,-49.846599999790101],[163.35649431396143,-49.912967574593836],[163.29600000009998,-49.985299999994936],[163.23500000014997,-50.078699999405387],[163.04699999995012,-50.273199999880035],[162.96300000054964,-50.368800000019917],[162.78500000014992,-50.443299999295505],[162.59400000009998,-50.54949999992499],[162.45299999995007,-50.66789999928551],[162.27299999995012,-50.817399999310453],[162.22499998346257,-50.848407153067626],[162.04900000064958,-50.962100000114845],[161.82500000044968,-51.118199999630235],[161.71600000019987,-51.192100000014932],[161.5419999999001,-51.398800000119877],[161.36800000049971,-51.542099999315496],[161.16200000029983,-51.750799999919991],[161.02600000049972,-51.924399999760112],[161.02500001733699,-51.92531362102676],[160.97952687996155,-51.96853077127804],[160.87392442397311,-52.075641833703628],[160.77776614179413,-52.15119547958767],[160.76200000019992,-52.165599999940014],[160.67099999995014,-52.291799999270495],[160.53500000014992,-52.432699999305498],[160.34200000049964,-52.633599999940031],[160.09200000010003,-52.821699999355417],[159.90500000014993,-52.990699999305491],[159.87500001693729,-53.021682740965673],[159.73100000074953,-53.170399999860081],[159.51200000000006,-53.34519999928051],[159.31800000010003,-53.597999999300498],[159.27423702971521,-53.69507946604449],[159.14200000019991,-53.812199999929987],[158.98500000054969,-54.088299999745175],[158.88500000074953,-54.307999999500339],[158.72884601133444,-54.747013301322738],[158.62500001673743,-54.898087428791769],[158.62500001673743,-54.91666666593386],[158.60597915941071,-54.992812539666943],[158.59600000049966,-55.046699999405405],[158.54000000000008,-55.272399999760125],[158.46500000014998,-55.52160000013987],[158.44017458468943,-55.569701575267459],[158.10244599478688,-56.167299969617886],[158.06118060180336,-56.268830798102783],[157.78371251372164,-56.316197885224199],[157.70546634889297,-56.488339447307624],[157.54114940212332,-56.762201024657543],[157.43942938865541,-57.067361066859689],[157.33770937428824,-57.349047260422708],[157.24549649436779,-57.720756109706656],[157.49630000034483,-57.812599999590248],[157.56945384761707,-58.058211686120387],[157.61939556695188,-58.256702772614801],[157.75241404707072,-58.5383889652785],[158.02627562442058,-58.757478227338254],[158.12017102167533,-58.937444406534098],[158.51922646293099,-59.211305982984697],[159.02782653386748,-59.477342943222197],[159.38775889225917,-59.555589108050867],[159.52077737237789,-59.790327602536763],[159.69100000064952,-59.93869999930547],[159.80300000074953,-60.005499999625215],[160.32700000034981,-60.503899999485327],[160.74000000009994,-61.052599999590257],[161.13490723927771,-61.497439377625142],[161.47997872174074,-61.740267457377229],[161.8953425418249,-61.976705324291231],[162.47046167836379,-62.340947444369021],[163.0839220910317,-62.717969989223604],[163.7730000005497,-62.474599999590282],[164.27500000005,-62.321899999485368],[164.76800000000003,-62.177199999580296],[165.10300000004997,-62.077199999780134],[165.65300000074956,-62.472700000104908],[166.06666660587928,-62.735198796287364],[166.89608059464376,-62.481936076188902],[167.32984544221347,-62.818103832425891],[167.55000000069958,-62.971200000079875],[168.38714725793966,-63.371154013346995],[169.63246619875611,-63.316010794262695],[170.3021587431316,-63.265897746883468],[171.03857264481178,-63.594621723713544],[171.75441852069821,-63.916752367727554],[172.70263348864466,-63.835994459376764],[173.89796472239414,-63.685471267385026],[174.66828929571454,-64.048497790040926],[175.27680631495957,-64.37359824726127],[175.53401864074772,-64.225506302273971],[176.42852406453403,-64.810482016531807],[176.87982461101706,-64.658815439081195],[177.25714146170912,-64.836376310418359],[177.58400000000006,-65.042000000099904],[178.00265403295737,-64.852556981019802],[178.58682101747604,-65.247605156552709],[179.02123868921421,-65.051186375151076],[179.60098171433469,-65.405020145663173],[179.79150759090271,-65.285261023377473],[179.99766666318601,-65.399825934918908],[179.9988556946347,-65.081535592093871],[179.9988556946347,-64.083988702716397],[179.9988556946347,-63.051067808932203],[179.9988556946347,-61.996922514662288]]],[[[179.99809483221077,11.023585911960311],[179.99809483221077,12.020399808004811],[179.99809483221077,13.025486018964671],[179.99809483221077,14.014027600093698],[179.99809483221077,15.014977653595906],[179.99809483221077,16.003519235624253],[179.99809483221077,17.004469289126462],[179.99809483221077,18.009555500086321],[179.99809483221077,19.01877786760457],[179.99809483221077,20.032136393479846],[179.99809483221077,21.020677974608873],[179.99809483221077,22.017491871552693],[179.99809483221077,23.022578081613233],[179.99809483221077,24.069025865351477],[179.99809483221077,25.061703603938213],[179.99809483221077,26.050245185966617],[179.99809483221077,27.022242139063508],[179.99809483221077,28.076962236817849],[179.99809483221077,29.069639975404584],[179.99809483221077,30.008547670638563],[179.99809483221077,31.075676239866652],[179.99809483221077,32.060081664437291],[179.99809483221077,33.007261673687367],[179.99809483221077,34.012347884647227],[179.99809483221077,35.005025623233962],[179.99809483221077,36.00597567673617],[179.99809483221077,37.044151145558999],[179.99809483221077,38.057509670534898],[179.99809483221077,39.033642781089554],[179.99809483221077,40.042865148607802],[179.99809483221077,41.047951359567662],[179.99809483221077,42.019948312664553],[179.99809483221077,43.074668409519518],[179.99809483221077,44.025984576227245],[179.99809483221077,45.018662315713357],[179.99809483221077,46.019612369215508],[179.99809483221077,47.016426265260009],[179.99809483221077,48.013240161304452],[179.99809483221077,49.043143316111184],[179.99809483221077,50.019276425766463],[179.99856688455418,50.330419931834456],[178.9481525348117,50.471793522952794],[178.04929902562958,50.474085924525866],[177.58161843784069,50.573124166846867],[176.88835074249289,50.738187903449045],[176.12663415334362,51.0112026404895],[175.21728248559828,51.084324426930834],[174.22696517690144,51.291189769192556],[173.38946034112189,51.504046595474051],[172.61410620313882,51.714636608592684],[171.7334570585964,52.020949354129471],[170.79537427370383,52.32726210056552],[170.04873695454694,52.719725306177963],[169.22552145035468,52.920743046054781],[168.36401685139663,53.217483518349752],[167.89497545895028,53.562085357753119],[167.37281688958785,53.852301773807881],[165.92652468576568,54.433596467602968],[165.4848947569875,54.811815092792358],[164.85368823912097,55.071268078559058],[164.09887172534991,55.42008724013408],[163.83746931695543,55.091717095267768],[163.80937536498118,54.642213865477572],[162.85856337889686,53.638226042398003],[162.22932423862278,52.857101592464574],[161.51329349270054,52.184466648916782],[160.77556484604088,51.533529607905109],[160.21141940977805,51.099571579664712],[159.58218026950385,50.405238735379385],[159.25671174854847,50.12316601679828],[158.08788834866846,49.306219999553377],[156.95415595183579,48.581890968093774],[155.87148434842402,47.691415722957288],[154.64349248628923,46.693935208942776],[153.25760132314258,45.549921195007187],[152.28133175935329,44.920069863733261],[151.19083501902094,44.455029402185232],[150.29730006444652,44.101263132987242],[148.93321644558262,43.391765040824055],[147.79890363439529,42.59702358077368],[147.27148430175919,42.387500832697299],[146.68872099257976,42.059773992675673],[145.85684817730157,41.613350372521722],[144.8959490767885,41.132829828433898],[144.47900000014999,40.549400000209914],[144.28300000064962,40.067200000079993],[144.23600000059957,39.557200000379794],[144.11900000014998,38.908600000589615],[144.04078890348512,38.265835948870006],[143.74300000064954,37.479200000179901],[143.42260631532929,37.031440564830234],[143.16389638540988,36.602526733222192],[142.78095441471453,36.134315917745482],[142.45718640203086,35.728947836473537],[142.09000866097097,34.841655398178148],[141.88300000005006,34.212700000304835],[141.95666659578683,33.533567148305281],[142.18238099878408,33.031979584190537],[142.08206348614101,32.731027046261204],[142.1322222424626,32.12912197040265],[142.20746037739457,31.426899381901023],[142.28269851142727,30.900232440075115],[142.48333353761268,30.22308922928454],[142.70904794061005,29.596104775714878],[142.93476234450668,28.918961564924359],[143.21063550382553,28.266897732744212],[143.3109530164686,27.965945193915616],[143.33603239507909,27.313881361735525],[143.33603239507909,26.561500016912305],[143.26079426014701,25.834198049800193],[143.26079426014701,25.282451730263176],[143.38619115140057,24.730705410726159],[143.53150887763263,24.406704032964797],[143.97605162867978,23.826186276075816],[144.25407704192196,23.5268627242354],[144.63671527379097,23.16335640427468],[145.29200000000003,22.712300000344783],[145.75239919986325,22.480471885569102],[145.80609011546653,22.206648213744131],[146.12286652067348,21.895240900547151],[146.41786190080609,21.853963647304511],[146.82200000000012,21.330599999890126],[147.07484663166679,20.656066729595921],[147.4600000001999,19.74520000007999],[147.61900000034984,19.172400000159939],[147.71952267892857,18.874220579316329],[147.74634673421451,18.174920369279675],[147.85600000019997,17.283100000065019],[147.82499998346248,16.94178532393363],[147.75415203119132,16.245818714562063],[147.73843435046501,15.778074122922476],[147.63492148004229,15.37994769752828],[147.47567090988468,14.830533230124502],[147.21290746930435,14.25723117647766],[146.9103313852853,13.723741766269541],[146.60775530216551,13.341540398070947],[146.32110427534212,13.198214884209563],[146.09815347730125,12.879713743894229],[145.84335256486906,12.752313287228446],[145.56466406619381,12.624912831462041],[145.46911372391924,12.409924561569312],[145.23023786868271,12.266599048607247],[144.3684522873433,11.958685548499318],[143.75649868606558,11.608333350403825],[143.50300000005006,11.493600000339768],[143.16763759749722,11.442824916136999],[142.96100000044976,11.403100000664551],[142.31283193064917,11.375291812766989],[141.89876756617036,11.27491257245731],[141.59762984614053,11.111796307853353],[141.24648291085771,10.971482927495174],[140.83642060952354,10.877578081063632],[140.54783029453256,10.852483270986227],[140.28433478961892,10.873395612117861],[140.10000000069954,10.945900000484698],[139.87915249569119,10.968413404654939],[139.64563839759398,10.826989373261029],[139.46666666713304,10.90833335000417],[139.27727813078116,11.103259573370678],[138.90891786396833,11.218372156749695],[138.72499998366243,10.717966914241742],[138.65010227719836,10.342382722584603],[138.57499998396213,9.9576822679223937],[138.57399999990014,9.9525600002438637],[138.35900000014999,9.3786500003972719],[138.33585989531798,9.2941932452221181],[138.32499998356241,9.2545567394020622],[138.32243251714704,9.2451860006334527],[138.30900000024985,9.1961600006835056],[137.98200000039981,8.533600000139927],[137.61083526073878,7.9908391650954513],[137.52149455822735,7.9132372709833021],[137.34967655243099,7.7608180715967592],[137.04483815455728,7.4864635137801656],[136.75900000064962,7.3677099999165989],[136.72805078931253,7.3473587449101956],[136.15117801165593,7.3813984656666776],[136.00007382704553,7.4254958345651403],[135.77283065840822,7.4171820600041087],[135.56498629618068,7.3894694781339467],[135.42642338772919,7.4088682854430772],[135.38208325763628,7.6139413894836139],[135.22135028368871,7.7552755552227381],[135.13821253897754,7.929864820105422],[134.96297536202337,7.962149198226939],[134.91624829182524,7.7885915078918515],[134.9095729956972,7.3747231695386972],[134.83614474278568,7.1410878176487245],[134.63588586883782,6.9675301273135801],[134.26900000005003,6.6102500000375244],[133.98900000024992,6.332630000274321],[133.67400000069949,6.1559400000310234],[133.42900000064958,5.9622200004527031],[133.30800000010004,5.7342700006600467],[133.25380417362373,5.427282519872449],[133.24000000019987,5.3490900005031676],[133.27187189167455,5.0659084304297721],[133.2149344540619,4.7812212459637635],[133.06942767144994,4.5218395890258876],[132.89861536041064,4.1485830577619822],[132.7400000002998,3.6983300002293618],[132.79500000054963,3.3122400003757662],[132.84999999990009,2.9082800002219074],[132.81700000064961,2.5387300004891813],[132.76600000049973,2.256879999912087],[132.73400000059962,1.7284600006285586],[132.72000000069954,1.1645500005820963],[132.65100000054963,0.81158000011697595],[132.50606768327702,-0.014088715221987513],[132.7833333339662,-0.058333349904103216],[133.11728137813316,-0.10282902044286857],[133.32700000034981,-0.14568499936319768],[133.76505119575609,0.009290927634253876],[134.09211828772891,0.12499998366234877],[134.47100000014996,0.25903800000372712],[134.81666666743286,0.35833331712893823],[134.89805160829519,0.36018718768860936],[134.9516335206705,0.33982606082412303],[135.13488366155184,0.21122947076349874],[135.2431191238486,0.14157298440574095],[135.4006499465379,0.091205987366492991],[135.54999999990014,0.024999983862187491],[135.66358969291002,-0.025000016037836303],[135.81538765321773,-0.064161408222389582],[135.98219494594002,-0.1071949618779513],[136.05121115996712,-0.12500001673731731],[136.45100000014997,-0.22813899941525051],[136.94300000074952,-0.42227999952228856],[137.43500000044969,-0.61638699986008305],[138.05400000039981,-0.71815699944590961],[138.60144648406811,-0.94463117309010158],[138.79300000064961,-1.1594099998715706],[139.25700000054962,-1.389969999515813],[139.80500000074949,-1.5574199999330176],[140.22600000069951,-1.7673799992874706],[140.83700000044973,-1.8932800000719112],[141.19499999995014,-2.1667299999894567],[141.59400000069957,-2.2720499996077592],[141.86799999990012,-2.3984300000444136],[142.24599999990016,-2.6931000000649306],[142.44900000024984,-2.8135800000169411],[142.63300000034985,-2.9323299993299656],[143.15441201460283,-2.9778400718618059],[143.50800000039976,-3.1559399995313129],[143.60000000000002,-3.2750000167373514],[143.74300000064954,-3.4604500000673966],[144.07900000004997,-3.7657100001163712],[144.41600000059964,-4.0036799997321282],[144.58300000004999,-4.3757600001238757],[144.73300000064955,-4.6972299994648665],[144.86699999995005,-4.968069999530826],[145.00700000074949,-5.2018799997621272],[145.50500000014995,-5.7621799997072003],[146.00700000054962,-6.1122800000219399],[146.49700000064956,-6.5128799999120019],[146.88857895145748,-6.6877426092339647],[146.95600000019988,-6.7178499993779042],[147.47600000059958,-7.1028499993279866],[148.0100000000001,-7.3123799995373133],[148.58700000024987,-7.3945099999364743],[148.73300000074948,-7.4752500000873852],[148.9440000003998,-7.60692999941989],[149.14800000009996,-7.664679999682221],[149.33400000069958,-7.6649199999579878],[149.60900000014999,-7.6241899994688538],[149.86600000049964,-7.6121900000683809],[150.17300000074954,-7.6290000000499276],[150.55499999995016,-7.68698000012688],[150.91700000044978,-7.7572399999260142],[151.30700000074955,-7.8521899997686546],[151.68000000039979,-7.9553200000179345],[152.06200000049967,-8.103639999586278],[152.38567642262888,-8.2487842978570143],[152.68500000054962,-8.3877900001083958],[152.95900000064955,-8.5441899999684665],[153.10800000009999,-8.6840099996617255],[153.23699999995006,-8.8895099992869859],[153.25499999995009,-9.1861499993229359],[153.69700000064961,-8.9664899996137706],[154.08700000005001,-8.6326499999974544],[154.48100000044974,-8.2961999996302325],[154.8720000001,-7.9623699995757988],[155.30797049074567,-7.5201483016027737],[155.78151485972307,-7.7447944817798771],[156.13104727451218,-7.8394595107477585],[156.26497195379272,-8.0063013329400974],[156.29600000059963,-8.174050000007469],[156.44608057775656,-8.356472502903614],[156.46700000014994,-8.3819000000848973],[156.75816680715252,-8.4258098036794422],[157.06960906080963,-8.6170462750654906],[157.41900000054966,-8.900199999430356],[157.57200000010005,-8.9651499998725512],[157.72400000029984,-9.06804999940789],[157.82699999995009,-9.1070799997421545],[158.05600000049969,-9.2486599996591963],[158.14500000024987,-9.3128500001273551],[158.27300000074945,-9.3900599993694414],[158.58000000009997,-9.5067899999584711],[158.70899999995015,-9.545859999439358],[158.92600000019991,-9.6235999997401223],[159.0030000005496,-9.649519999848053],[159.11900000074945,-9.726409999621751],[159.28499999995006,-9.8796899994938485],[159.43900000064957,-9.9694500001173765],[159.57999999990011,-10.084399999560276],[159.70800000039981,-10.173899999885066],[159.91400000059957,-10.276499999974988],[160.06800000039982,-10.37869999960526],[160.20999999990011,-10.468099999815081],[160.36400000059962,-10.570199999330441],[160.54400000059957,-10.672299999745121],[160.65034274612094,-10.740828474554405],[160.86700000034978,-10.914199999830089],[161.06000000000006,-11.054099999615232],[161.38400000000001,-11.232100000014952],[161.72000000029982,-11.3208999995353],[162.16458449248046,-11.35424615683462],[162.59283416936148,-11.300714947336928],[162.99431824059434,-11.253875139026377],[163.40918511510108,-11.153504121218191],[163.7370637732746,-11.073207306072277],[164.06494243234749,-10.979527689451288],[164.43966089883145,-10.885848072830242],[164.84114497096368,-10.825625462145297],[164.96828159352083,-10.99960189301288],[165.14894942557555,-11.173578324779839],[165.37645706594094,-11.35424615683462],[165.54374209562127,-11.5683709948255],[165.67521827350458,-11.690437021151581],[165.81639234193312,-12.066901203028067],[165.95756641036166,-12.537481430823334],[165.9987573772512,-12.692526395176969],[166.07521146663589,-13.008061658618601],[166.19285652380961,-13.54922892017845],[166.23964781999098,-13.783224790491658],[166.20399999990013,-13.991299999695173],[166.2340000001999,-14.18049999947533],[166.25000000059958,-14.344699999305476],[166.25200000019993,-14.420500000074924],[166.26800000059961,-14.559399999610264],[166.2710000004497,-14.685899999285482],[166.26200000000006,-14.888500000074885],[166.30827990119656,-15.15805495796991],[166.32285813009867,-15.410744252345296],[166.34715517766938,-15.59540181334296],[166.39088986257718,-15.82379406104701],[166.3534316298659,-16.002295634036216],[166.63828247925312,-16.255781773609897],[166.8648455796598,-16.339933782717878],[167.09788191202074,-16.741274132395233],[167.22813302441966,-16.937406559764895],[167.29872005908351,-17.243283707876799],[167.39283610410303,-17.502102833478943],[167.31999999990012,-17.921900000084918],[167.41636511535785,-18.066799106293672],[167.51048116127663,-18.231502185977035],[167.51048116127663,-18.51385032283406],[167.52100000064956,-18.711799999470372],[167.86341633189829,-19.33736572125099],[167.88600000010001,-19.533199999979956],[168.4751706281221,-20.396171233115865],[168.61634469655053,-20.749106403737471],[168.7050000005496,-21.016199999929995],[168.99600000039982,-21.419799999670204],[169.28800000049966,-21.822499999275522],[169.71900000024993,-22.229799999670206],[170.32100000044977,-22.701699999655204],[170.66000000059967,-22.88379999937041],[171.28800000009994,-23.072399999360414],[172.06000000049971,-23.172999999850049],[172.78300000034983,-23.068599999490345],[173.04000000069959,-23.006799999520297],[173.24250625795753,-22.882493239471387],[173.60600000000011,-22.834999999950014],[174.03399999990017,-22.488099999715189],[174.58400000059964,-22.17039999976015],[174.92281472961611,-21.854493046516836],[175.32044563395891,-21.291182598398166],[175.98939340208392,-20.861608516919489],[175.82800000019995,-20.629399999710188],[175.59000000009996,-20.188699999605262],[175.57400000059965,-19.976499999475323],[175.55900000044971,-19.754800000119872],[175.77200000059963,-19.547099999765123],[175.83900000024983,-19.445099999465356],[175.88500000005001,-19.327400000009959],[175.90000000019995,-19.162400000159835],[175.92200000029982,-19.079799999670229],[175.97500000005004,-19.022200000029954],[176.06099999995013,-18.894499999875052],[176.1360000006996,-18.731999999300456],[176.21199999990017,-18.610699999305496],[176.21500000064952,-18.318899999435359],[176.24400000069954,-18.242499999775134],[176.30000000029986,-18.140300000144862],[176.3420000000001,-18.038399999960006],[176.3360000002998,-17.822699999405415],[175.9730000004497,-17.804299999845057],[175.98600000010003,-17.540800000119873],[176.03600000000006,-17.238899999435375],[176.06500000005008,-17.089499999525287],[176.10600000039972,-16.965399999910005],[176.14800000009996,-16.815799999770149],[176.17900000064958,-16.669599999939976],[176.18400000010001,-16.552099999815084],[176.37700000064956,-16.568999999450341],[176.54500000034977,-16.557399999610254],[176.61898677182216,-16.554640175403733],[176.67100000034975,-16.552699999605238],[176.7900000003998,-16.544699999405395],[176.88300000024992,-16.543499999825087],[176.94900000054963,-16.523499999325452],[177.03500000044971,-16.515899999585258],[177.12999999990018,-16.504899999535326],[177.19000000049971,-16.503999999400378],[177.26900000044975,-16.505899999785129],[177.4120000001999,-16.509899999885022],[177.59781507590515,-16.453718399284639],[177.70901052181819,-16.41797700563427],[177.87183242572598,-16.394149409567547],[178.01082673446626,-16.31075282468305],[178.17364863837406,-16.223384973937357],[178.49099999995008,-16.092399999460383],[178.66211435009723,-15.981137751006372],[178.82472155975222,-15.837660800305628],[178.93600000049969,-15.812399999660215],[179.33200000049965,-15.729499999725135],[179.6139999999001,-15.677499999325448],[179.89000000049964,-15.653799999969976],[179.99999966825021,-15.620711151298565],[179.99999966825021,-15.362381299157562],[179.99809483221077,-15.067293995721286],[179.99809483221077,-14.037390840914554],[179.99999966825021,-13.369429209990017],[179.99809483221077,-13.003351529549377],[179.99809483221077,-12.02308226243639],[179.99809483221077,-11.051085309339499],[179.99809483221077,-10.025318312889794],[179.99809483221077,-9.0078236304561301],[179.99809483221077,-8.0068735769539785],[179.99809483221077,-7.0017873659941188],[179.99809483221077,-6.0008373124919103],[179.99809483221077,-5.0040234164474668],[179.99809483221077,-4.0113456769613549],[179.99809483221077,-3.0021233094431068],[179.99809483221077,-2.0053094124993436],[179.99809483221077,-0.99195088752338734],[179.99809483221077,0.00072685106334802185],[179.99809483221077,1.0016769045655565],[179.99809483221077,2.0067631155254162],[179.99809483221077,3.0077131690275678],[179.99809483221077,4.0789778957133649],[179.99809483221077,5.0054771185742197],[179.99809483221077,6.0022910155179829],[179.99809483221077,7.0156495404939392],[179.99809483221077,8.0662334807905722],[179.99809483221077,9.0465027479035598],[179.99809483221077,10.05158895886342],[179.99809483221077,11.023585911960311]]],[[[-130.75299999925051,50.907600000639547],[-131.07399999940043,51.185100000264868],[-130.8500000000999,51.612099999915131],[-131.31755499666571,52.019478406803103],[-131.59199999930047,52.259100000564615],[-131.96233956871612,52.540224317498314],[-132.16899999955029,52.697100000264868],[-132.5089835720342,52.965281537812757],[-132.71399999990007,53.127000000549629],[-133.09299999925054,53.521699999955104],[-133.4259999997002,53.924100000114947],[-133.70937422074365,54.234374238580301],[-134.20808292098997,54.755786787929992],[-134.72408314342232,55.338381059638266],[-134.9511335279899,55.602186129186578],[-135.17999999990002,55.818599999890125],[-135.42900000004994,56.102400000459681],[-135.90299999975014,56.621000000149934],[-136.0159617438394,56.804234475740543],[-136.26553049683491,57.109968532721666],[-136.32080309508672,57.220300759872202],[-136.34792445365059,57.328539015463264],[-136.39742249155472,57.418238129286294],[-136.44037560804782,57.513480515813228],[-136.51883030317595,57.655695075567337],[-136.58460911252047,57.748337385362106],[-136.66617194198153,57.868995959196241],[-136.76095473087611,57.979800389776244],[-136.83052335976521,58.1003275474784],[-136.91586204319873,58.221870773617354],[-136.99655414275946,58.306757299509798],[-137.0737656051985,58.405621927709831],[-137.12059647334854,58.447316818016816],[-137.14519912224165,58.467156546737272],[-137.19855445132686,58.496768185603344],[-137.30799758801822,58.553264543523937],[-137.40545378526394,58.611383842290536],[-137.48339666542375,58.666212726735978],[-137.53648844188803,58.704558013841336],[-137.76401369007971,58.877406436757724],[-137.84940830325058,58.938034563444376],[-137.94424568728863,59.02160218769086],[-138.03532012172622,59.109033026952659],[-138.11782644703288,59.173643728475326],[-138.37928746154711,59.377496477680381],[-138.59720046163199,59.541815179926687],[-138.8986582890488,59.763361741451263],[-139.12435178100986,59.904225778496937],[-139.287931530116,59.993954672470238],[-139.34768416499219,60.026559435869331],[-139.38298582793357,60.047242396819229],[-139.44500077666447,60.082017907800264],[-139.50879544235573,60.117738701579867],[-139.56986142106769,60.142302917945358],[-139.63468285532946,60.162933348595232],[-139.71761332339611,60.180135560907445],[-139.80964343139919,60.19558159961116],[-139.90413744258888,60.218922736195395],[-139.98665954200425,60.246076045872883],[-140.0861077384813,60.273826194223545],[-140.17772553880252,60.29609693702406],[-140.37061666202931,60.337040434768312],[-140.49603882063502,60.356744993586631],[-140.63201055384394,60.375266808116749],[-140.85996052485831,60.398734473916875],[-141.00990153173029,60.414814176732932],[-141.15290619716325,60.425488482807282],[-141.35098766944537,60.453273398948284],[-141.51427895111266,60.470810821862017],[-141.63266931693539,60.483574613677547],[-141.75804583314863,60.497848081224049],[-141.90811351852403,60.511097337871888],[-142.10577902288355,60.531727084137685],[-142.36911988847203,60.551012014792718],[-142.66860602244992,60.572920939649691],[-142.79195768449949,60.582571327105143],[-142.93509974385807,60.593622678443921],[-143.12037285842064,60.598987852107769],[-143.26170310221636,60.598949638115357],[-143.40676077059305,60.586465076801915],[-143.57001948780908,60.573507474790176],[-143.68276749902083,60.556826697494159],[-143.8748408399328,60.526236854347417],[-143.97819080715999,60.510888653788413],[-144.16698519381163,60.479971164237895],[-144.30998395339671,60.459350898625132],[-144.41111883916307,60.448732113995902],[-144.54574025021233,60.439989910506029],[-144.63837812275213,60.439543875549475],[-144.64424928827401,60.419097635947196],[-144.64228133331684,60.416837867173911],[-144.63849174489809,60.412780897720324],[-144.63482213863077,60.408668506646336],[-144.63188203362893,60.405824063429861],[-144.62724708068819,60.401029086023584],[-144.62534356305497,60.399610907317594],[-144.62087615381142,60.397200493108301],[-144.61605960886382,60.39484172696416],[-144.6108077704622,60.392076200156566],[-144.60547873875277,60.387712678797129],[-144.60368652661188,60.38610722706693],[-144.60106297577568,60.383756745477456],[-144.59756991451991,60.380617828250251],[-144.5942788014255,60.377938990691916],[-144.59143846091621,60.375438436534694],[-144.58802838460224,60.371043977597537],[-144.58621113353695,60.367016981648419],[-144.58382534816127,60.362866890994269],[-144.58077449434739,60.358306544911159],[-144.57747181147488,60.354084973442809],[-144.57393211497509,60.349973883687824],[-144.57135598808836,60.347020268170922],[-144.56815598980705,60.343028585900583],[-144.56469663154428,60.339489777930964],[-144.56233388769874,60.336824968897247],[-144.55986009376829,60.334101252470873],[-144.55737177848476,60.331605765993345],[-144.55455334635982,60.328876540320152],[-144.5521585281935,60.326725190215427],[-144.54947106253948,60.323769419023506],[-144.54592315433007,60.319885995342474],[-144.54192319649829,60.315881078648943],[-144.53675075924011,60.312200219164822],[-144.5327377747285,60.308423335468603],[-144.52881640505302,60.303276769907086],[-144.5268102900628,60.298789000012391],[-144.52544035638732,60.293397325126534],[-144.52436437241784,60.290523871579467],[-144.52303065084382,60.286332396822729],[-144.52223429757476,60.282720748263955],[-144.52286315571004,60.278446324538322],[-144.52192932128114,60.275175237547217],[-144.52207936596994,60.271178801460565],[-144.52199950797089,60.267178697039299],[-144.52229088201855,60.262784628407928],[-144.52217176051829,60.257641371452166],[-144.52293762497138,60.253026361877176],[-144.5232377350334,60.25023195963729],[-144.52388497081472,60.245673024590474],[-144.52326890373689,60.241094128191492],[-144.52294448320131,60.237319462223468],[-144.52496728421278,60.225871937939644],[-144.52715483742577,60.220595301631931],[-144.53186054003186,60.213702500869772],[-144.53780035620144,60.210712883692679],[-144.54270424780276,60.205993269473879],[-144.54974597179913,60.200165111330875],[-144.55359212487664,60.195771175799166],[-144.55763310798153,60.191894228136164],[-144.56296156502418,60.186132597341555],[-144.57572021631489,60.1748732948667],[-144.58193321414649,60.171029675179398],[-144.58889073461967,60.166283593912794],[-144.59700101508474,60.159613234163487],[-144.60215586430166,60.156095061138217],[-144.60607371043335,60.15398543328115],[-144.66559383278911,60.103655485612251],[-144.77949900797282,60.019868943896711],[-144.90310059161897,59.924988065946536],[-145.0476511116095,59.799482869338988],[-145.15802914932576,59.686841751545671],[-145.25882438183973,59.57663331337676],[-145.32096416006792,59.496306982481315],[-145.38526792837217,59.377607802058492],[-145.44105581747198,59.277091645363214],[-145.49298257528559,59.183585285832351],[-145.53994469768961,59.136965423815298],[-145.60569999965523,59.070900000534664],[-145.87718422637093,58.988348450120952],[-146.25986601510448,58.726209368367734],[-146.68079490745899,58.458952928335009],[-146.84948423660819,58.040336018492496],[-147.39089381060086,57.755748934865494],[-148.25699999945039,57.346900000634548],[-148.96765078415635,57.043815919269321],[-149.39385115610594,56.925930709834461],[-150.00848321273006,56.630917016806961],[-151.07144836604922,56.273028011633471],[-152.16444212800178,55.909958244177687],[-153.17450536433108,55.452946026038319],[-153.62957549291463,55.279230778977308],[-154.10379140724763,55.13597805534306],[-154.79807864151607,54.879541184378184],[-155.18559646260664,54.656822391640105],[-155.66555187721733,54.469462927272332],[-156.35953046595822,54.327512761904472],[-156.70209943913778,54.241883466149091],[-157.25854818325203,54.090929151758985],[-157.90521004960408,53.996295707880677],[-158.28560130645511,53.965419687868348],[-158.3297388903375,53.948931232390521],[-158.70959432301956,53.807028820124003],[-159.45088963324994,53.712395376245695],[-160.17994727664546,53.571710331266843],[-160.72783280484003,53.480396076417833],[-161.39381239472621,53.391997097188323],[-162.57323840582774,53.131350465551577],[-164.27995222821272,52.741761244086206],[-166.04853341158764,52.240223296468002],[-166.76015689672337,52.095092203842171],[-167.62752453043271,51.881692230212309],[-168.46047281436887,51.654524516493268],[-169.63848924788047,51.369131071941467],[-171.55617035257967,51.185469430070214],[-172.26265413038379,51.095679219420504],[-173.04228454649459,50.999382136776262],[-173.78167885269687,50.925000017037235],[-174.23771173520839,50.885679216422773],[-174.59666008329617,50.911388318316313],[-175.10561145820222,50.722162807467669],[-175.60803781549276,50.624287543235596],[-176.25699402235622,50.584672661614093],[-176.71397880667655,50.496772834898479],[-177.30130542970178,50.386335350196305],[-177.93883090891927,50.290957523071313],[-178.28018313444409,50.386335350196305],[-178.8072711289594,50.32609672258576],[-179.14862335448419,50.341156379263566],[-179.60543294997063,50.331116607845217],[-179.99196414642819,50.331116607845217],[-179.99729225363458,49.076528667663922],[-179.99729225363458,48.017115660159618],[-179.99729225363458,47.015357782535716],[-179.99797144682478,46.029996294093735],[-179.99797144682478,45.050269712976899],[-179.99797144682478,44.024329614120461],[-179.99797144682478,43.016874923438991],[-179.99797144682478,42.092604564149383],[-179.99797144682478,41.038936353929671],[-179.99858267195273,40.093126636285263],[-179.99858267195273,39.049614174054966],[-179.99858267195273,37.909480187061035],[-179.99858267195273,37.039138187777212],[-179.99858267195273,36.081008781530102],[-179.99858267195273,35.00466860317357],[-179.99858267195273,34.052760816558475],[-179.99858267195273,33.075966550515943],[-179.99858267195273,32.00590505377528],[-179.99770393808626,30.976068275230773],[-179.99770393808626,30.075312991301587],[-179.9950299244914,29.087858111362777],[-179.9950299244914,28.095127369432589],[-179.9950299244914,27.060816282045835],[-179.9950299244914,26.016110108294924],[-179.9950299244914,25.044169538193671],[-179.99637854963032,24.022594074057338],[-179.99637854963032,23.090705050497718],[-179.9991035350001,22.194149517786059],[-179.99637854963032,21.056524438751921],[-179.99637854963032,20.012808731537802],[-179.99790985945242,18.987082115547253],[-179.99790985945242,18.053443924097849],[-179.99790985945242,17.046783751169244],[-179.99609036278,16.04996314168568],[-179.99609036278,15.048509282577356],[-179.99609036278,14.047055423469089],[-179.9975552990378,13.011218000410452],[-179.9975552990378,12.064507143190156],[-179.9975552990378,11.068441692630074],[-179.9975552990378,10.067889460530239],[-179.99832622757333,9.0238056509101057],[-179.99832622757333,8.0577161671674276],[-179.99832622757333,7.080951661490019],[-179.99832622757333,6.1255371996820713],[-179.99832622757333,5.0847225623963936],[-179.99786463344606,4.034430944032863],[-179.99786463344606,3.0629568585721927],[-179.99786463344606,2.0422942117085654],[-179.99786463344606,1.0031858545435739],[-179.99786463344606,0.14238603179001075],[-179.9956981486506,-1.3661966865278146],[-179.9956981486506,-2.1679970952896497],[-179.9956981486506,-3.153342176500189],[-179.99758934647113,-3.9964535711753228],[-179.99758934647113,-5.0483345955651089],[-179.99758934647113,-6.0836505638224025],[-179.99604425184071,-6.6700116800948877],[-179.99604425184071,-7.8595442642563285],[-179.99749079426471,-9.0785072657976116],[-179.99749079426471,-10.447033357503415],[-179.99749079426471,-11.185317170051292],[-179.99749079426471,-12.199707124783913],[-179.99899999965024,-13.375000016337651],[-179.99899999965024,-14.789928902496797],[-179.99899999965024,-15.36307048831236],[-179.99899999965024,-15.620410242638513],[-179.46030996023646,-15.744823729731309],[-179.36265808939928,-15.516039347038202],[-179.20362504366082,-15.142172185997538],[-179.16735434862426,-15.033360101787196],[-179.09956888199827,-15.045443585253224],[-178.88799999999998,-14.224100000114845],[-178.7964614704205,-14.23499058145012],[-178.73299999995001,-13.986100000014915],[-178.30757951648147,-14.143440461408147],[-178.34612254292099,-14.303118713158028],[-177.90563081411076,-14.446278525133778],[-177.64684192371578,-14.53988301778702],[-177.4149999998501,-14.706399999460359],[-176.87999999930051,-14.670799999920007],[-176.34599999990004,-14.633999999900027],[-175.86499999935046,-14.478099999715141],[-175.63602453770221,-14.448654414369685],[-175.41303684587371,-14.419978838452607],[-175.19499737592812,-14.391666683070923],[-174.7539999997002,-14.333899999485368],[-174.63870255437936,-14.341666683170843],[-174.25766588557212,-14.367334131165194],[-174.08299999935045,-14.37910000016484],[-173.83599999970019,-14.533799999870041],[-173.66122189067769,-14.554251889912734],[-173.59650899469432,-14.561824355109877],[-173.4839122080819,-14.575000016637432],[-173.42256548081227,-14.582178584174301],[-173.35793666154765,-14.625264463983797],[-173.27299999935047,-14.696700000004967],[-173.1008963733689,-14.731792749535714],[-172.9389999995503,-14.866899999535292],[-172.77399999970021,-15.032999999750132],[-172.67131348572875,-15.103686530009327],[-172.49076362853859,-15.293322266609266],[-172.42799999960027,-15.373399999710159],[-172.33733899609777,-15.503262638260082],[-172.27008264649692,-15.653600360368273],[-172.24238885596091,-15.839544384465739],[-172.23052008833139,-16.013619641832975],[-172.23811454015387,-16.2354310447069],[-172.23032181929651,-16.441938136635656],[-172.25369998096932,-16.65623794852246],[-172.33499999975015,-16.962899999735157],[-172.37328395668922,-17.264950607184744],[-172.41860932286193,-17.525689932844102],[-172.44499999935047,-17.676599999690211],[-172.5399999997002,-17.934799999620225],[-172.64637861558063,-18.323559664846584],[-172.69799999960028,-18.483199999380417],[-172.69348243336759,-18.620113595266162],[-172.84947183425771,-18.989025756233616],[-172.9700000000999,-19.460799999520304],[-173.05299999925055,-19.77879999982008],[-173.21799999999996,-20.204000000099882],[-173.49166668257132,-20.769763998409758],[-173.65833335010399,-21.143279863574776],[-173.81799999970019,-21.526299999745163],[-173.90257131231618,-21.77180925889013],[-174.13899999985009,-22.289799999370416],[-174.38751801374531,-22.729184663641263],[-174.48900000004994,-22.905799999470332],[-174.66299999945039,-23.220499999575281],[-174.82921894220038,-23.491743313203301],[-174.92597956330619,-23.651959094236759],[-174.98499999985009,-23.749899999984962],[-175.05333539381334,-23.914467302723779],[-175.13817834125743,-24.155726805647532],[-175.19708697768183,-24.425584048165263],[-175.22798074491541,-24.776179780872155],[-175.19366487833145,-25.034268370988514],[-175.20273713660953,-25.186228703891516],[-175.21180939578696,-25.34045710181374],[-175.31614037048169,-25.580871957874535],[-175.38530826416502,-25.759103951885834],[-175.41499999935047,-26.024799999820118],[-175.42299999955031,-26.437199999780148],[-175.48553269787567,-26.649943295646551],[-175.54168932969878,-26.864359528369505],[-175.60805625878928,-27.145142690182979],[-175.69484378151529,-27.461661890184018],[-175.78500000004993,-27.784300000044936],[-175.88499999985009,-28.263799999770129],[-175.88699196940385,-28.271646547749924],[-175.89166668317085,-28.290060671163019],[-175.99499999945039,-28.697099999465365],[-176.07799999950035,-29.065299999895046],[-176.15299999935047,-29.46909999986508],[-176.308741628923,-29.813824885410099],[-176.54699999975017,-30.321500000024912],[-176.68999999950034,-30.677899999485362],[-176.91900000004995,-31.037399999810077],[-177.05665592692947,-31.339150532271219],[-177.30099999925054,-31.793199999580281],[-177.42846170064695,-32.164575411725821],[-177.6658250355969,-32.690825019558986],[-177.66599999960027,-32.695899999984988],[-177.71947350319959,-32.879678033014784],[-177.80999999960028,-33.190799999420392],[-177.98100000004993,-33.57950000002495],[-178.29399999999998,-34.241299999695173],[-178.53900000004992,-34.705799999270482],[-179.04399999940043,-35.542300000044918],[-179.37099999925053,-36.178999999650216],[-179.62471643271718,-36.533049749546251],[-179.81099999945039,-36.793000000149846],[-179.99899999965024,-37.158716239462819],[-179.99581836642446,-38.719874434357621],[-179.99999966715089,-40.649863026557398],[-179.99899999965024,-40.658333349704264],[-179.9929314473284,-42.597586450953884],[-179.99077301776055,-44.101799846385745],[-179.99899999965024,-45.358333316029643],[-179.99166664979603,-46.683333333166729],[-179.99643313667988,-47.096067449253326],[-179.99905839083203,-49.703792668097094],[-179.99665574047003,-51.644815830286291],[-179.99665373767982,-53.731773120333173],[-179.99665373767982,-55.887371879608509],[-179.99566155973318,-58.775893312126641],[-179.99566155973318,-61.992477756643098],[-179.99299999995,-65.457999999700178],[-179.19408112334514,-65.729898482029284],[-178.38340113695287,-65.936880605755334],[-177.92599999980013,-65.862299999345453],[-177.07199999960028,-65.606899999935024],[-175.9398621691038,-65.241190688099721],[-175.32466529956389,-65.632156923603077],[-174.38749623666197,-65.384928274919901],[-173.47099999935045,-65.017999999500319],[-173.23113442401444,-65.089502152802083],[-171.16878634701229,-64.306747314736754],[-170.04300000004994,-64.858499999675189],[-169.83899999945038,-64.763699999555286],[-168.91758981072115,-64.145200716040165],[-167.38399999950036,-63.509999999600268],[-167.01070101483992,-63.644031225160859],[-166.05725661689931,-63.142861733382233],[-165.604981709838,-62.99617798012963],[-164.8213173100458,-63.135517803903497],[-164.22099999985008,-62.963999999900011],[-163.01356872971309,-63.362887364160486],[-161.6519999993005,-62.469999999700178],[-161.33799999999997,-62.614400000159833],[-160.42999999980012,-62.92329999989505],[-159.88799999930049,-62.595399999910001],[-158.70300000004994,-63.004399999560292],[-158.39399999930049,-62.788499999675196],[-157.40968347541204,-63.112449963195218],[-156.55125852566042,-62.667908472098247],[-155.6949999995503,-62.138999999750126],[-155.18697601633005,-62.254025013443595],[-154.32399999970019,-61.776200000129847],[-154.18099999995002,-61.836099999715202],[-153.66099999955031,-61.399199999480345],[-152.94300000004992,-60.840699999805111],[-152.11899999925055,-60.157499999825063],[-151.32899999975015,-59.469399999610232],[-150.38199999970018,-59.717599999740173],[-149.80899999955031,-59.314100000114877],[-149.26400000009988,-58.822099999515331],[-148.70280184273082,-58.053874367408071],[-148.07009999961525,-57.439899999385432],[-147.16699999965024,-57.637899999385411],[-146.68099999965023,-57.307599999340482],[-145.97899999965023,-56.668599999790104],[-145.41200000009991,-56.227699999455353],[-144.85699999995001,-55.784199999730163],[-144.48199999980011,-55.910299999845051],[-143.06416843482538,-56.298902204573039],[-142.48899999925055,-56.528999999450377],[-141.21099999925053,-56.839199999780135],[-140.04372730577052,-57.113862427908657],[-139.80624495544032,-56.811612163770292],[-139.32588292855428,-56.49316992185436],[-139.19094977471229,-55.985821263840194],[-138.59184657266115,-56.012807894968319],[-138.39754283123665,-55.694365652153067],[-138.00007586610832,-55.282989647254396],[-137.49867611461099,-54.60504068797735],[-137.01699999925052,-54.096999999850084],[-136.15699999935043,-54.366999999850066],[-135.23884625035413,-54.60504068797735],[-134.51419999923053,-53.793899999585278],[-134.20500000004995,-53.887099999665224],[-133.42299999985011,-54.078999999850055],[-132.04177451947845,-54.366259435124789],[-131.24695670518776,-54.569218104431911],[-130.20541143528948,-54.831284333005499],[-129.65925505787459,-54.948165109432239],[-128.74905518644766,-55.16054508009131],[-127.78634726061756,-55.370004840550905],[-127.43049999977512,-54.812899999635249],[-126.24661998922107,-55.077761987525662],[-125.64542952635151,-55.226664443809],[-125.17409999961524,-55.272899999435367],[-124.34899999935044,-55.502999999450367],[-123.44199999940042,-55.714999999350425],[-122.65499999975015,-55.873099999365422],[-121.86384790215891,-55.966995482955156],[-121.64818060724917,-55.985587490470266],[-121.22799999940042,-55.218899999435394],[-120.66299999945039,-54.409799999570282],[-119.68499999975018,-54.641599999740151],[-118.58100000004993,-54.818499999775156],[-118.31299999965023,-54.350299999545314],[-118.03699999995001,-53.690799999820115],[-117.66099999955031,-53.124099999715156],[-118.43399999930051,-52.957999999500316],[-118.46387532028979,-52.776844164726356],[-118.29987794311256,-52.388850372046988],[-118.09188127080398,-51.996856642220223],[-117.81971307100139,-51.486555809403058],[-117.43451314096865,-50.8906996671559],[-117.16366943929313,-50.487443489925056],[-116.88078824008517,-49.765193619989532],[-116.62198203684147,-49.253599962268424],[-115.23300000004991,-49.589199999880066],[-114.55599999999998,-49.720999999350454],[-113.8749999998501,-49.848899999735181],[-113.65913544494481,-49.313096051141827],[-113.36398246401944,-48.626693770401118],[-113.33652637239413,-48.146212173253161],[-113.19924591606616,-47.871651260597162],[-113.25415809841746,-47.603954370397844],[-113.1786538477968,-47.247025184664494],[-112.92468500341016,-46.581214971293832],[-112.67499999955032,-45.832699999905003],[-112.59280258417186,-45.609510792489061],[-112.44805826297841,-45.431870033475207],[-112.19804534381751,-44.681831275992579],[-111.94145313655298,-43.971268242635233],[-111.71775736710879,-43.42518739298373],[-111.50064088486891,-42.846210105511943],[-111.34899999925051,-42.200399999660192],[-111.26378654011671,-41.444821900410318],[-111.50406529187967,-40.900333163744449],[-111.44422432199485,-40.414125284554189],[-111.44422432199485,-39.785795101662586],[-111.22730080728638,-39.112584192706265],[-111.19194311208491,-38.823601914496692],[-111.06016833589996,-38.147540019756036],[-110.81380679824508,-37.482936801791936],[-110.66799999999995,-37.042299999745126],[-110.47099999935045,-36.410200000029931],[-110.73899999975015,-36.357800000069915],[-110.80500000004992,-36.278000000099894],[-110.85060387007252,-35.948869760830746],[-110.70375773343261,-35.650612157425087],[-110.87700000004992,-35.319099999865045],[-110.52699999985009,-35.061299999495361],[-110.32599999999996,-34.9460000000999],[-110.14099999965021,-34.81709999946537],[-109.91899999995002,-34.701899999285502],[-109.69099999965022,-34.609199999780117],[-109.2595262460394,-34.544678692667503],[-109.25899999965026,-34.544599999290483],[-109.25944651214678,-34.536143544588867],[-109.27699999965023,-34.203699999655214],[-109.26999999970019,-33.916699999905006],[-109.20499999965023,-33.701899999485363],[-109.32299999945036,-33.391700000054925],[-109.40999999960025,-33.140099999615245],[-109.1829999995503,-33.020399999660185],[-108.97199999990005,-32.936499999475359],[-109.20599999990003,-32.661500000024944],[-109.43499999955031,-32.399999999900047],[-109.79099999945038,-32.11519999997995],[-110.20999999980012,-31.919799999370412],[-110.6183999996602,-31.799649999347935],[-111.20257702061298,-31.741968710887249],[-111.4698895765427,-31.662610295128957],[-111.90427248138985,-31.63754974292624],[-112.04099999945038,-31.773699999655207],[-112.02299999945041,-31.536200000129838],[-111.96399999999994,-31.390499999974963],[-111.97799999990002,-31.386199999530334],[-111.9509999994504,-31.044599999989941],[-111.88500000004996,-30.665799999969977],[-111.85099999965024,-30.624400000059893],[-111.79699999965021,-30.424800000019957],[-111.77499999955029,-30.187299999595268],[-111.77299999995,-30.02469999980508],[-111.93268332837289,-29.556011848467961],[-112.30199999990003,-29.374999999650242],[-112.47099999985005,-28.975999999800081],[-112.84224545816136,-29.137746051938677],[-112.95599999960029,-29.008799999720168],[-113.0199999994004,-28.787199999580253],[-113.02099999965026,-28.549499999825116],[-113.00999999960027,-28.382899999934978],[-112.93399999950032,-28.379399999510326],[-112.95499999935043,-28.128999999550274],[-112.97099999975018,-27.849499999425404],[-113.00100000004994,-27.607400000009932],[-113.13299999975015,-27.577000000149837],[-113.1289999996502,-27.272699999405404],[-113.11199999990004,-27.014300000144829],[-112.97600000009987,-26.830199999930016],[-112.94700000004991,-26.724099999415387],[-112.68399999999997,-26.800899999535318],[-112.6579999998001,-26.553799999770149],[-112.68299999975017,-26.282299999845065],[-112.67199999970018,-26.03789999958525],[-112.61999999930049,-25.934200000029932],[-112.54999999980009,-25.925899999485353],[-112.54099999935045,-25.787399999510342],[-112.45499999945037,-25.785999999700209],[-112.43699999945039,-25.682699999705164],[-112.36400000009991,-25.663699999455389],[-112.36599999970019,-25.564199999330469],[-112.38799999980012,-25.42919999978011],[-112.44300000004995,-25.198499999974956],[-112.45299999985008,-25.059399999310472],[-111.97799999990002,-25.026599999390442],[-111.97699999965022,-24.890699999705191],[-112.04799999940042,-24.659099999765147],[-112.10299999965025,-24.448499999675221],[-112.12299999925051,-24.222399999760114],[-112.0979999993005,-24.110399999660217],[-111.71299999935047,-24.031999999500329],[-111.76299999925055,-23.85979999947034],[-111.83199999940041,-23.72749999942539],[-111.86399999930052,-23.474999999750139],[-111.87099999925056,-23.326699999305504],[-111.74100000004995,-23.208699999505313],[-111.92399999990005,-23.01579999997],[-112.20799999980011,-22.820899999935023],[-112.57499999975016,-22.619499999625248],[-112.93399999950032,-22.407000000049891],[-113.27999999960025,-22.223100000064903],[-113.6099999993005,-22.126399999560306],[-113.90599999950035,-22.102199999630216],[-114.12499999935045,-22.105700000054924],[-114.4209999995503,-22.114499999375425],[-114.37899999985007,-21.626999999450391],[-114.31799999990005,-21.563599999440385],[-114.2289999992505,-21.121299999295502],[-114.08699999975016,-20.599299999295511],[-113.93099999945036,-20.574499999575266],[-113.79599999990006,-20.320999999650212],[-113.69699999945038,-19.967499999924996],[-113.49800000009986,-19.300599999790109],[-113.4374159995487,-18.768075000061174],[-113.25030399982967,-17.700885999988884],[-113.08329667000527,-16.899519926903054],[-112.97299999935046,-15.791700000154833],[-112.86899999945035,-15.247799999270512],[-112.7659999998001,-14.703800000069918],[-112.61299999935045,-14.717999999300503],[-112.5809999994504,-14.061899999885043],[-112.43899999995,-13.86459999979013],[-112.4259999994004,-13.386299999645246],[-111.84599999930049,-13.464499999575253],[-111.26600000009989,-13.541299999695184],[-111.00755041581903,-13.528432809226729],[-110.87279758054387,-12.957666845548431],[-110.82361873811425,-12.656446432856569],[-110.74985047402015,-12.281457756070552],[-110.61460865576481,-11.851142880539442],[-110.48499999925053,-11.394200000129842],[-110.37486179633481,-11.021249906557898],[-110.29882594566084,-10.741889527979311],[-110.15393502867857,-10.149229219253016],[-110.02911254970439,-9.768817855359714],[-109.94589756402132,-9.602387883094309],[-109.75599999970018,-8.9245399995213006],[-109.0379999993005,-9.0353699996257433],[-108.24599999930047,-9.0199999995003282],[-108.03300000004992,-8.6019999994003911],[-107.92291450010407,-8.2280702464446449],[-107.7679680978494,-7.6534773383084485],[-107.65299999955033,-7.1859399999310085],[-107.5434756082127,-6.8192307274160839],[-107.37599999960025,-6.2949999995502708],[-106.93863271792554,-6.3828304651538019],[-106.84500000004994,-6.0161999993304676],[-106.75199999930049,-6.0187500000124601],[-106.7409999992505,-5.6198999998850354],[-106.58699999945037,-5.6238299994548697],[-106.4499999994004,-5.0432400000259463],[-106.25299999965023,-4.4939099996467462],[-105.54399999970019,-4.5693500000024301],[-104.6819999993005,-4.5249999998500812],[-104.57461579838036,-4.1258863544716178],[-103.8009999995503,-4.0159999995003091],[-103.62999999999994,-3.7050000000498926],[-102.97449999947537,-3.7283549996834608],[-102.57889183409083,-3.8407105062847791],[-102.51873421111492,-3.2828852760346194],[-102.45799999950032,-2.940999999850078],[-102.39295009067411,-2.7305289202734002],[-102.61399999980011,-2.6569999999500169],[-102.59770581946793,-2.4209972115520486],[-102.50818287563914,-1.9510017544273524],[-102.48145367904402,-1.729051515115259],[-102.46199999960027,-1.5326899998435692],[-102.39900000004991,-1.2833599997641159],[-102.34827654142919,-0.86000632832934798],[-102.26646839490047,-0.33020118693519862],[-102.21192963084775,0.10610892998317922],[-102.18076462178982,0.35932462273319743],[-102.16128649157827,0.59306218527166266],[-102.14399999930049,0.80746099992524023],[-102.12695783033956,1.1800043463235852],[-102.1444614558315,1.3273265309946396],[-102.13425100747799,1.4308896519359564],[-102.10361966241743,1.5665427526459439],[-102.02855855183566,1.7862465340503491],[-101.98299999955032,1.9370000001499079],[-102.00512992380692,2.0642249568163606],[-101.93927087694937,2.2233843195307941],[-102.06800000009991,2.6353200004177211],[-102.10899999955029,2.785640000485671],[-102.09599999990002,2.7983300002293845],[-102.11799999999994,2.8929400005806087],[-102.14499999955029,2.8887600002738623],[-102.19299999985009,3.0721900001684048],[-102.2190000000499,3.2386899999435741],[-102.19899999955032,3.458159999884117],[-102.25899999925053,3.7507100001664071],[-102.18399999940044,3.7775300004092287],[-102.32000000009987,4.653259999949114],[-102.35982478258762,5.6320358384832048],[-102.49614605169887,6.4954038722909218],[-102.65899999935044,7.1817200006775579],[-102.80999999930049,7.7908500005271435],[-102.89199999999994,8.4390000002498482],[-103.59499999935048,8.3704800006515825],[-104.22899999945037,8.3400100002613726],[-104.25799999950033,8.4557400006005992],[-104.29599999999999,9.1747400003507664],[-104.29599999999999,10.017100000664527],[-103.59800000009989,10.123200000279837],[-103.62799999950033,10.274600000689531],[-103.73899999935043,10.936600000589578],[-103.80699999925054,11.404500000474684],[-103.87500000004991,11.872300000244877],[-103.77199999950034,11.890400000359762],[-103.92699999955028,12.58680000021991],[-104.18100000004995,13.328399999860153],[-104.43699999925053,14.069800000169948],[-104.56299999925051,14.672199999930115],[-104.68999999950034,15.274500000474688],[-105.31999999950034,15.10760000023987],[-105.35699999975014,15.557600000239859],[-105.3980000000999,16.260500000374748],[-105.36699999955033,17.030800000619593],[-105.32280000001992,17.489300000494666],[-106.01999999990005,17.779000000649546],[-105.79463101301081,18.427123998273942],[-106.2440000000999,18.51990000038478],[-106.52699999975016,18.54440000065955],[-106.75599999940044,18.58989999988512],[-107.00199999970022,18.647099999965064],[-107.2719999997002,18.756100000214872],[-107.52299999945041,18.863200000079985],[-107.81599999980011,18.936000000099966],[-108.23299999965025,19.107299999995064],[-108.19799999990005,19.223500000424735],[-108.53399999930048,19.383700000154931],[-108.90299999975014,19.62550000012493],[-109.1600000000999,19.80650000037474],[-109.4499999997002,20.027100000264852],[-109.37299999935044,20.141799999870159],[-109.37799999970019,20.175700000154961],[-109.31899999935047,20.242300000244882],[-109.21499999945036,20.39730000029482],[-109.18699999965025,20.499499999925092],[-109.28499999985007,20.558400000159907],[-109.26099999925054,20.642600000689526],[-109.19399999960029,20.739200000179892],[-109.1109999995503,20.824000000499666],[-109.01299999935043,20.949000000249839],[-108.91500000004993,21.06790000018492],[-108.80899999965021,21.252900000534623],[-108.97699999935048,21.346999999850141],[-108.93599999990005,21.451300000094989],[-108.86799999999994,21.53600000029985],[-108.7839999997002,21.64280000071949],[-108.66899999975016,21.773900000284812],[-108.58199999960027,21.904700000404773],[-108.6759999997002,21.959600000539638],[-108.58899999955031,22.102400000060015],[-108.5159999993005,22.201100000164899],[-108.52699999935044,22.276900000035027],[-108.40699999995002,22.44010000051469],[-108.27299999975014,22.613400000010017],[-108.23199999940044,22.711700000554629],[-108.03344794066987,22.963305646038805],[-108.32004519972617,23.141073581780404],[-108.50490215121329,23.259571627029004],[-108.40722921105919,23.387704863888416],[-108.29877867319715,23.551534399692855],[-108.43899999985007,23.674300000544633],[-108.60056839721375,23.778549325790777],[-108.84266692983493,23.952845988151864],[-108.84079023807897,24.020406919243953],[-109.00199999930049,24.151500000324802],[-109.16358135229751,24.300034105989255],[-109.15232119726539,24.375101806803002],[-109.23301897604489,24.450169507616749],[-109.06199999990002,24.658200000729494],[-109.13141017543921,24.704034651178233],[-109.17800000009987,24.7348000006196],[-109.34999999990004,24.856800000519684],[-109.56172325772212,25.043581493990814],[-109.66759662548384,25.163657387178716],[-109.75152063666803,25.217885209734675],[-109.86428405236711,25.293813679557729],[-109.96136695991726,25.341532397102469],[-109.78036492989759,25.537343684663369],[-109.87199999990003,25.607300000494661],[-110.02400000009987,25.706300000045019],[-110.29099999935045,25.88950000012494],[-110.57199999940042,26.066100000714528],[-110.65536024178169,26.130360225643926],[-110.65616594080547,26.184843436775225],[-110.65248735840481,26.277143637269091],[-110.64676140461512,26.386100515926103],[-110.75773493471945,26.461336807247903],[-110.9401829405902,26.568548521796913],[-111.04927556291688,26.653189349309059],[-111.20915268175082,26.792376487984598],[-111.50599999980011,26.926700000404765],[-111.37299999985009,27.105300000594582],[-111.56899999935047,27.215200000080017],[-111.38198473340867,27.496542394515927],[-111.50599999980011,27.570000000399773],[-111.71099999975013,27.693500000224901],[-111.91748072895246,27.843480095230234],[-112.01499999925051,27.906000000699521],[-112.07013400298183,27.95009507992404],[-112.32099999925055,28.124900000434707],[-112.58899999965024,28.322300000644589],[-112.81199999960029,28.498700000104975],[-113.08699999995002,28.714700000104983],[-113.1960341627464,28.816421951611801],[-113.33899999994998,28.949800000469679],[-113.28099999985005,29.008400000359757],[-113.52099999955033,29.205400000109989],[-113.77500000004994,29.439700000454707],[-113.96899999995003,29.645799999870121],[-113.86999999950035,29.729800000169917],[-113.7579999994004,29.834399999860182],[-113.90899999935044,29.982000000399751],[-114.04099999995003,30.120500000374761],[-113.97537977525639,30.174622663405216],[-113.80699999994999,30.313500000025044],[-113.9859999997002,30.513400000409717],[-114.1289999994504,30.679699999955062],[-114.30299999975017,30.912300000144967],[-114.43899999955033,31.097200000379758],[-114.32999999930047,31.193600000539618],[-114.11799999940041,31.355700000654565],[-114.2070000000499,31.458500000074991],[-114.33199999980013,31.601599999940106],[-114.52199999960027,31.786000000499655],[-114.76500000004995,31.995199999880128],[-114.93308299998046,32.152218000360506],[-115.28650799984428,32.405134000333874],[-115.14188353579652,32.482243394217335],[-115.241170727547,32.584143407891986],[-115.38582753121557,32.716839496345756],[-115.48696599988097,32.840735000020288],[-115.47620199992235,32.910679000535481],[-115.47983300009287,32.957356000079415],[-115.52166669985826,33.028500000174915],[-115.56570629181186,33.105973643768721],[-115.63843995424048,33.232187939621781],[-115.70597300005386,33.345023000710967],[-115.77300000004993,33.421099999865135],[-116.04899999975015,33.762100000514636],[-116.25939999961025,33.912300000444702],[-116.46979999947035,33.962300000344783],[-116.60369999955532,33.959300000494693],[-116.78829999944537,33.957800000569648],[-116.99879999942038,33.994200000129979],[-117.23828841617745,34.138449737365534],[-117.45467884874984,34.258875716840919],[-117.75519999988006,34.467400000709517],[-117.98839999986006,34.517400000609598],[-118.1874999993255,34.590200000629579],[-118.43209999981508,34.70849999987513],[-118.68229999954531,34.776800000119977],[-118.91199999999998,34.837300000394748],[-119.32899999985005,34.981200000279841],[-119.62717492858008,35.14766976125054],[-119.93599999950032,35.450200000529662],[-120.43799999990006,35.91020000032978],[-120.89699999945037,36.337700000554662],[-121.30499999975018,36.698300000344773],[-122.00499999925051,37.20480000051964],[-122.37999999940041,37.52700000024987],[-122.6960000000999,37.874000000599608],[-123.30499999935046,38.540600000389759],[-123.59699999945036,38.997100000664545],[-123.88999999980012,39.438800000119954],[-124.16299999965025,39.914200000529661],[-124.41599999990007,40.310700000204918],[-124.73114960796801,40.374856878642106],[-124.98048382676717,40.380723566439485],[-125.44203511213067,40.379497859738478],[-125.92502051628378,40.374856878642106],[-126.15900000004996,40.390400000060026],[-126.79484538560604,40.377554074960642],[-127.08281799585382,40.399705814072092],[-127.07135121438699,40.676084281764247],[-127.49882129146937,40.692114409452472],[-127.41332727623279,41.205078502670801],[-127.40264052444064,41.637891955649309],[-127.24099999965023,41.692100000314838],[-127.02432502877701,42.394790007852635],[-126.87933314760664,42.479368605876516],[-126.5503907830082,43.183820362819517],[-127.36682939286214,43.469014671390028],[-128.40135776814645,43.826905568737061],[-129.49799999960027,44.207500000424716],[-130.47999999940043,44.589200000179915],[-130.36699999995,44.92950000002503],[-130.06899999925054,45.285400000709501],[-129.94813488531668,45.589146130589484],[-129.93599999930052,45.736200000729525],[-129.85629999944541,45.979900000184898],[-129.93552084501096,46.016930885851764],[-129.73286385058623,46.316967247540504],[-129.62010283247969,46.455355770252652],[-129.25899999925053,47.064700000304811],[-128.93799999999999,47.727000000549651],[-129.18999999999994,47.835400000109985],[-128.93999999960027,48.323599999940086],[-129.08705074639482,48.408171585050638],[-128.87177971166432,48.797709647682154],[-129.70500000004995,49.176800000119954],[-130.45699999995003,49.487000000449711],[-130.16199999999998,49.982699999905151],[-130.29999999940043,50.05540000070954],[-130.16199999999998,50.217200000479693],[-130.32899999945039,50.297900000584605],[-130.2539999996003,50.464700000704511],[-130.75299999925051,50.907600000639547]]]]},"properties":{"OBJECTID":12,"Name":"Pacific Plate","Shape_Length":724.68632789183096,"Shape_Area":10238.822760808642}},{"type":"Feature","id":13,"geometry":{"type":"Polygon","coordinates":[[[144.25407704192196,23.5268627242354],[143.97605162867978,23.826186276075816],[143.53150887763263,24.406704032964797],[143.38619115140057,24.730705410726159],[143.26079426014701,25.282451730263176],[143.26079426014701,25.834198049800193],[143.33603239507909,26.561500016912305],[143.33603239507909,27.313881361735525],[143.3109530164686,27.965945193915616],[143.21063550382553,28.266897732744212],[142.93476234450668,28.918961564924359],[142.70904794061005,29.596104775714878],[142.48333353761268,30.22308922928454],[142.28269851142727,30.900232440075115],[142.20746037739457,31.426899381901023],[142.1322222424626,32.12912197040265],[142.08206348614101,32.731027046261204],[142.18238099878408,33.031979584190537],[141.95666659578683,33.533567148305281],[141.88300000005006,34.212700000304835],[141.22355207017199,34.399018074024923],[140.78365994365151,34.474624533495501],[140.28982609499838,34.601391536490269],[139.92300000054968,34.712600000089992],[139.42900000034979,34.859900000284824],[139.2340000001999,35.014100000314841],[138.67400000059956,35.03370000035477],[138.50800000049969,34.582200000429737],[138.38300000074946,34.058999999950117],[138.06600000069955,33.749500000424746],[137.8844619828343,33.628781973309458],[137.49445640763713,33.369438480001918],[137.03000000000009,33.052599999990036],[136.52400000039972,32.868100000214895],[136.02500000074951,32.686000000499689],[135.80703981233751,32.607471002484829],[135.35600000000011,32.460000000699551],[135.02600000029986,32.326400000060005],[134.69100000024991,32.199700000154962],[134.36666666743281,32.0250000170372],[134.04200000000003,31.882100000314836],[133.50000000039972,31.515200000479695],[133.19700000024989,31.216200000429751],[132.96500000074946,30.969800000569649],[132.82400000059965,30.754400000359794],[132.791666649896,30.699999999900115],[132.69862832004105,30.660723289448299],[132.63000000069951,30.49259999989016],[132.40200000039977,30.214900000035016],[132.34092743954977,30.025927894756592],[132.21583858588212,29.638875118491967],[131.95936670970593,29.101321190820329],[131.63205877119537,28.841400180773803],[131.46700000064959,28.750800000219897],[131.41516394306154,28.652377105519065],[131.27478817133715,28.429401469102572],[131.09699999995007,28.318200000429727],[130.78557075498645,28.191403808139285],[130.61192093540296,28.156706139776588],[130.52300000044977,27.709400000509675],[130.33613017376854,27.306390226727615],[129.93823569162396,26.620365259249354],[129.16988772743673,25.865737793764197],[128.46824888168055,25.294518918013694],[127.90700000074946,24.968999999950086],[127.30855158608688,24.484009854071587],[126.90100000034977,24.101099999965072],[126.89823308678763,24.099116560480923],[126.53457092600752,23.838428211093117],[126.42600000039977,23.760599999890132],[125.86850930985679,23.472772269524683],[125.5500000001,23.379900000384737],[125.26535832762477,23.391666683270842],[124.86445495043563,23.189400232934474],[124.00238888134186,23.02037405102169],[123.19781438872315,23.05013413648129],[122.52375873038113,23.193574131341165],[122.08602435893704,23.410197012582103],[121.80969044725634,23.864193160885691],[121.77047718037761,23.260190866915025],[121.60925580171397,22.959822956664141],[121.60925580171397,22.452706270677879],[121.69104881535065,22.223685831236196],[122.03844968940166,21.641181933299606],[122.61087079145398,20.842713598154091],[122.81376791745549,19.912400782170437],[122.84646930491454,18.81522450990326],[122.37283565664029,17.977464486996553],[122.97499998366243,17.350000000499676],[123.00176896446624,17.07890775948556],[122.89049878848834,16.962799749808653],[122.86147178539466,16.822502570737072],[122.90017445588649,16.648340555772108],[122.89533662218741,16.517719044997989],[122.74070564994588,16.156280149509314],[122.70537246756544,15.98603845201302],[122.70858457521808,15.819008861269992],[122.81779623091143,15.651979271426285],[122.98010568492953,15.65634203375788],[123.46063551451743,15.62630891952108],[123.68552499548218,15.5524409466924],[124.00832062249879,15.42068762923077],[124.22647992980501,15.34099433382147],[124.52215855996963,15.078129004549965],[124.76590219632931,14.880499028807208],[124.94376917440798,14.636755392447469],[125.15000000000009,14.132100000714502],[125.31252041968173,13.741625794195102],[125.49400000049968,13.305600000639572],[125.6859999999001,12.818100000714537],[125.97294086832642,12.343338624178216],[126.24000000069952,11.630400000159909],[126.32879793357779,11.34659012683295],[126.43391383385642,10.881076854813045],[126.57300000024986,10.296400000559629],[126.79431120559775,9.8149012962578581],[127.10965890643342,8.9589575373605044],[127.34992382032806,7.8777654212372568],[127.36686945965789,7.4709418025221908],[127.34992382032806,7.14195412018654],[127.25000000029979,6.4468300002043861],[127.32199415830382,6.0482807468590067],[127.45900000034976,5.8965300000594993],[127.59314662691531,5.466041951974546],[127.79166664999593,5.2500000003997229],[127.99166665049563,4.9500000000999762],[128.35298346121783,4.5257533216584989],[128.4583333174287,4.1000000000000227],[128.87814151781686,3.6494890708639787],[129.06302919554105,3.1626181853810067],[129.21700000064959,2.6706300000744818],[129.2460000006995,1.9280600006685518],[129.06159509523752,1.2308278086564997],[129.19700000014996,1.0593200006175607],[129.99316521830019,0.89461898847559951],[130.32827035809066,0.72440685349351952],[130.99266764659467,0.3162138631793141],[131.31723245231592,0.037749828092159987],[131.52568365907371,0.017313435166954605],[131.80770588072187,-0.011297514568582301],[132.19606018822719,0.0019466735002424684],[132.38333333386629,0.0083333169290540354],[132.50606768327702,-0.014088715221987513],[132.65100000054963,0.81158000011697595],[132.72000000069954,1.1645500005820963],[132.73400000059962,1.7284600006285586],[132.76600000049973,2.256879999912087],[132.81700000064961,2.5387300004891813],[132.84999999990009,2.9082800002219074],[132.79500000054963,3.3122400003757662],[132.7400000002998,3.6983300002293618],[132.89861536041064,4.1485830577619822],[133.06942767144994,4.5218395890258876],[133.2149344540619,4.7812212459637635],[133.27187189167455,5.0659084304297721],[133.24000000019987,5.3490900005031676],[133.25380417362373,5.427282519872449],[133.30800000010004,5.7342700006600467],[133.42900000064958,5.9622200004527031],[133.67400000069949,6.1559400000310234],[133.98900000024992,6.332630000274321],[134.26900000005003,6.6102500000375244],[134.63588586883782,6.9675301273135801],[134.83614474278568,7.1410878176487245],[134.9095729956972,7.3747231695386972],[134.91624829182524,7.7885915078918515],[134.96297536202337,7.962149198226939],[135.13821253897754,7.929864820105422],[135.22135028368871,7.7552755552227381],[135.38208325763628,7.6139413894836139],[135.42642338772919,7.4088682854430772],[135.56498629618068,7.3894694781339467],[135.77283065840822,7.4171820600041087],[136.00007382704553,7.4254958345651403],[136.15117801165593,7.3813984656666776],[136.72805078931253,7.3473587449101956],[136.75900000064962,7.3677099999165989],[137.04483815455728,7.4864635137801656],[137.34967655243099,7.7608180715967592],[137.52149455822735,7.9132372709833021],[137.61083526073878,7.9908391650954513],[137.98200000039981,8.533600000139927],[138.30900000024985,9.1961600006835056],[138.32243251714704,9.2451860006334527],[138.32499998356241,9.2545567394020622],[138.33585989531798,9.2941932452221181],[138.35900000014999,9.3786500003972719],[138.57399999990014,9.9525600002438637],[138.57499998396213,9.9576822679223937],[138.65010227719836,10.342382722584603],[138.72499998366243,10.717966914241742],[138.90891786396833,11.218372156749695],[139.27727813078116,11.103259573370678],[139.46666666713304,10.90833335000417],[139.64563839759398,10.826989373261029],[139.87915249569119,10.968413404654939],[140.10000000069954,10.945900000484698],[140.28433478961892,10.873395612117861],[140.54783029453256,10.852483270986227],[140.83642060952354,10.877578081063632],[141.24648291085771,10.971482927495174],[141.25000000019986,10.975000016837384],[141.59762984614053,11.111796307853353],[141.89876756617036,11.27491257245731],[142.31283193064917,11.375291812766989],[142.96100000044976,11.403100000664551],[143.16763759749722,11.442824916136999],[143.50300000005006,11.493600000339768],[143.75649868606558,11.608333350403825],[144.3684522873433,11.958685548499318],[145.23023786868271,12.266599048607247],[145.46911372391924,12.409924561569312],[145.56466406619381,12.624912831462041],[145.84335256486906,12.752313287228446],[146.09815347730125,12.879713743894229],[146.32110427534212,13.198214884209563],[146.60775530216551,13.341540398070947],[146.9103313852853,13.723741766269541],[147.21290746930435,14.25723117647766],[147.47567090988468,14.830533230124502],[147.63492148004229,15.37994769752828],[147.73843435046501,15.778074122922476],[147.75415203119132,16.245818714562063],[147.82499998346248,16.94178532393363],[147.85600000019997,17.283100000065019],[147.74634673421451,18.174920369279675],[147.71952267892857,18.874220579316329],[147.61900000034984,19.172400000159939],[147.4600000001999,19.74520000007999],[147.07484663166679,20.656066729595921],[146.82200000000012,21.330599999890126],[146.41786190080609,21.853963647304511],[146.12286652067348,21.895240900547151],[145.80609011546653,22.206648213744131],[145.75239919986325,22.480471885569102],[145.29200000000003,22.712300000344783],[144.63671527379097,23.16335640427468],[144.25407704192196,23.5268627242354]]]},"properties":{"OBJECTID":13,"Name":"Philippine Plate","Shape_Length":103.05358721383624,"Shape_Area":480.48531159790127}},{"type":"Feature","id":14,"geometry":{"type":"Polygon","coordinates":[[[-68.47210864519775,-54.571839819751858],[-68.674571452610394,-54.509543571178824],[-69.172941442993135,-54.421290552816743],[-69.515570810144709,-54.30708076286686],[-69.853008824597509,-54.234401806198377],[-70.097002465291496,-54.182488265720849],[-70.512699999505344,-54.09939999991002],[-71.290599999490325,-53.922499999875072],[-72.081599999240552,-53.718299999944975],[-73.010500000074899,-53.313499999725138],[-74.035099999365457,-52.911099999565295],[-74.995599999640206,-52.556399999360451],[-75.743499999325479,-52.314699999505308],[-76.48329999959526,-52.068399999760118],[-76.605737335309755,-52.462829226787335],[-76.449091557929023,-52.939564448840201],[-76.306544510720528,-53.260676759924479],[-76.094556593212189,-53.544017504604085],[-75.853698957740676,-53.715749522622332],[-75.677468222380526,-53.972598699470382],[-75.372223057548013,-54.032279308543195],[-75.309235094523956,-54.331472133132422],[-74.83157637395044,-54.593921980115226],[-74.479893579425095,-54.788134866630742],[-74.122961788355781,-54.924608786666113],[-73.629556076351776,-55.176560639661773],[-73.27787328272575,-55.39176951325237],[-72.873700519163606,-55.648970362791943],[-72.412634878496817,-55.862454728802675],[-71.978718058091886,-56.040153997708785],[-71.40842738071899,-56.205455643662958],[-70.970378019030306,-56.370757288717869],[-70.465557499179226,-56.512034605612541],[-70.33396668381539,-56.68069787510683],[-70.097926098710445,-56.715199327586845],[-69.968932624341107,-56.802269921819402],[-69.533579650480419,-56.799045085162504],[-68.815013431524619,-56.866571578515504],[-68.593817958132206,-57.10005569051765],[-67.92285835353016,-57.277012069951013],[-67.101800000069886,-57.501899999585248],[-65.998769958766559,-57.710135003027915],[-65.442903901593752,-57.810088875701013],[-64.617000000049927,-57.958600000089916],[-63.570700000104864,-58.359199999979978],[-62.571399999310472,-58.602899999435408],[-61.039899999385398,-59.01049999927551],[-59.704499999974985,-59.453499999325459],[-58.969799999270492,-59.728499999675194],[-58.222999999949991,-59.999299999695211],[-56.977385442983746,-60.488345919828305],[-56.546006330427758,-60.687443972261462],[-56.26919999948035,-60.742199999929994],[-55.809699999355473,-60.700100000114901],[-55.066599999790128,-60.763099999665201],[-54.648309631084544,-60.689830585912773],[-54.400741581858483,-60.683315637106944],[-53.983784867277734,-60.650740893977058],[-53.684097229403562,-60.611651201141967],[-53.364864745111845,-60.448777485492542],[-53.039117312014298,-60.27938882013791],[-52.60261575191538,-60.259843973720365],[-52.250808523594458,-60.240299128202139],[-52.055360063915771,-60.168634693136539],[-51.788247169171484,-60.16211974433071],[-51.33871571146085,-60.103485205977449],[-51.052057970299074,-60.083940360459223],[-50.887099999365432,-60.093600000139872],[-49.59939999991002,-60.043599999340472],[-48.250699999605274,-59.968400000159818],[-46.963199999480366,-59.959799999270501],[-45.603399999910039,-60.091499999525297],[-44.225899999785099,-60.242499999475342],[-43.150899999235548,-60.376100000114889],[-42.067399999710176,-60.50099999975015],[-41.482479504725347,-60.848253202423336],[-40.997011384467783,-60.812292600822843],[-39.900213038800644,-60.71040422977137],[-39.671032623456767,-60.715596011446735],[-39.093000000049926,-61.017999999400388],[-38.349741028225822,-61.127269980625044],[-38.148251646096526,-61.259459759760091],[-37.956469191799727,-61.49072683697392],[-37.527779000900125,-61.535852120179186],[-37.037041545031229,-61.394835610275152],[-36.418100000114862,-61.391999999300481],[-35.904250692515404,-61.392972906574357],[-35.405250325941722,-61.309806179411623],[-34.61894671721717,-61.082987830723766],[-33.651188430801369,-60.946896821331222],[-33.121945617496181,-60.757881531507451],[-32.282717728340458,-60.538623794052796],[-31.57371982560943,-60.469227048989069],[-31.01389999978511,-60.511799999570258],[-30.370941833898485,-60.543804266753455],[-30.283333332667098,-60.508333349604356],[-30.199999999800127,-60.52500001653749],[-30.050000000099885,-60.52500001653749],[-29.933333333366591,-60.508333349604356],[-29.716666665933815,-60.408333349804195],[-29.633333333066844,-60.408333349804195],[-29.449999999500335,-60.425000016737329],[-29.099999999300508,-60.475000016637409],[-28.749999999999943,-60.541666683470623],[-28.549999999500358,-60.541666683470623],[-28.416666666733249,-60.508333349604356],[-28.316666666033768,-60.458333349704276],[-27.704799999520333,-60.467299999695172],[-27.106781625371696,-60.536599335590836],[-27.039920480146009,-60.559797766853421],[-26.560999999950013,-60.56099999945036],[-26.123306475713264,-60.608731733782463],[-25.422408075072553,-60.442945734557952],[-24.34404333033541,-59.99059797611568],[-24.214801113380645,-59.50997848322038],[-23.996704872831572,-59.332270435132443],[-23.827074463415727,-59.001087254972788],[-23.708922897273851,-58.604611662897867],[-23.702107859989724,-58.386530471603919],[-23.825000016137778,-58.18113149012612],[-23.890332002719731,-58.019336027435656],[-24.001757214623694,-57.628357017062626],[-24.232699999905037,-57.173600000039926],[-24.287787228098068,-56.936842703827665],[-24.520331929874601,-56.691728017733794],[-24.65231676070988,-56.396333397068588],[-25.02941627673971,-56.126078743239361],[-25.331095889563585,-55.799259162680187],[-25.846465228587363,-55.560429468744928],[-26.229849737675181,-55.208469919551078],[-26.814353987746301,-55.164474976239148],[-27.380003262240734,-55.03249014540387],[-28.109062327464414,-54.869080355573885],[-28.549011763282181,-54.875365346833235],[-29.488499999675184,-55.033399999410392],[-30.734370757304589,-55.113142065054205],[-30.99166668317082,-54.999999999700208],[-31.008333350103953,-55.099999999500312],[-31.025000016137767,-55.266666666133688],[-31.183333332667132,-55.641666650095772],[-32.483333332767074,-55.641666650095772],[-32.699999999300474,-55.624999983162638],[-32.823105454852794,-55.6399048233489],[-32.959702876986114,-55.712221105919241],[-33.232897723051451,-55.824713100828887],[-33.449846570762588,-55.969345665969684],[-33.650725133358151,-56.041661948540025],[-33.964095690863417,-56.170224228565246],[-34.325677103715293,-56.186294513680821],[-34.671188231451652,-56.097907945994848],[-35.072945357542153,-56.0496970915475],[-35.370245629931844,-55.993451094092677],[-35.603264762758556,-55.808642815713313],[-35.906920201406137,-55.744296406054275],[-36.268656562949957,-55.548846650452504],[-36.845999999900016,-55.214899999335444],[-37.542391014633552,-55.121956388776255],[-37.549999999500358,-55.124999983262569],[-37.633333333266648,-55.124999983262569],[-37.716666666133676,-55.108333316329436],[-37.749321199813494,-55.094338516309449],[-37.810300000044947,-55.086199999830114],[-38.768027189902853,-54.958856592557652],[-39.711199999979954,-54.633399999310484],[-40.488294731716451,-54.439884158427105],[-40.659699999954967,-54.397199999480335],[-41.065803985665355,-54.291666683370693],[-41.129939180548718,-54.275000016437559],[-42.448562291216717,-53.866307222500268],[-42.531754104068625,-53.837339385803944],[-43.189429372167751,-53.608333316629228],[-43.288797993032915,-53.574999982762961],[-43.355427245371061,-53.552906070059066],[-43.422647252468664,-53.530616267027085],[-43.92499998316265,-53.364038721409827],[-44.117247556929158,-53.30029042836054],[-44.209499999825084,-53.269699999755119],[-44.445758854887174,-53.188146764261717],[-44.504470130591983,-53.167880457417141],[-45.190999999950009,-52.930899999835106],[-46.414099999815107,-52.830100000014966],[-47.662600000089867,-52.690699999905007],[-49.162599999790132,-52.663999999800126],[-50.671299999595249,-52.709999999600257],[-52.184300549330828,-52.742525363654579],[-53.333788705084658,-53.0149793356278],[-54.741300000094895,-53.405999999900018],[-55.350794737087426,-53.546039515111488],[-56.375489182279921,-53.631806890975213],[-57.346014757275213,-53.609236529142493],[-58.685079786303049,-53.521502868362631],[-60.497580688298058,-53.484638442709922],[-61.932999999550304,-53.810000000099876],[-62.820799999920041,-53.917099999964989],[-63.713100000064912,-54.017699999555305],[-64.787999999600288,-54.17259999949033],[-65.870799999220537,-54.317799999969964],[-67.039294924421199,-54.571839819751858],[-67.296024112822522,-54.567997826038777],[-68.063798272672102,-54.57977039768565],[-68.47210864519775,-54.571839819751858]]]},"properties":{"OBJECTID":14,"Name":"Scotia Plate","Shape_Length":114.01587509496802,"Shape_Area":277.10059287738073}},{"type":"Feature","id":15,"geometry":{"type":"Polygon","coordinates":[[[55.48000000019988,14.729200000679555],[55.277800000769446,14.788500000474698],[55.108400000359779,14.850500000674515],[55.047300000294854,14.711600000239855],[54.971049152296587,14.756331042243858],[54.823353267839082,14.787424912229937],[54.639381202480592,14.769286821329786],[54.511000000049989,14.760100000214891],[54.452817980765246,14.735601795886225],[54.367309837179278,14.74337526315793],[54.249300000594587,14.691400000409715],[54.219613953621092,14.58531475597124],[54.056217169786635,14.661109770899259],[53.906152236336709,14.655107173956935],[53.781708613861497,14.310652235212558],[53.569233833074975,14.406525001527655],[53.465587599488174,14.445392339684759],[53.330847495015917,14.344337261555438],[53.116087882250042,14.41779826507792],[53.028574645303706,14.346693759609366],[52.735952256791279,14.453350517812169],[52.651173807825046,14.41779826507792],[52.421451559941602,14.491637559425897],[52.435125503439281,14.639316147222473],[52.328875737925046,14.700500457829889],[52.21069429540546,14.747151026298866],[51.939999999900124,14.353000000050031],[51.762500000075022,14.028300000144952],[51.569800000769476,13.667299999895135],[51.448700000104964,13.457599999940101],[51.342899999935128,13.271800000469682],[51.301710953997372,13.205191152849466],[51.2560524816368,13.151379380953699],[51.088839044286544,13.226097299450885],[50.850124773839298,13.308155329804663],[50.661500000224862,13.361800000469714],[50.573000000149932,13.218099999915125],[50.429400000609576,13.272500000374748],[50.310200000329814,13.312500000474699],[50.252400000459716,13.228999999850146],[50.232306796021874,13.197462020355999],[50.106794996591873,13.236908585762649],[49.901194715363886,13.320583118716002],[49.714720040897248,13.428164661470021],[49.587818598249783,13.203265163856258],[49.472100000414741,13.007800000169937],[49.333528892844186,13.071189189429617],[49.290150249534463,12.994760150660454],[49.207524261335664,12.8522303218719],[49.1328724915723,12.882989635962986],[48.851466843320225,13.001621429285592],[48.735593929016659,12.819535421222781],[48.658345320080514,12.667797081470155],[48.567100000065011,12.690599999890139],[48.447900000684513,12.728899999835164],[48.348700000005067,12.572600000090006],[48.267500000224857,12.602300000045034],[48.141999999900122,12.640700000104971],[48.047900000584605,12.670999999850153],[47.991400000409726,12.580700000404761],[47.901400000409751,12.461100000564613],[47.788299999945082,12.492300000444686],[47.649400000409742,12.518499999975063],[47.587500000324781,12.440899999835153],[47.538900000234889,12.368700000504646],[47.319000000249844,12.430100000015045],[47.161300000694553,12.463000000049988],[47.130300000144928,12.358700000704516],[47.04890000013495,12.387699999855158],[46.992300000744478,12.403000000349778],[46.929700000754508,12.300200000030031],[46.848700000304802,12.21080000071953],[46.716800000719502,12.248200000529664],[46.578900000534645,12.292100000614596],[46.51080000051968,12.20190000038474],[46.429000000049996,12.087500000224907],[46.310699999905125,12.142500000474683],[46.197600000339776,12.172400000659536],[46.150299999945105,12.112299999945094],[46.109700000055,12.058100000614559],[45.850900000334775,12.100200000429709],[45.637200000279847,12.158600000089962],[45.60180000007,12.073000000649586],[45.521800000769474,11.982900000534642],[45.428000000000054,12.017599999940103],[45.327700000754476,12.052500000474708],[45.281100000264871,11.998300000244853],[45.09689999993509,11.998900000035007],[44.913200000179927,12.011600000239866],[44.780200000229854,12.022400000060031],[44.513099999965107,12.01260000048967],[44.049300000294807,12.008000000599623],[43.649500000424723,12.012700000604582],[43.324999983662394,11.925291371899334],[42.841300000694503,11.795000000449704],[42.033200000179932,11.577200000179914],[41.44230000014494,11.316900000534645],[41.116599999990058,10.731699999855152],[40.792100000314804,10.146200000629563],[40.449400000409753,9.796460000728473],[40.107400000409768,9.4463600004137334],[39.789800000569642,9.071190000518186],[39.472900000634581,8.6957499998626417],[39.156500000374763,8.2956700005701123],[38.84080000002001,7.8953500001024963],[38.47750000072449,7.4470500002573772],[38.115000000549628,6.9984500000675212],[37.848700000304802,6.4771499999725961],[37.582900000634595,5.9557200001779051],[36.968548118800697,5.8060769953571025],[36.677825953704826,5.321540052931141],[36.149240197677045,5.110105750879768],[35.479698241180927,5.022008125474656],[34.792536759064205,4.951530024790884],[34.466575543626504,4.9427202615308943],[34.157590128082006,5.0290221620431907],[33.644353791194533,5.0675148876020444],[32.600224164713495,5.2109569733856347],[31.752700000005063,5.0972700007100116],[31.525569518218731,4.3715235954376226],[31.718283339204788,3.9444280985779301],[32.009958313525374,3.6683785696153564],[31.499527109588485,3.3871205594662683],[31.233894543898145,2.8506469477984524],[31.32155304293866,2.2525407845296286],[30.959354598935647,1.9292107983397386],[30.52595486622414,1.5281008234942419],[30.233782038010702,1.085195764872708],[29.657011635578556,0.66277237104810638],[29.551405786447958,-0.1170862021664334],[29.388935250361556,-0.53138606941155331],[29.41015400760142,-0.86036480888878941],[29.217690381605905,-1.2324611535593135],[28.927000000349778,-1.8620000000998971],[28.907592826647658,-2.6912516927113757],[29.169053161274405,-3.3438495917851583],[29.110953647592794,-4.3418997777524737],[29.114054045058197,-5.0207899090270303],[29.371852835839775,-5.6082897351830638],[29.189353235863223,-6.0180200607771326],[29.486552850733517,-6.5146799012563861],[29.531854593514709,-6.7482901836449969],[29.83765465174082,-7.0799599806685478],[29.98845345806069,-7.1282898495968539],[30.124553505639824,-7.248289907453227],[30.21075332500601,-7.5057900144975065],[30.241554113131883,-7.7210701036023579],[30.460000000199898,-7.9779999999999518],[30.585754802742031,-8.1644005028808806],[30.717652773456791,-8.5327404692971527],[31.142285645965842,-8.9207892195468048],[31.756281586026432,-9.548792431425511],[32.199601256392896,-9.3140937823021659],[32.618575248349089,-9.1273167800453052],[32.939840343457149,-9.3261951721694345],[33.416557212145676,-8.8620815699084687],[33.767969490599569,-9.5933654562507513],[33.790000000199882,-9.9389999997501377],[34.116094888168618,-10.400720100452247],[34.23125365982861,-11.06276078388305],[34.288453597855323,-11.525260650758355],[34.03002396773195,-11.929405649551029],[34.055153616646123,-12.313560595245235],[34.336854790216421,-12.995261060249675],[34.310953735226747,-13.371861509201267],[34.536254120031685,-13.946861445099557],[34.674506540244693,-14.494942046138476],[34.85421802694043,-14.761410801467264],[34.829430235517009,-15.213787992921482],[34.749395097905506,-15.735460394181814],[35.161793431421756,-16.464030783094131],[35.198900000434719,-16.83330000009488],[35.199500000224873,-17.404399999860061],[34.996834098015256,-17.86618511615012],[34.873017376750568,-18.306465703929064],[34.572935384360562,-19.106684351801334],[34.339538278169073,-19.640163450382886],[34.509787765592932,-20.10857888141021],[35.018253812363582,-21.092463237888069],[35.187380829861468,-22.58233133872028],[35.547655613216023,-24.510237372656604],[35.569467444566953,-24.626957063417706],[35.886850176294672,-25.642581804406689],[35.993104975314395,-25.982597162528975],[36.204923741137804,-26.66041721118529],[36.459106259046678,-27.48651039663747],[36.443319566145135,-28.221800220403793],[36.657422095553329,-29.847165902184599],[36.56214557975477,-31.273596757584244],[36.605927182293669,-32.342678240608279],[36.348166833932282,-33.746040141938977],[35.775366057897315,-35.349882314117451],[35.615138645931836,-35.685596892082856],[35.173925242655855,-36.610044021214549],[34.372004156566618,-38.29980631011307],[33.484162954656711,-40.018208637318708],[32.453121557613827,-41.020609995155098],[31.422080161470319,-41.937091236271499],[30.763359268715305,-42.423971895586476],[30.562878997867529,-43.25453302088215],[30.591519036174645,-45.259335736554931],[30.820639347128235,-46.805897831219909],[31.363000000050022,-48.396999999550303],[31.69200000039973,-48.138999999850057],[32.126000000000033,-47.719000000149833],[32.355999999900121,-47.443999999800099],[32.456999999950085,-47.158999999650234],[33.307000000050039,-47.042000000099904],[33.358000000199922,-46.889999999900056],[33.64872847044262,-46.783989315554436],[33.771261839362467,-46.416389209694216],[33.81840000045969,-45.979099999965001],[33.982400000060011,-46.081199999480361],[34.086900000534627,-46.089899999585271],[34.267199999980051,-46.212299999945003],[34.863851042191868,-46.191744701356868],[34.935328840953275,-45.956889078268318],[35.119128893883385,-45.548444516101483],[35.221240034200264,-45.18084441024132],[35.343773402220791,-44.843877646835892],[35.660300000045027,-44.865999999700193],[35.97290000043472,-44.960699999705184],[36.302900000134969,-44.966500000074916],[36.677400000609566,-44.91969999935543],[37.085500000124966,-44.804299999845057],[37.508300000344775,-44.875299999595256],[38.08270000030484,-44.618799999820112],[38.193700000154934,-44.400999999550322],[38.338299999945093,-44.054700000004971],[39.072900000534673,-44.164799999720174],[39.267299999995032,-43.725699999655205],[39.45880000061959,-43.286200000029908],[40.505800000469719,-43.437599999540282],[41.557800000669545,-43.579399999710176],[41.685900000384777,-43.117399999410395],[41.812000000499665,-42.655299999895021],[42.468600000489687,-42.729899999285522],[42.571900000484675,-42.260200000029954],[42.673700000554618,-41.790399999760155],[42.774000000699516,-41.320499999375443],[42.872900000134962,-40.850499999775138],[44.00920000008,-40.91500000014986],[44.023000000649574,-40.670800000119868],[44.6858000005696,-40.691100000064921],[44.716000000199926,-40.368899999435371],[45.302699999905144,-40.365899999585281],[45.331800000070018,-40.108499999675189],[46.074399999960065,-40.119000000049937],[46.160200000529642,-39.494500000074879],[46.244400000159942,-38.869899999984966],[47.135300000494681,-38.763699999355424],[48.023400000309834,-38.650699999905044],[48.017100000264861,-38.477999999300494],[48.632600000689536,-38.01419999963025],[49.034400000159906,-37.999899999385434],[49.036599999990074,-37.791699999355444],[49.945100000764455,-37.790199999430399],[49.962200000629593,-37.596799999320467],[50.823299999995072,-37.57989999968521],[50.827000000649548,-37.450699999605263],[51.554800000619593,-37.441499999825112],[52.282700000704494,-37.432199999929992],[52.310600000389741,-36.797299999695213],[52.338000000399745,-36.162399999460376],[52.902300000444711,-36.152999999450344],[53.466500000374765,-36.140899999935016],[53.470600000589627,-35.516699999405432],[54.216100000214908,-35.302399999560294],[54.255100000064999,-34.541599999440393],[55.274699999905124,-34.560499999575256],[55.301000000449733,-34.287199999380448],[55.698700000604617,-34.234999999650199],[55.737900000684533,-33.652799999720173],[56.400600000489703,-33.626799999520301],[57.060700000005056,-33.554199999730145],[57.091199999980063,-32.834999999750153],[57.069794092023756,-32.217316236754868],[57.095684262518773,-31.826829490088869],[57.456244966432109,-31.795924287076161],[57.800000000599596,-31.721999999600257],[58.398080976555889,-31.592626860241353],[58.450686397859045,-31.073148326334149],[59.166700000005051,-31.049699999555287],[59.413574499263802,-30.734845645210328],[60.07288549926642,-30.425793614183931],[60.680687828180794,-30.250664129246104],[60.816215026502334,-30.078798564602039],[60.799268279207752,-29.474364581660097],[60.958834657093803,-29.271999363279974],[61.532200000529656,-28.919900000084908],[61.517599999940103,-28.777199999780123],[61.99884174455093,-28.720958772329425],[62.135099999965064,-28.489599999340442],[62.715346024899191,-28.324125632292066],[62.891716309859873,-28.202871061550184],[63.211199999980067,-28.163999999300472],[63.194200000229898,-28.021400000009976],[63.621100000664569,-28.038799999320474],[63.603700000454694,-27.83130000009487],[64.466900000434748,-27.817499999525296],[65.332100000015032,-27.812199999730183],[65.50660007103653,-27.499999726406202],[66.359000000149933,-27.514499999375403],[66.373000000050013,-27.281100000064896],[66.96268594769839,-27.190194220886553],[67.263616912690452,-26.810288082628858],[67.419653613423577,-26.724467896775991],[67.567888478670397,-26.615242206262792],[67.868822608376718,-26.475379024722145],[68.177916801419315,-26.317472208975232],[68.554205384371073,-26.256997258416675],[68.53404706721841,-26.142766795750958],[68.796105187504452,-26.099090442669763],[68.779306590027147,-25.974780820978083],[69.07160218559244,-25.954622503825419],[69.387415817086321,-25.877348955789614],[69.370617219609073,-25.779917090601202],[69.518444877229342,-25.732881017844647],[70.002244483496156,-25.551456166169089],[70.047000000549644,-25.46999999990004],[69.905978460737401,-25.23269730713497],[70.085323005152645,-25.110743017076516],[69.866522661092006,-24.74488014690121],[69.939299999995058,-24.678499999575251],[69.747033699645556,-24.241752920960494],[69.452669423255315,-23.797480910815352],[69.50718132635717,-23.756596983264103],[69.128323598855047,-23.140612477583716],[69.294584904170051,-23.034314266490185],[69.130320297044136,-22.847074087299234],[69.426403177864415,-22.648943437389676],[69.125867923565863,-22.219289332436688],[69.226046341665381,-22.130241849381775],[68.606953120690036,-21.141734733870805],[68.732123280265228,-21.03742626830757],[68.555989827268775,-20.743302224218212],[68.402001285730819,-20.822377420981127],[68.164775695442074,-20.501914781042274],[68.005800000369788,-20.29769999985507],[67.723448060279793,-20.388693015070544],[67.533875565804749,-20.066595379772934],[66.997179783820002,-20.374915567699247],[66.755090358633197,-19.979306019157434],[66.359000000149933,-20.191999999800089],[66.050820941932955,-19.736160636104444],[65.566221164775015,-19.043875239650561],[65.390003063990264,-18.445992396931501],[65.08489848927394,-17.986435051536375],[65.542400000659541,-17.782999999650201],[66.142799999920101,-17.450099999315455],[66.70810000021487,-17.090099999315498],[66.884020169994926,-16.994196266644337],[66.544907527960106,-16.513786691702421],[67.405674196307189,-16.010482386552837],[67.29020000003004,-15.821499999325454],[67.1605698856917,-15.571625436364741],[67.262000000000057,-15.395999999600235],[66.707901345370828,-14.726767953977856],[66.530678209931523,-14.853906289743406],[66.072209665643584,-14.318384207565089],[66.167200000080015,-14.227599999640233],[65.928403528000445,-13.891476022400468],[66.108000000399727,-13.749000000049932],[66.737000000149919,-13.261999999800082],[66.25365239764011,-12.651507095376132],[66.183747107543013,-12.708097091607442],[65.987346532016886,-12.468421812816359],[65.621175966897397,-12.108908894629735],[66.418200000729485,-11.558999999750142],[66.16740000030984,-11.209999999800118],[66.69365282771588,-10.8573162355558],[66.559328343128584,-10.65814544775418],[66.283000000050038,-10.286999999450359],[66.839124775088351,-9.8622727394952676],[66.637394773949723,-9.6000237381049942],[67.470251491613112,-8.9170235917653144],[67.816074350450947,-8.6490108758512179],[68.237361454467589,-8.1955605683654653],[67.903084931124738,-7.8037446435004654],[68.275721055182601,-7.4037088036183718],[67.916000000599581,-7.1229999995503022],[68.535324196254692,-6.5019889239496251],[68.064539030052231,-6.0682318042543102],[68.219099999965067,-5.8909899997885873],[68.715174709145572,-5.2959325418532899],[68.572352243661157,-5.1901381228760215],[68.651698058118939,-5.0737642610117746],[68.418950335289821,-4.9044931901086102],[68.751000000549652,-4.5487699997356685],[68.273240531625277,-4.0972795389195653],[68.658345461773706,-3.6326420689762813],[68.009527372790103,-3.2056779073095072],[68.228725595809635,-2.8416438040183039],[67.9643612720551,-2.6282412781124549],[68.273240531625277,-2.1717548899761709],[67.999397508188508,-1.9529974624628608],[68.056729529644144,-1.7969269580126479],[67.435632624546031,-1.3191601074529444],[67.640099303140403,-0.96167269363985497],[67.413892307284186,-0.78214333224894972],[67.39952995884056,-0.63133866774529679],[67.02969947405154,-0.37281638766609149],[67.1948664860995,-0.11788469402335977],[67.062014759173849,0.0041952717944013784],[67.126645328519146,0.17295287207741694],[66.947115967128241,0.25912696543713309],[67.20600000039974,0.78900000024987094],[67.102364669294104,0.95528978529540609],[67.239000000549652,1.1009999999500906],[67.116285453311093,1.2574630054133991],[67.03046911565724,1.3656662135250031],[66.765557812543079,1.6044595011051115],[66.758095522390477,1.951455995897561],[66.758095522390477,2.1529378318155068],[66.720784071627634,2.3693442489379777],[66.429754752979534,2.5708260848559803],[66.34020727024938,2.7014161634252218],[65.810384664021058,3.055874949269537],[65.482043894610115,3.0222946426836756],[65.362647251269664,3.0782618197272313],[65.212800000519678,2.9207800001968849],[64.682200000529633,3.2989499999425789],[64.394521764467925,3.4934313646658097],[64.26219999993009,3.5837000002548507],[63.906000000699521,3.7370000001499193],[63.513000000549653,3.7810000003497635],[63.26563902741924,3.9582654327036266],[63.036911152727555,4.0025353437311537],[62.939000000149917,4.0880000005996067],[62.562100000514647,4.3573000006945222],[62.527807172762891,4.5263959601055035],[61.999699999955112,4.9113100001564476],[61.529299999895159,5.2615600001939242],[61.657300000394741,5.4896700001704062],[61.141700000554636,5.9095200001479498],[60.670100000015054,6.3098300001544203],[60.038300000644597,6.7668600005886219],[60.145264383644417,6.9191936420729689],[59.55652323406008,7.3126110895302077],[59.72854099367197,7.5916621211100619],[59.13603537823019,8.0771344636846152],[59.033694766900055,8.013579405265375],[58.93371646953949,8.0940674981166012],[58.602952551519081,8.3479095740676144],[58.251400000409774,8.6468999999351013],[58.37842265008527,8.8613564692257114],[58.089206240575606,9.0952445216174169],[58.199862953912259,9.2436251148072301],[58.036392809680478,9.3869758564506469],[58.147049522117811,9.6133191328717089],[57.915676395049672,9.7642146513850889],[57.701907744346954,9.9201400196462259],[57.37748238120696,9.9301997209404362],[57.268545905469239,9.8048507221831187],[57.048031873572143,9.9572648323062367],[56.746446506101449,10.129136063578528],[57.180902144518427,10.612358113536175],[57.356400000759493,10.896300000144947],[57.576000000399745,11.358900000234883],[57.855861268982437,11.695826697943801],[58.131980745415149,12.212050067356756],[58.384089832279983,12.698260449360305],[57.867499999925087,13.002300000144942],[57.555731402981905,13.022400704029337],[57.46569244345153,13.718701992502986],[57.195575564860462,13.754717576854716],[57.06351842403609,13.874769522895235],[57.037199999980089,14.068100000015022],[56.903100000564621,14.140700000704499],[56.859430114508257,14.222920167132031],[56.595315832859455,14.300953931878496],[56.343206745994564,14.619091589605205],[56.207900000284837,14.643299999995065],[56.1791000004647,14.621299999895143],[56.057400000010034,14.641100000164897],[55.947035323521391,14.781161716939721],[55.754952209676787,14.817177301291451],[55.631200000379749,14.681400000609585],[55.48000000019988,14.729200000679555]]]},"properties":{"OBJECTID":15,"Name":"Somali Plate","Shape_Length":211.22211036248652,"Shape_Area":1584.0908130595221}},{"type":"Feature","id":16,"geometry":{"type":"Polygon","coordinates":[[[-57.708075849620741,16.708779421033512],[-58.3657869889783,16.900529037485114],[-58.736110176343516,16.99507219392666],[-59.426260770218335,17.186084290757435],[-59.088299999645244,16.912100000015016],[-58.82500001633764,16.398948954830473],[-58.823999999900025,16.396999999850152],[-58.814154393910087,16.222487710639371],[-58.808333349404506,16.119310339500601],[-58.80418920686634,16.045855856962305],[-58.6919000000849,15.77030000004504],[-58.666100000114852,15.411600000639567],[-58.526299999545301,15.283900000484664],[-58.288399999560284,15.150000000399757],[-58.138947510718992,15.03615799179795],[-58.072148184890807,14.985275137337794],[-57.913200000079883,14.864200000229857],[-57.875000016437582,14.750379006086291],[-57.790599999490325,14.49890000043473],[-57.766170632868352,14.307837284363245],[-57.731962682231938,14.040295999360922],[-57.708333349804207,13.861189905689628],[-57.668769470534585,13.647040357926244],[-57.577381892160531,13.152381875922913],[-57.551201032001984,12.988211172407716],[-57.534618833892011,12.876285484187804],[-57.491666683270751,12.586369215067293],[-57.456649621582756,12.229283414198278],[-57.423799999770154,11.66120000047971],[-57.475000016337617,11.417717567711634],[-57.475279844888917,11.416386838182063],[-57.501521940784926,11.29159216804419],[-57.608333350004045,10.975441226031819],[-57.651308240882543,10.879906035535157],[-57.789252609120581,10.601414571125588],[-57.953670845632985,10.441457066390569],[-58.140610568522902,10.142353509406973],[-58.328413807850893,9.8400375686788948],[-58.511857742740574,9.6633878526673129],[-58.837980294754743,9.6565936328898943],[-59.164102846768913,9.7449184908957136],[-59.464977049251388,9.8210357859728106],[-59.755539166499318,9.9192539670969495],[-59.99699219363481,9.972455480635972],[-60.201215041740738,9.9857339661496667],[-60.569752272649225,9.9808201370397569],[-60.737276632610474,9.9845686210450708],[-61.086752839771691,9.9620217683899455],[-61.19562179890687,9.9969288277033002],[-61.56928968996715,10.116739349841168],[-61.800462304191967,10.214176000322198],[-62.201915512490871,10.384421156611154],[-62.351812746660869,10.523631458225282],[-62.560604358504293,10.518576607324633],[-62.858261106864575,10.532698631736537],[-63.340136999422953,10.499902000676855],[-63.528986000103771,10.497134999880416],[-63.834858087730538,10.474608157140779],[-64.033437601863795,10.477668041946629],[-64.172400492788483,10.463674120564235],[-64.284770520742882,10.441511217268896],[-64.507699999455383,10.4740000004997],[-64.9969999996502,10.539199999880111],[-65.120899999935034,10.599900000384764],[-65.525699999255494,10.615300000094976],[-65.96429999964522,10.652800000020022],[-66.436600000089868,10.662400000259879],[-66.869499999325456,10.666600000589597],[-67.498899999535297,10.592399999860163],[-67.683125956097967,10.704484419320522],[-67.80088553743758,10.883820235815278],[-67.982968674864424,11.378045894802256],[-68.542224026817337,11.573134971002162],[-69.024099999415398,11.843700000654565],[-69.347799999969993,12.175100000164946],[-69.59440000005992,12.449599999940119],[-69.863399999810099,12.668500000574625],[-70.182699999805095,12.929600000239873],[-70.495699999755118,13.162300000544633],[-70.659399999910022,13.310100000414764],[-71.037532168774533,13.70322382551916],[-71.202031467478207,13.653928125182858],[-71.571981329174946,13.63216636808346],[-71.778718016223422,13.545119342383771],[-72.018097338021676,13.653928125182858],[-72.719913986940924,13.55055978120896],[-73.145199850892368,13.420660258763974],[-73.303200000079926,13.289800000469711],[-73.519975453104621,12.927899744677518],[-73.78370643290549,12.601706165107487],[-73.908631633343191,12.407378074538542],[-74.026616545217337,12.296333452127158],[-74.18994178708374,12.274998958435219],[-74.339478192564513,12.184896513063677],[-74.476399999260536,12.020800000020017],[-74.580813609960103,11.985886699411708],[-74.796400000059919,11.913800000269873],[-75.122799999220547,11.764500000474698],[-75.370299999445365,11.594800000619557],[-75.63129999989502,11.390000000000043],[-75.904999999650215,11.087300000194887],[-75.987264655539377,10.921068661189793],[-76.064499999475345,10.765000000349801],[-76.274799999220534,10.574399999860134],[-76.36800645103682,10.447843035327878],[-76.455899999585256,10.328500000574593],[-76.594399999560267,10.089999999900101],[-76.703299999695219,9.7614500005171863],[-76.705599999640242,9.378520000697506],[-76.797395316240795,9.2701815813150006],[-76.941666683070935,9.1333333337664158],[-76.925000016137801,9.0333333339662545],[-76.908333350103987,8.9333333332667735],[-76.891666683170854,8.8333333334666122],[-76.875000016237721,8.7333333336664509],[-76.841666649995886,8.6499999999001034],[-76.905999999700214,8.4434399999560696],[-76.975472684416786,8.1313702866094673],[-77.011508418978337,7.9808058454134994],[-77.084558368473893,7.7631256474307406],[-77.23635378639807,7.6595427414044366],[-77.382380356468218,7.5073035844928881],[-77.612161341772492,7.333237001986106],[-78.028739415691462,7.0559357912038649],[-77.96715401914264,6.9204479193360839],[-77.942519860702987,6.7233746509194248],[-77.859939401582096,6.4286115728658615],[-77.707097390432182,6.1847921749189823],[-77.579166021694505,5.9412401166381414],[-77.754405632214116,5.6025368954614123],[-77.969112265918284,5.1221762904035018],[-78.107653991738289,4.7506793249909265],[-78.411297994606741,4.1000193740948703],[-78.833740248113941,3.7690336913518081],[-79.038428763376714,3.390142185313664],[-79.337384393574894,3.1595357536721167],[-79.529138024600115,2.7510171476233154],[-79.554149368598416,2.4508810286366156],[-79.791299999495322,2.0736900002933112],[-80.291699999855098,1.5493799998871509],[-80.441666649995852,1.250000000299849],[-80.438002670786602,1.1179061473508796],[-80.552322330910783,0.8690927682167171],[-80.641666649596175,0.81666666723293702],[-80.741666649396336,0.56666666683327094],[-80.854933198008666,0.45888692699014655],[-80.86838256999954,0.34456726596658882],[-81.008333316729136,-0.016666665933826152],[-81.181125554500682,-0.37264242460815922],[-81.220061523520428,-0.65582576994330566],[-81.302329372902193,-0.79895092744328622],[-81.346618396321901,-0.9736427447168694],[-81.473784280120412,-1.4187937216528894],[-81.491666649696072,-1.8999999997001851],[-81.485086458673095,-2.1636363366475848],[-81.531799999470365,-2.4374499999175328],[-81.55409403021531,-2.7571014594647067],[-81.651899999885075,-3.0002099999914549],[-81.765734124130461,-3.2802582034532861],[-81.814011837776036,-3.5216467698824658],[-81.808333316029689,-3.7666666665334105],[-81.847801547903089,-3.9073639018225776],[-81.874999982862903,-4.1499999997001851],[-81.893780183408694,-4.2913569794409909],[-81.964111167596286,-4.4593698853119008],[-81.960203890297237,-4.7797665896563331],[-81.974999982663007,-4.9333333329668676],[-81.974999982663007,-5.3999999999000465],[-81.941666649696117,-5.7333333331667404],[-81.891666649796036,-5.9666666666333299],[-81.85601105146884,-6.2561760959500248],[-81.794609820786548,-6.5459068951869881],[-81.690548772208047,-6.6986006638894651],[-81.610948514362406,-6.9119796581346691],[-81.48683495027268,-7.2311157440962575],[-81.426078196251694,-7.4562731268032962],[-81.357299708115022,-7.7169352843358752],[-81.286388405800267,-7.9043437248829491],[-81.209640320844073,-8.1272078165874291],[-81.108333316529297,-8.2166666666333299],[-81.008333316729136,-8.5166666660337569],[-80.941666649895922,-8.6333333327670516],[-80.80833331622955,-8.9333333330667983],[-80.693075264811569,-9.2252172900458618],[-80.518300810633889,-9.4290806728347434],[-80.358333316229505,-9.7333333332666712],[-80.191666649596186,-10.033333332667098],[-80.07155997171526,-10.197474916134411],[-80.017951070685342,-10.347579837939122],[-79.874994002770961,-10.558441513764819],[-79.742758714343154,-10.7978946033532],[-79.660558399550439,-10.930129891781007],[-79.585505938648112,-11.083808740081224],[-79.508333316129608,-11.28333333286696],[-79.13876509972954,-11.737837329229308],[-78.924329497408337,-12.116673560236563],[-78.71346782068332,-12.363274503715331],[-78.641989287175818,-12.488361938252808],[-78.456145097718036,-12.709945394464341],[-78.174999983062719,-13.249999999500346],[-77.95833331652932,-13.516666665933826],[-77.72499998306273,-13.799999999300496],[-77.641666649296383,-13.899999999999977],[-77.386104655905115,-14.186229432742095],[-77.125400000009961,-14.467500000124858],[-77.042762647977781,-14.553620678251662],[-76.599999999700174,-14.958333316529263],[-76.400000000099908,-15.124999983162638],[-75.859713718912985,-15.665286263450241],[-75.48333333316674,-16.024999983162672],[-75.099999999999966,-16.341666649496233],[-74.783333332767029,-16.608333316829089],[-74.33333333276704,-16.874999983262569],[-74.06666666633356,-17.074999982862892],[-73.716666666133676,-17.324999983262558],[-73.399999999800116,-17.591666649696094],[-73.133333333366579,-17.79166664929636],[-72.649999999500324,-18.191666649396325],[-72.63333333256719,-18.191666649396325],[-72.39166664989591,-18.416666666033791],[-72.39166664989591,-18.433333332966924],[-72.124999982563111,-18.749999999300485],[-72.058333316629216,-18.849999999999966],[-71.808333316229493,-19.133333333366579],[-71.75833331632947,-19.23333333316674],[-71.391666650095772,-19.78333333296689],[-71.254876554509337,-20.218523320894519],[-71.24166664949621,-20.61666666613371],[-71.180294251078806,-21.353239802674693],[-71.164312328850883,-21.56633209934688],[-71.164312328850883,-21.699514784879398],[-71.190948865597647,-21.923261696969689],[-71.217585402344412,-22.178972453515883],[-71.274999983362477,-22.799999999300496],[-71.291666649396291,-23.13333333346651],[-71.347166535107476,-23.357734939415877],[-71.308333316329424,-23.499999999700208],[-71.341666649296371,-23.716666666233607],[-71.358333316229505,-23.816666666033768],[-71.374999983162638,-23.899999999800116],[-71.408333316129585,-24.133333333266648],[-71.411584829376352,-24.317207650412684],[-71.423634812196781,-24.650590515639749],[-71.450846481579845,-24.926517343800356],[-71.488155802748054,-25.182352687026821],[-71.573434250490209,-25.512806672589818],[-71.498815608153734,-25.773971918968869],[-71.541454832474528,-25.971178329316388],[-71.605413668505946,-26.376250956316539],[-71.68536221309563,-26.802643195027372],[-71.813279884259202,-27.292994269769679],[-71.85591910857994,-27.43690165039078],[-71.959675376917062,-27.690273639017164],[-71.990393570406923,-27.871892906132643],[-72.041666649696083,-28.116666666433446],[-72.091666649596164,-28.23333333316674],[-72.154269557993644,-28.534745764605304],[-72.218046141016544,-28.727257739952677],[-72.245183047959245,-28.934235476785773],[-72.30132310257909,-29.141521832166802],[-72.357463157198879,-29.41358517281742],[-72.399921496379932,-29.769925229765477],[-72.470215756751713,-29.979319319031276],[-72.489101517021368,-30.171324553385375],[-72.517931341957819,-30.64516774639435],[-72.547928215314869,-31.04798290508694],[-72.59195582200357,-31.344939954815004],[-72.644895046469173,-31.702279719733212],[-72.611808031515409,-31.900801811254553],[-72.651512449639824,-32.191967545365856],[-72.717686480446673,-32.582394325237885],[-72.746976618875806,-32.839713645168558],[-72.85608098095247,-33.029671758145071],[-72.958325238019256,-33.193510985943192],[-72.997172229015121,-33.364437745605414],[-73.129251997681536,-33.706291264929916],[-73.253562368508483,-33.877218025491459],[-73.28463996166488,-34.055914182993092],[-73.498540040190676,-34.521293419155938],[-73.737096355512335,-34.742633006208223],[-73.895217915874071,-35.133286273142971],[-74.081243280952606,-35.403023052371907],[-74.202214897999113,-35.779710531415844],[-74.37853486768995,-35.887035730514526],[-74.424531381717827,-36.032691357220301],[-74.471896547887354,-36.221534658897326],[-74.62071684030991,-36.547079047559976],[-74.686628281669812,-36.621925350574429],[-74.769505235578094,-36.814632093895966],[-74.838500007069626,-36.983285978065396],[-74.823167835127435,-37.113609434627676],[-74.876830434676776,-37.343592003867855],[-74.976489548253994,-37.489247631472949],[-74.937551615114899,-37.967568759390701],[-75.03044527193174,-38.345778646767087],[-74.983998443972951,-38.578012787460125],[-75.037080532940195,-38.876599540936013],[-75.110068405832237,-39.208362599454347],[-75.122985326111859,-39.476978549120702],[-75.197395472323137,-39.746715328349694],[-75.243901813817615,-39.936508843808042],[-75.260631103242758,-40.298976779554664],[-75.478886077730238,-40.654981682558571],[-75.613680566904577,-41.078621504778596],[-75.75810323297776,-41.598543104980251],[-75.86401318875761,-41.974042038209461],[-75.950666788941135,-42.570989059897158],[-75.960294966739298,-42.898347105034816],[-75.941038611142972,-43.321986927254841],[-75.989179500133787,-43.928562126740701],[-76.056576744720928,-44.544765504024724],[-76.031337459456154,-45.03117730089167],[-76.076355748518949,-45.391323616091995],[-75.968311854408512,-45.778480905269532],[-75.821684928416687,-46.365242121826441],[-75.995142188760951,-46.471243781475266],[-75.990323931504179,-46.644701040920268],[-76.115598619280831,-46.981979047095308],[-76.388788528967382,-47.254166939352729],[-76.715504720766205,-47.576613020574371],[-76.978057819812477,-47.990950433615581],[-77.133840625744256,-48.503321269261107],[-77.212165082852266,-48.918166872103427],[-77.32233606695587,-49.33705110182683],[-77.213588697060686,-49.946036371081618],[-76.756499999675214,-50.728900000134843],[-76.708333316329458,-50.967744883619446],[-76.593099412607785,-51.535672371083024],[-76.48329999959526,-52.068399999760118],[-75.743499999325479,-52.314699999505308],[-74.995599999640206,-52.556399999360451],[-74.035099999365457,-52.911099999565295],[-73.010500000074899,-53.313499999725138],[-72.081599999240552,-53.718299999944975],[-71.290599999490325,-53.922499999875072],[-70.512699999505344,-54.09939999991002],[-70.097002465291496,-54.182488265720849],[-69.853008824597509,-54.234401806198377],[-69.515570810144709,-54.30708076286686],[-69.172941442993135,-54.421290552816743],[-68.674571452610394,-54.509543571178824],[-68.47210864519775,-54.571839819751858],[-68.063798272672102,-54.57977039768565],[-67.296024112822522,-54.567997826038777],[-67.039294924421199,-54.571839819751858],[-65.870799999220537,-54.317799999969964],[-64.787999999600288,-54.17259999949033],[-63.713100000064912,-54.017699999555305],[-62.820799999920041,-53.917099999964989],[-61.932999999550304,-53.810000000099876],[-60.497580688298058,-53.484638442709922],[-58.685079786303049,-53.521502868362631],[-57.346014757275213,-53.609236529142493],[-56.375489182279921,-53.631806890975213],[-55.350794737087426,-53.546039515111488],[-54.741300000094895,-53.405999999900018],[-53.333788705084658,-53.0149793356278],[-52.184300549330828,-52.742525363654579],[-50.671299999595249,-52.709999999600257],[-49.162599999790132,-52.663999999800126],[-47.662600000089867,-52.690699999905007],[-46.414099999815107,-52.830100000014966],[-45.190999999950009,-52.930899999835106],[-44.504470130591983,-53.167880457417141],[-44.445758854887174,-53.188146764261717],[-44.209499999825084,-53.269699999755119],[-44.117247556929158,-53.30029042836054],[-43.92499998316265,-53.364038721409827],[-43.422647252468664,-53.530616267027085],[-43.355427245371061,-53.552906070059066],[-43.288797993032915,-53.574999982762961],[-43.212499999875035,-53.600300000144841],[-43.189429372167751,-53.608333316629228],[-42.531754104068625,-53.837339385803944],[-42.448562291216717,-53.866307222500268],[-41.129939180548718,-54.275000016437559],[-41.065803985665355,-54.291666683370693],[-40.659699999954967,-54.397199999480335],[-40.488294731716451,-54.439884158427105],[-39.711199999979954,-54.633399999310484],[-38.768027189902853,-54.958856592557652],[-37.810300000044947,-55.086199999830114],[-37.749321199813494,-55.094338516309449],[-37.716666666133676,-55.108333316329436],[-37.633333333266648,-55.124999983262569],[-37.549999999500358,-55.124999983262569],[-37.542391014633552,-55.121956388776255],[-36.845999999900016,-55.214899999335444],[-36.268656562949957,-55.548846650452504],[-35.906920201406137,-55.744296406054275],[-35.603264762758556,-55.808642815713313],[-35.370245629931844,-55.993451094092677],[-35.072945357542153,-56.0496970915475],[-34.671188231451652,-56.097907945994848],[-34.325677103715293,-56.186294513680821],[-33.964095690863417,-56.170224228565246],[-33.650725133358151,-56.041661948540025],[-33.449846570762588,-55.969345665969684],[-33.232897723051451,-55.824713100828887],[-32.959702876986114,-55.712221105919241],[-32.823105454852794,-55.6399048233489],[-32.699999999300474,-55.624999983162638],[-32.483333332767074,-55.641666650095772],[-31.183333332667132,-55.641666650095772],[-31.025000016137767,-55.266666666133688],[-31.008333350103953,-55.099999999500312],[-30.99166668317082,-54.999999999700208],[-30.734370757304589,-55.113142065054205],[-29.488499999675184,-55.033399999410392],[-28.549011763282181,-54.875365346833235],[-28.109062327464414,-54.869080355573885],[-27.380003262240734,-55.03249014540387],[-26.814353987746301,-55.164474976239148],[-26.229849737675181,-55.208469919551078],[-25.846465228587363,-55.560429468744928],[-25.331095889563585,-55.799259162680187],[-25.02941627673971,-56.126078743239361],[-24.65231676070988,-56.396333397068588],[-24.520331929874601,-56.691728017733794],[-24.287787228098068,-56.936842703827665],[-24.232699999905037,-57.173600000039926],[-24.001757214623694,-57.628357017062626],[-23.890332002719731,-58.019336027435656],[-23.825000016137778,-58.18113149012612],[-23.702107859989724,-58.386530471603919],[-23.708922897273851,-58.604611662897867],[-23.827074463415727,-59.001087254972788],[-23.996704872831572,-59.332270435132443],[-24.214801113380645,-59.50997848322038],[-24.34404333033541,-59.99059797611568],[-25.422408075072553,-60.442945734557952],[-26.123306475713264,-60.608731733782463],[-25.829822721941014,-60.747742873334914],[-25.495330267777604,-60.896406186396348],[-24.244080716252029,-60.896406186396348],[-23.141494477787887,-60.890211880973482],[-21.9831594968133,-60.896406186396348],[-20.762881468804721,-60.859240357456486],[-19.581199999380431,-60.810799999620258],[-19.370500000074912,-60.289099999965003],[-18.896763073656871,-60.254784266480669],[-18.823040371016248,-60.011499348216319],[-18.513405019925699,-59.908287564519469],[-18.306981452531943,-59.517557240074552],[-18.123299999495316,-59.509299999595271],[-17.938367939328884,-59.163688267399607],[-17.666999999450354,-59.128899999535292],[-16.916899999935026,-59.098199999330461],[-16.40999999930051,-59.098399999560286],[-16.225799999870048,-58.767199999380409],[-16.004699999405375,-58.459299999895052],[-15.971499999925015,-58.438799999720175],[-15.068899999635221,-58.390399999860051],[-13.954299999445368,-58.317299999495333],[-12.6488999994354,-58.240599999490371],[-11.189699999855065,-58.157699999555291],[-9.8853199992185523,-58.09149999992502],[-8.6068500000274071,-57.988799999720186],[-7.5247699994358754,-57.920399999360427],[-7.1420995133817655,-57.8853589752365],[-7.0127799996971589,-57.617199999880029],[-6.8419015579105462,-57.435062041579897],[-6.5381499997226342,-57.269999999300467],[-6.3651165691742904,-57.170181492581776],[-6.0914066678833478,-57.143693437502122],[-6.0567899996586902,-56.672099999315492],[-5.4483199996682288,-56.626999999650195],[-5.0318844709914856,-56.357881141001826],[-4.6754600000788855,-56.210200000029943],[-4.690609999951505,-55.807200000079888],[-4.0560100000614057,-55.769399999810105],[-3.7202399995762789,-55.739900000084901],[-2.8962499992380231,-55.707199999380407],[-2.0799799996772208,-55.656799999919997],[-1.6136899993938982,-55.652899999935016],[-1.5500900297310523,-55.211553971838271],[-1.0389799995273279,-55.018999999949983],[-0.43789999948535296,-54.851799999370428],[-0.91465499942864881,-54.453499999425389],[-1.3822000000299113,-54.053299999994977],[-2.3723099997066583,-54.327399999310501],[-2.9195199994483687,-53.546899999935022],[-3.8294782464238892,-53.539495698967301],[-4.3255718719443053,-53.193733475119757],[-4.7447999997201578,-52.234499999974958],[-5.1523945811449607,-51.615253757554854],[-5.3177591229850805,-51.104126991867133],[-5.5432562254943605,-50.698232207350429],[-5.6033887861635208,-50.427635684339293],[-6.1598299993549404,-50.417099999765128],[-6.928579247334369,-50.408414488637675],[-7.1001916114536812,-50.089024810946228],[-7.7566706499305269,-50.101028466990101],[-8.0416792826727033,-49.700475793922692],[-7.8953234986804546,-49.554120009031124],[-8.0221099998765339,-49.282600000089872],[-8.3777503222195264,-48.983078464299638],[-8.9224799998520439,-49.091199999580283],[-9.8467962938138385,-49.236450500590081],[-10.145860876877919,-48.460155200502072],[-9.9995101236931987,-48.37743520886778],[-10.1649501051632,-47.613866061269675],[-10.406360320971999,-46.854766655756521],[-11.184708440542067,-47.125683404865185],[-11.84264911656345,-47.284793241914542],[-12.556493249064147,-47.41380121695255],[-13.325099999465351,-47.57779999977015],[-13.571499999325454,-46.687799999570302],[-13.809999999999945,-45.7971999995803],[-14.52345987197549,-45.844369295206775],[-14.787706418716198,-45.384582893385755],[-15.012996796764696,-45.305426814296027],[-15.274820747979106,-44.994891429795587],[-15.384421471973326,-44.714800690199638],[-15.892891627746394,-44.48255209919995],[-16.085599999740168,-44.131899999685174],[-16.244499999775144,-43.683499999725143],[-16.210835446498606,-43.3600157609186],[-16.282210589447118,-42.97718544824977],[-16.113505706523085,-42.756571370372399],[-16.204346797466712,-42.490536746573525],[-16.029153264611409,-42.425650253556341],[-16.331600000039941,-41.806499999375433],[-16.677999999700205,-41.519100000064896],[-16.743599999540322,-41.176300000044932],[-16.816599999790128,-40.789700000054893],[-16.867399999710187,-40.36630000004493],[-16.469799999670215,-40.272899999735159],[-16.414600000089877,-39.789999999700171],[-15.922399999260506,-39.680700000004947],[-16.006499814414838,-39.273054471086937],[-15.898171766913492,-39.174574427168011],[-15.98187980410961,-38.85451428510612],[-16.134523871779209,-38.529530140803331],[-16.365951974404027,-38.554150152007878],[-16.410267993672903,-38.322722049383003],[-16.798499999675187,-38.401200000079882],[-17.050499999675196,-38.446699999305508],[-17.084856293483085,-38.06174993331274],[-17.375372422099531,-38.086369944517287],[-17.488624472741151,-37.406857642466207],[-17.237500361152684,-37.313301600788179],[-17.333099999765125,-36.943599999640242],[-17.440399999860063,-36.562299999445372],[-17.340904407312507,-36.53530925571755],[-17.6215725314471,-36.097073061672404],[-17.793912608080348,-35.624368851940915],[-16.961899999485354,-35.499399999310469],[-16.02739999941042,-35.343099999565311],[-15.099999999400382,-35.182400000159816],[-15.265899999385397,-34.770199999530291],[-15.083400000109862,-34.689799999770116],[-15.274099999815121,-34.237599999940016],[-14.515099999965003,-34.043399999810106],[-14.701799999570255,-33.569099999765115],[-14.36679999952031,-33.498900000034951],[-14.44609999981509,-32.89759999974018],[-14.522899999935021,-32.400200000129871],[-13.882999999350432,-32.274499999575255],[-13.24529999949533,-32.143199999780109],[-13.371399999610276,-31.661199999880068],[-13.498799999420385,-31.179099999865059],[-13.366599999490347,-31.156699999305488],[-13.542799999620229,-30.491299999994965],[-13.715899999785108,-29.827999999500321],[-13.820099999915044,-29.851499999525288],[-13.990199999330457,-29.251000000149816],[-13.262399999360412,-29.097999999700164],[-12.532599999790136,-28.940899999935027],[-12.745599999939998,-28.213299999295486],[-13.271600000039939,-28.320999999850073],[-13.482299999345457,-27.442899999835106],[-13.6895999992405,-26.564399999360433],[-13.815599999240533,-26.585599999440376],[-14.048499999775117,-25.737599999840086],[-13.663199999480355,-25.647999999400383],[-13.810599999790099,-24.887399999510308],[-13.342196368767361,-24.80193733014363],[-13.4279238462085,-24.48799455290623],[-13.265080622972334,-24.396395239948333],[-13.488990055146871,-23.612712225988389],[-13.488990055146871,-23.449869001852903],[-13.641655577942515,-22.849384614708185],[-13.204014414033907,-22.788318405769758],[-12.851099999765154,-22.629799999770114],[-12.910199999330473,-22.378999999350469],[-12.364299999745128,-22.267099999365428],[-11.974906489642763,-22.163251298708417],[-11.718625532342401,-21.914620518821835],[-11.779826954350426,-21.723366073585396],[-11.929005422462239,-21.298781203289877],[-11.485923517556216,-21.217480165577115],[-11.970799999920018,-20.299099999665202],[-11.852199999430411,-20.27840000015982],[-11.944599999490322,-19.824799999620268],[-12.091164694195243,-19.161581564937251],[-12.379374778523186,-19.055904534466663],[-12.477199999979973,-18.746499999775097],[-12.74444088533852,-18.527519380315084],[-12.859799999870063,-18.287199999880045],[-12.984899684972447,-17.621815264762631],[-13.622648883139391,-17.77012903202916],[-13.889613663139983,-17.569905446579071],[-14.141747067673009,-17.436423055679427],[-14.368800000019917,-16.777000000149826],[-14.238100000014924,-16.764499999275529],[-14.275229457673277,-16.346316869328007],[-13.770199999230556,-16.322899999934975],[-13.238599999890027,-16.211699999855057],[-13.383500000024924,-15.688199999930021],[-13.226099999914993,-15.663199999979952],[-13.435200000079874,-14.849400000109881],[-13.619031201029031,-14.14275454038966],[-13.995049591665293,-14.049806174215519],[-14.430216941858362,-14.121629911591128],[-14.539099999665211,-13.73659999929049],[-14.599599999939983,-13.265499999325471],[-14.410199999930001,-13.21809999971515],[-14.712889458781433,-12.620220007847024],[-14.784785836197329,-12.294571710615912],[-14.907699999655222,-12.33899999945038],[-15.005799999969952,-11.885299999695178],[-14.511499999425382,-11.770600000089871],[-14.017699999455374,-11.655099999565266],[-13.524299999945015,-11.53869999980509],[-13.031299999994985,-11.421500000024935],[-13.173599999840064,-10.623099999865076],[-13.315099999665222,-9.8246799996821892],[-13.166299999545288,-9.7944400000059773],[-13.248199999230508,-9.2764800001518211],[-13.022999999450349,-9.2252300001643448],[-13.191099999265532,-8.3740099995617925],[-13.357399999710196,-8.4107099994668602],[-13.419782531038948,-7.8732473080168006],[-13.512951546776435,-7.4132252901150082],[-12.964580105887137,-7.2455613463789632],[-13.017991148872397,-7.0754876062679841],[-12.057185668683644,-6.8483881295085212],[-11.236133713899733,-6.6038194622983042],[-11.408572457852586,-6.0199388848715785],[-11.516099999915014,-5.4150400000958712],[-11.604399999760119,-4.9423099996067776],[-12.260294543658233,-5.0919894116819364],[-12.448657510235876,-4.5935520252057245],[-12.260294543658233,-4.4457595445672951],[-12.28961308357691,-4.0488574562065764],[-12.111973175321737,-3.8351336259160576],[-12.265391577259436,-3.0319656945611086],[-11.962160017870474,-2.9216996728015943],[-12.334307840634267,-2.2876700490334656],[-12.575514762895921,-2.2669951702908406],[-12.616864521280604,-1.9913301167914028],[-12.859547974759209,-2.0237330948064596],[-12.980838442839797,-1.5616741691275706],[-13.125231857564131,-0.79927694067822586],[-13.829871719404309,-1.0187549310951454],[-14.615371893597967,-1.1920270282247429],[-15.383544857808886,-1.4057292810813919],[-15.87872403198844,-1.5059335681795574],[-15.947863369498862,-1.1207286855803318],[-16.194789576177925,-0.18734762469307498],[-16.387392017927255,-0.17747057660579912],[-16.498199999930023,0.29894700040381395],[-16.756899999535278,0.26858700058966178],[-17.322899999735171,0.14960500047044434],[-17.888899999935006,0.030609000604954417],[-18.145049324366767,-0.10959277208871754],[-18.623359719775181,-0.24245677026368639],[-19.455974110616694,-0.41960876842989592],[-20.308320235990038,-0.60743072264966713],[-21.121202892299607,-0.72962476477101745],[-21.652658886798122,-0.80048556475696842],[-22.467558077643105,-0.96877996292488433],[-22.999014072141676,-1.0042103620185685],[-23.601330864827503,-1.0396407620115156],[-24.050699999405424,-1.0338699995008369],[-24.611699999255507,-1.1033100001563412],[-24.820600000089883,-0.2445930000668568],[-25.029399999910027,0.61412600011487939],[-25.420450507285011,0.58653904094404652],[-25.491676827723381,0.80912129411245814],[-26.346392681077305,0.73789497277482496],[-26.382005841296518,0.9693805159980684],[-27.65517632992362,0.8358311642768399],[-27.681886200987321,1.0851232885090099],[-28.24279347893588,1.0406068373357016],[-29.22799999980009,0.85900000064953019],[-30.27199999980013,0.71500000064958158],[-30.390999999850067,1.3380000006995374],[-30.684999999550314,1.6130000001499525],[-30.635126858917374,1.843038127707473],[-30.827691619972256,2.6143984286446198],[-31.220133723892218,2.6300961129452958],[-31.371878003666893,3.2318406715098149],[-31.565482774910095,4.0167248784504181],[-31.912199999630218,4.0111400004107622],[-32.386999999350451,3.9859000001849267],[-32.563963460045613,3.9671701823580747],[-32.714482914454891,4.8326570467853571],[-32.865002368864168,5.645462101494843],[-33.193705997633629,5.8582043271680391],[-33.451379496666391,6.2447145757171256],[-33.725157588152115,6.2178735861970722],[-33.799820335040408,6.7178997725565068],[-33.929999999900019,6.9350000004496906],[-33.949628374449901,7.1780244660562857],[-34.622051818136867,7.1760587045456532],[-34.635373326317904,7.4217505647368398],[-35.231999999600248,7.4290000006495802],[-35.954000000099882,7.4500000004996991],[-36.489984168334672,7.4388355270380089],[-36.719555983022133,7.4552335143152959],[-36.719555983022133,7.7121353059995954],[-37.435601403182147,7.7176013017586911],[-38.042326912656847,7.7503972754140023],[-38.031394921138656,8.2368708817858192],[-38.709355528434855,8.2173113998013037],[-39.19653019141515,8.2209201012817061],[-39.53935680597175,8.2209201012817061],[-39.449139276156643,8.8740950197694133],[-40.533141270952854,8.8641303525337776],[-40.512999999550289,9.3620000005996076],[-40.63489999933546,9.5059000004847007],[-40.651042342629978,9.7904959217494252],[-40.724028720848764,10.048755413631511],[-40.920530508775926,10.177885159572497],[-40.886844487782867,10.801076542548458],[-41.559199999380439,10.812100000514647],[-41.930193731155725,10.790944497090891],[-42.346755247656517,10.77658030683574],[-42.811197399240541,10.800520623927696],[-43.247999999300475,10.825000000050011],[-43.778386208856432,10.819672877601249],[-43.725717511254118,11.389452423490582],[-43.77460000008989,12.032300000644568],[-44.047999999500348,12.122000000299806],[-44.079095966705438,12.620072566895487],[-44.873292551809755,12.69098128096141],[-44.874527479259712,12.874407338228139],[-44.788599999790108,13.190600000689528],[-45.061399999410412,13.991700000354797],[-45.068073332318363,14.261288560518722],[-45.028199999929996,14.755899999885116],[-44.943299999495366,15.235300000394773],[-45.947499999625222,15.360400000259858],[-46.63899999925053,15.435999999900105],[-47.477387121218612,15.525719207275642],[-48.147707552461554,15.61068940339328],[-48.902998179822077,15.752306396023414],[-49.733817868299923,15.875041122250025],[-50.012211139332578,15.967953931029172],[-50.669828458716381,16.214462387329377],[-51.348695414461758,16.378520173767072],[-52.480701912463246,16.560901332130811],[-52.809936586404319,16.609206272751351],[-53.584285145642923,16.69602183454009],[-54.142144238965443,16.714632202614098],[-54.74464108761606,16.624900512648594],[-55.073496731488945,16.582039982259403],[-55.840696842385341,16.551910953527738],[-56.490578947160657,16.593761029947643],[-57.136882097330897,16.543402493730127],[-57.708075849620741,16.708779421033512]]]},"properties":{"OBJECTID":16,"Name":"South American Plate","Shape_Length":341.13946559704772,"Shape_Area":4051.142987854239}}]
}