{
  "type": "FeatureCollection",
  "features": [
    {
      "type": "Feature",
      "properties": {
        "Name": "MOA8801-022-013",
        "ROCK NAME": "BASALT",
        "ND143_ND144": "0.513261",
        "_featureIndex": 0
      },
      "geometry": {
        "type": "Point",
        "coordinates": [
          125.892,
          -49.68
        ]
      },
      "_featureIndex": 0
    },
    {
      "type": "Feature",
      "properties": {
        "Name": "MOA8801-023-001",
        "ROCK NAME": "BASALT",
        "SR87_SR86": "0.70285",
        "ND143_ND144": "0.513234",
        "PB207_PB204": "15.421",
        "PB206_PB204": "17.805",
        "PB208_PB204": "37.638",
        "_featureIndex": 1
      },
      "geometry": {
        "type": "Point",
        "coordinates": [
          125.658,
          -49.613
        ]
      },
      "_featureIndex": 1
    },
    {
      "type": "Feature",
      "properties": {
        "Name": "DUF0023-004",
        "ROCK NAME": "BASALT",
        "SIO2": "49.61",
        "SR87_SR86": "0.702781",
        "ND143_ND144": "0.513189",
        "PB207_PB204": "15.473",
        "PB206_PB204": "17.785",
        "PB208_PB204": "37.536",
        "_featureIndex": 2
      },
      "geometry": {
        "type": "Point",
        "coordinates": [
          70.323,
          -25.864
        ]
      },
      "_featureIndex": 2
    },
    {
      "type": "Feature",
      "properties": {
        "Name": "DUF0023-004-001",
        "ROCK NAME": "BASALT",
        "LA": "3.17",
        "SR87_SR86": "0.702731",
        "ND143_ND144": "0.513189",
        "PB207_PB204": "15.45",
        "PB206_PB204": "17.85",
        "PB208_PB204": "37.63",
        "_featureIndex": 3
      },
      "geometry": {
        "type": "Point",
        "coordinates": [
          70.323,
          -25.864
        ]
      },
      "_featureIndex": 3
    },
    {
      "type": "Feature",
      "properties": {
        "Name": "MOA8801-022-013",
        "ROCK NAME": "BASALT",
        "SR87_SR86": "0.70281",
        "ND143_ND144": "0.513184",
        "PB207_PB204": "15.431",
        "PB206_PB204": "17.764",
        "PB208_PB204": "37.584",
        "_featureIndex": 4
      },
      "geometry": {
        "type": "Point",
        "coordinates": [
          125.892,
          -49.68
        ]
      },
      "_featureIndex": 4
    },
    {
      "type": "Feature",
      "properties": {
        "Name": "MELWEST-10-128-018",
        "ROCK NAME": "BASALT",
        "LA": "1.87",
        "SR87_SR86": "0.70273",
        "ND143_ND144": "0.513141",
        "PB207_PB204": "15.449",
        "PB206_PB204": "17.734",
        "PB208_PB204": "37.631",
        "_featureIndex": 5
      },
      "geometry": {
        "type": "Point",
        "coordinates": [
          110.412,
          -49.828
        ]
      },
      "_featureIndex": 5
    },
    {
      "type": "Feature",
      "properties": {
        "Name": "VEM0033-1-004-001",
        "ROCK NAME": "BASALT",
        "SR87_SR86": "0.70253",
        "ND143_ND144": "0.513139",
        "PB207_PB204": "15.506",
        "PB206_PB204": "18.82",
        "PB208_PB204": "38.144",
        "_featureIndex": 6
      },
      "geometry": {
        "type": "Point",
        "coordinates": [
          137.555,
          -50.215
        ]
      },
      "_featureIndex": 6
    },
    {
      "type": "Feature",
      "properties": {
        "Name": "VEM0033-1-001-002",
        "ROCK NAME": "BASALT",
        "SR87_SR86": "0.70264",
        "ND143_ND144": "0.513123",
        "PB207_PB204": "15.499",
        "PB206_PB204": "18.805",
        "PB208_PB204": "38.262",
        "_featureIndex": 7
      },
      "geometry": {
        "type": "Point",
        "coordinates": [
          131.005,
          -50.408
        ]
      },
      "_featureIndex": 7
    },
    {
      "type": "Feature",
      "properties": {
        "Name": "VEM0033-1-001-002",
        "ROCK NAME": "BASALT",
        "ND143_ND144": "0.513123",
        "_featureIndex": 8
      },
      "geometry": {
        "type": "Point",
        "coordinates": [
          131.005,
          -50.408
        ]
      },
      "_featureIndex": 8
    },
    {
      "type": "Feature",
      "properties": {
        "Name": "DUF0037-005-001",
        "SR87_SR86": "0.70295",
        "ND143_ND144": "0.513122",
        "PB207_PB204": "15.446",
        "PB206_PB204": "17.96",
        "PB208_PB204": "37.912",
        "_featureIndex": 9
      },
      "geometry": {
        "type": "Point",
        "coordinates": [
          77.855,
          -40.327
        ]
      },
      "_featureIndex": 9
    },
    {
      "type": "Feature",
      "properties": {
        "Name": "VEM0033-1-005-005",
        "ROCK NAME": "BASALT",
        "SR87_SR86": "0.70255",
        "ND143_ND144": "0.513118",
        "PB207_PB204": "15.482",
        "PB206_PB204": "18.572",
        "PB208_PB204": "38.097",
        "_featureIndex": 10
      },
      "geometry": {
        "type": "Point",
        "coordinates": [
          127.08,
          -48.738
        ]
      },
      "_featureIndex": 10
    },
    {
      "type": "Feature",
      "properties": {
        "Name": "VEM0033-1-005-005",
        "ROCK NAME": "BASALT",
        "ND143_ND144": "0.513118",
        "_featureIndex": 11
      },
      "geometry": {
        "type": "Point",
        "coordinates": [
          127.08,
          -48.738
        ]
      },
      "_featureIndex": 11
    },
    {
      "type": "Feature",
      "properties": {
        "Name": "VEM0033-1-006-001",
        "ROCK NAME": "BASALT",
        "SR87_SR86": "0.70259",
        "ND143_ND144": "0.513102",
        "PB207_PB204": "15.48",
        "PB206_PB204": "18.617",
        "PB208_PB204": "38.095",
        "_featureIndex": 12
      },
      "geometry": {
        "type": "Point",
        "coordinates": [
          130.417,
          -50.3
        ]
      },
      "_featureIndex": 12
    },
    {
      "type": "Feature",
      "properties": {
        "Name": "MOA8801-004-002",
        "ROCK NAME": "BASALT",
        "SR87_SR86": "0.70248",
        "ND143_ND144": "0.513092",
        "PB207_PB204": "15.491",
        "PB206_PB204": "18.649",
        "PB208_PB204": "38.154",
        "_featureIndex": 13
      },
      "geometry": {
        "type": "Point",
        "coordinates": [
          127.36,
          -48.763
        ]
      },
      "_featureIndex": 13
    },
    {
      "type": "Feature",
      "properties": {
        "Name": "MOA8801-016-001",
        "ROCK NAME": "BASALT",
        "SR87_SR86": "0.70251",
        "ND143_ND144": "0.513088",
        "PB207_PB204": "15.466",
        "PB206_PB204": "18.717",
        "PB208_PB204": "38.153",
        "_featureIndex": 14
      },
      "geometry": {
        "type": "Point",
        "coordinates": [
          127.577,
          -50.163
        ]
      },
      "_featureIndex": 14
    },
    {
      "type": "Feature",
      "properties": {
        "Name": "VEM0033-1-004-001",
        "ROCK NAME": "BASALT",
        "ND143_ND144": "0.513086",
        "_featureIndex": 15
      },
      "geometry": {
        "type": "Point",
        "coordinates": [
          137.555,
          -50.215
        ]
      },
      "_featureIndex": 15
    },
    {
      "type": "Feature",
      "properties": {
        "Name": "CHRHYAM-006-025",
        "ROCK NAME": "BASALT",
        "SR87_SR86": "0.70296",
        "ND143_ND144": "0.513083",
        "PB207_PB204": "15.477",
        "PB206_PB204": "17.952",
        "PB208_PB204": "37.826",
        "_featureIndex": 16
      },
      "geometry": {
        "type": "Point",
        "coordinates": [
          77.43,
          -32.51
        ]
      },
      "_featureIndex": 16
    },
    {
      "type": "Feature",
      "properties": {
        "Name": "DUF0023-004-004",
        "ROCK NAME": "BASALT",
        "ND143_ND144": "0.513081",
        "_featureIndex": 17
      },
      "geometry": {
        "type": "Point",
        "coordinates": [
          70.323,
          -25.864
        ]
      },
      "_featureIndex": 17
    },
    {
      "type": "Feature",
      "properties": {
        "Name": "CHRHYAM-010-014",
        "ROCK NAME": "THOLEIITE",
        "SR87_SR86": "0.70302",
        "ND143_ND144": "0.513077",
        "PB207_PB204": "15.509",
        "PB206_PB204": "17.925",
        "PB208_PB204": "37.822",
        "_featureIndex": 18
      },
      "geometry": {
        "type": "Point",
        "coordinates": [
          74.67,
          -28.9
        ]
      },
      "_featureIndex": 18
    },
    {
      "type": "Feature",
      "properties": {
        "Name": "VEM0033-1-006-001",
        "ROCK NAME": "BASALT",
        "ND143_ND144": "0.513077",
        "_featureIndex": 19
      },
      "geometry": {
        "type": "Point",
        "coordinates": [
          130.417,
          -50.3
        ]
      },
      "_featureIndex": 19
    },
    {
      "type": "Feature",
      "properties": {
        "Name": "MOA8801-013-047",
        "ROCK NAME": "BASALT",
        "SR87_SR86": "0.70258",
        "ND143_ND144": "0.513076",
        "PB207_PB204": "15.485",
        "PB206_PB204": "18.656",
        "PB208_PB204": "38.136",
        "_featureIndex": 20
      },
      "geometry": {
        "type": "Point",
        "coordinates": [
          128.015,
          -50.147
        ]
      },
      "_featureIndex": 20
    },
    {
      "type": "Feature",
      "properties": {
        "Name": "MELWEST-10-145-007",
        "LA": "4.59",
        "SR87_SR86": "0.70311",
        "ND143_ND144": "0.513075",
        "PB207_PB204": "15.443",
        "PB206_PB204": "17.362",
        "PB208_PB204": "37.32",
        "_featureIndex": 21
      },
      "geometry": {
        "type": "Point",
        "coordinates": [
          116.717,
          -49.273
        ]
      },
      "_featureIndex": 21
    },
    {
      "type": "Feature",
      "properties": {
        "Name": "MOA8801-017-033",
        "ROCK NAME": "BASALT",
        "SR87_SR86": "0.702506",
        "ND143_ND144": "0.513075",
        "_featureIndex": 22
      },
      "geometry": {
        "type": "Point",
        "coordinates": [
          127.417,
          -50.222
        ]
      },
      "_featureIndex": 22
    },
    {
      "type": "Feature",
      "properties": {
        "Name": "VEM0033-1-003-004",
        "ROCK NAME": "BASALT",
        "SR87_SR86": "0.70257",
        "ND143_ND144": "0.513074",
        "PB207_PB204": "15.613",
        "PB206_PB204": "18.998",
        "PB208_PB204": "38.468",
        "_featureIndex": 23
      },
      "geometry": {
        "type": "Point",
        "coordinates": [
          135.09,
          -50.417
        ]
      },
      "_featureIndex": 23
    },
    {
      "type": "Feature",
      "properties": {
        "Name": "VEM0033-1-005-005",
        "ROCK NAME": "BASALT",
        "ND143_ND144": "0.513074",
        "_featureIndex": 24
      },
      "geometry": {
        "type": "Point",
        "coordinates": [
          127.08,
          -48.738
        ]
      },
      "_featureIndex": 24
    },
    {
      "type": "Feature",
      "properties": {
        "Name": "CHRHYAM-009-007",
        "ROCK NAME": "BASALT",
        "SR87_SR86": "0.70287",
        "ND143_ND144": "0.513073",
        "PB207_PB204": "15.484",
        "PB206_PB204": "17.927",
        "PB208_PB204": "37.764",
        "_featureIndex": 25
      },
      "geometry": {
        "type": "Point",
        "coordinates": [
          75.76,
          -30.33
        ]
      },
      "_featureIndex": 25
    },
    {
      "type": "Feature",
      "properties": {
        "Name": "VEM0033-1-001-002",
        "ROCK NAME": "BASALT",
        "ND143_ND144": "0.513072",
        "_featureIndex": 26
      },
      "geometry": {
        "type": "Point",
        "coordinates": [
          131.005,
          -50.408
        ]
      },
      "_featureIndex": 26
    },
    {
      "type": "Feature",
      "properties": {
        "Name": "VEM0033-1-002-019",
        "ROCK NAME": "BASALT",
        "ND143_ND144": "0.513072",
        "_featureIndex": 27
      },
      "geometry": {
        "type": "Point",
        "coordinates": [
          132.55,
          -50.267
        ]
      },
      "_featureIndex": 27
    },
    {
      "type": "Feature",
      "properties": {
        "Name": "MELWEST-10-133-001",
        "LA": "3.07",
        "SR87_SR86": "0.70271",
        "ND143_ND144": "0.513071",
        "PB207_PB204": "15.443",
        "PB206_PB204": "17.813",
        "PB208_PB204": "37.594",
        "_featureIndex": 28
      },
      "geometry": {
        "type": "Point",
        "coordinates": [
          112.4,
          -50.32
        ]
      },
      "_featureIndex": 28
    },
    {
      "type": "Feature",
      "properties": {
        "Name": "MOA8801-020-001",
        "ROCK NAME": "BASALT",
        "SIO2": "50.87",
        "LA": "4.82",
        "SR87_SR86": "0.70259",
        "ND143_ND144": "0.513067",
        "PB207_PB204": "15.49",
        "PB206_PB204": "18.609",
        "PB208_PB204": "38.18",
        "_featureIndex": 29
      },
      "geometry": {
        "type": "Point",
        "coordinates": [
          127.593,
          -49.522
        ]
      },
      "_featureIndex": 29
    },
    {
      "type": "Feature",
      "properties": {
        "Name": "VEM0033-1-001-002",
        "ROCK NAME": "BASALT",
        "ND143_ND144": "0.513065",
        "_featureIndex": 30
      },
      "geometry": {
        "type": "Point",
        "coordinates": [
          131.005,
          -50.408
        ]
      },
      "_featureIndex": 30
    },
    {
      "type": "Feature",
      "properties": {
        "Name": "MOA8801-016-012",
        "ROCK NAME": "BASALT",
        "SR87_SR86": "0.70258",
        "ND143_ND144": "0.513064",
        "PB207_PB204": "15.504",
        "PB206_PB204": "18.798",
        "PB208_PB204": "38.291",
        "_featureIndex": 31
      },
      "geometry": {
        "type": "Point",
        "coordinates": [
          127.577,
          -50.163
        ]
      },
      "_featureIndex": 31
    },
    {
      "type": "Feature",
      "properties": {
        "Name": "MELWEST-10-077-007",
        "LA": "4.17",
        "SR87_SR86": "0.70292",
        "ND143_ND144": "0.51306",
        "PB207_PB204": "15.465",
        "PB206_PB204": "17.793",
        "PB208_PB204": "37.443",
        "_featureIndex": 32
      },
      "geometry": {
        "type": "Point",
        "coordinates": [
          93.773,
          -44.117
        ]
      },
      "_featureIndex": 32
    },
    {
      "type": "Feature",
      "properties": {
        "Name": "CHRHYAM-009-008",
        "ROCK NAME": "THOLEIITE",
        "SR87_SR86": "0.70288",
        "ND143_ND144": "0.513059",
        "PB207_PB204": "15.487",
        "PB206_PB204": "17.908",
        "PB208_PB204": "37.794",
        "_featureIndex": 33
      },
      "geometry": {
        "type": "Point",
        "coordinates": [
          75.76,
          -30.33
        ]
      },
      "_featureIndex": 33
    },
    {
      "type": "Feature",
      "properties": {
        "Name": "VEM0033-1-002-019",
        "ROCK NAME": "BASALT",
        "SR87_SR86": "0.70261",
        "ND143_ND144": "0.513058",
        "PB207_PB204": "15.514",
        "PB206_PB204": "18.911",
        "PB208_PB204": "38.319",
        "_featureIndex": 34
      },
      "geometry": {
        "type": "Point",
        "coordinates": [
          132.55,
          -50.267
        ]
      },
      "_featureIndex": 34
    },
    {
      "type": "Feature",
      "properties": {
        "Name": "VEM0033-1-003-004",
        "ROCK NAME": "BASALT",
        "ND143_ND144": "0.513058",
        "_featureIndex": 35
      },
      "geometry": {
        "type": "Point",
        "coordinates": [
          135.09,
          -50.417
        ]
      },
      "_featureIndex": 35
    },
    {
      "type": "Feature",
      "properties": {
        "Name": "MELWEST-10-130-001",
        "LA": "2.9",
        "SR87_SR86": "0.70274",
        "ND143_ND144": "0.513057",
        "PB207_PB204": "15.468",
        "PB206_PB204": "18.064",
        "PB208_PB204": "37.964",
        "_featureIndex": 36
      },
      "geometry": {
        "type": "Point",
        "coordinates": [
          111.133,
          -49.775
        ]
      },
      "_featureIndex": 36
    },
    {
      "type": "Feature",
      "properties": {
        "Name": "CHRHYAM-007-002",
        "ROCK NAME": "BASALT",
        "SR87_SR86": "0.70283",
        "ND143_ND144": "0.513056",
        "PB207_PB204": "15.467",
        "PB206_PB204": "17.884",
        "PB208_PB204": "37.726",
        "_featureIndex": 37
      },
      "geometry": {
        "type": "Point",
        "coordinates": [
          76.5,
          -31.26
        ]
      },
      "_featureIndex": 37
    },
    {
      "type": "Feature",
      "properties": {
        "Name": "MELWEST-10-135-008",
        "ROCK NAME": "BASALT",
        "LA": "3.8",
        "SR87_SR86": "0.70281",
        "ND143_ND144": "0.513055",
        "PB207_PB204": "15.455",
        "PB206_PB204": "17.931",
        "PB208_PB204": "37.785",
        "_featureIndex": 38
      },
      "geometry": {
        "type": "Point",
        "coordinates": [
          112.593,
          -50.307
        ]
      },
      "_featureIndex": 38
    },
    {
      "type": "Feature",
      "properties": {
        "Name": "MOA8801-017-026",
        "ROCK NAME": "BASALT",
        "SR87_SR86": "0.70254",
        "ND143_ND144": "0.513054",
        "PB207_PB204": "15.475",
        "PB206_PB204": "18.63",
        "PB208_PB204": "38.099",
        "_featureIndex": 39
      },
      "geometry": {
        "type": "Point",
        "coordinates": [
          127.417,
          -50.222
        ]
      },
      "_featureIndex": 39
    },
    {
      "type": "Feature",
      "properties": {
        "Name": "DUF0037-004-001",
        "ROCK NAME": "BASALT",
        "SR87_SR86": "0.703",
        "ND143_ND144": "0.513053",
        "PB207_PB204": "15.429",
        "PB206_PB204": "17.854",
        "PB208_PB204": "37.728",
        "_featureIndex": 40
      },
      "geometry": {
        "type": "Point",
        "coordinates": [
          77.596,
          -32.665
        ]
      },
      "_featureIndex": 40
    },
    {
      "type": "Feature",
      "properties": {
        "Name": "MELWEST-10-113-007",
        "LA": "3.94",
        "SR87_SR86": "0.70274",
        "ND143_ND144": "0.513052",
        "PB207_PB204": "15.467",
        "PB206_PB204": "18.144",
        "PB208_PB204": "37.936",
        "_featureIndex": 41
      },
      "geometry": {
        "type": "Point",
        "coordinates": [
          105.224,
          -48.752
        ]
      },
      "_featureIndex": 41
    },
    {
      "type": "Feature",
      "properties": {
        "Name": "VEM0033-1-001",
        "ROCK NAME": "BASALT",
        "SIO2": "50.9",
        "SR87_SR86": "0.70261",
        "ND143_ND144": "0.51305",
        "PB207_PB204": "15.49",
        "PB206_PB204": "18.75",
        "PB208_PB204": "38.19",
        "_featureIndex": 42
      },
      "geometry": {
        "type": "Point",
        "coordinates": [
          131.005,
          -50.408
        ]
      },
      "_featureIndex": 42
    },
    {
      "type": "Feature",
      "properties": {
        "Name": "VEM0033-1-001-G",
        "ROCK NAME": "BASALT",
        "SR87_SR86": "0.70261",
        "ND143_ND144": "0.51305",
        "PB207_PB204": "15.49",
        "PB206_PB204": "18.75",
        "PB208_PB204": "38.19",
        "_featureIndex": 43
      },
      "geometry": {
        "type": "Point",
        "coordinates": [
          131.005,
          -50.408
        ]
      },
      "_featureIndex": 43
    },
    {
      "type": "Feature",
      "properties": {
        "Name": "MOA8801-006-002",
        "ROCK NAME": "BASALT",
        "SR87_SR86": "0.70268",
        "ND143_ND144": "0.51305",
        "PB207_PB204": "15.477",
        "PB206_PB204": "18.398",
        "PB208_PB204": "38.005",
        "_featureIndex": 44
      },
      "geometry": {
        "type": "Point",
        "coordinates": [
          126.883,
          -48.765
        ]
      },
      "_featureIndex": 44
    },
    {
      "type": "Feature",
      "properties": {
        "Name": "MOA8801-007-001",
        "ROCK NAME": "BASALT",
        "SIO2": "50.14",
        "LA": "3.85",
        "SR87_SR86": "0.702602",
        "ND143_ND144": "0.513048",
        "PB207_PB204": "15.496",
        "PB206_PB204": "18.633",
        "PB208_PB204": "38.22",
        "_featureIndex": 45
      },
      "geometry": {
        "type": "Point",
        "coordinates": [
          127.657,
          -49.227
        ]
      },
      "_featureIndex": 45
    },
    {
      "type": "Feature",
      "properties": {
        "Name": "MOA8801-026-001",
        "ROCK NAME": "BASALT",
        "SR87_SR86": "0.70276",
        "ND143_ND144": "0.513048",
        "PB207_PB204": "15.452",
        "PB206_PB204": "17.894",
        "PB208_PB204": "37.626",
        "_featureIndex": 46
      },
      "geometry": {
        "type": "Point",
        "coordinates": [
          124.282,
          -48.943
        ]
      },
      "_featureIndex": 46
    },
    {
      "type": "Feature",
      "properties": {
        "Name": "MELWEST-10-105-001",
        "LA": "4.74",
        "SR87_SR86": "0.7029",
        "ND143_ND144": "0.513047",
        "PB207_PB204": "15.48",
        "PB206_PB204": "17.987",
        "PB208_PB204": "37.802",
        "_featureIndex": 47
      },
      "geometry": {
        "type": "Point",
        "coordinates": [
          103.04,
          -47.77
        ]
      },
      "_featureIndex": 47
    },
    {
      "type": "Feature",
      "properties": {
        "Name": "DUF0023-002-001",
        "ROCK NAME": "BASALT",
        "LA": "2.26",
        "SR87_SR86": "0.70308",
        "ND143_ND144": "0.513047",
        "PB207_PB204": "15.443",
        "PB206_PB204": "17.62",
        "PB208_PB204": "37.57",
        "_featureIndex": 48
      },
      "geometry": {
        "type": "Point",
        "coordinates": [
          71.925,
          -26.521
        ]
      },
      "_featureIndex": 48
    },
    {
      "type": "Feature",
      "properties": {
        "Name": "MELWEST-10-136-015",
        "ROCK NAME": "BASALT",
        "LA": "3.55",
        "SR87_SR86": "0.70283",
        "ND143_ND144": "0.513044",
        "PB207_PB204": "15.466",
        "PB206_PB204": "17.95",
        "PB208_PB204": "37.821",
        "_featureIndex": 49
      },
      "geometry": {
        "type": "Point",
        "coordinates": [
          112.69,
          -50.32
        ]
      },
      "_featureIndex": 49
    },
    {
      "type": "Feature",
      "properties": {
        "Name": "DUF0037-002-001",
        "ROCK NAME": "BASALT",
        "LA": "3.03",
        "SR87_SR86": "0.702931",
        "ND143_ND144": "0.513044",
        "PB207_PB204": "15.447",
        "PB206_PB204": "17.817",
        "PB208_PB204": "37.75",
        "_featureIndex": 50
      },
      "geometry": {
        "type": "Point",
        "coordinates": [
          75.191,
          -29.7
        ]
      },
      "_featureIndex": 50
    },
    {
      "type": "Feature",
      "properties": {
        "Name": "MELWEST-10-124-001",
        "ROCK NAME": "BASALT",
        "LA": "1.98",
        "SR87_SR86": "0.70273",
        "ND143_ND144": "0.513041",
        "PB207_PB204": "15.459",
        "PB206_PB204": "18.011",
        "PB208_PB204": "37.845",
        "_featureIndex": 51
      },
      "geometry": {
        "type": "Point",
        "coordinates": [
          108.513,
          -49.025
        ]
      },
      "_featureIndex": 51
    },
    {
      "type": "Feature",
      "properties": {
        "Name": "VEM0033-2-011-006",
        "ROCK NAME": "BASALT",
        "SR87_SR86": "0.70283",
        "ND143_ND144": "0.513041",
        "PB207_PB204": "15.409",
        "PB206_PB204": "17.944",
        "PB208_PB204": "37.743",
        "_featureIndex": 52
      },
      "geometry": {
        "type": "Point",
        "coordinates": [
          118,
          -49.858
        ]
      },
      "_featureIndex": 52
    },
    {
      "type": "Feature",
      "properties": {
        "Name": "MOA8801-029-005",
        "ROCK NAME": "BASALT",
        "SR87_SR86": "0.702929",
        "ND143_ND144": "0.513041",
        "_featureIndex": 53
      },
      "geometry": {
        "type": "Point",
        "coordinates": [
          124.468,
          -48.907
        ]
      },
      "_featureIndex": 53
    },
    {
      "type": "Feature",
      "properties": {
        "Name": "MELWEST-10-071-001",
        "LA": "3.26",
        "SR87_SR86": "0.70293",
        "ND143_ND144": "0.51304",
        "PB207_PB204": "15.479",
        "PB206_PB204": "17.863",
        "PB208_PB204": "37.456",
        "_featureIndex": 54
      },
      "geometry": {
        "type": "Point",
        "coordinates": [
          90.795,
          -42.886
        ]
      },
      "_featureIndex": 54
    },
    {
      "type": "Feature",
      "properties": {
        "Name": "MELWEST-10-134-001",
        "LA": "3.28",
        "SR87_SR86": "0.70285",
        "ND143_ND144": "0.51304",
        "PB207_PB204": "15.454",
        "PB206_PB204": "17.964",
        "PB208_PB204": "37.819",
        "_featureIndex": 55
      },
      "geometry": {
        "type": "Point",
        "coordinates": [
          112.49,
          -50.295
        ]
      },
      "_featureIndex": 55
    },
    {
      "type": "Feature",
      "properties": {
        "Name": "VEM0033-2-011-006",
        "ROCK NAME": "BASALT",
        "ND143_ND144": "0.51304",
        "_featureIndex": 56
      },
      "geometry": {
        "type": "Point",
        "coordinates": [
          118,
          -49.858
        ]
      },
      "_featureIndex": 56
    },
    {
      "type": "Feature",
      "properties": {
        "Name": "MELWEST-10-103-004",
        "ROCK NAME": "BASALT",
        "LA": "2.38",
        "SR87_SR86": "0.70291",
        "ND143_ND144": "0.513039",
        "PB207_PB204": "15.465",
        "PB206_PB204": "17.951",
        "PB208_PB204": "37.719",
        "_featureIndex": 57
      },
      "geometry": {
        "type": "Point",
        "coordinates": [
          102.54,
          -48.019
        ]
      },
      "_featureIndex": 57
    },
    {
      "type": "Feature",
      "properties": {
        "Name": "MELWEST-10-065-009",
        "LA": "3.62",
        "SR87_SR86": "0.70302",
        "ND143_ND144": "0.513038",
        "PB207_PB204": "15.48",
        "PB206_PB204": "17.868",
        "PB208_PB204": "37.564",
        "_featureIndex": 58
      },
      "geometry": {
        "type": "Point",
        "coordinates": [
          91.095,
          -43.082
        ]
      },
      "_featureIndex": 58
    },
    {
      "type": "Feature",
      "properties": {
        "Name": "MOA8801-005-001",
        "ROCK NAME": "BASALT",
        "SR87_SR86": "0.70284",
        "ND143_ND144": "0.513038",
        "PB207_PB204": "15.465",
        "PB206_PB204": "18.226",
        "PB208_PB204": "37.956",
        "_featureIndex": 59
      },
      "geometry": {
        "type": "Point",
        "coordinates": [
          126.52,
          -48.68
        ]
      },
      "_featureIndex": 59
    },
    {
      "type": "Feature",
      "properties": {
        "Name": "VEM0033-2-007-003",
        "ROCK NAME": "BASALT",
        "SR87_SR86": "0.7029",
        "ND143_ND144": "0.513037",
        "PB207_PB204": "15.439",
        "PB206_PB204": "18.057",
        "PB208_PB204": "37.858",
        "_featureIndex": 60
      },
      "geometry": {
        "type": "Point",
        "coordinates": [
          124,
          -49.033
        ]
      },
      "_featureIndex": 60
    },
    {
      "type": "Feature",
      "properties": {
        "Name": "VEM0033-2-007-003",
        "ROCK NAME": "BASALT",
        "ND143_ND144": "0.513037",
        "_featureIndex": 61
      },
      "geometry": {
        "type": "Point",
        "coordinates": [
          124,
          -49.033
        ]
      },
      "_featureIndex": 61
    },
    {
      "type": "Feature",
      "properties": {
        "Name": "VEM0033-2-009-002",
        "ROCK NAME": "BASALT",
        "SR87_SR86": "0.70293",
        "ND143_ND144": "0.513036",
        "PB207_PB204": "15.489",
        "PB206_PB204": "18.248",
        "PB208_PB204": "38.003",
        "_featureIndex": 62
      },
      "geometry": {
        "type": "Point",
        "coordinates": [
          119.175,
          -49.808
        ]
      },
      "_featureIndex": 62
    },
    {
      "type": "Feature",
      "properties": {
        "Name": "MELWEST-10-132-001",
        "LA": "4.38",
        "SR87_SR86": "0.70287",
        "ND143_ND144": "0.513036",
        "PB207_PB204": "15.478",
        "PB206_PB204": "17.972",
        "PB208_PB204": "37.829",
        "_featureIndex": 63
      },
      "geometry": {
        "type": "Point",
        "coordinates": [
          111.78,
          -50.21
        ]
      },
      "_featureIndex": 63
    },
    {
      "type": "Feature",
      "properties": {
        "Name": "MELWEST-10-084-007",
        "LA": "3.41",
        "SR87_SR86": "0.70308",
        "ND143_ND144": "0.513036",
        "PB207_PB204": "15.463",
        "PB206_PB204": "17.754",
        "PB208_PB204": "37.498",
        "_featureIndex": 64
      },
      "geometry": {
        "type": "Point",
        "coordinates": [
          95.932,
          -45.111
        ]
      },
      "_featureIndex": 64
    },
    {
      "type": "Feature",
      "properties": {
        "Name": "MELWEST-10-138-001",
        "LA": "5.78",
        "SR87_SR86": "0.70289",
        "ND143_ND144": "0.513035",
        "PB207_PB204": "15.443",
        "PB206_PB204": "17.968",
        "PB208_PB204": "37.722",
        "_featureIndex": 65
      },
      "geometry": {
        "type": "Point",
        "coordinates": [
          112.855,
          -50.187
        ]
      },
      "_featureIndex": 65
    },
    {
      "type": "Feature",
      "properties": {
        "Name": "MOA8801-027-008",
        "ROCK NAME": "BASALT",
        "SR87_SR86": "0.70296",
        "ND143_ND144": "0.513035",
        "_featureIndex": 66
      },
      "geometry": {
        "type": "Point",
        "coordinates": [
          124.965,
          -49.062
        ]
      },
      "_featureIndex": 66
    },
    {
      "type": "Feature",
      "properties": {
        "Name": "VEM0033-2-007-007",
        "ROCK NAME": "BASALT",
        "ND143_ND144": "0.513035",
        "_featureIndex": 67
      },
      "geometry": {
        "type": "Point",
        "coordinates": [
          124,
          -49.033
        ]
      },
      "_featureIndex": 67
    },
    {
      "type": "Feature",
      "properties": {
        "Name": "CHRHYAM-001-005",
        "ROCK NAME": "THOLEIITE",
        "SR87_SR86": "0.70343",
        "ND143_ND144": "0.513032",
        "PB207_PB204": "15.518",
        "PB206_PB204": "18.02",
        "PB208_PB204": "37.985",
        "_featureIndex": 68
      },
      "geometry": {
        "type": "Point",
        "coordinates": [
          78.65,
          -40.34
        ]
      },
      "_featureIndex": 68
    },
    {
      "type": "Feature",
      "properties": {
        "Name": "MELWEST-10-073-008",
        "LA": "4.06",
        "SR87_SR86": "0.70302",
        "ND143_ND144": "0.513032",
        "PB207_PB204": "15.485",
        "PB206_PB204": "17.868",
        "PB208_PB204": "37.569",
        "_featureIndex": 69
      },
      "geometry": {
        "type": "Point",
        "coordinates": [
          91.684,
          -43.468
        ]
      },
      "_featureIndex": 69
    },
    {
      "type": "Feature",
      "properties": {
        "Name": "MELWEST-10-072-002",
        "ROCK NAME": "BASALT",
        "LA": "1.85",
        "SR87_SR86": "0.70298",
        "ND143_ND144": "0.513029",
        "PB207_PB204": "15.464",
        "PB206_PB204": "17.97",
        "PB208_PB204": "37.661",
        "_featureIndex": 70
      },
      "geometry": {
        "type": "Point",
        "coordinates": [
          91.283,
          -43.417
        ]
      },
      "_featureIndex": 70
    },
    {
      "type": "Feature",
      "properties": {
        "Name": "MELWEST-10-110-004",
        "LA": "2.69",
        "SR87_SR86": "0.70286",
        "ND143_ND144": "0.513028",
        "PB207_PB204": "15.466",
        "PB206_PB204": "18.062",
        "PB208_PB204": "37.844",
        "_featureIndex": 71
      },
      "geometry": {
        "type": "Point",
        "coordinates": [
          103.93,
          -48.103
        ]
      },
      "_featureIndex": 71
    },
    {
      "type": "Feature",
      "properties": {
        "Name": "DUF0037-003-001",
        "ROCK NAME": "THOLEIITE",
        "SR87_SR86": "0.70305",
        "ND143_ND144": "0.513028",
        "PB207_PB204": "15.457",
        "PB206_PB204": "17.635",
        "PB208_PB204": "37.493",
        "_featureIndex": 72
      },
      "geometry": {
        "type": "Point",
        "coordinates": [
          72.24,
          -26.92
        ]
      },
      "_featureIndex": 72
    },
    {
      "type": "Feature",
      "properties": {
        "Name": "MOA8801-018-004",
        "ROCK NAME": "BASALT",
        "SR87_SR86": "0.70305",
        "ND143_ND144": "0.513025",
        "PB207_PB204": "15.459",
        "PB206_PB204": "17.903",
        "PB208_PB204": "37.742",
        "_featureIndex": 73
      },
      "geometry": {
        "type": "Point",
        "coordinates": [
          126.742,
          -50.042
        ]
      },
      "_featureIndex": 73
    },
    {
      "type": "Feature",
      "properties": {
        "Name": "MELWEST-10-108-003",
        "ROCK NAME": "BASALT",
        "LA": "3.51",
        "SR87_SR86": "0.70293",
        "ND143_ND144": "0.513024",
        "PB207_PB204": "15.482",
        "PB206_PB204": "18.103",
        "PB208_PB204": "37.936",
        "_featureIndex": 74
      },
      "geometry": {
        "type": "Point",
        "coordinates": [
          103.57,
          -47.97
        ]
      },
      "_featureIndex": 74
    },
    {
      "type": "Feature",
      "properties": {
        "Name": "MELWEST-10-125-001",
        "LA": "3",
        "SR87_SR86": "0.70285",
        "ND143_ND144": "0.513023",
        "PB207_PB204": "15.475",
        "PB206_PB204": "18.128",
        "PB208_PB204": "38.047",
        "_featureIndex": 75
      },
      "geometry": {
        "type": "Point",
        "coordinates": [
          109.105,
          -49.45
        ]
      },
      "_featureIndex": 75
    },
    {
      "type": "Feature",
      "properties": {
        "Name": "MELWEST-10-102-001",
        "LA": "2.89",
        "SR87_SR86": "0.70293",
        "ND143_ND144": "0.513021",
        "PB207_PB204": "15.475",
        "PB206_PB204": "17.989",
        "PB208_PB204": "37.77",
        "_featureIndex": 76
      },
      "geometry": {
        "type": "Point",
        "coordinates": [
          102.14,
          -47.88
        ]
      },
      "_featureIndex": 76
    },
    {
      "type": "Feature",
      "properties": {
        "Name": "MELWEST-10-070-032",
        "LA": "3.46",
        "SR87_SR86": "0.70302",
        "ND143_ND144": "0.513021",
        "PB207_PB204": "15.474",
        "PB206_PB204": "17.91",
        "PB208_PB204": "37.646",
        "_featureIndex": 77
      },
      "geometry": {
        "type": "Point",
        "coordinates": [
          90.187,
          -42.57
        ]
      },
      "_featureIndex": 77
    },
    {
      "type": "Feature",
      "properties": {
        "Name": "MELWEST-10-099-015",
        "ROCK NAME": "BASALT",
        "LA": "4",
        "SR87_SR86": "0.70293",
        "ND143_ND144": "0.51302",
        "PB207_PB204": "15.467",
        "PB206_PB204": "17.996",
        "PB208_PB204": "37.764",
        "_featureIndex": 78
      },
      "geometry": {
        "type": "Point",
        "coordinates": [
          101.22,
          -47.59
        ]
      },
      "_featureIndex": 78
    },
    {
      "type": "Feature",
      "properties": {
        "Name": "MELWEST-10-092-001",
        "LA": "3.08",
        "SR87_SR86": "0.70317",
        "ND143_ND144": "0.513019",
        "PB207_PB204": "15.486",
        "PB206_PB204": "17.891",
        "PB208_PB204": "37.578",
        "_featureIndex": 79
      },
      "geometry": {
        "type": "Point",
        "coordinates": [
          98.943,
          -48.101
        ]
      },
      "_featureIndex": 79
    },
    {
      "type": "Feature",
      "properties": {
        "Name": "MELWEST-10-082-035",
        "LA": "3.13",
        "SR87_SR86": "0.70311",
        "ND143_ND144": "0.513018",
        "PB207_PB204": "15.479",
        "PB206_PB204": "17.926",
        "PB208_PB204": "37.55",
        "_featureIndex": 80
      },
      "geometry": {
        "type": "Point",
        "coordinates": [
          95.585,
          -45.185
        ]
      },
      "_featureIndex": 80
    },
    {
      "type": "Feature",
      "properties": {
        "Name": "MELWEST-10-079-017",
        "ROCK NAME": "BASALT",
        "LA": "3.65",
        "SR87_SR86": "0.70304",
        "ND143_ND144": "0.513018",
        "PB207_PB204": "15.477",
        "PB206_PB204": "17.875",
        "PB208_PB204": "37.523",
        "_featureIndex": 81
      },
      "geometry": {
        "type": "Point",
        "coordinates": [
          95.41,
          -45.11
        ]
      },
      "_featureIndex": 81
    },
    {
      "type": "Feature",
      "properties": {
        "Name": "MELWEST-10-147-006",
        "ROCK NAME": "BASALT",
        "LA": "6.6",
        "SR87_SR86": "0.70295",
        "ND143_ND144": "0.513018",
        "PB207_PB204": "15.47",
        "PB206_PB204": "18.011",
        "PB208_PB204": "37.847",
        "_featureIndex": 82
      },
      "geometry": {
        "type": "Point",
        "coordinates": [
          117.52,
          -49.7
        ]
      },
      "_featureIndex": 82
    },
    {
      "type": "Feature",
      "properties": {
        "Name": "MELWEST-10-097-008",
        "ROCK NAME": "BASALT",
        "LA": "3.52",
        "SR87_SR86": "0.70284",
        "ND143_ND144": "0.513018",
        "PB207_PB204": "15.466",
        "PB206_PB204": "18.088",
        "PB208_PB204": "37.874",
        "_featureIndex": 83
      },
      "geometry": {
        "type": "Point",
        "coordinates": [
          100.86,
          -47.19
        ]
      },
      "_featureIndex": 83
    },
    {
      "type": "Feature",
      "properties": {
        "Name": "MELWEST-10-140-005",
        "ROCK NAME": "BASALT",
        "LA": "5.54",
        "SR87_SR86": "0.70292",
        "ND143_ND144": "0.513018",
        "PB207_PB204": "15.45",
        "PB206_PB204": "18.017",
        "PB208_PB204": "37.81",
        "_featureIndex": 84
      },
      "geometry": {
        "type": "Point",
        "coordinates": [
          113.453,
          -50.3
        ]
      },
      "_featureIndex": 84
    },
    {
      "type": "Feature",
      "properties": {
        "Name": "DUF0037-001-006",
        "ROCK NAME": "BASALT",
        "LA": "2.46",
        "SR87_SR86": "0.703146",
        "ND143_ND144": "0.513018",
        "PB207_PB204": "15.437",
        "PB206_PB204": "17.666",
        "PB208_PB204": "37.67",
        "_featureIndex": 85
      },
      "geometry": {
        "type": "Point",
        "coordinates": [
          72.242,
          -26.917
        ]
      },
      "_featureIndex": 85
    },
    {
      "type": "Feature",
      "properties": {
        "Name": "VEM0033-2-009-001",
        "ROCK NAME": "BASALT",
        "SR87_SR86": "0.702849",
        "ND143_ND144": "0.513017",
        "PB207_PB204": "15.4886",
        "PB206_PB204": "18.0908",
        "PB208_PB204": "38.0125",
        "_featureIndex": 86
      },
      "geometry": {
        "type": "Point",
        "coordinates": [
          119.175,
          -49.808
        ]
      },
      "_featureIndex": 86
    },
    {
      "type": "Feature",
      "properties": {
        "Name": "MELWEST-10-074-002",
        "ROCK NAME": "BASALT",
        "LA": "4.49",
        "SR87_SR86": "0.70314",
        "ND143_ND144": "0.513016",
        "PB207_PB204": "15.464",
        "PB206_PB204": "17.848",
        "PB208_PB204": "37.549",
        "_featureIndex": 87
      },
      "geometry": {
        "type": "Point",
        "coordinates": [
          92.33,
          -43.43
        ]
      },
      "_featureIndex": 87
    },
    {
      "type": "Feature",
      "properties": {
        "Name": "MELWEST-10-088-001",
        "LA": "1.99",
        "SR87_SR86": "0.70314",
        "ND143_ND144": "0.513015",
        "PB207_PB204": "15.481",
        "PB206_PB204": "17.841",
        "PB208_PB204": "37.786",
        "_featureIndex": 88
      },
      "geometry": {
        "type": "Point",
        "coordinates": [
          96.833,
          -47.076
        ]
      },
      "_featureIndex": 88
    },
    {
      "type": "Feature",
      "properties": {
        "Name": "MELWEST-10-142-001",
        "ROCK NAME": "BASALT",
        "LA": "4.15",
        "SR87_SR86": "0.70308",
        "ND143_ND144": "0.513015",
        "PB207_PB204": "15.479",
        "PB206_PB204": "17.935",
        "PB208_PB204": "37.938",
        "_featureIndex": 89
      },
      "geometry": {
        "type": "Point",
        "coordinates": [
          114.48,
          -49.86
        ]
      },
      "_featureIndex": 89
    },
    {
      "type": "Feature",
      "properties": {
        "Name": "MELWEST-10-106-004",
        "LA": "3.17",
        "SR87_SR86": "0.7029",
        "ND143_ND144": "0.513015",
        "PB207_PB204": "15.477",
        "PB206_PB204": "18.114",
        "PB208_PB204": "37.922",
        "_featureIndex": 90
      },
      "geometry": {
        "type": "Point",
        "coordinates": [
          103.353,
          -47.878
        ]
      },
      "_featureIndex": 90
    },
    {
      "type": "Feature",
      "properties": {
        "Name": "MELWEST-10-078-002",
        "LA": "3.08",
        "SR87_SR86": "0.70312",
        "ND143_ND144": "0.513012",
        "PB207_PB204": "15.489",
        "PB206_PB204": "17.871",
        "PB208_PB204": "37.537",
        "_featureIndex": 91
      },
      "geometry": {
        "type": "Point",
        "coordinates": [
          94.833,
          -44.833
        ]
      },
      "_featureIndex": 91
    },
    {
      "type": "Feature",
      "properties": {
        "Name": "MOA8801-030-006",
        "ROCK NAME": "BASALT",
        "SR87_SR86": "0.70295",
        "ND143_ND144": "0.513012",
        "PB207_PB204": "15.475",
        "PB206_PB204": "17.926",
        "PB208_PB204": "37.769",
        "_featureIndex": 92
      },
      "geometry": {
        "type": "Point",
        "coordinates": [
          124.282,
          -48.943
        ]
      },
      "_featureIndex": 92
    },
    {
      "type": "Feature",
      "properties": {
        "Name": "MELWEST-10-138-036",
        "ROCK NAME": "BASALT",
        "LA": "4.27",
        "SR87_SR86": "0.70298",
        "ND143_ND144": "0.513012",
        "PB207_PB204": "15.466",
        "PB206_PB204": "17.952",
        "PB208_PB204": "37.791",
        "_featureIndex": 93
      },
      "geometry": {
        "type": "Point",
        "coordinates": [
          112.855,
          -50.187
        ]
      },
      "_featureIndex": 93
    },
    {
      "type": "Feature",
      "properties": {
        "Name": "VEM0033-2-007-003",
        "ROCK NAME": "BASALT",
        "ND143_ND144": "0.513012",
        "_featureIndex": 94
      },
      "geometry": {
        "type": "Point",
        "coordinates": [
          124,
          -49.033
        ]
      },
      "_featureIndex": 94
    },
    {
      "type": "Feature",
      "properties": {
        "Name": "MELWEST-10-117-001",
        "ROCK NAME": "BASALT",
        "LA": "7.36",
        "SR87_SR86": "0.70289",
        "ND143_ND144": "0.513011",
        "PB207_PB204": "15.508",
        "PB206_PB204": "18.284",
        "PB208_PB204": "38.249",
        "_featureIndex": 95
      },
      "geometry": {
        "type": "Point",
        "coordinates": [
          107.145,
          -48.348
        ]
      },
      "_featureIndex": 95
    },
    {
      "type": "Feature",
      "properties": {
        "Name": "MELWEST-10-081-001",
        "ROCK NAME": "BASALT",
        "LA": "3.02",
        "SR87_SR86": "0.70305",
        "ND143_ND144": "0.513011",
        "PB207_PB204": "15.479",
        "PB206_PB204": "17.883",
        "PB208_PB204": "37.546",
        "_featureIndex": 96
      },
      "geometry": {
        "type": "Point",
        "coordinates": [
          95.59,
          -45.174
        ]
      },
      "_featureIndex": 96
    },
    {
      "type": "Feature",
      "properties": {
        "Name": "MELWEST-10-144-004",
        "ROCK NAME": "BASALT",
        "LA": "3.55",
        "SR87_SR86": "0.70315",
        "ND143_ND144": "0.513011",
        "PB207_PB204": "15.459",
        "PB206_PB204": "17.894",
        "PB208_PB204": "37.887",
        "_featureIndex": 97
      },
      "geometry": {
        "type": "Point",
        "coordinates": [
          115.212,
          -50.007
        ]
      },
      "_featureIndex": 97
    },
    {
      "type": "Feature",
      "properties": {
        "Name": "DUF0037-004-001",
        "ROCK NAME": "BASALT",
        "LA": "3.12",
        "SR87_SR86": "0.702982",
        "ND143_ND144": "0.51301",
        "PB207_PB204": "15.489",
        "PB206_PB204": "18",
        "PB208_PB204": "38.04",
        "_featureIndex": 98
      },
      "geometry": {
        "type": "Point",
        "coordinates": [
          77.596,
          -32.665
        ]
      },
      "_featureIndex": 98
    },
    {
      "type": "Feature",
      "properties": {
        "Name": "MELWEST-10-116-015",
        "LA": "6.99",
        "SR87_SR86": "0.7029",
        "ND143_ND144": "0.513008",
        "PB207_PB204": "15.5",
        "PB206_PB204": "18.251",
        "PB208_PB204": "38.223",
        "_featureIndex": 99
      },
      "geometry": {
        "type": "Point",
        "coordinates": [
          106.494,
          -48.873
        ]
      },
      "_featureIndex": 99
    },
    {
      "type": "Feature",
      "properties": {
        "Name": "MELWEST-10-116-002",
        "LA": "7.16",
        "SR87_SR86": "0.70294",
        "ND143_ND144": "0.513007",
        "PB207_PB204": "15.487",
        "PB206_PB204": "18.233",
        "PB208_PB204": "38.175",
        "_featureIndex": 100
      },
      "geometry": {
        "type": "Point",
        "coordinates": [
          106.494,
          -48.873
        ]
      },
      "_featureIndex": 100
    },
    {
      "type": "Feature",
      "properties": {
        "Name": "VEM0033-2-007-007",
        "ROCK NAME": "BASALT",
        "SR87_SR86": "0.703",
        "ND143_ND144": "0.513007",
        "PB207_PB204": "15.462",
        "PB206_PB204": "18.008",
        "PB208_PB204": "37.794",
        "_featureIndex": 101
      },
      "geometry": {
        "type": "Point",
        "coordinates": [
          124,
          -49.033
        ]
      },
      "_featureIndex": 101
    },
    {
      "type": "Feature",
      "properties": {
        "Name": "DUF0037-003-001-D1",
        "ROCK NAME": "BASALT",
        "ND143_ND144": "0.513007",
        "_featureIndex": 102
      },
      "geometry": {
        "type": "Point",
        "coordinates": [
          72.24,
          -26.92
        ]
      },
      "_featureIndex": 102
    },
    {
      "type": "Feature",
      "properties": {
        "Name": "VEM0033-2-007-003",
        "ROCK NAME": "BASALT",
        "ND143_ND144": "0.513007",
        "_featureIndex": 103
      },
      "geometry": {
        "type": "Point",
        "coordinates": [
          124,
          -49.033
        ]
      },
      "_featureIndex": 103
    },
    {
      "type": "Feature",
      "properties": {
        "Name": "VEM0033-2-010-010",
        "ROCK NAME": "BASALT",
        "ND143_ND144": "0.513006",
        "PB207_PB204": "15.5084",
        "PB206_PB204": "17.7835",
        "PB208_PB204": "37.887",
        "_featureIndex": 104
      },
      "geometry": {
        "type": "Point",
        "coordinates": [
          115.375,
          -49.917
        ]
      },
      "_featureIndex": 104
    },
    {
      "type": "Feature",
      "properties": {
        "Name": "DUF0037-005-001",
        "LA": "2.33",
        "SR87_SR86": "0.703024",
        "ND143_ND144": "0.513006",
        "PB207_PB204": "15.49",
        "PB206_PB204": "18.012",
        "PB208_PB204": "38.09",
        "_featureIndex": 105
      },
      "geometry": {
        "type": "Point",
        "coordinates": [
          77.855,
          -40.327
        ]
      },
      "_featureIndex": 105
    },
    {
      "type": "Feature",
      "properties": {
        "Name": "MELWEST-10-096-001",
        "LA": "5.77",
        "SR87_SR86": "0.70301",
        "ND143_ND144": "0.513001",
        "PB207_PB204": "15.483",
        "PB206_PB204": "18.133",
        "PB208_PB204": "37.923",
        "_featureIndex": 106
      },
      "geometry": {
        "type": "Point",
        "coordinates": [
          100.672,
          -47.335
        ]
      },
      "_featureIndex": 106
    },
    {
      "type": "Feature",
      "properties": {
        "Name": "MELWEST-10-141-001",
        "LA": "5.73",
        "SR87_SR86": "0.70297",
        "ND143_ND144": "0.512999",
        "PB207_PB204": "15.461",
        "PB206_PB204": "17.947",
        "PB208_PB204": "37.796",
        "_featureIndex": 107
      },
      "geometry": {
        "type": "Point",
        "coordinates": [
          113.615,
          -50.347
        ]
      },
      "_featureIndex": 107
    },
    {
      "type": "Feature",
      "properties": {
        "Name": "MOA8801-024-018",
        "ROCK NAME": "BASALT",
        "SR87_SR86": "0.70305",
        "ND143_ND144": "0.512997",
        "PB207_PB204": "15.47",
        "PB206_PB204": "17.965",
        "PB208_PB204": "37.872",
        "_featureIndex": 108
      },
      "geometry": {
        "type": "Point",
        "coordinates": [
          126.167,
          -49.768
        ]
      },
      "_featureIndex": 108
    },
    {
      "type": "Feature",
      "properties": {
        "Name": "MELWEST-10-075-004",
        "LA": "3.58",
        "SR87_SR86": "0.70324",
        "ND143_ND144": "0.512995",
        "PB207_PB204": "15.478",
        "PB206_PB204": "17.844",
        "PB208_PB204": "37.547",
        "_featureIndex": 109
      },
      "geometry": {
        "type": "Point",
        "coordinates": [
          92.662,
          -43.575
        ]
      },
      "_featureIndex": 109
    },
    {
      "type": "Feature",
      "properties": {
        "Name": "MELWEST-10-115-003",
        "LA": "4.67",
        "SR87_SR86": "0.70311",
        "ND143_ND144": "0.512992",
        "PB207_PB204": "15.495",
        "PB206_PB204": "18.06",
        "PB208_PB204": "38.005",
        "_featureIndex": 110
      },
      "geometry": {
        "type": "Point",
        "coordinates": [
          105.868,
          -49.229
        ]
      },
      "_featureIndex": 110
    },
    {
      "type": "Feature",
      "properties": {
        "Name": "CHRHYAM-004-043",
        "ROCK NAME": "BASALT",
        "SR87_SR86": "0.70312",
        "ND143_ND144": "0.512991",
        "PB207_PB204": "15.53",
        "PB206_PB204": "18.331",
        "PB208_PB204": "38.215",
        "_featureIndex": 111
      },
      "geometry": {
        "type": "Point",
        "coordinates": [
          78.67,
          -34.91
        ]
      },
      "_featureIndex": 111
    },
    {
      "type": "Feature",
      "properties": {
        "Name": "MELWEST-10-146-001",
        "ROCK NAME": "BASALT",
        "LA": "3.97",
        "SR87_SR86": "0.70318",
        "ND143_ND144": "0.512991",
        "PB207_PB204": "15.513",
        "PB206_PB204": "17.974",
        "PB208_PB204": "38.027",
        "_featureIndex": 112
      },
      "geometry": {
        "type": "Point",
        "coordinates": [
          117.182,
          -49.505
        ]
      },
      "_featureIndex": 112
    },
    {
      "type": "Feature",
      "properties": {
        "Name": "MELWEST-10-098-003",
        "ROCK NAME": "BASALT",
        "LA": "5.34",
        "SR87_SR86": "0.70301",
        "ND143_ND144": "0.512988",
        "PB207_PB204": "15.512",
        "PB206_PB204": "18.257",
        "PB208_PB204": "38.102",
        "_featureIndex": 113
      },
      "geometry": {
        "type": "Point",
        "coordinates": [
          100.961,
          -47.458
        ]
      },
      "_featureIndex": 113
    },
    {
      "type": "Feature",
      "properties": {
        "Name": "VEM0033-2-008-006",
        "ROCK NAME": "BASALT",
        "SR87_SR86": "0.703212",
        "ND143_ND144": "0.512988",
        "PB207_PB204": "15.4927",
        "PB206_PB204": "18.2441",
        "PB208_PB204": "38.2809",
        "_featureIndex": 114
      },
      "geometry": {
        "type": "Point",
        "coordinates": [
          121.033,
          -49.467
        ]
      },
      "_featureIndex": 114
    },
    {
      "type": "Feature",
      "properties": {
        "Name": "MELWEST-10-083-017",
        "ROCK NAME": "BASALT",
        "LA": "6.22",
        "SR87_SR86": "0.7032",
        "ND143_ND144": "0.512986",
        "PB207_PB204": "15.504",
        "PB206_PB204": "18.133",
        "PB208_PB204": "37.92",
        "_featureIndex": 115
      },
      "geometry": {
        "type": "Point",
        "coordinates": [
          95.76,
          -45.05
        ]
      },
      "_featureIndex": 115
    },
    {
      "type": "Feature",
      "properties": {
        "Name": "MELWEST-10-091-003",
        "LA": "6.95",
        "SR87_SR86": "0.70315",
        "ND143_ND144": "0.512986",
        "PB207_PB204": "15.483",
        "PB206_PB204": "17.914",
        "PB208_PB204": "37.682",
        "_featureIndex": 116
      },
      "geometry": {
        "type": "Point",
        "coordinates": [
          98.601,
          -47.909
        ]
      },
      "_featureIndex": 116
    },
    {
      "type": "Feature",
      "properties": {
        "Name": "MELWEST-10-112-001",
        "ROCK NAME": "BASALT",
        "LA": "4.01",
        "SR87_SR86": "0.70304",
        "ND143_ND144": "0.512985",
        "PB207_PB204": "15.494",
        "PB206_PB204": "18.14",
        "PB208_PB204": "37.99",
        "_featureIndex": 117
      },
      "geometry": {
        "type": "Point",
        "coordinates": [
          104.97,
          -48.32
        ]
      },
      "_featureIndex": 117
    },
    {
      "type": "Feature",
      "properties": {
        "Name": "MELWEST-10-087-038",
        "LA": "2.64",
        "SR87_SR86": "0.70323",
        "ND143_ND144": "0.512981",
        "PB207_PB204": "15.47",
        "PB206_PB204": "17.731",
        "PB208_PB204": "37.596",
        "_featureIndex": 118
      },
      "geometry": {
        "type": "Point",
        "coordinates": [
          96.368,
          -46.778
        ]
      },
      "_featureIndex": 118
    },
    {
      "type": "Feature",
      "properties": {
        "Name": "DUF0037-001-001",
        "ROCK NAME": "THOLEIITE",
        "SR87_SR86": "0.70315",
        "ND143_ND144": "0.512981",
        "PB207_PB204": "15.466",
        "PB206_PB204": "17.722",
        "PB208_PB204": "37.686",
        "_featureIndex": 119
      },
      "geometry": {
        "type": "Point",
        "coordinates": [
          72.242,
          -26.917
        ]
      },
      "_featureIndex": 119
    },
    {
      "type": "Feature",
      "properties": {
        "Name": "VEM0033-2-010-010",
        "ROCK NAME": "BASALT",
        "SR87_SR86": "0.70346",
        "ND143_ND144": "0.512978",
        "PB207_PB204": "15.494",
        "PB206_PB204": "17.772",
        "PB208_PB204": "37.837",
        "_featureIndex": 120
      },
      "geometry": {
        "type": "Point",
        "coordinates": [
          115.375,
          -49.917
        ]
      },
      "_featureIndex": 120
    },
    {
      "type": "Feature",
      "properties": {
        "Name": "MELWEST-10-100-001",
        "LA": "6.4",
        "SR87_SR86": "0.70306",
        "ND143_ND144": "0.512978",
        "PB207_PB204": "15.485",
        "PB206_PB204": "18.105",
        "PB208_PB204": "37.944",
        "_featureIndex": 121
      },
      "geometry": {
        "type": "Point",
        "coordinates": [
          101.53,
          -47.63
        ]
      },
      "_featureIndex": 121
    },
    {
      "type": "Feature",
      "properties": {
        "Name": "MELWEST-10-118-001",
        "LA": "10.5",
        "SR87_SR86": "0.70301",
        "ND143_ND144": "0.512973",
        "PB207_PB204": "15.503",
        "PB206_PB204": "18.365",
        "PB208_PB204": "38.353",
        "_featureIndex": 122
      },
      "geometry": {
        "type": "Point",
        "coordinates": [
          107.527,
          -48.428
        ]
      },
      "_featureIndex": 122
    },
    {
      "type": "Feature",
      "properties": {
        "Name": "MELWEST-10-122-001",
        "ROCK NAME": "BASALT",
        "LA": "6.96",
        "SR87_SR86": "0.70298",
        "ND143_ND144": "0.512972",
        "PB207_PB204": "15.491",
        "PB206_PB204": "18.282",
        "PB208_PB204": "38.273",
        "_featureIndex": 123
      },
      "geometry": {
        "type": "Point",
        "coordinates": [
          108.2,
          -48.7
        ]
      },
      "_featureIndex": 123
    },
    {
      "type": "Feature",
      "properties": {
        "Name": "VEM0033-2-008-008",
        "ROCK NAME": "BASALT",
        "SR87_SR86": "0.70314",
        "ND143_ND144": "0.512972",
        "PB207_PB204": "15.465",
        "PB206_PB204": "18.225",
        "PB208_PB204": "38.211",
        "_featureIndex": 124
      },
      "geometry": {
        "type": "Point",
        "coordinates": [
          121.033,
          -49.467
        ]
      },
      "_featureIndex": 124
    },
    {
      "type": "Feature",
      "properties": {
        "Name": "DUF0037-007-001",
        "LA": "5.46",
        "SR87_SR86": "0.702982",
        "ND143_ND144": "0.512969",
        "PB207_PB204": "15.524",
        "PB206_PB204": "18.4",
        "PB208_PB204": "38.49",
        "_featureIndex": 125
      },
      "geometry": {
        "type": "Point",
        "coordinates": [
          78.023,
          -34.383
        ]
      },
      "_featureIndex": 125
    },
    {
      "type": "Feature",
      "properties": {
        "Name": "CHRHYAM-005-001",
        "ROCK NAME": "BASALT",
        "SR87_SR86": "0.70321",
        "ND143_ND144": "0.512963",
        "PB207_PB204": "15.551",
        "PB206_PB204": "18.406",
        "PB208_PB204": "38.37",
        "_featureIndex": 126
      },
      "geometry": {
        "type": "Point",
        "coordinates": [
          78.54,
          -34.96
        ]
      },
      "_featureIndex": 126
    },
    {
      "type": "Feature",
      "properties": {
        "Name": "MELWEST-10-048WC",
        "ROCK NAME": "BASALT",
        "LA": "12.6",
        "SR87_SR86": "0.70309",
        "ND143_ND144": "0.512963",
        "PB207_PB204": "15.519",
        "PB206_PB204": "18.494",
        "PB208_PB204": "38.25",
        "_featureIndex": 127
      },
      "geometry": {
        "type": "Point",
        "coordinates": [
          95.93,
          -46.09
        ]
      },
      "_featureIndex": 127
    },
    {
      "type": "Feature",
      "properties": {
        "Name": "MELWEST-10-076-001",
        "LA": "4.42",
        "SR87_SR86": "0.70332",
        "ND143_ND144": "0.512961",
        "PB207_PB204": "15.484",
        "PB206_PB204": "17.874",
        "PB208_PB204": "37.586",
        "_featureIndex": 128
      },
      "geometry": {
        "type": "Point",
        "coordinates": [
          93.114,
          -43.882
        ]
      },
      "_featureIndex": 128
    },
    {
      "type": "Feature",
      "properties": {
        "Name": "DUF0037-007-001",
        "SR87_SR86": "0.70311",
        "ND143_ND144": "0.51296",
        "PB207_PB204": "15.503",
        "PB206_PB204": "18.388",
        "PB208_PB204": "38.409",
        "_featureIndex": 129
      },
      "geometry": {
        "type": "Point",
        "coordinates": [
          78.023,
          -34.383
        ]
      },
      "_featureIndex": 129
    },
    {
      "type": "Feature",
      "properties": {
        "Name": "MELWEST-10-090-001",
        "ROCK NAME": "BASALT",
        "LA": "3.74",
        "SR87_SR86": "0.70308",
        "ND143_ND144": "0.51296",
        "PB207_PB204": "15.483",
        "PB206_PB204": "17.843",
        "PB208_PB204": "37.614",
        "_featureIndex": 130
      },
      "geometry": {
        "type": "Point",
        "coordinates": [
          98.157,
          -47.711
        ]
      },
      "_featureIndex": 130
    },
    {
      "type": "Feature",
      "properties": {
        "Name": "MELWEST-10-069-001",
        "ROCK NAME": "BASALT",
        "LA": "1.4",
        "SR87_SR86": "0.70331",
        "ND143_ND144": "0.512954",
        "PB207_PB204": "15.473",
        "PB206_PB204": "18.03",
        "PB208_PB204": "37.892",
        "_featureIndex": 131
      },
      "geometry": {
        "type": "Point",
        "coordinates": [
          88.922,
          -41.87
        ]
      },
      "_featureIndex": 131
    },
    {
      "type": "Feature",
      "properties": {
        "Name": "MELWEST-10-089-107",
        "LA": "5.6",
        "SR87_SR86": "0.70339",
        "ND143_ND144": "0.512952",
        "PB207_PB204": "15.492",
        "PB206_PB204": "17.859",
        "PB208_PB204": "37.743",
        "_featureIndex": 132
      },
      "geometry": {
        "type": "Point",
        "coordinates": [
          97.512,
          -47.445
        ]
      },
      "_featureIndex": 132
    },
    {
      "type": "Feature",
      "properties": {
        "Name": "MELWEST-10-066-018",
        "ROCK NAME": "BASALT",
        "LA": "2.58",
        "SR87_SR86": "0.70337",
        "ND143_ND144": "0.512949",
        "PB207_PB204": "15.492",
        "PB206_PB204": "18.173",
        "PB208_PB204": "38.013",
        "_featureIndex": 133
      },
      "geometry": {
        "type": "Point",
        "coordinates": [
          89.32,
          -41.72
        ]
      },
      "_featureIndex": 133
    },
    {
      "type": "Feature",
      "properties": {
        "Name": "MELBMRG-6-036-001",
        "LA": "4.03",
        "SR87_SR86": "0.70348",
        "ND143_ND144": "0.512943",
        "PB207_PB204": "15.487",
        "PB206_PB204": "17.735",
        "PB208_PB204": "37.76",
        "_featureIndex": 134
      },
      "geometry": {
        "type": "Point",
        "coordinates": [
          86.23,
          -41.1
        ]
      },
      "_featureIndex": 134
    },
    {
      "type": "Feature",
      "properties": {
        "Name": "MOA8801-029-005",
        "ROCK NAME": "BASALT",
        "ND143_ND144": "0.512943",
        "_featureIndex": 135
      },
      "geometry": {
        "type": "Point",
        "coordinates": [
          124.468,
          -48.907
        ]
      },
      "_featureIndex": 135
    },
    {
      "type": "Feature",
      "properties": {
        "Name": "MELWEST-10-111-018",
        "LA": "8.59",
        "SR87_SR86": "0.70312",
        "ND143_ND144": "0.512934",
        "PB207_PB204": "15.506",
        "PB206_PB204": "18.322",
        "PB208_PB204": "38.217",
        "_featureIndex": 136
      },
      "geometry": {
        "type": "Point",
        "coordinates": [
          104.662,
          -48.212
        ]
      },
      "_featureIndex": 136
    },
    {
      "type": "Feature",
      "properties": {
        "Name": "PETDB-2871-ST PAUL-21",
        "ROCK NAME": "BASALT",
        "LA": "13.5",
        "SR87_SR86": "0.70407",
        "ND143_ND144": "0.51293",
        "PB207_PB204": "15.58",
        "PB206_PB204": "18.32",
        "PB208_PB204": "38.44",
        "_featureIndex": 137
      },
      "geometry": {
        "type": "Point",
        "coordinates": [
          77.55,
          -38.72
        ]
      },
      "_featureIndex": 137
    },
    {
      "type": "Feature",
      "properties": {
        "Name": "MELWEST-10-145-001",
        "LA": "6.11",
        "SR87_SR86": "0.70369",
        "ND143_ND144": "0.512929",
        "PB207_PB204": "15.473",
        "PB206_PB204": "17.594",
        "PB208_PB204": "37.612",
        "_featureIndex": 138
      },
      "geometry": {
        "type": "Point",
        "coordinates": [
          116.717,
          -49.273
        ]
      },
      "_featureIndex": 138
    },
    {
      "type": "Feature",
      "properties": {
        "Name": "CHRHYAM-STPAUL",
        "ROCK NAME": "THOLEIITE",
        "SR87_SR86": "0.70363",
        "ND143_ND144": "0.512925",
        "PB207_PB204": "15.583",
        "PB206_PB204": "18.696",
        "PB208_PB204": "38.802",
        "_featureIndex": 139
      },
      "geometry": {
        "type": "Point",
        "coordinates": [
          77.5,
          -38.7
        ]
      },
      "_featureIndex": 139
    },
    {
      "type": "Feature",
      "properties": {
        "Name": "MELWEST-10-128-001",
        "ROCK NAME": "BASALT",
        "LA": "5.4",
        "SR87_SR86": "0.70343",
        "ND143_ND144": "0.512917",
        "PB207_PB204": "15.533",
        "PB206_PB204": "18.132",
        "PB208_PB204": "38.193",
        "_featureIndex": 140
      },
      "geometry": {
        "type": "Point",
        "coordinates": [
          110.412,
          -49.828
        ]
      },
      "_featureIndex": 140
    },
    {
      "type": "Feature",
      "properties": {
        "Name": "MELWEST-10-089-004",
        "ROCK NAME": "BASALT",
        "LA": "7.57",
        "SR87_SR86": "0.70361",
        "ND143_ND144": "0.512911",
        "PB207_PB204": "15.499",
        "PB206_PB204": "17.937",
        "PB208_PB204": "37.801",
        "_featureIndex": 141
      },
      "geometry": {
        "type": "Point",
        "coordinates": [
          97.512,
          -47.445
        ]
      },
      "_featureIndex": 141
    },
    {
      "type": "Feature",
      "properties": {
        "Name": "MELWEST-10-126-007",
        "ROCK NAME": "BASALT",
        "LA": "9.64",
        "SR87_SR86": "0.70336",
        "ND143_ND144": "0.512909",
        "PB207_PB204": "15.512",
        "PB206_PB204": "18.198",
        "PB208_PB204": "38.262",
        "_featureIndex": 142
      },
      "geometry": {
        "type": "Point",
        "coordinates": [
          109.484,
          -49.527
        ]
      },
      "_featureIndex": 142
    },
    {
      "type": "Feature",
      "properties": {
        "Name": "DUF0037-STPAUL",
        "LA": "7.42",
        "SR87_SR86": "0.703627",
        "ND143_ND144": "0.512904",
        "PB207_PB204": "15.565",
        "PB206_PB204": "18.694",
        "PB208_PB204": "38.87",
        "_featureIndex": 143
      },
      "geometry": {
        "type": "Point",
        "coordinates": [
          77.55,
          -38.7
        ]
      },
      "_featureIndex": 143
    },
    {
      "type": "Feature",
      "properties": {
        "Name": "MELBMRG-6-034-001",
        "LA": "4.16",
        "SR87_SR86": "0.70358",
        "ND143_ND144": "0.512904",
        "PB207_PB204": "15.497",
        "PB206_PB204": "17.812",
        "PB208_PB204": "37.886",
        "_featureIndex": 144
      },
      "geometry": {
        "type": "Point",
        "coordinates": [
          87.09,
          -41.52
        ]
      },
      "_featureIndex": 144
    },
    {
      "type": "Feature",
      "properties": {
        "Name": "MOA8801-027-058",
        "ROCK NAME": "BASALT",
        "SR87_SR86": "0.70365",
        "ND143_ND144": "0.512903",
        "PB207_PB204": "15.49",
        "PB206_PB204": "17.888",
        "PB208_PB204": "37.837",
        "_featureIndex": 145
      },
      "geometry": {
        "type": "Point",
        "coordinates": [
          124.965,
          -49.062
        ]
      },
      "_featureIndex": 145
    },
    {
      "type": "Feature",
      "properties": {
        "Name": "CHRHYAM-004-062",
        "ROCK NAME": "THOLEIITE",
        "SR87_SR86": "0.70367",
        "ND143_ND144": "0.512899",
        "PB207_PB204": "15.568",
        "PB206_PB204": "18.411",
        "PB208_PB204": "38.36",
        "_featureIndex": 146
      },
      "geometry": {
        "type": "Point",
        "coordinates": [
          78.67,
          -34.91
        ]
      },
      "_featureIndex": 146
    },
    {
      "type": "Feature",
      "properties": {
        "Name": "MELBMRG-6-SP1A",
        "ROCK NAME": "BASALT",
        "SIO2": "50.63",
        "LA": "21.2",
        "SR87_SR86": "0.7036",
        "ND143_ND144": "0.51289",
        "PB207_PB204": "15.558",
        "PB206_PB204": "18.651",
        "PB208_PB204": "38.842",
        "_featureIndex": 147
      },
      "geometry": {
        "type": "Point",
        "coordinates": [
          77.55,
          -38.72
        ]
      },
      "_featureIndex": 147
    },
    {
      "type": "Feature",
      "properties": {
        "Name": "MELBMRG-6-033-002",
        "ROCK NAME": "BASALT",
        "SR87_SR86": "0.70364",
        "ND143_ND144": "0.512889",
        "PB207_PB204": "15.501",
        "PB206_PB204": "17.97",
        "PB208_PB204": "37.979",
        "_featureIndex": 148
      },
      "geometry": {
        "type": "Point",
        "coordinates": [
          88.042,
          -42.115
        ]
      },
      "_featureIndex": 148
    },
    {
      "type": "Feature",
      "properties": {
        "Name": "MELWEST-10-114-012",
        "ROCK NAME": "BASALT",
        "LA": "11.6",
        "SR87_SR86": "0.70351",
        "ND143_ND144": "0.512857",
        "PB207_PB204": "15.536",
        "PB206_PB204": "18.351",
        "PB208_PB204": "38.268",
        "_featureIndex": 149
      },
      "geometry": {
        "type": "Point",
        "coordinates": [
          105.588,
          -49.116
        ]
      },
      "_featureIndex": 149
    },
    {
      "type": "Feature",
      "properties": {
        "Name": "CHRHYAM-002",
        "ROCK NAME": "THOLEIITE",
        "SR87_SR86": "0.70405",
        "ND143_ND144": "0.512854",
        "PB207_PB204": "15.561",
        "PB206_PB204": "18.085",
        "PB208_PB204": "38.445",
        "_featureIndex": 150
      },
      "geometry": {
        "type": "Point",
        "coordinates": [
          78.48,
          -39.68
        ]
      },
      "_featureIndex": 150
    },
    {
      "type": "Feature",
      "properties": {
        "Name": "MELBMRG-6-R044B",
        "ROCK NAME": "BASALT",
        "SIO2": "50.98",
        "LA": "19.8",
        "SR87_SR86": "0.70381",
        "ND143_ND144": "0.51284",
        "PB207_PB204": "15.618",
        "PB206_PB204": "19.139",
        "PB208_PB204": "39.472",
        "_featureIndex": 151
      },
      "geometry": {
        "type": "Point",
        "coordinates": [
          77.825,
          -37.721
        ]
      },
      "_featureIndex": 151
    },
    {
      "type": "Feature",
      "properties": {
        "Name": "CHRHYAM-003-003",
        "ROCK NAME": "BASALT",
        "SR87_SR86": "0.70411",
        "ND143_ND144": "0.512822",
        "PB207_PB204": "15.56",
        "PB206_PB204": "18.71",
        "PB208_PB204": "38.961",
        "_featureIndex": 152
      },
      "geometry": {
        "type": "Point",
        "coordinates": [
          78.43,
          -37.52
        ]
      },
      "_featureIndex": 152
    },
    {
      "type": "Feature",
      "properties": {
        "Name": "DUF0037-006-002",
        "ROCK NAME": "BASALT",
        "SR87_SR86": "0.70467",
        "ND143_ND144": "0.512813",
        "PB207_PB204": "15.555",
        "PB206_PB204": "18.039",
        "PB208_PB204": "38.636",
        "_featureIndex": 153
      },
      "geometry": {
        "type": "Point",
        "coordinates": [
          78.138,
          -38.978
        ]
      },
      "_featureIndex": 153
    },
    {
      "type": "Feature",
      "properties": {
        "Name": "MELBMRG-6-R045B",
        "ROCK NAME": "BASALT",
        "SIO2": "50.8",
        "LA": "16.6",
        "SR87_SR86": "0.70456",
        "ND143_ND144": "0.51279",
        "PB207_PB204": "15.586",
        "PB206_PB204": "18.554",
        "PB208_PB204": "39.036",
        "_featureIndex": 154
      },
      "geometry": {
        "type": "Point",
        "coordinates": [
          77.832,
          -37.716
        ]
      },
      "_featureIndex": 154
    },
    {
      "type": "Feature",
      "properties": {
        "Name": "PETDB-2871-ST PAUL-41",
        "ROCK NAME": "BASALT",
        "LA": "19.6",
        "SR87_SR86": "0.704494",
        "ND143_ND144": "0.512757",
        "PB207_PB204": "15.519",
        "PB206_PB204": "18.06",
        "PB208_PB204": "38.55",
        "_featureIndex": 155
      },
      "geometry": {
        "type": "Point",
        "coordinates": [
          77.55,
          -38.72
        ]
      },
      "_featureIndex": 155
    },
    {
      "type": "Feature",
      "properties": {
        "Name": "DUF0037-006-002",
        "ROCK NAME": "BASALT",
        "LA": "5.3",
        "SR87_SR86": "0.704747",
        "ND143_ND144": "0.512712",
        "PB207_PB204": "15.564",
        "PB206_PB204": "18.051",
        "PB208_PB204": "38.68",
        "_featureIndex": 156
      },
      "geometry": {
        "type": "Point",
        "coordinates": [
          78.138,
          -38.978
        ]
      },
      "_featureIndex": 156
    },
    {
      "type": "Feature",
      "properties": {
        "Name": "DUF0037-006-003",
        "ROCK NAME": "THOLEIITE",
        "SR87_SR86": "0.70536",
        "ND143_ND144": "0.512575",
        "PB207_PB204": "15.549",
        "PB206_PB204": "17.777",
        "PB208_PB204": "38.477",
        "_featureIndex": 157
      },
      "geometry": {
        "type": "Point",
        "coordinates": [
          78.158,
          -38.957
        ]
      },
      "_featureIndex": 157
    },
    {
      "type": "Feature",
      "properties": {
        "Name": "MOA8801-013-014",
        "ROCK NAME": "BASALT",
        "SIO2": "54.15",
        "LA": "14.94",
        "_featureIndex": 158
      },
      "geometry": {
        "type": "Point",
        "coordinates": [
          128.015,
          -50.147
        ]
      },
      "_featureIndex": 158
    },
    {
      "type": "Feature",
      "properties": {
        "Name": "MOA8801-005-3",
        "ROCK NAME": "BASALT",
        "SIO2": "53.47",
        "LA": "5.7",
        "_featureIndex": 159
      },
      "geometry": {
        "type": "Point",
        "coordinates": [
          127.48,
          -48.03
        ]
      },
      "_featureIndex": 159
    },
    {
      "type": "Feature",
      "properties": {
        "Name": "VEM0033-1-006-004",
        "ROCK NAME": "BASALT",
        "SIO2": "53.43",
        "_featureIndex": 160
      },
      "geometry": {
        "type": "Point",
        "coordinates": [
          130.417,
          -50.3
        ]
      },
      "_featureIndex": 160
    },
    {
      "type": "Feature",
      "properties": {
        "Name": "MELBMRG-5-BB5-004A",
        "ROCK NAME": "BASALT",
        "SIO2": "53.2",
        "LA": "6.3",
        "_featureIndex": 161
      },
      "geometry": {
        "type": "Point",
        "coordinates": [
          126.99,
          -47.72
        ]
      },
      "_featureIndex": 161
    },
    {
      "type": "Feature",
      "properties": {
        "Name": "VEM0033-2-010-001",
        "ROCK NAME": "BASALT",
        "SIO2": "53.02",
        "SR87_SR86": "0.70352",
        "_featureIndex": 162
      },
      "geometry": {
        "type": "Point",
        "coordinates": [
          115.375,
          -49.917
        ]
      },
      "_featureIndex": 162
    },
    {
      "type": "Feature",
      "properties": {
        "Name": "MOA8801-018-C",
        "ROCK NAME": "BASALT",
        "SIO2": "52.99",
        "_featureIndex": 163
      },
      "geometry": {
        "type": "Point",
        "coordinates": [
          126.742,
          -50.042
        ]
      },
      "_featureIndex": 163
    },
    {
      "type": "Feature",
      "properties": {
        "Name": "MELWEST-10-146-008",
        "ROCK NAME": "BASALT",
        "SIO2": "52.983",
        "_featureIndex": 164
      },
      "geometry": {
        "type": "Point",
        "coordinates": [
          117.182,
          -49.505
        ]
      },
      "_featureIndex": 164
    },
    {
      "type": "Feature",
      "properties": {
        "Name": "MELWEST-10-146-007",
        "ROCK NAME": "BASALT",
        "SIO2": "52.965",
        "_featureIndex": 165
      },
      "geometry": {
        "type": "Point",
        "coordinates": [
          117.182,
          -49.505
        ]
      },
      "_featureIndex": 165
    },
    {
      "type": "Feature",
      "properties": {
        "Name": "VEM0033-1-006-005",
        "ROCK NAME": "BASALT",
        "SIO2": "52.94",
        "_featureIndex": 166
      },
      "geometry": {
        "type": "Point",
        "coordinates": [
          130.417,
          -50.3
        ]
      },
      "_featureIndex": 166
    },
    {
      "type": "Feature",
      "properties": {
        "Name": "MOA8801-029-B",
        "ROCK NAME": "BASALT",
        "SIO2": "52.88",
        "_featureIndex": 167
      },
      "geometry": {
        "type": "Point",
        "coordinates": [
          124.468,
          -48.907
        ]
      },
      "_featureIndex": 167
    },
    {
      "type": "Feature",
      "properties": {
        "Name": "VEM0033-1-006-001",
        "ROCK NAME": "BASALT",
        "SIO2": "52.87",
        "SR87_SR86": "0.70415",
        "_featureIndex": 168
      },
      "geometry": {
        "type": "Point",
        "coordinates": [
          130.417,
          -50.3
        ]
      },
      "_featureIndex": 168
    },
    {
      "type": "Feature",
      "properties": {
        "Name": "MELWEST-10-096-006",
        "ROCK NAME": "BASALT",
        "SIO2": "52.765",
        "_featureIndex": 169
      },
      "geometry": {
        "type": "Point",
        "coordinates": [
          100.672,
          -47.335
        ]
      },
      "_featureIndex": 169
    },
    {
      "type": "Feature",
      "properties": {
        "Name": "MELWEST-10-096-012",
        "ROCK NAME": "BASALT",
        "SIO2": "52.631",
        "_featureIndex": 170
      },
      "geometry": {
        "type": "Point",
        "coordinates": [
          100.672,
          -47.335
        ]
      },
      "_featureIndex": 170
    },
    {
      "type": "Feature",
      "properties": {
        "Name": "MELWEST-10-096-008",
        "ROCK NAME": "BASALT",
        "SIO2": "52.611",
        "_featureIndex": 171
      },
      "geometry": {
        "type": "Point",
        "coordinates": [
          100.672,
          -47.335
        ]
      },
      "_featureIndex": 171
    },
    {
      "type": "Feature",
      "properties": {
        "Name": "MELWEST-10-146-009",
        "ROCK NAME": "BASALT",
        "SIO2": "52.542",
        "_featureIndex": 172
      },
      "geometry": {
        "type": "Point",
        "coordinates": [
          117.182,
          -49.505
        ]
      },
      "_featureIndex": 172
    },
    {
      "type": "Feature",
      "properties": {
        "Name": "MOA8801-027-A",
        "ROCK NAME": "BASALT",
        "SIO2": "52.52",
        "_featureIndex": 173
      },
      "geometry": {
        "type": "Point",
        "coordinates": [
          124.965,
          -49.062
        ]
      },
      "_featureIndex": 173
    },
    {
      "type": "Feature",
      "properties": {
        "Name": "MELWEST-10-096-007",
        "ROCK NAME": "BASALT",
        "SIO2": "52.441",
        "_featureIndex": 174
      },
      "geometry": {
        "type": "Point",
        "coordinates": [
          100.672,
          -47.335
        ]
      },
      "_featureIndex": 174
    },
    {
      "type": "Feature",
      "properties": {
        "Name": "MOA8801-027-B",
        "ROCK NAME": "BASALT",
        "SIO2": "52.42",
        "_featureIndex": 175
      },
      "geometry": {
        "type": "Point",
        "coordinates": [
          124.965,
          -49.062
        ]
      },
      "_featureIndex": 175
    },
    {
      "type": "Feature",
      "properties": {
        "Name": "MELWEST-10-096-013",
        "ROCK NAME": "BASALT",
        "SIO2": "52.4",
        "_featureIndex": 176
      },
      "geometry": {
        "type": "Point",
        "coordinates": [
          100.672,
          -47.335
        ]
      },
      "_featureIndex": 176
    },
    {
      "type": "Feature",
      "properties": {
        "Name": "MOA8801-027-071",
        "ROCK NAME": "BASALT",
        "SIO2": "52.39",
        "LA": "3.13",
        "_featureIndex": 177
      },
      "geometry": {
        "type": "Point",
        "coordinates": [
          124.965,
          -49.062
        ]
      },
      "_featureIndex": 177
    },
    {
      "type": "Feature",
      "properties": {
        "Name": "MOA8801-028",
        "ROCK NAME": "BASALT",
        "SIO2": "52.39",
        "_featureIndex": 178
      },
      "geometry": {
        "type": "Point",
        "coordinates": [
          124.708,
          -48.99
        ]
      },
      "_featureIndex": 178
    },
    {
      "type": "Feature",
      "properties": {
        "Name": "MELWEST-10-076-004",
        "ROCK NAME": "BASALT",
        "SIO2": "52.388",
        "_featureIndex": 179
      },
      "geometry": {
        "type": "Point",
        "coordinates": [
          93.114,
          -43.882
        ]
      },
      "_featureIndex": 179
    },
    {
      "type": "Feature",
      "properties": {
        "Name": "VEM0033-1-006-003",
        "ROCK NAME": "BASALT",
        "SIO2": "52.35",
        "_featureIndex": 180
      },
      "geometry": {
        "type": "Point",
        "coordinates": [
          130.417,
          -50.3
        ]
      },
      "_featureIndex": 180
    },
    {
      "type": "Feature",
      "properties": {
        "Name": "MELWEST-10-096-005",
        "ROCK NAME": "BASALT",
        "SIO2": "52.345",
        "_featureIndex": 181
      },
      "geometry": {
        "type": "Point",
        "coordinates": [
          100.672,
          -47.335
        ]
      },
      "_featureIndex": 181
    },
    {
      "type": "Feature",
      "properties": {
        "Name": "VEM0033-1-006-002",
        "ROCK NAME": "BASALT",
        "SIO2": "52.33",
        "_featureIndex": 182
      },
      "geometry": {
        "type": "Point",
        "coordinates": [
          130.417,
          -50.3
        ]
      },
      "_featureIndex": 182
    },
    {
      "type": "Feature",
      "properties": {
        "Name": "VEM0033-2-008-003",
        "ROCK NAME": "BASALT",
        "SIO2": "52.31",
        "_featureIndex": 183
      },
      "geometry": {
        "type": "Point",
        "coordinates": [
          121.033,
          -49.467
        ]
      },
      "_featureIndex": 183
    },
    {
      "type": "Feature",
      "properties": {
        "Name": "MELWEST-10-146-006",
        "ROCK NAME": "BASALT",
        "SIO2": "52.291",
        "_featureIndex": 184
      },
      "geometry": {
        "type": "Point",
        "coordinates": [
          117.182,
          -49.505
        ]
      },
      "_featureIndex": 184
    },
    {
      "type": "Feature",
      "properties": {
        "Name": "MELWEST-10-089-044",
        "ROCK NAME": "BASALT",
        "SIO2": "52.278",
        "_featureIndex": 185
      },
      "geometry": {
        "type": "Point",
        "coordinates": [
          97.512,
          -47.445
        ]
      },
      "_featureIndex": 185
    },
    {
      "type": "Feature",
      "properties": {
        "Name": "MELWEST-10-146-004",
        "ROCK NAME": "BASALT",
        "SIO2": "52.27",
        "_featureIndex": 186
      },
      "geometry": {
        "type": "Point",
        "coordinates": [
          117.182,
          -49.505
        ]
      },
      "_featureIndex": 186
    },
    {
      "type": "Feature",
      "properties": {
        "Name": "MELWEST-10-125-006",
        "ROCK NAME": "BASALT",
        "SIO2": "52.254",
        "_featureIndex": 187
      },
      "geometry": {
        "type": "Point",
        "coordinates": [
          109.105,
          -49.45
        ]
      },
      "_featureIndex": 187
    },
    {
      "type": "Feature",
      "properties": {
        "Name": "MELWEST-10-125-007",
        "ROCK NAME": "BASALT",
        "SIO2": "52.247",
        "_featureIndex": 188
      },
      "geometry": {
        "type": "Point",
        "coordinates": [
          109.105,
          -49.45
        ]
      },
      "_featureIndex": 188
    },
    {
      "type": "Feature",
      "properties": {
        "Name": "MELBMRG-5-BB3",
        "ROCK NAME": "BASALT",
        "SIO2": "52.24",
        "LA": "3",
        "_featureIndex": 189
      },
      "geometry": {
        "type": "Point",
        "coordinates": [
          124.9,
          -49.09
        ]
      },
      "_featureIndex": 189
    },
    {
      "type": "Feature",
      "properties": {
        "Name": "VEM0033-2-008-008",
        "ROCK NAME": "BASALT",
        "SIO2": "52.23",
        "_featureIndex": 190
      },
      "geometry": {
        "type": "Point",
        "coordinates": [
          121.033,
          -49.467
        ]
      },
      "_featureIndex": 190
    },
    {
      "type": "Feature",
      "properties": {
        "Name": "VEM0033-2-008-004",
        "ROCK NAME": "BASALT",
        "SIO2": "52.22",
        "_featureIndex": 191
      },
      "geometry": {
        "type": "Point",
        "coordinates": [
          121.033,
          -49.467
        ]
      },
      "_featureIndex": 191
    },
    {
      "type": "Feature",
      "properties": {
        "Name": "VEM0033-2-007-004",
        "ROCK NAME": "BASALT",
        "SIO2": "52.21",
        "_featureIndex": 192
      },
      "geometry": {
        "type": "Point",
        "coordinates": [
          124,
          -49.033
        ]
      },
      "_featureIndex": 192
    },
    {
      "type": "Feature",
      "properties": {
        "Name": "MELWEST-10-099-015",
        "ROCK NAME": "BASALT",
        "SIO2": "52.207",
        "LA": "4",
        "_featureIndex": 193
      },
      "geometry": {
        "type": "Point",
        "coordinates": [
          101.22,
          -47.59
        ]
      },
      "_featureIndex": 193
    },
    {
      "type": "Feature",
      "properties": {
        "Name": "VEM0033-2-008-005",
        "ROCK NAME": "BASALT",
        "SIO2": "52.2",
        "_featureIndex": 194
      },
      "geometry": {
        "type": "Point",
        "coordinates": [
          121.033,
          -49.467
        ]
      },
      "_featureIndex": 194
    },
    {
      "type": "Feature",
      "properties": {
        "Name": "MELWEST-10-100-022",
        "ROCK NAME": "BASALT",
        "SIO2": "52.181",
        "_featureIndex": 195
      },
      "geometry": {
        "type": "Point",
        "coordinates": [
          101.53,
          -47.63
        ]
      },
      "_featureIndex": 195
    },
    {
      "type": "Feature",
      "properties": {
        "Name": "ARGDODO-143-010",
        "ROCK NAME": "BASALT",
        "SIO2": "52.18",
        "_featureIndex": 196
      },
      "geometry": {
        "type": "Point",
        "coordinates": [
          72.65,
          -24.767
        ]
      },
      "_featureIndex": 196
    },
    {
      "type": "Feature",
      "properties": {
        "Name": "MOA8801-002-0A",
        "ROCK NAME": "BASALT",
        "SIO2": "52.17",
        "LA": "3.8",
        "_featureIndex": 197
      },
      "geometry": {
        "type": "Point",
        "coordinates": [
          127.652,
          -50.152
        ]
      },
      "_featureIndex": 197
    },
    {
      "type": "Feature",
      "properties": {
        "Name": "MELWEST-10-R061",
        "ROCK NAME": "BASALT",
        "SIO2": "52.163",
        "_featureIndex": 198
      },
      "geometry": {
        "type": "Point",
        "coordinates": [
          108.924,
          -49.4032
        ]
      },
      "_featureIndex": 198
    },
    {
      "type": "Feature",
      "properties": {
        "Name": "ARGDODO-143-016",
        "ROCK NAME": "BASALT",
        "SIO2": "52.16",
        "_featureIndex": 199
      },
      "geometry": {
        "type": "Point",
        "coordinates": [
          72.65,
          -24.767
        ]
      },
      "_featureIndex": 199
    },
    {
      "type": "Feature",
      "properties": {
        "Name": "VEM0033-2-008",
        "ROCK NAME": "BASALT",
        "SIO2": "52.13",
        "_featureIndex": 200
      },
      "geometry": {
        "type": "Point",
        "coordinates": [
          121.033,
          -49.467
        ]
      },
      "_featureIndex": 200
    },
    {
      "type": "Feature",
      "properties": {
        "Name": "MELWEST-10-099-014",
        "ROCK NAME": "BASALT",
        "SIO2": "52.128",
        "_featureIndex": 201
      },
      "geometry": {
        "type": "Point",
        "coordinates": [
          101.22,
          -47.59
        ]
      },
      "_featureIndex": 201
    },
    {
      "type": "Feature",
      "properties": {
        "Name": "MELWEST-10-122-005",
        "ROCK NAME": "BASALT",
        "SIO2": "52.125",
        "_featureIndex": 202
      },
      "geometry": {
        "type": "Point",
        "coordinates": [
          108.2,
          -48.7
        ]
      },
      "_featureIndex": 202
    },
    {
      "type": "Feature",
      "properties": {
        "Name": "MELWEST-10-125-001",
        "SIO2": "52.123",
        "LA": "3",
        "_featureIndex": 203
      },
      "geometry": {
        "type": "Point",
        "coordinates": [
          109.105,
          -49.45
        ]
      },
      "_featureIndex": 203
    },
    {
      "type": "Feature",
      "properties": {
        "Name": "MELWEST-10-101-017",
        "ROCK NAME": "BASALT",
        "SIO2": "52.123",
        "_featureIndex": 204
      },
      "geometry": {
        "type": "Point",
        "coordinates": [
          101.856,
          -47.7748
        ]
      },
      "_featureIndex": 204
    },
    {
      "type": "Feature",
      "properties": {
        "Name": "MELWEST-10-089-083",
        "ROCK NAME": "BASALT",
        "SIO2": "52.12",
        "_featureIndex": 205
      },
      "geometry": {
        "type": "Point",
        "coordinates": [
          97.512,
          -47.445
        ]
      },
      "_featureIndex": 205
    },
    {
      "type": "Feature",
      "properties": {
        "Name": "MELWEST-10-117-010",
        "ROCK NAME": "BASALT",
        "SIO2": "52.104",
        "_featureIndex": 206
      },
      "geometry": {
        "type": "Point",
        "coordinates": [
          107.145,
          -48.348
        ]
      },
      "_featureIndex": 206
    },
    {
      "type": "Feature",
      "properties": {
        "Name": "MELWEST-10-120-009",
        "ROCK NAME": "BASALT",
        "SIO2": "52.089",
        "_featureIndex": 207
      },
      "geometry": {
        "type": "Point",
        "coordinates": [
          107.813,
          -48.5498
        ]
      },
      "_featureIndex": 207
    },
    {
      "type": "Feature",
      "properties": {
        "Name": "MELWEST-10-099-016",
        "ROCK NAME": "BASALT",
        "SIO2": "52.071",
        "_featureIndex": 208
      },
      "geometry": {
        "type": "Point",
        "coordinates": [
          101.22,
          -47.59
        ]
      },
      "_featureIndex": 208
    },
    {
      "type": "Feature",
      "properties": {
        "Name": "MELWEST-10-125-005",
        "ROCK NAME": "BASALT",
        "SIO2": "52.071",
        "_featureIndex": 209
      },
      "geometry": {
        "type": "Point",
        "coordinates": [
          109.105,
          -49.45
        ]
      },
      "_featureIndex": 209
    },
    {
      "type": "Feature",
      "properties": {
        "Name": "MELWEST-10-089-046",
        "ROCK NAME": "BASALT",
        "SIO2": "52.064",
        "_featureIndex": 210
      },
      "geometry": {
        "type": "Point",
        "coordinates": [
          97.512,
          -47.445
        ]
      },
      "_featureIndex": 210
    },
    {
      "type": "Feature",
      "properties": {
        "Name": "ARGDODO-143-015",
        "ROCK NAME": "BASALT",
        "SIO2": "52.06",
        "_featureIndex": 211
      },
      "geometry": {
        "type": "Point",
        "coordinates": [
          72.65,
          -24.767
        ]
      },
      "_featureIndex": 211
    },
    {
      "type": "Feature",
      "properties": {
        "Name": "MOA8801-024",
        "ROCK NAME": "BASALT",
        "SIO2": "52.06",
        "_featureIndex": 212
      },
      "geometry": {
        "type": "Point",
        "coordinates": [
          126.167,
          -49.768
        ]
      },
      "_featureIndex": 212
    },
    {
      "type": "Feature",
      "properties": {
        "Name": "MELWEST-10-096-010",
        "ROCK NAME": "BASALT",
        "SIO2": "52.054",
        "_featureIndex": 213
      },
      "geometry": {
        "type": "Point",
        "coordinates": [
          100.672,
          -47.335
        ]
      },
      "_featureIndex": 213
    },
    {
      "type": "Feature",
      "properties": {
        "Name": "MELWEST-10-099-009",
        "ROCK NAME": "BASALT",
        "SIO2": "52.043",
        "_featureIndex": 214
      },
      "geometry": {
        "type": "Point",
        "coordinates": [
          101.22,
          -47.59
        ]
      },
      "_featureIndex": 214
    },
    {
      "type": "Feature",
      "properties": {
        "Name": "MELWEST-10-125-010",
        "ROCK NAME": "BASALT",
        "SIO2": "52.038",
        "_featureIndex": 215
      },
      "geometry": {
        "type": "Point",
        "coordinates": [
          109.105,
          -49.45
        ]
      },
      "_featureIndex": 215
    },
    {
      "type": "Feature",
      "properties": {
        "Name": "MELWEST-10-120-012",
        "ROCK NAME": "BASALT",
        "SIO2": "52.034",
        "_featureIndex": 216
      },
      "geometry": {
        "type": "Point",
        "coordinates": [
          107.813,
          -48.5498
        ]
      },
      "_featureIndex": 216
    },
    {
      "type": "Feature",
      "properties": {
        "Name": "MELWEST-10-099-017",
        "ROCK NAME": "BASALT",
        "SIO2": "52.032",
        "_featureIndex": 217
      },
      "geometry": {
        "type": "Point",
        "coordinates": [
          101.22,
          -47.59
        ]
      },
      "_featureIndex": 217
    },
    {
      "type": "Feature",
      "properties": {
        "Name": "MELWEST-10-106-021",
        "ROCK NAME": "BASALT",
        "SIO2": "52.032",
        "_featureIndex": 218
      },
      "geometry": {
        "type": "Point",
        "coordinates": [
          103.353,
          -47.878
        ]
      },
      "_featureIndex": 218
    },
    {
      "type": "Feature",
      "properties": {
        "Name": "MELWEST-10-146-003",
        "ROCK NAME": "BASALT",
        "SIO2": "52.027",
        "_featureIndex": 219
      },
      "geometry": {
        "type": "Point",
        "coordinates": [
          117.182,
          -49.505
        ]
      },
      "_featureIndex": 219
    },
    {
      "type": "Feature",
      "properties": {
        "Name": "MELWEST-10-102-006",
        "ROCK NAME": "BASALT",
        "SIO2": "52.022",
        "_featureIndex": 220
      },
      "geometry": {
        "type": "Point",
        "coordinates": [
          102.14,
          -47.88
        ]
      },
      "_featureIndex": 220
    },
    {
      "type": "Feature",
      "properties": {
        "Name": "MELWEST-10-115-004",
        "ROCK NAME": "BASALT",
        "SIO2": "52.021",
        "_featureIndex": 221
      },
      "geometry": {
        "type": "Point",
        "coordinates": [
          105.868,
          -49.229
        ]
      },
      "_featureIndex": 221
    },
    {
      "type": "Feature",
      "properties": {
        "Name": "MELWEST-10-122-002",
        "ROCK NAME": "BASALT",
        "SIO2": "52.016",
        "_featureIndex": 222
      },
      "geometry": {
        "type": "Point",
        "coordinates": [
          108.2,
          -48.7
        ]
      },
      "_featureIndex": 222
    },
    {
      "type": "Feature",
      "properties": {
        "Name": "MELWEST-10-101-001",
        "ROCK NAME": "BASALT",
        "SIO2": "52.007",
        "LA": "3.95",
        "_featureIndex": 223
      },
      "geometry": {
        "type": "Point",
        "coordinates": [
          101.856,
          -47.7748
        ]
      },
      "_featureIndex": 223
    },
    {
      "type": "Feature",
      "properties": {
        "Name": "MELWEST-10-125-003",
        "ROCK NAME": "BASALT",
        "SIO2": "52.003",
        "_featureIndex": 224
      },
      "geometry": {
        "type": "Point",
        "coordinates": [
          109.105,
          -49.45
        ]
      },
      "_featureIndex": 224
    },
    {
      "type": "Feature",
      "properties": {
        "Name": "MELWEST-10-096-009",
        "ROCK NAME": "BASALT",
        "SIO2": "52.001",
        "_featureIndex": 225
      },
      "geometry": {
        "type": "Point",
        "coordinates": [
          100.672,
          -47.335
        ]
      },
      "_featureIndex": 225
    },
    {
      "type": "Feature",
      "properties": {
        "Name": "MELWEST-10-099-004",
        "ROCK NAME": "BASALT",
        "SIO2": "52",
        "_featureIndex": 226
      },
      "geometry": {
        "type": "Point",
        "coordinates": [
          101.22,
          -47.59
        ]
      },
      "_featureIndex": 226
    },
    {
      "type": "Feature",
      "properties": {
        "Name": "MELWEST-10-102-005",
        "ROCK NAME": "BASALT",
        "SIO2": "51.993",
        "_featureIndex": 227
      },
      "geometry": {
        "type": "Point",
        "coordinates": [
          102.14,
          -47.88
        ]
      },
      "_featureIndex": 227
    },
    {
      "type": "Feature",
      "properties": {
        "Name": "MELWEST-10-099-012",
        "ROCK NAME": "BASALT",
        "SIO2": "51.986",
        "_featureIndex": 228
      },
      "geometry": {
        "type": "Point",
        "coordinates": [
          101.22,
          -47.59
        ]
      },
      "_featureIndex": 228
    },
    {
      "type": "Feature",
      "properties": {
        "Name": "MELWEST-10-106-016",
        "ROCK NAME": "BASALT",
        "SIO2": "51.972",
        "_featureIndex": 229
      },
      "geometry": {
        "type": "Point",
        "coordinates": [
          103.353,
          -47.878
        ]
      },
      "_featureIndex": 229
    },
    {
      "type": "Feature",
      "properties": {
        "Name": "MELWEST-10-110-026",
        "ROCK NAME": "BASALT",
        "SIO2": "51.963",
        "_featureIndex": 230
      },
      "geometry": {
        "type": "Point",
        "coordinates": [
          103.93,
          -48.103
        ]
      },
      "_featureIndex": 230
    },
    {
      "type": "Feature",
      "properties": {
        "Name": "MOA8801-027-C",
        "ROCK NAME": "BASALT",
        "SIO2": "51.96",
        "_featureIndex": 231
      },
      "geometry": {
        "type": "Point",
        "coordinates": [
          124.965,
          -49.062
        ]
      },
      "_featureIndex": 231
    },
    {
      "type": "Feature",
      "properties": {
        "Name": "MELWEST-10-101-018",
        "ROCK NAME": "BASALT",
        "SIO2": "51.959",
        "_featureIndex": 232
      },
      "geometry": {
        "type": "Point",
        "coordinates": [
          101.856,
          -47.7748
        ]
      },
      "_featureIndex": 232
    },
    {
      "type": "Feature",
      "properties": {
        "Name": "MELWEST-10-101-015",
        "ROCK NAME": "BASALT",
        "SIO2": "51.957",
        "_featureIndex": 233
      },
      "geometry": {
        "type": "Point",
        "coordinates": [
          101.856,
          -47.7748
        ]
      },
      "_featureIndex": 233
    },
    {
      "type": "Feature",
      "properties": {
        "Name": "MELWEST-10-122-016",
        "ROCK NAME": "BASALT",
        "SIO2": "51.954",
        "_featureIndex": 234
      },
      "geometry": {
        "type": "Point",
        "coordinates": [
          108.2,
          -48.7
        ]
      },
      "_featureIndex": 234
    },
    {
      "type": "Feature",
      "properties": {
        "Name": "MELWEST-10-125-002",
        "ROCK NAME": "BASALT",
        "SIO2": "51.954",
        "_featureIndex": 235
      },
      "geometry": {
        "type": "Point",
        "coordinates": [
          109.105,
          -49.45
        ]
      },
      "_featureIndex": 235
    },
    {
      "type": "Feature",
      "properties": {
        "Name": "MELWEST-10-146-002",
        "ROCK NAME": "BASALT",
        "SIO2": "51.947",
        "_featureIndex": 236
      },
      "geometry": {
        "type": "Point",
        "coordinates": [
          117.182,
          -49.505
        ]
      },
      "_featureIndex": 236
    },
    {
      "type": "Feature",
      "properties": {
        "Name": "MOA8801-018-B",
        "ROCK NAME": "BASALT",
        "SIO2": "51.94",
        "_featureIndex": 237
      },
      "geometry": {
        "type": "Point",
        "coordinates": [
          126.742,
          -50.042
        ]
      },
      "_featureIndex": 237
    },
    {
      "type": "Feature",
      "properties": {
        "Name": "MELWEST-10-122-014",
        "ROCK NAME": "BASALT",
        "SIO2": "51.938",
        "_featureIndex": 238
      },
      "geometry": {
        "type": "Point",
        "coordinates": [
          108.2,
          -48.7
        ]
      },
      "_featureIndex": 238
    },
    {
      "type": "Feature",
      "properties": {
        "Name": "MELWEST-10-125-004",
        "ROCK NAME": "BASALT",
        "SIO2": "51.932",
        "_featureIndex": 239
      },
      "geometry": {
        "type": "Point",
        "coordinates": [
          109.105,
          -49.45
        ]
      },
      "_featureIndex": 239
    },
    {
      "type": "Feature",
      "properties": {
        "Name": "MELWEST-10-106-025",
        "ROCK NAME": "BASALT",
        "SIO2": "51.925",
        "_featureIndex": 240
      },
      "geometry": {
        "type": "Point",
        "coordinates": [
          103.353,
          -47.878
        ]
      },
      "_featureIndex": 240
    },
    {
      "type": "Feature",
      "properties": {
        "Name": "ARGDODO-143-014",
        "ROCK NAME": "BASALT",
        "SIO2": "51.91",
        "_featureIndex": 241
      },
      "geometry": {
        "type": "Point",
        "coordinates": [
          72.65,
          -24.767
        ]
      },
      "_featureIndex": 241
    },
    {
      "type": "Feature",
      "properties": {
        "Name": "MELWEST-10-106-018",
        "ROCK NAME": "BASALT",
        "SIO2": "51.897",
        "_featureIndex": 242
      },
      "geometry": {
        "type": "Point",
        "coordinates": [
          103.353,
          -47.878
        ]
      },
      "_featureIndex": 242
    },
    {
      "type": "Feature",
      "properties": {
        "Name": "MELWEST-10-101-016",
        "ROCK NAME": "BASALT",
        "SIO2": "51.896",
        "_featureIndex": 243
      },
      "geometry": {
        "type": "Point",
        "coordinates": [
          101.856,
          -47.7748
        ]
      },
      "_featureIndex": 243
    },
    {
      "type": "Feature",
      "properties": {
        "Name": "MELWEST-10-074-005",
        "ROCK NAME": "BASALT",
        "SIO2": "51.891",
        "_featureIndex": 244
      },
      "geometry": {
        "type": "Point",
        "coordinates": [
          92.33,
          -43.43
        ]
      },
      "_featureIndex": 244
    },
    {
      "type": "Feature",
      "properties": {
        "Name": "MELWEST-10-120-002",
        "ROCK NAME": "BASALT",
        "SIO2": "51.891",
        "_featureIndex": 245
      },
      "geometry": {
        "type": "Point",
        "coordinates": [
          107.813,
          -48.5498
        ]
      },
      "_featureIndex": 245
    },
    {
      "type": "Feature",
      "properties": {
        "Name": "MELWEST-10-120-019",
        "ROCK NAME": "BASALT",
        "SIO2": "51.891",
        "_featureIndex": 246
      },
      "geometry": {
        "type": "Point",
        "coordinates": [
          107.813,
          -48.5498
        ]
      },
      "_featureIndex": 246
    },
    {
      "type": "Feature",
      "properties": {
        "Name": "MELWEST-10-089-047",
        "ROCK NAME": "BASALT",
        "SIO2": "51.89",
        "_featureIndex": 247
      },
      "geometry": {
        "type": "Point",
        "coordinates": [
          97.512,
          -47.445
        ]
      },
      "_featureIndex": 247
    },
    {
      "type": "Feature",
      "properties": {
        "Name": "MELWEST-10-089-095",
        "ROCK NAME": "BASALT",
        "SIO2": "51.89",
        "_featureIndex": 248
      },
      "geometry": {
        "type": "Point",
        "coordinates": [
          97.512,
          -47.445
        ]
      },
      "_featureIndex": 248
    },
    {
      "type": "Feature",
      "properties": {
        "Name": "MELWEST-10-R050",
        "ROCK NAME": "BASALT",
        "SIO2": "51.883",
        "_featureIndex": 249
      },
      "geometry": {
        "type": "Point",
        "coordinates": [
          96.0633,
          -46.1883
        ]
      },
      "_featureIndex": 249
    },
    {
      "type": "Feature",
      "properties": {
        "Name": "MELWEST-10-089-097",
        "ROCK NAME": "BASALT",
        "SIO2": "51.882",
        "_featureIndex": 250
      },
      "geometry": {
        "type": "Point",
        "coordinates": [
          97.512,
          -47.445
        ]
      },
      "_featureIndex": 250
    },
    {
      "type": "Feature",
      "properties": {
        "Name": "MELWEST-10-122-015",
        "ROCK NAME": "BASALT",
        "SIO2": "51.882",
        "_featureIndex": 251
      },
      "geometry": {
        "type": "Point",
        "coordinates": [
          108.2,
          -48.7
        ]
      },
      "_featureIndex": 251
    },
    {
      "type": "Feature",
      "properties": {
        "Name": "MELWEST-10-099-003",
        "ROCK NAME": "BASALT",
        "SIO2": "51.881",
        "_featureIndex": 252
      },
      "geometry": {
        "type": "Point",
        "coordinates": [
          101.22,
          -47.59
        ]
      },
      "_featureIndex": 252
    },
    {
      "type": "Feature",
      "properties": {
        "Name": "VEM0033-1-005-001",
        "ROCK NAME": "BASALT",
        "SIO2": "51.88",
        "_featureIndex": 253
      },
      "geometry": {
        "type": "Point",
        "coordinates": [
          127.08,
          -48.738
        ]
      },
      "_featureIndex": 253
    },
    {
      "type": "Feature",
      "properties": {
        "Name": "MELWEST-10-146-001",
        "ROCK NAME": "BASALT",
        "SIO2": "51.878",
        "LA": "3.97",
        "_featureIndex": 254
      },
      "geometry": {
        "type": "Point",
        "coordinates": [
          117.182,
          -49.505
        ]
      },
      "_featureIndex": 254
    },
    {
      "type": "Feature",
      "properties": {
        "Name": "MELWEST-10-089-076",
        "ROCK NAME": "BASALT",
        "SIO2": "51.878",
        "_featureIndex": 255
      },
      "geometry": {
        "type": "Point",
        "coordinates": [
          97.512,
          -47.445
        ]
      },
      "_featureIndex": 255
    },
    {
      "type": "Feature",
      "properties": {
        "Name": "MELWEST-10-089-078",
        "ROCK NAME": "BASALT",
        "SIO2": "51.877",
        "_featureIndex": 256
      },
      "geometry": {
        "type": "Point",
        "coordinates": [
          97.512,
          -47.445
        ]
      },
      "_featureIndex": 256
    },
    {
      "type": "Feature",
      "properties": {
        "Name": "MELWEST-10-120-018",
        "ROCK NAME": "BASALT",
        "SIO2": "51.874",
        "_featureIndex": 257
      },
      "geometry": {
        "type": "Point",
        "coordinates": [
          107.813,
          -48.5498
        ]
      },
      "_featureIndex": 257
    },
    {
      "type": "Feature",
      "properties": {
        "Name": "MELWEST-10-145-007",
        "SIO2": "51.872",
        "_featureIndex": 258
      },
      "geometry": {
        "type": "Point",
        "coordinates": [
          116.717,
          -49.273
        ]
      },
      "_featureIndex": 258
    },
    {
      "type": "Feature",
      "properties": {
        "Name": "MELWEST-10-110-003",
        "ROCK NAME": "BASALT",
        "SIO2": "51.866",
        "_featureIndex": 259
      },
      "geometry": {
        "type": "Point",
        "coordinates": [
          103.93,
          -48.103
        ]
      },
      "_featureIndex": 259
    },
    {
      "type": "Feature",
      "properties": {
        "Name": "MELWEST-10-110-004",
        "SIO2": "51.862",
        "_featureIndex": 260
      },
      "geometry": {
        "type": "Point",
        "coordinates": [
          103.93,
          -48.103
        ]
      },
      "_featureIndex": 260
    },
    {
      "type": "Feature",
      "properties": {
        "Name": "MELWEST-10-101-020",
        "ROCK NAME": "BASALT",
        "SIO2": "51.861",
        "_featureIndex": 261
      },
      "geometry": {
        "type": "Point",
        "coordinates": [
          101.856,
          -47.7748
        ]
      },
      "_featureIndex": 261
    },
    {
      "type": "Feature",
      "properties": {
        "Name": "MELWEST-10-122-004",
        "ROCK NAME": "BASALT",
        "SIO2": "51.86",
        "_featureIndex": 262
      },
      "geometry": {
        "type": "Point",
        "coordinates": [
          108.2,
          -48.7
        ]
      },
      "_featureIndex": 262
    },
    {
      "type": "Feature",
      "properties": {
        "Name": "VEM0033-2-007-005",
        "ROCK NAME": "BASALT",
        "SIO2": "51.86",
        "_featureIndex": 263
      },
      "geometry": {
        "type": "Point",
        "coordinates": [
          124,
          -49.033
        ]
      },
      "_featureIndex": 263
    },
    {
      "type": "Feature",
      "properties": {
        "Name": "MELWEST-10-123-002",
        "ROCK NAME": "BASALT",
        "SIO2": "51.855",
        "_featureIndex": 264
      },
      "geometry": {
        "type": "Point",
        "coordinates": [
          108.466,
          -48.8
        ]
      },
      "_featureIndex": 264
    },
    {
      "type": "Feature",
      "properties": {
        "Name": "MELWEST-10-102-007",
        "ROCK NAME": "BASALT",
        "SIO2": "51.854",
        "_featureIndex": 265
      },
      "geometry": {
        "type": "Point",
        "coordinates": [
          102.14,
          -47.88
        ]
      },
      "_featureIndex": 265
    },
    {
      "type": "Feature",
      "properties": {
        "Name": "MELWEST-10-106-024",
        "ROCK NAME": "BASALT",
        "SIO2": "51.853",
        "_featureIndex": 266
      },
      "geometry": {
        "type": "Point",
        "coordinates": [
          103.353,
          -47.878
        ]
      },
      "_featureIndex": 266
    },
    {
      "type": "Feature",
      "properties": {
        "Name": "MELWEST-10-123-008",
        "ROCK NAME": "BASALT",
        "SIO2": "51.85",
        "LA": "5.18",
        "_featureIndex": 267
      },
      "geometry": {
        "type": "Point",
        "coordinates": [
          108.466,
          -48.8
        ]
      },
      "_featureIndex": 267
    },
    {
      "type": "Feature",
      "properties": {
        "Name": "MELWEST-10-098-012",
        "ROCK NAME": "BASALT",
        "SIO2": "51.844",
        "_featureIndex": 268
      },
      "geometry": {
        "type": "Point",
        "coordinates": [
          100.961,
          -47.458
        ]
      },
      "_featureIndex": 268
    },
    {
      "type": "Feature",
      "properties": {
        "Name": "MELWEST-10-099-008",
        "ROCK NAME": "BASALT",
        "SIO2": "51.844",
        "_featureIndex": 269
      },
      "geometry": {
        "type": "Point",
        "coordinates": [
          101.22,
          -47.59
        ]
      },
      "_featureIndex": 269
    },
    {
      "type": "Feature",
      "properties": {
        "Name": "MELWEST-10-122-001",
        "ROCK NAME": "BASALT",
        "SIO2": "51.842",
        "LA": "6.96",
        "_featureIndex": 270
      },
      "geometry": {
        "type": "Point",
        "coordinates": [
          108.2,
          -48.7
        ]
      },
      "_featureIndex": 270
    },
    {
      "type": "Feature",
      "properties": {
        "Name": "MELWEST-10-110-027",
        "ROCK NAME": "BASALT",
        "SIO2": "51.841",
        "_featureIndex": 271
      },
      "geometry": {
        "type": "Point",
        "coordinates": [
          103.93,
          -48.103
        ]
      },
      "_featureIndex": 271
    },
    {
      "type": "Feature",
      "properties": {
        "Name": "VEM0033-2-007-B",
        "ROCK NAME": "BASALT",
        "SIO2": "51.84",
        "_featureIndex": 272
      },
      "geometry": {
        "type": "Point",
        "coordinates": [
          124,
          -49.033
        ]
      },
      "_featureIndex": 272
    },
    {
      "type": "Feature",
      "properties": {
        "Name": "MELWEST-10-089-100",
        "ROCK NAME": "BASALT",
        "SIO2": "51.836",
        "_featureIndex": 273
      },
      "geometry": {
        "type": "Point",
        "coordinates": [
          97.512,
          -47.445
        ]
      },
      "_featureIndex": 273
    },
    {
      "type": "Feature",
      "properties": {
        "Name": "VEM0033-2-007-006",
        "ROCK NAME": "BASALT",
        "SIO2": "51.83",
        "_featureIndex": 274
      },
      "geometry": {
        "type": "Point",
        "coordinates": [
          124,
          -49.033
        ]
      },
      "_featureIndex": 274
    },
    {
      "type": "Feature",
      "properties": {
        "Name": "MOA8801-027-D",
        "ROCK NAME": "BASALT",
        "SIO2": "51.83",
        "_featureIndex": 275
      },
      "geometry": {
        "type": "Point",
        "coordinates": [
          124.965,
          -49.062
        ]
      },
      "_featureIndex": 275
    },
    {
      "type": "Feature",
      "properties": {
        "Name": "VEM0033-1-006-004",
        "ROCK NAME": "BASALT",
        "SIO2": "51.83",
        "_featureIndex": 276
      },
      "geometry": {
        "type": "Point",
        "coordinates": [
          130.417,
          -50.3
        ]
      },
      "_featureIndex": 276
    },
    {
      "type": "Feature",
      "properties": {
        "Name": "MELWEST-10-096-014",
        "ROCK NAME": "BASALT",
        "SIO2": "51.829",
        "_featureIndex": 277
      },
      "geometry": {
        "type": "Point",
        "coordinates": [
          100.672,
          -47.335
        ]
      },
      "_featureIndex": 277
    },
    {
      "type": "Feature",
      "properties": {
        "Name": "MELWEST-10-089-050",
        "ROCK NAME": "BASALT",
        "SIO2": "51.825",
        "_featureIndex": 278
      },
      "geometry": {
        "type": "Point",
        "coordinates": [
          97.512,
          -47.445
        ]
      },
      "_featureIndex": 278
    },
    {
      "type": "Feature",
      "properties": {
        "Name": "MELWEST-10-110-012",
        "ROCK NAME": "BASALT",
        "SIO2": "51.823",
        "_featureIndex": 279
      },
      "geometry": {
        "type": "Point",
        "coordinates": [
          103.93,
          -48.103
        ]
      },
      "_featureIndex": 279
    },
    {
      "type": "Feature",
      "properties": {
        "Name": "MELWEST-10-100-023",
        "ROCK NAME": "BASALT",
        "SIO2": "51.822",
        "_featureIndex": 280
      },
      "geometry": {
        "type": "Point",
        "coordinates": [
          101.53,
          -47.63
        ]
      },
      "_featureIndex": 280
    },
    {
      "type": "Feature",
      "properties": {
        "Name": "MELWEST-10-089-107",
        "SIO2": "51.813",
        "_featureIndex": 281
      },
      "geometry": {
        "type": "Point",
        "coordinates": [
          97.512,
          -47.445
        ]
      },
      "_featureIndex": 281
    },
    {
      "type": "Feature",
      "properties": {
        "Name": "MELWEST-10-110-014",
        "ROCK NAME": "BASALT",
        "SIO2": "51.81",
        "LA": "2.69",
        "_featureIndex": 282
      },
      "geometry": {
        "type": "Point",
        "coordinates": [
          103.93,
          -48.103
        ]
      },
      "_featureIndex": 282
    },
    {
      "type": "Feature",
      "properties": {
        "Name": "MELWEST-10-102-003",
        "ROCK NAME": "BASALT",
        "SIO2": "51.807",
        "_featureIndex": 283
      },
      "geometry": {
        "type": "Point",
        "coordinates": [
          102.14,
          -47.88
        ]
      },
      "_featureIndex": 283
    },
    {
      "type": "Feature",
      "properties": {
        "Name": "MELWEST-10-102-004",
        "ROCK NAME": "BASALT",
        "SIO2": "51.805",
        "_featureIndex": 284
      },
      "geometry": {
        "type": "Point",
        "coordinates": [
          102.14,
          -47.88
        ]
      },
      "_featureIndex": 284
    },
    {
      "type": "Feature",
      "properties": {
        "Name": "MELWEST-10-122-007",
        "ROCK NAME": "BASALT",
        "SIO2": "51.803",
        "_featureIndex": 285
      },
      "geometry": {
        "type": "Point",
        "coordinates": [
          108.2,
          -48.7
        ]
      },
      "_featureIndex": 285
    },
    {
      "type": "Feature",
      "properties": {
        "Name": "MELWEST-10-106-022",
        "ROCK NAME": "BASALT",
        "SIO2": "51.802",
        "_featureIndex": 286
      },
      "geometry": {
        "type": "Point",
        "coordinates": [
          103.353,
          -47.878
        ]
      },
      "_featureIndex": 286
    },
    {
      "type": "Feature",
      "properties": {
        "Name": "MELWEST-10-106-020",
        "ROCK NAME": "BASALT",
        "SIO2": "51.8",
        "_featureIndex": 287
      },
      "geometry": {
        "type": "Point",
        "coordinates": [
          103.353,
          -47.878
        ]
      },
      "_featureIndex": 287
    },
    {
      "type": "Feature",
      "properties": {
        "Name": "MELWEST-10-123-010",
        "ROCK NAME": "BASALT",
        "SIO2": "51.799",
        "_featureIndex": 288
      },
      "geometry": {
        "type": "Point",
        "coordinates": [
          108.466,
          -48.8
        ]
      },
      "_featureIndex": 288
    },
    {
      "type": "Feature",
      "properties": {
        "Name": "MELWEST-10-146-010",
        "ROCK NAME": "BASALT",
        "SIO2": "51.795",
        "_featureIndex": 289
      },
      "geometry": {
        "type": "Point",
        "coordinates": [
          117.182,
          -49.505
        ]
      },
      "_featureIndex": 289
    },
    {
      "type": "Feature",
      "properties": {
        "Name": "VEM0033-2-007-001",
        "ROCK NAME": "BASALT",
        "SIO2": "51.79",
        "_featureIndex": 290
      },
      "geometry": {
        "type": "Point",
        "coordinates": [
          124,
          -49.033
        ]
      },
      "_featureIndex": 290
    },
    {
      "type": "Feature",
      "properties": {
        "Name": "VEM0033-1-006-003",
        "ROCK NAME": "BASALT",
        "SIO2": "51.79",
        "_featureIndex": 291
      },
      "geometry": {
        "type": "Point",
        "coordinates": [
          130.417,
          -50.3
        ]
      },
      "_featureIndex": 291
    },
    {
      "type": "Feature",
      "properties": {
        "Name": "MELWEST-10-098-005",
        "ROCK NAME": "BASALT",
        "SIO2": "51.787",
        "_featureIndex": 292
      },
      "geometry": {
        "type": "Point",
        "coordinates": [
          100.961,
          -47.458
        ]
      },
      "_featureIndex": 292
    },
    {
      "type": "Feature",
      "properties": {
        "Name": "MELWEST-10-123-009",
        "ROCK NAME": "BASALT",
        "SIO2": "51.78",
        "_featureIndex": 293
      },
      "geometry": {
        "type": "Point",
        "coordinates": [
          108.466,
          -48.8
        ]
      },
      "_featureIndex": 293
    },
    {
      "type": "Feature",
      "properties": {
        "Name": "MELWEST-10-099-007",
        "ROCK NAME": "BASALT",
        "SIO2": "51.777",
        "_featureIndex": 294
      },
      "geometry": {
        "type": "Point",
        "coordinates": [
          101.22,
          -47.59
        ]
      },
      "_featureIndex": 294
    },
    {
      "type": "Feature",
      "properties": {
        "Name": "MELWEST-10-112-001",
        "ROCK NAME": "BASALT",
        "SIO2": "51.776",
        "LA": "4.01",
        "_featureIndex": 295
      },
      "geometry": {
        "type": "Point",
        "coordinates": [
          104.97,
          -48.32
        ]
      },
      "_featureIndex": 295
    },
    {
      "type": "Feature",
      "properties": {
        "Name": "MELWEST-10-102-024",
        "ROCK NAME": "BASALT",
        "SIO2": "51.775",
        "_featureIndex": 296
      },
      "geometry": {
        "type": "Point",
        "coordinates": [
          102.14,
          -47.88
        ]
      },
      "_featureIndex": 296
    },
    {
      "type": "Feature",
      "properties": {
        "Name": "MELWEST-10-083-011",
        "ROCK NAME": "BASALT",
        "SIO2": "51.773",
        "_featureIndex": 297
      },
      "geometry": {
        "type": "Point",
        "coordinates": [
          95.76,
          -45.05
        ]
      },
      "_featureIndex": 297
    },
    {
      "type": "Feature",
      "properties": {
        "Name": "MELWEST-10-102-020",
        "ROCK NAME": "BASALT",
        "SIO2": "51.773",
        "_featureIndex": 298
      },
      "geometry": {
        "type": "Point",
        "coordinates": [
          102.14,
          -47.88
        ]
      },
      "_featureIndex": 298
    },
    {
      "type": "Feature",
      "properties": {
        "Name": "MELWEST-10-120-001",
        "ROCK NAME": "BASALT",
        "SIO2": "51.773",
        "_featureIndex": 299
      },
      "geometry": {
        "type": "Point",
        "coordinates": [
          107.813,
          -48.5498
        ]
      },
      "_featureIndex": 299
    },
    {
      "type": "Feature",
      "properties": {
        "Name": "MELWEST-10-123-003",
        "ROCK NAME": "BASALT",
        "SIO2": "51.772",
        "_featureIndex": 300
      },
      "geometry": {
        "type": "Point",
        "coordinates": [
          108.466,
          -48.8
        ]
      },
      "_featureIndex": 300
    },
    {
      "type": "Feature",
      "properties": {
        "Name": "MELWEST-10-101-004",
        "ROCK NAME": "BASALT",
        "SIO2": "51.77",
        "_featureIndex": 301
      },
      "geometry": {
        "type": "Point",
        "coordinates": [
          101.856,
          -47.7748
        ]
      },
      "_featureIndex": 301
    },
    {
      "type": "Feature",
      "properties": {
        "Name": "MELWEST-10-122-009",
        "ROCK NAME": "BASALT",
        "SIO2": "51.767",
        "_featureIndex": 302
      },
      "geometry": {
        "type": "Point",
        "coordinates": [
          108.2,
          -48.7
        ]
      },
      "_featureIndex": 302
    },
    {
      "type": "Feature",
      "properties": {
        "Name": "MELWEST-10-118-003",
        "ROCK NAME": "BASALT",
        "SIO2": "51.764",
        "_featureIndex": 303
      },
      "geometry": {
        "type": "Point",
        "coordinates": [
          107.527,
          -48.428
        ]
      },
      "_featureIndex": 303
    },
    {
      "type": "Feature",
      "properties": {
        "Name": "MELWEST-10-098-009",
        "ROCK NAME": "BASALT",
        "SIO2": "51.763",
        "_featureIndex": 304
      },
      "geometry": {
        "type": "Point",
        "coordinates": [
          100.961,
          -47.458
        ]
      },
      "_featureIndex": 304
    },
    {
      "type": "Feature",
      "properties": {
        "Name": "MELWEST-10-130-004",
        "ROCK NAME": "BASALT",
        "SIO2": "51.763",
        "_featureIndex": 305
      },
      "geometry": {
        "type": "Point",
        "coordinates": [
          111.133,
          -49.775
        ]
      },
      "_featureIndex": 305
    },
    {
      "type": "Feature",
      "properties": {
        "Name": "MELWEST-10-074-002",
        "ROCK NAME": "BASALT",
        "SIO2": "51.762",
        "_featureIndex": 306
      },
      "geometry": {
        "type": "Point",
        "coordinates": [
          92.33,
          -43.43
        ]
      },
      "_featureIndex": 306
    },
    {
      "type": "Feature",
      "properties": {
        "Name": "MELWEST-10-089-057",
        "ROCK NAME": "BASALT",
        "SIO2": "51.762",
        "_featureIndex": 307
      },
      "geometry": {
        "type": "Point",
        "coordinates": [
          97.512,
          -47.445
        ]
      },
      "_featureIndex": 307
    },
    {
      "type": "Feature",
      "properties": {
        "Name": "MELWEST-10-095-008b1",
        "ROCK NAME": "BASALT",
        "SIO2": "51.76",
        "_featureIndex": 308
      },
      "geometry": {
        "type": "Point",
        "coordinates": [
          99.4083,
          -47.5457
        ]
      },
      "_featureIndex": 308
    },
    {
      "type": "Feature",
      "properties": {
        "Name": "MELWEST-10-115-003",
        "SIO2": "51.758",
        "LA": "4.71",
        "_featureIndex": 309
      },
      "geometry": {
        "type": "Point",
        "coordinates": [
          105.868,
          -49.229
        ]
      },
      "_featureIndex": 309
    },
    {
      "type": "Feature",
      "properties": {
        "Name": "MELWEST-10-120-013",
        "ROCK NAME": "BASALT",
        "SIO2": "51.757",
        "_featureIndex": 310
      },
      "geometry": {
        "type": "Point",
        "coordinates": [
          107.813,
          -48.5498
        ]
      },
      "_featureIndex": 310
    },
    {
      "type": "Feature",
      "properties": {
        "Name": "MELWEST-10-R047",
        "ROCK NAME": "BASALT",
        "SIO2": "51.751",
        "_featureIndex": 311
      },
      "geometry": {
        "type": "Point",
        "coordinates": [
          95.8373,
          -46.04
        ]
      },
      "_featureIndex": 311
    },
    {
      "type": "Feature",
      "properties": {
        "Name": "MELWEST-10-105-006",
        "ROCK NAME": "BASALT",
        "SIO2": "51.751",
        "_featureIndex": 312
      },
      "geometry": {
        "type": "Point",
        "coordinates": [
          103.04,
          -47.77
        ]
      },
      "_featureIndex": 312
    },
    {
      "type": "Feature",
      "properties": {
        "Name": "MELWEST-10-100-001",
        "SIO2": "51.75",
        "LA": "6.4",
        "_featureIndex": 313
      },
      "geometry": {
        "type": "Point",
        "coordinates": [
          101.53,
          -47.63
        ]
      },
      "_featureIndex": 313
    },
    {
      "type": "Feature",
      "properties": {
        "Name": "MELWEST-10-100-007",
        "ROCK NAME": "BASALT",
        "SIO2": "51.75",
        "_featureIndex": 314
      },
      "geometry": {
        "type": "Point",
        "coordinates": [
          101.53,
          -47.63
        ]
      },
      "_featureIndex": 314
    },
    {
      "type": "Feature",
      "properties": {
        "Name": "MELWEST-10-080-002",
        "ROCK NAME": "BASALT",
        "SIO2": "51.744",
        "_featureIndex": 315
      },
      "geometry": {
        "type": "Point",
        "coordinates": [
          95.496,
          -45.1422
        ]
      },
      "_featureIndex": 315
    },
    {
      "type": "Feature",
      "properties": {
        "Name": "MELBMRG-5-BB4-000",
        "ROCK NAME": "BASALT",
        "SIO2": "51.74",
        "LA": "3.8",
        "_featureIndex": 316
      },
      "geometry": {
        "type": "Point",
        "coordinates": [
          125.42,
          -49.7
        ]
      },
      "_featureIndex": 316
    },
    {
      "type": "Feature",
      "properties": {
        "Name": "MELWEST-10-095-005",
        "ROCK NAME": "BASALT",
        "SIO2": "51.739",
        "_featureIndex": 317
      },
      "geometry": {
        "type": "Point",
        "coordinates": [
          99.4083,
          -47.5457
        ]
      },
      "_featureIndex": 317
    },
    {
      "type": "Feature",
      "properties": {
        "Name": "MELWEST-10-R056",
        "ROCK NAME": "BASALT",
        "SIO2": "51.739",
        "_featureIndex": 318
      },
      "geometry": {
        "type": "Point",
        "coordinates": [
          104.281,
          -48.2103
        ]
      },
      "_featureIndex": 318
    },
    {
      "type": "Feature",
      "properties": {
        "Name": "MELWEST-10-102-002",
        "ROCK NAME": "BASALT",
        "SIO2": "51.735",
        "_featureIndex": 319
      },
      "geometry": {
        "type": "Point",
        "coordinates": [
          102.14,
          -47.88
        ]
      },
      "_featureIndex": 319
    },
    {
      "type": "Feature",
      "properties": {
        "Name": "MOA8801-030",
        "ROCK NAME": "BASALT",
        "SIO2": "51.73",
        "_featureIndex": 320
      },
      "geometry": {
        "type": "Point",
        "coordinates": [
          124.282,
          -48.943
        ]
      },
      "_featureIndex": 320
    },
    {
      "type": "Feature",
      "properties": {
        "Name": "MELWEST-10-122-017",
        "ROCK NAME": "BASALT",
        "SIO2": "51.727",
        "_featureIndex": 321
      },
      "geometry": {
        "type": "Point",
        "coordinates": [
          108.2,
          -48.7
        ]
      },
      "_featureIndex": 321
    },
    {
      "type": "Feature",
      "properties": {
        "Name": "MELWEST-10-141-006",
        "ROCK NAME": "BASALT",
        "SIO2": "51.727",
        "_featureIndex": 322
      },
      "geometry": {
        "type": "Point",
        "coordinates": [
          113.615,
          -50.347
        ]
      },
      "_featureIndex": 322
    },
    {
      "type": "Feature",
      "properties": {
        "Name": "MELWEST-10-145-006",
        "ROCK NAME": "BASALT",
        "SIO2": "51.724",
        "_featureIndex": 323
      },
      "geometry": {
        "type": "Point",
        "coordinates": [
          116.717,
          -49.273
        ]
      },
      "_featureIndex": 323
    },
    {
      "type": "Feature",
      "properties": {
        "Name": "MELWEST-10-106-015",
        "ROCK NAME": "BASALT",
        "SIO2": "51.722",
        "_featureIndex": 324
      },
      "geometry": {
        "type": "Point",
        "coordinates": [
          103.353,
          -47.878
        ]
      },
      "_featureIndex": 324
    },
    {
      "type": "Feature",
      "properties": {
        "Name": "MELWEST-10-120-008",
        "ROCK NAME": "BASALT",
        "SIO2": "51.72",
        "_featureIndex": 325
      },
      "geometry": {
        "type": "Point",
        "coordinates": [
          107.813,
          -48.5498
        ]
      },
      "_featureIndex": 325
    },
    {
      "type": "Feature",
      "properties": {
        "Name": "MELWEST-10-143-006",
        "ROCK NAME": "BASALT",
        "SIO2": "51.72",
        "_featureIndex": 326
      },
      "geometry": {
        "type": "Point",
        "coordinates": [
          114.951,
          -49.9508
        ]
      },
      "_featureIndex": 326
    },
    {
      "type": "Feature",
      "properties": {
        "Name": "MOA8801-018-A",
        "ROCK NAME": "BASALT",
        "SIO2": "51.72",
        "_featureIndex": 327
      },
      "geometry": {
        "type": "Point",
        "coordinates": [
          126.742,
          -50.042
        ]
      },
      "_featureIndex": 327
    },
    {
      "type": "Feature",
      "properties": {
        "Name": "MELWEST-10-R059",
        "ROCK NAME": "BASALT",
        "SIO2": "51.718",
        "_featureIndex": 328
      },
      "geometry": {
        "type": "Point",
        "coordinates": [
          108.663,
          -49.1258
        ]
      },
      "_featureIndex": 328
    },
    {
      "type": "Feature",
      "properties": {
        "Name": "MELWEST-10-110-021",
        "ROCK NAME": "BASALT",
        "SIO2": "51.711",
        "_featureIndex": 329
      },
      "geometry": {
        "type": "Point",
        "coordinates": [
          103.93,
          -48.103
        ]
      },
      "_featureIndex": 329
    },
    {
      "type": "Feature",
      "properties": {
        "Name": "ARGDODO-143-011",
        "ROCK NAME": "BASALT",
        "SIO2": "51.71",
        "_featureIndex": 330
      },
      "geometry": {
        "type": "Point",
        "coordinates": [
          72.65,
          -24.767
        ]
      },
      "_featureIndex": 330
    },
    {
      "type": "Feature",
      "properties": {
        "Name": "MELWEST-10-072-006",
        "ROCK NAME": "BASALT",
        "SIO2": "51.702",
        "_featureIndex": 331
      },
      "geometry": {
        "type": "Point",
        "coordinates": [
          91.283,
          -43.417
        ]
      },
      "_featureIndex": 331
    },
    {
      "type": "Feature",
      "properties": {
        "Name": "VEM0033-2-008-007",
        "ROCK NAME": "BASALT",
        "SIO2": "51.7",
        "_featureIndex": 332
      },
      "geometry": {
        "type": "Point",
        "coordinates": [
          121.033,
          -49.467
        ]
      },
      "_featureIndex": 332
    },
    {
      "type": "Feature",
      "properties": {
        "Name": "VEM0033-2-007-003",
        "ROCK NAME": "BASALT",
        "SIO2": "51.7",
        "_featureIndex": 333
      },
      "geometry": {
        "type": "Point",
        "coordinates": [
          124,
          -49.033
        ]
      },
      "_featureIndex": 333
    },
    {
      "type": "Feature",
      "properties": {
        "Name": "MELWEST-10-074-003",
        "ROCK NAME": "BASALT",
        "SIO2": "51.699",
        "_featureIndex": 334
      },
      "geometry": {
        "type": "Point",
        "coordinates": [
          92.33,
          -43.43
        ]
      },
      "_featureIndex": 334
    },
    {
      "type": "Feature",
      "properties": {
        "Name": "MELWEST-10-123-013",
        "ROCK NAME": "BASALT",
        "SIO2": "51.699",
        "_featureIndex": 335
      },
      "geometry": {
        "type": "Point",
        "coordinates": [
          108.466,
          -48.8
        ]
      },
      "_featureIndex": 335
    },
    {
      "type": "Feature",
      "properties": {
        "Name": "MELWEST-10-099-005",
        "ROCK NAME": "BASALT",
        "SIO2": "51.691",
        "_featureIndex": 336
      },
      "geometry": {
        "type": "Point",
        "coordinates": [
          101.22,
          -47.59
        ]
      },
      "_featureIndex": 336
    },
    {
      "type": "Feature",
      "properties": {
        "Name": "MELWEST-10-123-006",
        "ROCK NAME": "BASALT",
        "SIO2": "51.681",
        "_featureIndex": 337
      },
      "geometry": {
        "type": "Point",
        "coordinates": [
          108.466,
          -48.8
        ]
      },
      "_featureIndex": 337
    },
    {
      "type": "Feature",
      "properties": {
        "Name": "MELWEST-10-098-001e1",
        "ROCK NAME": "BASALT",
        "SIO2": "51.677",
        "_featureIndex": 338
      },
      "geometry": {
        "type": "Point",
        "coordinates": [
          100.961,
          -47.458
        ]
      },
      "_featureIndex": 338
    },
    {
      "type": "Feature",
      "properties": {
        "Name": "MELWEST-10-134-025",
        "ROCK NAME": "BASALT",
        "SIO2": "51.67",
        "_featureIndex": 339
      },
      "geometry": {
        "type": "Point",
        "coordinates": [
          112.49,
          -50.295
        ]
      },
      "_featureIndex": 339
    },
    {
      "type": "Feature",
      "properties": {
        "Name": "MELWEST-10-124-007",
        "ROCK NAME": "BASALT",
        "SIO2": "51.669",
        "_featureIndex": 340
      },
      "geometry": {
        "type": "Point",
        "coordinates": [
          108.513,
          -49.025
        ]
      },
      "_featureIndex": 340
    },
    {
      "type": "Feature",
      "properties": {
        "Name": "MELWEST-10-082-043",
        "ROCK NAME": "BASALT",
        "SIO2": "51.667",
        "_featureIndex": 341
      },
      "geometry": {
        "type": "Point",
        "coordinates": [
          95.585,
          -45.185
        ]
      },
      "_featureIndex": 341
    },
    {
      "type": "Feature",
      "properties": {
        "Name": "MELWEST-10-105-001",
        "SIO2": "51.664",
        "LA": "4.74",
        "_featureIndex": 342
      },
      "geometry": {
        "type": "Point",
        "coordinates": [
          103.04,
          -47.77
        ]
      },
      "_featureIndex": 342
    },
    {
      "type": "Feature",
      "properties": {
        "Name": "MELWEST-10-089-072",
        "ROCK NAME": "BASALT",
        "SIO2": "51.663",
        "_featureIndex": 343
      },
      "geometry": {
        "type": "Point",
        "coordinates": [
          97.512,
          -47.445
        ]
      },
      "_featureIndex": 343
    },
    {
      "type": "Feature",
      "properties": {
        "Name": "MELWEST-10-089-048",
        "ROCK NAME": "BASALT",
        "SIO2": "51.657",
        "_featureIndex": 344
      },
      "geometry": {
        "type": "Point",
        "coordinates": [
          97.512,
          -47.445
        ]
      },
      "_featureIndex": 344
    },
    {
      "type": "Feature",
      "properties": {
        "Name": "MELWEST-10-100-026",
        "ROCK NAME": "BASALT",
        "SIO2": "51.653",
        "_featureIndex": 345
      },
      "geometry": {
        "type": "Point",
        "coordinates": [
          101.53,
          -47.63
        ]
      },
      "_featureIndex": 345
    },
    {
      "type": "Feature",
      "properties": {
        "Name": "MOA8801-003-0",
        "ROCK NAME": "BASALT",
        "SIO2": "51.65",
        "LA": "4.5",
        "_featureIndex": 346
      },
      "geometry": {
        "type": "Point",
        "coordinates": [
          124.468,
          -48.907
        ]
      },
      "_featureIndex": 346
    },
    {
      "type": "Feature",
      "properties": {
        "Name": "MELWEST-10-089-032",
        "ROCK NAME": "BASALT",
        "SIO2": "51.645",
        "_featureIndex": 347
      },
      "geometry": {
        "type": "Point",
        "coordinates": [
          97.512,
          -47.445
        ]
      },
      "_featureIndex": 347
    },
    {
      "type": "Feature",
      "properties": {
        "Name": "MELWEST-10-111-008",
        "ROCK NAME": "BASALT",
        "SIO2": "51.645",
        "_featureIndex": 348
      },
      "geometry": {
        "type": "Point",
        "coordinates": [
          104.662,
          -48.212
        ]
      },
      "_featureIndex": 348
    },
    {
      "type": "Feature",
      "properties": {
        "Name": "MELWEST-10-103-005",
        "ROCK NAME": "BASALT",
        "SIO2": "51.644",
        "_featureIndex": 349
      },
      "geometry": {
        "type": "Point",
        "coordinates": [
          102.54,
          -48.019
        ]
      },
      "_featureIndex": 349
    },
    {
      "type": "Feature",
      "properties": {
        "Name": "VEM0033-2-007-002",
        "ROCK NAME": "BASALT",
        "SIO2": "51.64",
        "_featureIndex": 350
      },
      "geometry": {
        "type": "Point",
        "coordinates": [
          124,
          -49.033
        ]
      },
      "_featureIndex": 350
    },
    {
      "type": "Feature",
      "properties": {
        "Name": "MELWEST-10-110-017",
        "ROCK NAME": "BASALT",
        "SIO2": "51.639",
        "_featureIndex": 351
      },
      "geometry": {
        "type": "Point",
        "coordinates": [
          103.93,
          -48.103
        ]
      },
      "_featureIndex": 351
    },
    {
      "type": "Feature",
      "properties": {
        "Name": "MELWEST-10-102-021",
        "ROCK NAME": "BASALT",
        "SIO2": "51.635",
        "_featureIndex": 352
      },
      "geometry": {
        "type": "Point",
        "coordinates": [
          102.14,
          -47.88
        ]
      },
      "_featureIndex": 352
    },
    {
      "type": "Feature",
      "properties": {
        "Name": "MELBMRG-5-BB5-001B",
        "ROCK NAME": "BASALT",
        "SIO2": "51.63",
        "LA": "2.1",
        "_featureIndex": 353
      },
      "geometry": {
        "type": "Point",
        "coordinates": [
          127.23,
          -48.98
        ]
      },
      "_featureIndex": 353
    },
    {
      "type": "Feature",
      "properties": {
        "Name": "MOA8801-029-A",
        "ROCK NAME": "BASALT",
        "SIO2": "51.63",
        "_featureIndex": 354
      },
      "geometry": {
        "type": "Point",
        "coordinates": [
          124.468,
          -48.907
        ]
      },
      "_featureIndex": 354
    },
    {
      "type": "Feature",
      "properties": {
        "Name": "MELWEST-10-115-006",
        "ROCK NAME": "BASALT",
        "SIO2": "51.628",
        "_featureIndex": 355
      },
      "geometry": {
        "type": "Point",
        "coordinates": [
          105.868,
          -49.229
        ]
      },
      "_featureIndex": 355
    },
    {
      "type": "Feature",
      "properties": {
        "Name": "MELWEST-10-100-006",
        "ROCK NAME": "BASALT",
        "SIO2": "51.627",
        "_featureIndex": 356
      },
      "geometry": {
        "type": "Point",
        "coordinates": [
          101.53,
          -47.63
        ]
      },
      "_featureIndex": 356
    },
    {
      "type": "Feature",
      "properties": {
        "Name": "MELWEST-10-145-008",
        "ROCK NAME": "BASALT",
        "SIO2": "51.622",
        "_featureIndex": 357
      },
      "geometry": {
        "type": "Point",
        "coordinates": [
          116.717,
          -49.273
        ]
      },
      "_featureIndex": 357
    },
    {
      "type": "Feature",
      "properties": {
        "Name": "MELWEST-10-111-016",
        "ROCK NAME": "BASALT",
        "SIO2": "51.621",
        "_featureIndex": 358
      },
      "geometry": {
        "type": "Point",
        "coordinates": [
          104.662,
          -48.212
        ]
      },
      "_featureIndex": 358
    },
    {
      "type": "Feature",
      "properties": {
        "Name": "MELWEST-10-120-011",
        "ROCK NAME": "BASALT",
        "SIO2": "51.621",
        "_featureIndex": 359
      },
      "geometry": {
        "type": "Point",
        "coordinates": [
          107.813,
          -48.5498
        ]
      },
      "_featureIndex": 359
    },
    {
      "type": "Feature",
      "properties": {
        "Name": "MELWEST-10-110-002",
        "ROCK NAME": "BASALT",
        "SIO2": "51.619",
        "_featureIndex": 360
      },
      "geometry": {
        "type": "Point",
        "coordinates": [
          103.93,
          -48.103
        ]
      },
      "_featureIndex": 360
    },
    {
      "type": "Feature",
      "properties": {
        "Name": "MELWEST-10-098-001f1",
        "ROCK NAME": "BASALT",
        "SIO2": "51.617",
        "_featureIndex": 361
      },
      "geometry": {
        "type": "Point",
        "coordinates": [
          100.961,
          -47.458
        ]
      },
      "_featureIndex": 361
    },
    {
      "type": "Feature",
      "properties": {
        "Name": "MELWEST-10-095-008f1",
        "ROCK NAME": "BASALT",
        "SIO2": "51.615",
        "_featureIndex": 362
      },
      "geometry": {
        "type": "Point",
        "coordinates": [
          99.4083,
          -47.5457
        ]
      },
      "_featureIndex": 362
    },
    {
      "type": "Feature",
      "properties": {
        "Name": "MELWEST-10-088-023",
        "ROCK NAME": "BASALT",
        "SIO2": "51.611",
        "_featureIndex": 363
      },
      "geometry": {
        "type": "Point",
        "coordinates": [
          96.833,
          -47.076
        ]
      },
      "_featureIndex": 363
    },
    {
      "type": "Feature",
      "properties": {
        "Name": "MELWEST-10-124-004",
        "ROCK NAME": "BASALT",
        "SIO2": "51.61",
        "_featureIndex": 364
      },
      "geometry": {
        "type": "Point",
        "coordinates": [
          108.513,
          -49.025
        ]
      },
      "_featureIndex": 364
    },
    {
      "type": "Feature",
      "properties": {
        "Name": "MOA8801-005",
        "ROCK NAME": "BASALT",
        "SIO2": "51.61",
        "_featureIndex": 365
      },
      "geometry": {
        "type": "Point",
        "coordinates": [
          126.52,
          -48.68
        ]
      },
      "_featureIndex": 365
    },
    {
      "type": "Feature",
      "properties": {
        "Name": "MELWEST-10-110-020",
        "ROCK NAME": "BASALT",
        "SIO2": "51.608",
        "_featureIndex": 366
      },
      "geometry": {
        "type": "Point",
        "coordinates": [
          103.93,
          -48.103
        ]
      },
      "_featureIndex": 366
    },
    {
      "type": "Feature",
      "properties": {
        "Name": "MELWEST-10-106-017",
        "ROCK NAME": "BASALT",
        "SIO2": "51.605",
        "_featureIndex": 367
      },
      "geometry": {
        "type": "Point",
        "coordinates": [
          103.353,
          -47.878
        ]
      },
      "_featureIndex": 367
    },
    {
      "type": "Feature",
      "properties": {
        "Name": "MELWEST-10-100-025",
        "ROCK NAME": "BASALT",
        "SIO2": "51.604",
        "_featureIndex": 368
      },
      "geometry": {
        "type": "Point",
        "coordinates": [
          101.53,
          -47.63
        ]
      },
      "_featureIndex": 368
    },
    {
      "type": "Feature",
      "properties": {
        "Name": "MELWEST-10-130-003",
        "ROCK NAME": "BASALT",
        "SIO2": "51.604",
        "_featureIndex": 369
      },
      "geometry": {
        "type": "Point",
        "coordinates": [
          111.133,
          -49.775
        ]
      },
      "_featureIndex": 369
    },
    {
      "type": "Feature",
      "properties": {
        "Name": "MELWEST-10-111-019",
        "ROCK NAME": "BASALT",
        "SIO2": "51.603",
        "_featureIndex": 370
      },
      "geometry": {
        "type": "Point",
        "coordinates": [
          104.662,
          -48.212
        ]
      },
      "_featureIndex": 370
    },
    {
      "type": "Feature",
      "properties": {
        "Name": "MELWEST-10-111-018",
        "SIO2": "51.599",
        "LA": "8.59",
        "_featureIndex": 371
      },
      "geometry": {
        "type": "Point",
        "coordinates": [
          104.662,
          -48.212
        ]
      },
      "_featureIndex": 371
    },
    {
      "type": "Feature",
      "properties": {
        "Name": "MELWEST-10-123-005",
        "ROCK NAME": "BASALT",
        "SIO2": "51.598",
        "_featureIndex": 372
      },
      "geometry": {
        "type": "Point",
        "coordinates": [
          108.466,
          -48.8
        ]
      },
      "_featureIndex": 372
    },
    {
      "type": "Feature",
      "properties": {
        "Name": "MELWEST-10-101-014",
        "ROCK NAME": "BASALT",
        "SIO2": "51.597",
        "_featureIndex": 373
      },
      "geometry": {
        "type": "Point",
        "coordinates": [
          101.856,
          -47.7748
        ]
      },
      "_featureIndex": 373
    },
    {
      "type": "Feature",
      "properties": {
        "Name": "MELWEST-10-134-024",
        "ROCK NAME": "BASALT",
        "SIO2": "51.596",
        "_featureIndex": 374
      },
      "geometry": {
        "type": "Point",
        "coordinates": [
          112.49,
          -50.295
        ]
      },
      "_featureIndex": 374
    },
    {
      "type": "Feature",
      "properties": {
        "Name": "MELWEST-10-100-021",
        "ROCK NAME": "BASALT",
        "SIO2": "51.595",
        "_featureIndex": 375
      },
      "geometry": {
        "type": "Point",
        "coordinates": [
          101.53,
          -47.63
        ]
      },
      "_featureIndex": 375
    },
    {
      "type": "Feature",
      "properties": {
        "Name": "MELWEST-10-118-006",
        "ROCK NAME": "BASALT",
        "SIO2": "51.594",
        "_featureIndex": 376
      },
      "geometry": {
        "type": "Point",
        "coordinates": [
          107.527,
          -48.428
        ]
      },
      "_featureIndex": 376
    },
    {
      "type": "Feature",
      "properties": {
        "Name": "MELWEST-10-106-023",
        "ROCK NAME": "BASALT",
        "SIO2": "51.587",
        "_featureIndex": 377
      },
      "geometry": {
        "type": "Point",
        "coordinates": [
          103.353,
          -47.878
        ]
      },
      "_featureIndex": 377
    },
    {
      "type": "Feature",
      "properties": {
        "Name": "MELWEST-10-120-010",
        "ROCK NAME": "BASALT",
        "SIO2": "51.586",
        "LA": "4.37",
        "_featureIndex": 378
      },
      "geometry": {
        "type": "Point",
        "coordinates": [
          107.813,
          -48.5498
        ]
      },
      "_featureIndex": 378
    },
    {
      "type": "Feature",
      "properties": {
        "Name": "MELWEST-10-110-006",
        "ROCK NAME": "BASALT",
        "SIO2": "51.585",
        "_featureIndex": 379
      },
      "geometry": {
        "type": "Point",
        "coordinates": [
          103.93,
          -48.103
        ]
      },
      "_featureIndex": 379
    },
    {
      "type": "Feature",
      "properties": {
        "Name": "MELWEST-10-122-010",
        "ROCK NAME": "BASALT",
        "SIO2": "51.585",
        "_featureIndex": 380
      },
      "geometry": {
        "type": "Point",
        "coordinates": [
          108.2,
          -48.7
        ]
      },
      "_featureIndex": 380
    },
    {
      "type": "Feature",
      "properties": {
        "Name": "MELWEST-10-099-002",
        "ROCK NAME": "BASALT",
        "SIO2": "51.582",
        "_featureIndex": 381
      },
      "geometry": {
        "type": "Point",
        "coordinates": [
          101.22,
          -47.59
        ]
      },
      "_featureIndex": 381
    },
    {
      "type": "Feature",
      "properties": {
        "Name": "MELWEST-10-120-014",
        "ROCK NAME": "BASALT",
        "SIO2": "51.581",
        "_featureIndex": 382
      },
      "geometry": {
        "type": "Point",
        "coordinates": [
          107.813,
          -48.5498
        ]
      },
      "_featureIndex": 382
    },
    {
      "type": "Feature",
      "properties": {
        "Name": "VEM0033-2-010-C",
        "ROCK NAME": "BASALT",
        "SIO2": "51.58",
        "_featureIndex": 383
      },
      "geometry": {
        "type": "Point",
        "coordinates": [
          115.375,
          -49.917
        ]
      },
      "_featureIndex": 383
    },
    {
      "type": "Feature",
      "properties": {
        "Name": "VEM0033-2-010-010",
        "ROCK NAME": "BASALT",
        "SIO2": "51.58",
        "_featureIndex": 384
      },
      "geometry": {
        "type": "Point",
        "coordinates": [
          115.375,
          -49.917
        ]
      },
      "_featureIndex": 384
    },
    {
      "type": "Feature",
      "properties": {
        "Name": "MELWEST-10-085-021",
        "ROCK NAME": "BASALT",
        "SIO2": "51.577",
        "_featureIndex": 385
      },
      "geometry": {
        "type": "Point",
        "coordinates": [
          96.117,
          -45.2035
        ]
      },
      "_featureIndex": 385
    },
    {
      "type": "Feature",
      "properties": {
        "Name": "MELWEST-10-101-003",
        "ROCK NAME": "BASALT",
        "SIO2": "51.57",
        "_featureIndex": 386
      },
      "geometry": {
        "type": "Point",
        "coordinates": [
          101.856,
          -47.7748
        ]
      },
      "_featureIndex": 386
    },
    {
      "type": "Feature",
      "properties": {
        "Name": "MELWEST-10-070-034",
        "ROCK NAME": "BASALT",
        "SIO2": "51.568",
        "_featureIndex": 387
      },
      "geometry": {
        "type": "Point",
        "coordinates": [
          90.187,
          -42.57
        ]
      },
      "_featureIndex": 387
    },
    {
      "type": "Feature",
      "properties": {
        "Name": "MELWEST-10-098-001c1",
        "ROCK NAME": "BASALT",
        "SIO2": "51.568",
        "_featureIndex": 388
      },
      "geometry": {
        "type": "Point",
        "coordinates": [
          100.961,
          -47.458
        ]
      },
      "_featureIndex": 388
    },
    {
      "type": "Feature",
      "properties": {
        "Name": "MELWEST-10-098-007",
        "ROCK NAME": "BASALT",
        "SIO2": "51.567",
        "_featureIndex": 389
      },
      "geometry": {
        "type": "Point",
        "coordinates": [
          100.961,
          -47.458
        ]
      },
      "_featureIndex": 389
    },
    {
      "type": "Feature",
      "properties": {
        "Name": "MELWEST-10-105-002",
        "ROCK NAME": "BASALT",
        "SIO2": "51.566",
        "_featureIndex": 390
      },
      "geometry": {
        "type": "Point",
        "coordinates": [
          103.04,
          -47.77
        ]
      },
      "_featureIndex": 390
    },
    {
      "type": "Feature",
      "properties": {
        "Name": "MELWEST-10-102-023",
        "ROCK NAME": "BASALT",
        "SIO2": "51.564",
        "_featureIndex": 391
      },
      "geometry": {
        "type": "Point",
        "coordinates": [
          102.14,
          -47.88
        ]
      },
      "_featureIndex": 391
    },
    {
      "type": "Feature",
      "properties": {
        "Name": "MOA8801-005-0",
        "ROCK NAME": "BASALT",
        "SIO2": "51.56",
        "LA": "3.9",
        "_featureIndex": 392
      },
      "geometry": {
        "type": "Point",
        "coordinates": [
          127.36,
          -48.763
        ]
      },
      "_featureIndex": 392
    },
    {
      "type": "Feature",
      "properties": {
        "Name": "MELWEST-10-110-013",
        "ROCK NAME": "BASALT",
        "SIO2": "51.56",
        "_featureIndex": 393
      },
      "geometry": {
        "type": "Point",
        "coordinates": [
          103.93,
          -48.103
        ]
      },
      "_featureIndex": 393
    },
    {
      "type": "Feature",
      "properties": {
        "Name": "MELWEST-10-100-028",
        "ROCK NAME": "BASALT",
        "SIO2": "51.559",
        "_featureIndex": 394
      },
      "geometry": {
        "type": "Point",
        "coordinates": [
          101.53,
          -47.63
        ]
      },
      "_featureIndex": 394
    },
    {
      "type": "Feature",
      "properties": {
        "Name": "MELWEST-10-113-007",
        "SIO2": "51.557",
        "LA": "3.94",
        "_featureIndex": 395
      },
      "geometry": {
        "type": "Point",
        "coordinates": [
          105.224,
          -48.752
        ]
      },
      "_featureIndex": 395
    },
    {
      "type": "Feature",
      "properties": {
        "Name": "MELWEST-10-089-042",
        "ROCK NAME": "BASALT",
        "SIO2": "51.557",
        "_featureIndex": 396
      },
      "geometry": {
        "type": "Point",
        "coordinates": [
          97.512,
          -47.445
        ]
      },
      "_featureIndex": 396
    },
    {
      "type": "Feature",
      "properties": {
        "Name": "MELWEST-10-100-012",
        "ROCK NAME": "BASALT",
        "SIO2": "51.557",
        "_featureIndex": 397
      },
      "geometry": {
        "type": "Point",
        "coordinates": [
          101.53,
          -47.63
        ]
      },
      "_featureIndex": 397
    },
    {
      "type": "Feature",
      "properties": {
        "Name": "MELWEST-10-088-011",
        "ROCK NAME": "BASALT",
        "SIO2": "51.555",
        "_featureIndex": 398
      },
      "geometry": {
        "type": "Point",
        "coordinates": [
          96.833,
          -47.076
        ]
      },
      "_featureIndex": 398
    },
    {
      "type": "Feature",
      "properties": {
        "Name": "MELWEST-10-111-009",
        "ROCK NAME": "BASALT",
        "SIO2": "51.555",
        "_featureIndex": 399
      },
      "geometry": {
        "type": "Point",
        "coordinates": [
          104.662,
          -48.212
        ]
      },
      "_featureIndex": 399
    },
    {
      "type": "Feature",
      "properties": {
        "Name": "MELWEST-10-141-014",
        "ROCK NAME": "BASALT",
        "SIO2": "51.555",
        "_featureIndex": 400
      },
      "geometry": {
        "type": "Point",
        "coordinates": [
          113.615,
          -50.347
        ]
      },
      "_featureIndex": 400
    },
    {
      "type": "Feature",
      "properties": {
        "Name": "MELWEST-10-101-010",
        "ROCK NAME": "BASALT",
        "SIO2": "51.553",
        "_featureIndex": 401
      },
      "geometry": {
        "type": "Point",
        "coordinates": [
          101.856,
          -47.7748
        ]
      },
      "_featureIndex": 401
    },
    {
      "type": "Feature",
      "properties": {
        "Name": "MELWEST-10-141-015",
        "ROCK NAME": "BASALT",
        "SIO2": "51.552",
        "_featureIndex": 402
      },
      "geometry": {
        "type": "Point",
        "coordinates": [
          113.615,
          -50.347
        ]
      },
      "_featureIndex": 402
    },
    {
      "type": "Feature",
      "properties": {
        "Name": "MELWEST-10-105-003",
        "ROCK NAME": "BASALT",
        "SIO2": "51.55",
        "_featureIndex": 403
      },
      "geometry": {
        "type": "Point",
        "coordinates": [
          103.04,
          -47.77
        ]
      },
      "_featureIndex": 403
    },
    {
      "type": "Feature",
      "properties": {
        "Name": "MELWEST-10-088-015",
        "ROCK NAME": "BASALT",
        "SIO2": "51.548",
        "_featureIndex": 404
      },
      "geometry": {
        "type": "Point",
        "coordinates": [
          96.833,
          -47.076
        ]
      },
      "_featureIndex": 404
    },
    {
      "type": "Feature",
      "properties": {
        "Name": "MELWEST-10-141-021",
        "ROCK NAME": "BASALT",
        "SIO2": "51.548",
        "_featureIndex": 405
      },
      "geometry": {
        "type": "Point",
        "coordinates": [
          113.615,
          -50.347
        ]
      },
      "_featureIndex": 405
    },
    {
      "type": "Feature",
      "properties": {
        "Name": "MELWEST-10-089-037",
        "ROCK NAME": "BASALT",
        "SIO2": "51.546",
        "_featureIndex": 406
      },
      "geometry": {
        "type": "Point",
        "coordinates": [
          97.512,
          -47.445
        ]
      },
      "_featureIndex": 406
    },
    {
      "type": "Feature",
      "properties": {
        "Name": "MELWEST-10-102-019",
        "ROCK NAME": "BASALT",
        "SIO2": "51.542",
        "_featureIndex": 407
      },
      "geometry": {
        "type": "Point",
        "coordinates": [
          102.14,
          -47.88
        ]
      },
      "_featureIndex": 407
    },
    {
      "type": "Feature",
      "properties": {
        "Name": "MELWEST-10-100-024",
        "ROCK NAME": "BASALT",
        "SIO2": "51.541",
        "_featureIndex": 408
      },
      "geometry": {
        "type": "Point",
        "coordinates": [
          101.53,
          -47.63
        ]
      },
      "_featureIndex": 408
    },
    {
      "type": "Feature",
      "properties": {
        "Name": "MELWEST-10-141-003",
        "ROCK NAME": "BASALT",
        "SIO2": "51.541",
        "_featureIndex": 409
      },
      "geometry": {
        "type": "Point",
        "coordinates": [
          113.615,
          -50.347
        ]
      },
      "_featureIndex": 409
    },
    {
      "type": "Feature",
      "properties": {
        "Name": "MELWEST-10-110-022",
        "ROCK NAME": "BASALT",
        "SIO2": "51.54",
        "_featureIndex": 410
      },
      "geometry": {
        "type": "Point",
        "coordinates": [
          103.93,
          -48.103
        ]
      },
      "_featureIndex": 410
    },
    {
      "type": "Feature",
      "properties": {
        "Name": "MELWEST-10-134-021",
        "ROCK NAME": "BASALT",
        "SIO2": "51.539",
        "_featureIndex": 411
      },
      "geometry": {
        "type": "Point",
        "coordinates": [
          112.49,
          -50.295
        ]
      },
      "_featureIndex": 411
    },
    {
      "type": "Feature",
      "properties": {
        "Name": "MELWEST-10-122-013",
        "ROCK NAME": "BASALT",
        "SIO2": "51.538",
        "_featureIndex": 412
      },
      "geometry": {
        "type": "Point",
        "coordinates": [
          108.2,
          -48.7
        ]
      },
      "_featureIndex": 412
    },
    {
      "type": "Feature",
      "properties": {
        "Name": "MELWEST-10-135-004",
        "ROCK NAME": "BASALT",
        "SIO2": "51.538",
        "_featureIndex": 413
      },
      "geometry": {
        "type": "Point",
        "coordinates": [
          112.593,
          -50.307
        ]
      },
      "_featureIndex": 413
    },
    {
      "type": "Feature",
      "properties": {
        "Name": "MELWEST-10-088-021",
        "ROCK NAME": "BASALT",
        "SIO2": "51.537",
        "_featureIndex": 414
      },
      "geometry": {
        "type": "Point",
        "coordinates": [
          96.833,
          -47.076
        ]
      },
      "_featureIndex": 414
    },
    {
      "type": "Feature",
      "properties": {
        "Name": "MELWEST-10-111-004",
        "ROCK NAME": "BASALT",
        "SIO2": "51.537",
        "_featureIndex": 415
      },
      "geometry": {
        "type": "Point",
        "coordinates": [
          104.662,
          -48.212
        ]
      },
      "_featureIndex": 415
    },
    {
      "type": "Feature",
      "properties": {
        "Name": "MELWEST-10-131-020",
        "ROCK NAME": "BASALT",
        "SIO2": "51.536",
        "_featureIndex": 416
      },
      "geometry": {
        "type": "Point",
        "coordinates": [
          111.34,
          -50.0633
        ]
      },
      "_featureIndex": 416
    },
    {
      "type": "Feature",
      "properties": {
        "Name": "MELWEST-10-103-004",
        "ROCK NAME": "BASALT",
        "SIO2": "51.531",
        "LA": "2.38",
        "_featureIndex": 417
      },
      "geometry": {
        "type": "Point",
        "coordinates": [
          102.54,
          -48.019
        ]
      },
      "_featureIndex": 417
    },
    {
      "type": "Feature",
      "properties": {
        "Name": "MELWEST-10-088-007",
        "ROCK NAME": "BASALT",
        "SIO2": "51.529",
        "_featureIndex": 418
      },
      "geometry": {
        "type": "Point",
        "coordinates": [
          96.833,
          -47.076
        ]
      },
      "_featureIndex": 418
    },
    {
      "type": "Feature",
      "properties": {
        "Name": "MELWEST-10-111-005",
        "ROCK NAME": "BASALT",
        "SIO2": "51.529",
        "_featureIndex": 419
      },
      "geometry": {
        "type": "Point",
        "coordinates": [
          104.662,
          -48.212
        ]
      },
      "_featureIndex": 419
    },
    {
      "type": "Feature",
      "properties": {
        "Name": "MELWEST-10-130-007",
        "ROCK NAME": "BASALT",
        "SIO2": "51.529",
        "_featureIndex": 420
      },
      "geometry": {
        "type": "Point",
        "coordinates": [
          111.133,
          -49.775
        ]
      },
      "_featureIndex": 420
    },
    {
      "type": "Feature",
      "properties": {
        "Name": "MELWEST-10-141-001",
        "SIO2": "51.528",
        "LA": "5.73",
        "_featureIndex": 421
      },
      "geometry": {
        "type": "Point",
        "coordinates": [
          113.615,
          -50.347
        ]
      },
      "_featureIndex": 421
    },
    {
      "type": "Feature",
      "properties": {
        "Name": "MELWEST-10-088-022",
        "ROCK NAME": "BASALT",
        "SIO2": "51.528",
        "_featureIndex": 422
      },
      "geometry": {
        "type": "Point",
        "coordinates": [
          96.833,
          -47.076
        ]
      },
      "_featureIndex": 422
    },
    {
      "type": "Feature",
      "properties": {
        "Name": "MELWEST-10-124-014",
        "ROCK NAME": "BASALT",
        "SIO2": "51.528",
        "_featureIndex": 423
      },
      "geometry": {
        "type": "Point",
        "coordinates": [
          108.513,
          -49.025
        ]
      },
      "_featureIndex": 423
    },
    {
      "type": "Feature",
      "properties": {
        "Name": "MELWEST-10-110-018",
        "ROCK NAME": "BASALT",
        "SIO2": "51.526",
        "_featureIndex": 424
      },
      "geometry": {
        "type": "Point",
        "coordinates": [
          103.93,
          -48.103
        ]
      },
      "_featureIndex": 424
    },
    {
      "type": "Feature",
      "properties": {
        "Name": "MELWEST-10-143-007",
        "ROCK NAME": "BASALT",
        "SIO2": "51.526",
        "_featureIndex": 425
      },
      "geometry": {
        "type": "Point",
        "coordinates": [
          114.951,
          -49.9508
        ]
      },
      "_featureIndex": 425
    },
    {
      "type": "Feature",
      "properties": {
        "Name": "MELWEST-10-118-002",
        "ROCK NAME": "BASALT",
        "SIO2": "51.525",
        "_featureIndex": 426
      },
      "geometry": {
        "type": "Point",
        "coordinates": [
          107.527,
          -48.428
        ]
      },
      "_featureIndex": 426
    },
    {
      "type": "Feature",
      "properties": {
        "Name": "MELWEST-10-141-009",
        "ROCK NAME": "BASALT",
        "SIO2": "51.523",
        "_featureIndex": 427
      },
      "geometry": {
        "type": "Point",
        "coordinates": [
          113.615,
          -50.347
        ]
      },
      "_featureIndex": 427
    },
    {
      "type": "Feature",
      "properties": {
        "Name": "MELWEST-10-141-019",
        "ROCK NAME": "BASALT",
        "SIO2": "51.521",
        "_featureIndex": 428
      },
      "geometry": {
        "type": "Point",
        "coordinates": [
          113.615,
          -50.347
        ]
      },
      "_featureIndex": 428
    },
    {
      "type": "Feature",
      "properties": {
        "Name": "MELBMRG-5-BB5-001.5",
        "ROCK NAME": "BASALT",
        "SIO2": "51.52",
        "LA": "3.9",
        "_featureIndex": 429
      },
      "geometry": {
        "type": "Point",
        "coordinates": [
          127.48,
          -48.51
        ]
      },
      "_featureIndex": 429
    },
    {
      "type": "Feature",
      "properties": {
        "Name": "ARGDODO-143-012",
        "ROCK NAME": "BASALT",
        "SIO2": "51.52",
        "_featureIndex": 430
      },
      "geometry": {
        "type": "Point",
        "coordinates": [
          72.65,
          -24.767
        ]
      },
      "_featureIndex": 430
    },
    {
      "type": "Feature",
      "properties": {
        "Name": "MELWEST-10-134-020",
        "ROCK NAME": "BASALT",
        "SIO2": "51.52",
        "_featureIndex": 431
      },
      "geometry": {
        "type": "Point",
        "coordinates": [
          112.49,
          -50.295
        ]
      },
      "_featureIndex": 431
    },
    {
      "type": "Feature",
      "properties": {
        "Name": "MELWEST-10-123-012",
        "ROCK NAME": "BASALT",
        "SIO2": "51.516",
        "_featureIndex": 432
      },
      "geometry": {
        "type": "Point",
        "coordinates": [
          108.466,
          -48.8
        ]
      },
      "_featureIndex": 432
    },
    {
      "type": "Feature",
      "properties": {
        "Name": "MELWEST-10-074-008",
        "ROCK NAME": "BASALT",
        "SIO2": "51.513",
        "LA": "4.49",
        "_featureIndex": 433
      },
      "geometry": {
        "type": "Point",
        "coordinates": [
          92.33,
          -43.43
        ]
      },
      "_featureIndex": 433
    },
    {
      "type": "Feature",
      "properties": {
        "Name": "MELWEST-10-098-002",
        "ROCK NAME": "BASALT",
        "SIO2": "51.51",
        "_featureIndex": 434
      },
      "geometry": {
        "type": "Point",
        "coordinates": [
          100.961,
          -47.458
        ]
      },
      "_featureIndex": 434
    },
    {
      "type": "Feature",
      "properties": {
        "Name": "VEM0033-2-009-001",
        "ROCK NAME": "BASALT",
        "SIO2": "51.51",
        "_featureIndex": 435
      },
      "geometry": {
        "type": "Point",
        "coordinates": [
          119.175,
          -49.808
        ]
      },
      "_featureIndex": 435
    },
    {
      "type": "Feature",
      "properties": {
        "Name": "MELWEST-10-105-004",
        "ROCK NAME": "BASALT",
        "SIO2": "51.506",
        "_featureIndex": 436
      },
      "geometry": {
        "type": "Point",
        "coordinates": [
          103.04,
          -47.77
        ]
      },
      "_featureIndex": 436
    },
    {
      "type": "Feature",
      "properties": {
        "Name": "MELWEST-10-131-017",
        "ROCK NAME": "BASALT",
        "SIO2": "51.505",
        "LA": "2.48",
        "_featureIndex": 437
      },
      "geometry": {
        "type": "Point",
        "coordinates": [
          111.34,
          -50.0633
        ]
      },
      "_featureIndex": 437
    },
    {
      "type": "Feature",
      "properties": {
        "Name": "MELWEST-10-075-011",
        "ROCK NAME": "BASALT",
        "SIO2": "51.505",
        "_featureIndex": 438
      },
      "geometry": {
        "type": "Point",
        "coordinates": [
          92.662,
          -43.575
        ]
      },
      "_featureIndex": 438
    },
    {
      "type": "Feature",
      "properties": {
        "Name": "MELWEST-10-123-007",
        "ROCK NAME": "BASALT",
        "SIO2": "51.504",
        "_featureIndex": 439
      },
      "geometry": {
        "type": "Point",
        "coordinates": [
          108.466,
          -48.8
        ]
      },
      "_featureIndex": 439
    },
    {
      "type": "Feature",
      "properties": {
        "Name": "MELWEST-10-118-007",
        "ROCK NAME": "BASALT",
        "SIO2": "51.502",
        "_featureIndex": 440
      },
      "geometry": {
        "type": "Point",
        "coordinates": [
          107.527,
          -48.428
        ]
      },
      "_featureIndex": 440
    },
    {
      "type": "Feature",
      "properties": {
        "Name": "VEM0033-2-007-003",
        "ROCK NAME": "BASALT",
        "SIO2": "51.5",
        "_featureIndex": 441
      },
      "geometry": {
        "type": "Point",
        "coordinates": [
          124,
          -49.033
        ]
      },
      "_featureIndex": 441
    },
    {
      "type": "Feature",
      "properties": {
        "Name": "MELWEST-10-073-005",
        "ROCK NAME": "BASALT",
        "SIO2": "51.499",
        "_featureIndex": 442
      },
      "geometry": {
        "type": "Point",
        "coordinates": [
          91.684,
          -43.468
        ]
      },
      "_featureIndex": 442
    },
    {
      "type": "Feature",
      "properties": {
        "Name": "MELWEST-10-124-011",
        "ROCK NAME": "BASALT",
        "SIO2": "51.498",
        "_featureIndex": 443
      },
      "geometry": {
        "type": "Point",
        "coordinates": [
          108.513,
          -49.025
        ]
      },
      "_featureIndex": 443
    },
    {
      "type": "Feature",
      "properties": {
        "Name": "MELWEST-10-R049",
        "ROCK NAME": "BASALT",
        "SIO2": "51.494",
        "_featureIndex": 444
      },
      "geometry": {
        "type": "Point",
        "coordinates": [
          95.966,
          -46.1357
        ]
      },
      "_featureIndex": 444
    },
    {
      "type": "Feature",
      "properties": {
        "Name": "MELWEST-10-141-020",
        "ROCK NAME": "BASALT",
        "SIO2": "51.494",
        "_featureIndex": 445
      },
      "geometry": {
        "type": "Point",
        "coordinates": [
          113.615,
          -50.347
        ]
      },
      "_featureIndex": 445
    },
    {
      "type": "Feature",
      "properties": {
        "Name": "MELWEST-10-075-005",
        "ROCK NAME": "BASALT",
        "SIO2": "51.493",
        "_featureIndex": 446
      },
      "geometry": {
        "type": "Point",
        "coordinates": [
          92.662,
          -43.575
        ]
      },
      "_featureIndex": 446
    },
    {
      "type": "Feature",
      "properties": {
        "Name": "MELWEST-10-147-010",
        "ROCK NAME": "BASALT",
        "SIO2": "51.491",
        "_featureIndex": 447
      },
      "geometry": {
        "type": "Point",
        "coordinates": [
          117.52,
          -49.7
        ]
      },
      "_featureIndex": 447
    },
    {
      "type": "Feature",
      "properties": {
        "Name": "VEM0033-1-006-002",
        "ROCK NAME": "BASALT",
        "SIO2": "51.49",
        "_featureIndex": 448
      },
      "geometry": {
        "type": "Point",
        "coordinates": [
          130.417,
          -50.3
        ]
      },
      "_featureIndex": 448
    },
    {
      "type": "Feature",
      "properties": {
        "Name": "MELWEST-10-127-007",
        "ROCK NAME": "BASALT",
        "SIO2": "51.487",
        "_featureIndex": 449
      },
      "geometry": {
        "type": "Point",
        "coordinates": [
          109.884,
          -49.6593
        ]
      },
      "_featureIndex": 449
    },
    {
      "type": "Feature",
      "properties": {
        "Name": "MELWEST-10-145-001",
        "SIO2": "51.485",
        "LA": "6.11",
        "_featureIndex": 450
      },
      "geometry": {
        "type": "Point",
        "coordinates": [
          116.717,
          -49.273
        ]
      },
      "_featureIndex": 450
    },
    {
      "type": "Feature",
      "properties": {
        "Name": "MELWEST-10-110-007",
        "ROCK NAME": "BASALT",
        "SIO2": "51.485",
        "LA": "5.23",
        "_featureIndex": 451
      },
      "geometry": {
        "type": "Point",
        "coordinates": [
          103.93,
          -48.103
        ]
      },
      "_featureIndex": 451
    },
    {
      "type": "Feature",
      "properties": {
        "Name": "MOA8801-018-007",
        "ROCK NAME": "BASALT",
        "SIO2": "51.48",
        "LA": "6.09",
        "_featureIndex": 452
      },
      "geometry": {
        "type": "Point",
        "coordinates": [
          126.742,
          -50.042
        ]
      },
      "_featureIndex": 452
    },
    {
      "type": "Feature",
      "properties": {
        "Name": "MELWEST-10-111-014",
        "ROCK NAME": "BASALT",
        "SIO2": "51.478",
        "_featureIndex": 453
      },
      "geometry": {
        "type": "Point",
        "coordinates": [
          104.662,
          -48.212
        ]
      },
      "_featureIndex": 453
    },
    {
      "type": "Feature",
      "properties": {
        "Name": "MELWEST-10-083-019",
        "ROCK NAME": "BASALT",
        "SIO2": "51.477",
        "_featureIndex": 454
      },
      "geometry": {
        "type": "Point",
        "coordinates": [
          95.76,
          -45.05
        ]
      },
      "_featureIndex": 454
    },
    {
      "type": "Feature",
      "properties": {
        "Name": "MELWEST-10-122-011",
        "ROCK NAME": "BASALT",
        "SIO2": "51.477",
        "_featureIndex": 455
      },
      "geometry": {
        "type": "Point",
        "coordinates": [
          108.2,
          -48.7
        ]
      },
      "_featureIndex": 455
    },
    {
      "type": "Feature",
      "properties": {
        "Name": "MELWEST-10-111-017",
        "ROCK NAME": "BASALT",
        "SIO2": "51.475",
        "_featureIndex": 456
      },
      "geometry": {
        "type": "Point",
        "coordinates": [
          104.662,
          -48.212
        ]
      },
      "_featureIndex": 456
    },
    {
      "type": "Feature",
      "properties": {
        "Name": "MELWEST-10-088-014",
        "ROCK NAME": "BASALT",
        "SIO2": "51.47",
        "_featureIndex": 457
      },
      "geometry": {
        "type": "Point",
        "coordinates": [
          96.833,
          -47.076
        ]
      },
      "_featureIndex": 457
    },
    {
      "type": "Feature",
      "properties": {
        "Name": "VEM0033-2-010-008",
        "ROCK NAME": "BASALT",
        "SIO2": "51.47",
        "_featureIndex": 458
      },
      "geometry": {
        "type": "Point",
        "coordinates": [
          115.375,
          -49.917
        ]
      },
      "_featureIndex": 458
    },
    {
      "type": "Feature",
      "properties": {
        "Name": "VEM0033-1-005-014",
        "ROCK NAME": "BASALT",
        "SIO2": "51.47",
        "_featureIndex": 459
      },
      "geometry": {
        "type": "Point",
        "coordinates": [
          127.08,
          -48.738
        ]
      },
      "_featureIndex": 459
    },
    {
      "type": "Feature",
      "properties": {
        "Name": "MELWEST-10-089-096",
        "ROCK NAME": "BASALT",
        "SIO2": "51.468",
        "_featureIndex": 460
      },
      "geometry": {
        "type": "Point",
        "coordinates": [
          97.512,
          -47.445
        ]
      },
      "_featureIndex": 460
    },
    {
      "type": "Feature",
      "properties": {
        "Name": "MELWEST-10-070-037",
        "ROCK NAME": "BASALT",
        "SIO2": "51.46",
        "_featureIndex": 461
      },
      "geometry": {
        "type": "Point",
        "coordinates": [
          90.187,
          -42.57
        ]
      },
      "_featureIndex": 461
    },
    {
      "type": "Feature",
      "properties": {
        "Name": "MELWEST-10-095-009e1",
        "ROCK NAME": "BASALT",
        "SIO2": "51.46",
        "_featureIndex": 462
      },
      "geometry": {
        "type": "Point",
        "coordinates": [
          99.4083,
          -47.5457
        ]
      },
      "_featureIndex": 462
    },
    {
      "type": "Feature",
      "properties": {
        "Name": "VEM0033-2-008-002",
        "ROCK NAME": "BASALT",
        "SIO2": "51.46",
        "_featureIndex": 463
      },
      "geometry": {
        "type": "Point",
        "coordinates": [
          121.033,
          -49.467
        ]
      },
      "_featureIndex": 463
    },
    {
      "type": "Feature",
      "properties": {
        "Name": "MELWEST-10-095-008c1",
        "ROCK NAME": "BASALT",
        "SIO2": "51.459",
        "_featureIndex": 464
      },
      "geometry": {
        "type": "Point",
        "coordinates": [
          99.4083,
          -47.5457
        ]
      },
      "_featureIndex": 464
    },
    {
      "type": "Feature",
      "properties": {
        "Name": "MELWEST-10-115-005",
        "ROCK NAME": "BASALT",
        "SIO2": "51.459",
        "_featureIndex": 465
      },
      "geometry": {
        "type": "Point",
        "coordinates": [
          105.868,
          -49.229
        ]
      },
      "_featureIndex": 465
    },
    {
      "type": "Feature",
      "properties": {
        "Name": "MELWEST-10-122-008",
        "ROCK NAME": "BASALT",
        "SIO2": "51.456",
        "_featureIndex": 466
      },
      "geometry": {
        "type": "Point",
        "coordinates": [
          108.2,
          -48.7
        ]
      },
      "_featureIndex": 466
    },
    {
      "type": "Feature",
      "properties": {
        "Name": "MELWEST-10-135-003",
        "ROCK NAME": "BASALT",
        "SIO2": "51.452",
        "_featureIndex": 467
      },
      "geometry": {
        "type": "Point",
        "coordinates": [
          112.593,
          -50.307
        ]
      },
      "_featureIndex": 467
    },
    {
      "type": "Feature",
      "properties": {
        "Name": "MELWEST-10-101-002",
        "ROCK NAME": "BASALT",
        "SIO2": "51.451",
        "_featureIndex": 468
      },
      "geometry": {
        "type": "Point",
        "coordinates": [
          101.856,
          -47.7748
        ]
      },
      "_featureIndex": 468
    },
    {
      "type": "Feature",
      "properties": {
        "Name": "MELWEST-10-111-007",
        "ROCK NAME": "BASALT",
        "SIO2": "51.451",
        "_featureIndex": 469
      },
      "geometry": {
        "type": "Point",
        "coordinates": [
          104.662,
          -48.212
        ]
      },
      "_featureIndex": 469
    },
    {
      "type": "Feature",
      "properties": {
        "Name": "MELWEST-10-120-006",
        "ROCK NAME": "BASALT",
        "SIO2": "51.451",
        "_featureIndex": 470
      },
      "geometry": {
        "type": "Point",
        "coordinates": [
          107.813,
          -48.5498
        ]
      },
      "_featureIndex": 470
    },
    {
      "type": "Feature",
      "properties": {
        "Name": "MELWEST-10-143-008",
        "ROCK NAME": "BASALT",
        "SIO2": "51.451",
        "_featureIndex": 471
      },
      "geometry": {
        "type": "Point",
        "coordinates": [
          114.951,
          -49.9508
        ]
      },
      "_featureIndex": 471
    },
    {
      "type": "Feature",
      "properties": {
        "Name": "MELWEST-10-110-024",
        "ROCK NAME": "BASALT",
        "SIO2": "51.449",
        "_featureIndex": 472
      },
      "geometry": {
        "type": "Point",
        "coordinates": [
          103.93,
          -48.103
        ]
      },
      "_featureIndex": 472
    },
    {
      "type": "Feature",
      "properties": {
        "Name": "MELWEST-10-141-002",
        "ROCK NAME": "BASALT",
        "SIO2": "51.448",
        "_featureIndex": 473
      },
      "geometry": {
        "type": "Point",
        "coordinates": [
          113.615,
          -50.347
        ]
      },
      "_featureIndex": 473
    },
    {
      "type": "Feature",
      "properties": {
        "Name": "MELWEST-10-143-004",
        "ROCK NAME": "BASALT",
        "SIO2": "51.447",
        "_featureIndex": 474
      },
      "geometry": {
        "type": "Point",
        "coordinates": [
          114.951,
          -49.9508
        ]
      },
      "_featureIndex": 474
    },
    {
      "type": "Feature",
      "properties": {
        "Name": "MELWEST-10-120-016",
        "ROCK NAME": "BASALT",
        "SIO2": "51.445",
        "_featureIndex": 475
      },
      "geometry": {
        "type": "Point",
        "coordinates": [
          107.813,
          -48.5498
        ]
      },
      "_featureIndex": 475
    },
    {
      "type": "Feature",
      "properties": {
        "Name": "MELWEST-10-135-001",
        "ROCK NAME": "BASALT",
        "SIO2": "51.444",
        "_featureIndex": 476
      },
      "geometry": {
        "type": "Point",
        "coordinates": [
          112.593,
          -50.307
        ]
      },
      "_featureIndex": 476
    },
    {
      "type": "Feature",
      "properties": {
        "Name": "MELWEST-10-074-004",
        "ROCK NAME": "BASALT",
        "SIO2": "51.442",
        "_featureIndex": 477
      },
      "geometry": {
        "type": "Point",
        "coordinates": [
          92.33,
          -43.43
        ]
      },
      "_featureIndex": 477
    },
    {
      "type": "Feature",
      "properties": {
        "Name": "MELWEST-10-110-005",
        "ROCK NAME": "BASALT",
        "SIO2": "51.44",
        "_featureIndex": 478
      },
      "geometry": {
        "type": "Point",
        "coordinates": [
          103.93,
          -48.103
        ]
      },
      "_featureIndex": 478
    },
    {
      "type": "Feature",
      "properties": {
        "Name": "VEM0033-1-005-006",
        "ROCK NAME": "BASALT",
        "SIO2": "51.44",
        "_featureIndex": 479
      },
      "geometry": {
        "type": "Point",
        "coordinates": [
          127.08,
          -48.738
        ]
      },
      "_featureIndex": 479
    },
    {
      "type": "Feature",
      "properties": {
        "Name": "MELWEST-10-103-008",
        "ROCK NAME": "BASALT",
        "SIO2": "51.439",
        "_featureIndex": 480
      },
      "geometry": {
        "type": "Point",
        "coordinates": [
          102.54,
          -48.019
        ]
      },
      "_featureIndex": 480
    },
    {
      "type": "Feature",
      "properties": {
        "Name": "MELWEST-10-075-010",
        "ROCK NAME": "BASALT",
        "SIO2": "51.438",
        "_featureIndex": 481
      },
      "geometry": {
        "type": "Point",
        "coordinates": [
          92.662,
          -43.575
        ]
      },
      "_featureIndex": 481
    },
    {
      "type": "Feature",
      "properties": {
        "Name": "MELWEST-10-141-010",
        "ROCK NAME": "BASALT",
        "SIO2": "51.437",
        "_featureIndex": 482
      },
      "geometry": {
        "type": "Point",
        "coordinates": [
          113.615,
          -50.347
        ]
      },
      "_featureIndex": 482
    },
    {
      "type": "Feature",
      "properties": {
        "Name": "MELWEST-10-101-008",
        "ROCK NAME": "BASALT",
        "SIO2": "51.436",
        "_featureIndex": 483
      },
      "geometry": {
        "type": "Point",
        "coordinates": [
          101.856,
          -47.7748
        ]
      },
      "_featureIndex": 483
    },
    {
      "type": "Feature",
      "properties": {
        "Name": "MELWEST-10-102-016",
        "ROCK NAME": "BASALT",
        "SIO2": "51.436",
        "_featureIndex": 484
      },
      "geometry": {
        "type": "Point",
        "coordinates": [
          102.14,
          -47.88
        ]
      },
      "_featureIndex": 484
    },
    {
      "type": "Feature",
      "properties": {
        "Name": "MELWEST-10-099-011",
        "ROCK NAME": "BASALT",
        "SIO2": "51.435",
        "_featureIndex": 485
      },
      "geometry": {
        "type": "Point",
        "coordinates": [
          101.22,
          -47.59
        ]
      },
      "_featureIndex": 485
    },
    {
      "type": "Feature",
      "properties": {
        "Name": "MELWEST-10-143-001",
        "ROCK NAME": "BASALT",
        "SIO2": "51.435",
        "_featureIndex": 486
      },
      "geometry": {
        "type": "Point",
        "coordinates": [
          114.951,
          -49.9508
        ]
      },
      "_featureIndex": 486
    },
    {
      "type": "Feature",
      "properties": {
        "Name": "MELWEST-10-106-026",
        "ROCK NAME": "BASALT",
        "SIO2": "51.432",
        "_featureIndex": 487
      },
      "geometry": {
        "type": "Point",
        "coordinates": [
          103.353,
          -47.878
        ]
      },
      "_featureIndex": 487
    },
    {
      "type": "Feature",
      "properties": {
        "Name": "MELWEST-10-123-001",
        "ROCK NAME": "BASALT",
        "SIO2": "51.432",
        "_featureIndex": 488
      },
      "geometry": {
        "type": "Point",
        "coordinates": [
          108.466,
          -48.8
        ]
      },
      "_featureIndex": 488
    },
    {
      "type": "Feature",
      "properties": {
        "Name": "MELWEST-10-075-015",
        "ROCK NAME": "BASALT",
        "SIO2": "51.431",
        "_featureIndex": 489
      },
      "geometry": {
        "type": "Point",
        "coordinates": [
          92.662,
          -43.575
        ]
      },
      "_featureIndex": 489
    },
    {
      "type": "Feature",
      "properties": {
        "Name": "MELWEST-10-124-008",
        "ROCK NAME": "BASALT",
        "SIO2": "51.431",
        "_featureIndex": 490
      },
      "geometry": {
        "type": "Point",
        "coordinates": [
          108.513,
          -49.025
        ]
      },
      "_featureIndex": 490
    },
    {
      "type": "Feature",
      "properties": {
        "Name": "MELWEST-10-135-015",
        "ROCK NAME": "BASALT",
        "SIO2": "51.431",
        "_featureIndex": 491
      },
      "geometry": {
        "type": "Point",
        "coordinates": [
          112.593,
          -50.307
        ]
      },
      "_featureIndex": 491
    },
    {
      "type": "Feature",
      "properties": {
        "Name": "MELWEST-10-124-013",
        "ROCK NAME": "BASALT",
        "SIO2": "51.43",
        "_featureIndex": 492
      },
      "geometry": {
        "type": "Point",
        "coordinates": [
          108.513,
          -49.025
        ]
      },
      "_featureIndex": 492
    },
    {
      "type": "Feature",
      "properties": {
        "Name": "MELWEST-10-107-006",
        "ROCK NAME": "BASALT",
        "SIO2": "51.428",
        "_featureIndex": 493
      },
      "geometry": {
        "type": "Point",
        "coordinates": [
          103.352,
          -47.851
        ]
      },
      "_featureIndex": 493
    },
    {
      "type": "Feature",
      "properties": {
        "Name": "MELWEST-10-147-007",
        "ROCK NAME": "BASALT",
        "SIO2": "51.426",
        "_featureIndex": 494
      },
      "geometry": {
        "type": "Point",
        "coordinates": [
          117.52,
          -49.7
        ]
      },
      "_featureIndex": 494
    },
    {
      "type": "Feature",
      "properties": {
        "Name": "MELWEST-10-105-005",
        "ROCK NAME": "BASALT",
        "SIO2": "51.424",
        "_featureIndex": 495
      },
      "geometry": {
        "type": "Point",
        "coordinates": [
          103.04,
          -47.77
        ]
      },
      "_featureIndex": 495
    },
    {
      "type": "Feature",
      "properties": {
        "Name": "MELWEST-10-102-022",
        "ROCK NAME": "BASALT",
        "SIO2": "51.423",
        "_featureIndex": 496
      },
      "geometry": {
        "type": "Point",
        "coordinates": [
          102.14,
          -47.88
        ]
      },
      "_featureIndex": 496
    },
    {
      "type": "Feature",
      "properties": {
        "Name": "MELWEST-10-110-019",
        "ROCK NAME": "BASALT",
        "SIO2": "51.423",
        "_featureIndex": 497
      },
      "geometry": {
        "type": "Point",
        "coordinates": [
          103.93,
          -48.103
        ]
      },
      "_featureIndex": 497
    },
    {
      "type": "Feature",
      "properties": {
        "Name": "MELWEST-10-141-018",
        "ROCK NAME": "BASALT",
        "SIO2": "51.423",
        "_featureIndex": 498
      },
      "geometry": {
        "type": "Point",
        "coordinates": [
          113.615,
          -50.347
        ]
      },
      "_featureIndex": 498
    },
    {
      "type": "Feature",
      "properties": {
        "Name": "MELWEST-10-130-006",
        "ROCK NAME": "BASALT",
        "SIO2": "51.422",
        "_featureIndex": 499
      },
      "geometry": {
        "type": "Point",
        "coordinates": [
          111.133,
          -49.775
        ]
      },
      "_featureIndex": 499
    },
    {
      "type": "Feature",
      "properties": {
        "Name": "MELWEST-10-130-002",
        "ROCK NAME": "BASALT",
        "SIO2": "51.421",
        "_featureIndex": 500
      },
      "geometry": {
        "type": "Point",
        "coordinates": [
          111.133,
          -49.775
        ]
      },
      "_featureIndex": 500
    },
    {
      "type": "Feature",
      "properties": {
        "Name": "MELWEST-10-089-041",
        "ROCK NAME": "BASALT",
        "SIO2": "51.42",
        "_featureIndex": 501
      },
      "geometry": {
        "type": "Point",
        "coordinates": [
          97.512,
          -47.445
        ]
      },
      "_featureIndex": 501
    },
    {
      "type": "Feature",
      "properties": {
        "Name": "MELWEST-10-089-049",
        "ROCK NAME": "BASALT",
        "SIO2": "51.418",
        "_featureIndex": 502
      },
      "geometry": {
        "type": "Point",
        "coordinates": [
          97.512,
          -47.445
        ]
      },
      "_featureIndex": 502
    },
    {
      "type": "Feature",
      "properties": {
        "Name": "MELWEST-10-119-016",
        "ROCK NAME": "BASALT",
        "SIO2": "51.417",
        "_featureIndex": 503
      },
      "geometry": {
        "type": "Point",
        "coordinates": [
          107.504,
          -48.3487
        ]
      },
      "_featureIndex": 503
    },
    {
      "type": "Feature",
      "properties": {
        "Name": "MELWEST-10-141-008",
        "ROCK NAME": "BASALT",
        "SIO2": "51.415",
        "_featureIndex": 504
      },
      "geometry": {
        "type": "Point",
        "coordinates": [
          113.615,
          -50.347
        ]
      },
      "_featureIndex": 504
    },
    {
      "type": "Feature",
      "properties": {
        "Name": "MELWEST-10-089-040",
        "ROCK NAME": "BASALT",
        "SIO2": "51.414",
        "_featureIndex": 505
      },
      "geometry": {
        "type": "Point",
        "coordinates": [
          97.512,
          -47.445
        ]
      },
      "_featureIndex": 505
    },
    {
      "type": "Feature",
      "properties": {
        "Name": "VEM0033-1-006",
        "ROCK NAME": "BASALT",
        "SIO2": "51.41",
        "_featureIndex": 506
      },
      "geometry": {
        "type": "Point",
        "coordinates": [
          130.417,
          -50.3
        ]
      },
      "_featureIndex": 506
    },
    {
      "type": "Feature",
      "properties": {
        "Name": "MELWEST-10-085-025",
        "ROCK NAME": "BASALT",
        "SIO2": "51.408",
        "_featureIndex": 507
      },
      "geometry": {
        "type": "Point",
        "coordinates": [
          96.117,
          -45.2035
        ]
      },
      "_featureIndex": 507
    },
    {
      "type": "Feature",
      "properties": {
        "Name": "MELWEST-10-132-022",
        "ROCK NAME": "BASALT",
        "SIO2": "51.408",
        "_featureIndex": 508
      },
      "geometry": {
        "type": "Point",
        "coordinates": [
          111.78,
          -50.21
        ]
      },
      "_featureIndex": 508
    },
    {
      "type": "Feature",
      "properties": {
        "Name": "MELWEST-10-145-010",
        "ROCK NAME": "BASALT",
        "SIO2": "51.408",
        "_featureIndex": 509
      },
      "geometry": {
        "type": "Point",
        "coordinates": [
          116.717,
          -49.273
        ]
      },
      "_featureIndex": 509
    },
    {
      "type": "Feature",
      "properties": {
        "Name": "MELWEST-10-082-030",
        "ROCK NAME": "BASALT",
        "SIO2": "51.407",
        "_featureIndex": 510
      },
      "geometry": {
        "type": "Point",
        "coordinates": [
          95.585,
          -45.185
        ]
      },
      "_featureIndex": 510
    },
    {
      "type": "Feature",
      "properties": {
        "Name": "MELWEST-10-100-009",
        "ROCK NAME": "BASALT",
        "SIO2": "51.405",
        "_featureIndex": 511
      },
      "geometry": {
        "type": "Point",
        "coordinates": [
          101.53,
          -47.63
        ]
      },
      "_featureIndex": 511
    },
    {
      "type": "Feature",
      "properties": {
        "Name": "MELWEST-10-124-001",
        "ROCK NAME": "BASALT",
        "SIO2": "51.404",
        "LA": "1.98",
        "_featureIndex": 512
      },
      "geometry": {
        "type": "Point",
        "coordinates": [
          108.513,
          -49.025
        ]
      },
      "_featureIndex": 512
    },
    {
      "type": "Feature",
      "properties": {
        "Name": "MELWEST-10-075-007",
        "ROCK NAME": "BASALT",
        "SIO2": "51.404",
        "_featureIndex": 513
      },
      "geometry": {
        "type": "Point",
        "coordinates": [
          92.662,
          -43.575
        ]
      },
      "_featureIndex": 513
    },
    {
      "type": "Feature",
      "properties": {
        "Name": "MELWEST-10-082-071",
        "ROCK NAME": "BASALT",
        "SIO2": "51.404",
        "_featureIndex": 514
      },
      "geometry": {
        "type": "Point",
        "coordinates": [
          95.585,
          -45.185
        ]
      },
      "_featureIndex": 514
    },
    {
      "type": "Feature",
      "properties": {
        "Name": "MELWEST-10-089-082",
        "ROCK NAME": "BASALT",
        "SIO2": "51.403",
        "_featureIndex": 515
      },
      "geometry": {
        "type": "Point",
        "coordinates": [
          97.512,
          -47.445
        ]
      },
      "_featureIndex": 515
    },
    {
      "type": "Feature",
      "properties": {
        "Name": "MELWEST-10-085-024",
        "ROCK NAME": "BASALT",
        "SIO2": "51.402",
        "_featureIndex": 516
      },
      "geometry": {
        "type": "Point",
        "coordinates": [
          96.117,
          -45.2035
        ]
      },
      "_featureIndex": 516
    },
    {
      "type": "Feature",
      "properties": {
        "Name": "MELWEST-10-136-005",
        "ROCK NAME": "BASALT",
        "SIO2": "51.398",
        "_featureIndex": 517
      },
      "geometry": {
        "type": "Point",
        "coordinates": [
          112.69,
          -50.32
        ]
      },
      "_featureIndex": 517
    },
    {
      "type": "Feature",
      "properties": {
        "Name": "MELWEST-10-128-011",
        "ROCK NAME": "BASALT",
        "SIO2": "51.397",
        "_featureIndex": 518
      },
      "geometry": {
        "type": "Point",
        "coordinates": [
          110.412,
          -49.828
        ]
      },
      "_featureIndex": 518
    },
    {
      "type": "Feature",
      "properties": {
        "Name": "MELWEST-10-111-012",
        "ROCK NAME": "BASALT",
        "SIO2": "51.396",
        "_featureIndex": 519
      },
      "geometry": {
        "type": "Point",
        "coordinates": [
          104.662,
          -48.212
        ]
      },
      "_featureIndex": 519
    },
    {
      "type": "Feature",
      "properties": {
        "Name": "MELWEST-10-118-005",
        "ROCK NAME": "BASALT",
        "SIO2": "51.396",
        "_featureIndex": 520
      },
      "geometry": {
        "type": "Point",
        "coordinates": [
          107.527,
          -48.428
        ]
      },
      "_featureIndex": 520
    },
    {
      "type": "Feature",
      "properties": {
        "Name": "MELWEST-10-127-005",
        "ROCK NAME": "BASALT",
        "SIO2": "51.396",
        "_featureIndex": 521
      },
      "geometry": {
        "type": "Point",
        "coordinates": [
          109.884,
          -49.6593
        ]
      },
      "_featureIndex": 521
    },
    {
      "type": "Feature",
      "properties": {
        "Name": "MELWEST-10-141-017",
        "ROCK NAME": "BASALT",
        "SIO2": "51.396",
        "_featureIndex": 522
      },
      "geometry": {
        "type": "Point",
        "coordinates": [
          113.615,
          -50.347
        ]
      },
      "_featureIndex": 522
    },
    {
      "type": "Feature",
      "properties": {
        "Name": "MELWEST-10-072-001",
        "ROCK NAME": "BASALT",
        "SIO2": "51.391",
        "_featureIndex": 523
      },
      "geometry": {
        "type": "Point",
        "coordinates": [
          91.283,
          -43.417
        ]
      },
      "_featureIndex": 523
    },
    {
      "type": "Feature",
      "properties": {
        "Name": "MELWEST-10-132-023",
        "ROCK NAME": "BASALT",
        "SIO2": "51.391",
        "_featureIndex": 524
      },
      "geometry": {
        "type": "Point",
        "coordinates": [
          111.78,
          -50.21
        ]
      },
      "_featureIndex": 524
    },
    {
      "type": "Feature",
      "properties": {
        "Name": "MELWEST-10-111-006",
        "ROCK NAME": "BASALT",
        "SIO2": "51.39",
        "_featureIndex": 525
      },
      "geometry": {
        "type": "Point",
        "coordinates": [
          104.662,
          -48.212
        ]
      },
      "_featureIndex": 525
    },
    {
      "type": "Feature",
      "properties": {
        "Name": "MELWEST-10-103-003",
        "ROCK NAME": "BASALT",
        "SIO2": "51.389",
        "_featureIndex": 526
      },
      "geometry": {
        "type": "Point",
        "coordinates": [
          102.54,
          -48.019
        ]
      },
      "_featureIndex": 526
    },
    {
      "type": "Feature",
      "properties": {
        "Name": "MELWEST-10-071-023",
        "ROCK NAME": "BASALT",
        "SIO2": "51.384",
        "_featureIndex": 527
      },
      "geometry": {
        "type": "Point",
        "coordinates": [
          90.795,
          -42.886
        ]
      },
      "_featureIndex": 527
    },
    {
      "type": "Feature",
      "properties": {
        "Name": "MELWEST-10-110-023",
        "ROCK NAME": "BASALT",
        "SIO2": "51.384",
        "_featureIndex": 528
      },
      "geometry": {
        "type": "Point",
        "coordinates": [
          103.93,
          -48.103
        ]
      },
      "_featureIndex": 528
    },
    {
      "type": "Feature",
      "properties": {
        "Name": "MELWEST-10-123-011",
        "ROCK NAME": "BASALT",
        "SIO2": "51.38",
        "_featureIndex": 529
      },
      "geometry": {
        "type": "Point",
        "coordinates": [
          108.466,
          -48.8
        ]
      },
      "_featureIndex": 529
    },
    {
      "type": "Feature",
      "properties": {
        "Name": "VEM0033-2-010-009",
        "ROCK NAME": "BASALT",
        "SIO2": "51.38",
        "_featureIndex": 530
      },
      "geometry": {
        "type": "Point",
        "coordinates": [
          115.375,
          -49.917
        ]
      },
      "_featureIndex": 530
    },
    {
      "type": "Feature",
      "properties": {
        "Name": "MELWEST-10-100-011",
        "ROCK NAME": "BASALT",
        "SIO2": "51.377",
        "_featureIndex": 531
      },
      "geometry": {
        "type": "Point",
        "coordinates": [
          101.53,
          -47.63
        ]
      },
      "_featureIndex": 531
    },
    {
      "type": "Feature",
      "properties": {
        "Name": "MELWEST-10-102-017",
        "ROCK NAME": "BASALT",
        "SIO2": "51.377",
        "_featureIndex": 532
      },
      "geometry": {
        "type": "Point",
        "coordinates": [
          102.14,
          -47.88
        ]
      },
      "_featureIndex": 532
    },
    {
      "type": "Feature",
      "properties": {
        "Name": "MELWEST-10-R040-002",
        "ROCK NAME": "BASALT",
        "SIO2": "51.374",
        "_featureIndex": 533
      },
      "geometry": {
        "type": "Point",
        "coordinates": [
          88.6898,
          -41.6883
        ]
      },
      "_featureIndex": 533
    },
    {
      "type": "Feature",
      "properties": {
        "Name": "MELWEST-10-072-004",
        "ROCK NAME": "BASALT",
        "SIO2": "51.373",
        "_featureIndex": 534
      },
      "geometry": {
        "type": "Point",
        "coordinates": [
          91.283,
          -43.417
        ]
      },
      "_featureIndex": 534
    },
    {
      "type": "Feature",
      "properties": {
        "Name": "MELWEST-10-135-014",
        "ROCK NAME": "BASALT",
        "SIO2": "51.373",
        "_featureIndex": 535
      },
      "geometry": {
        "type": "Point",
        "coordinates": [
          112.593,
          -50.307
        ]
      },
      "_featureIndex": 535
    },
    {
      "type": "Feature",
      "properties": {
        "Name": "MELWEST-10-132-020",
        "ROCK NAME": "BASALT",
        "SIO2": "51.372",
        "_featureIndex": 536
      },
      "geometry": {
        "type": "Point",
        "coordinates": [
          111.78,
          -50.21
        ]
      },
      "_featureIndex": 536
    },
    {
      "type": "Feature",
      "properties": {
        "Name": "MELWEST-10-100-008",
        "ROCK NAME": "BASALT",
        "SIO2": "51.371",
        "_featureIndex": 537
      },
      "geometry": {
        "type": "Point",
        "coordinates": [
          101.53,
          -47.63
        ]
      },
      "_featureIndex": 537
    },
    {
      "type": "Feature",
      "properties": {
        "Name": "MELWEST-10-117-008",
        "ROCK NAME": "BASALT",
        "SIO2": "51.371",
        "_featureIndex": 538
      },
      "geometry": {
        "type": "Point",
        "coordinates": [
          107.145,
          -48.348
        ]
      },
      "_featureIndex": 538
    },
    {
      "type": "Feature",
      "properties": {
        "Name": "MELWEST-10-075-008",
        "ROCK NAME": "BASALT",
        "SIO2": "51.366",
        "_featureIndex": 539
      },
      "geometry": {
        "type": "Point",
        "coordinates": [
          92.662,
          -43.575
        ]
      },
      "_featureIndex": 539
    },
    {
      "type": "Feature",
      "properties": {
        "Name": "MELWEST-10-136-006",
        "ROCK NAME": "BASALT",
        "SIO2": "51.366",
        "_featureIndex": 540
      },
      "geometry": {
        "type": "Point",
        "coordinates": [
          112.69,
          -50.32
        ]
      },
      "_featureIndex": 540
    },
    {
      "type": "Feature",
      "properties": {
        "Name": "MELWEST-10-102-010",
        "ROCK NAME": "BASALT",
        "SIO2": "51.365",
        "_featureIndex": 541
      },
      "geometry": {
        "type": "Point",
        "coordinates": [
          102.14,
          -47.88
        ]
      },
      "_featureIndex": 541
    },
    {
      "type": "Feature",
      "properties": {
        "Name": "MELWEST-10-131-011",
        "ROCK NAME": "BASALT",
        "SIO2": "51.363",
        "_featureIndex": 542
      },
      "geometry": {
        "type": "Point",
        "coordinates": [
          111.34,
          -50.0633
        ]
      },
      "_featureIndex": 542
    },
    {
      "type": "Feature",
      "properties": {
        "Name": "MELWEST-10-147-009",
        "ROCK NAME": "BASALT",
        "SIO2": "51.363",
        "_featureIndex": 543
      },
      "geometry": {
        "type": "Point",
        "coordinates": [
          117.52,
          -49.7
        ]
      },
      "_featureIndex": 543
    },
    {
      "type": "Feature",
      "properties": {
        "Name": "MELWEST-10-102-015",
        "ROCK NAME": "BASALT",
        "SIO2": "51.362",
        "_featureIndex": 544
      },
      "geometry": {
        "type": "Point",
        "coordinates": [
          102.14,
          -47.88
        ]
      },
      "_featureIndex": 544
    },
    {
      "type": "Feature",
      "properties": {
        "Name": "MELWEST-10-082-001",
        "ROCK NAME": "BASALT",
        "SIO2": "51.361",
        "_featureIndex": 545
      },
      "geometry": {
        "type": "Point",
        "coordinates": [
          95.585,
          -45.185
        ]
      },
      "_featureIndex": 545
    },
    {
      "type": "Feature",
      "properties": {
        "Name": "MELWEST-10-127-008",
        "ROCK NAME": "BASALT",
        "SIO2": "51.36",
        "_featureIndex": 546
      },
      "geometry": {
        "type": "Point",
        "coordinates": [
          109.884,
          -49.6593
        ]
      },
      "_featureIndex": 546
    },
    {
      "type": "Feature",
      "properties": {
        "Name": "MELWEST-10-135-002",
        "ROCK NAME": "BASALT",
        "SIO2": "51.36",
        "_featureIndex": 547
      },
      "geometry": {
        "type": "Point",
        "coordinates": [
          112.593,
          -50.307
        ]
      },
      "_featureIndex": 547
    },
    {
      "type": "Feature",
      "properties": {
        "Name": "MELWEST-10-074-007",
        "ROCK NAME": "BASALT",
        "SIO2": "51.359",
        "_featureIndex": 548
      },
      "geometry": {
        "type": "Point",
        "coordinates": [
          92.33,
          -43.43
        ]
      },
      "_featureIndex": 548
    },
    {
      "type": "Feature",
      "properties": {
        "Name": "MELWEST-10-134-019",
        "ROCK NAME": "BASALT",
        "SIO2": "51.359",
        "_featureIndex": 549
      },
      "geometry": {
        "type": "Point",
        "coordinates": [
          112.49,
          -50.295
        ]
      },
      "_featureIndex": 549
    },
    {
      "type": "Feature",
      "properties": {
        "Name": "MELWEST-10-115-001",
        "ROCK NAME": "BASALT",
        "SIO2": "51.358",
        "_featureIndex": 550
      },
      "geometry": {
        "type": "Point",
        "coordinates": [
          105.868,
          -49.229
        ]
      },
      "_featureIndex": 550
    },
    {
      "type": "Feature",
      "properties": {
        "Name": "MELWEST-10-142-001",
        "ROCK NAME": "BASALT",
        "SIO2": "51.355",
        "LA": "4.15",
        "_featureIndex": 551
      },
      "geometry": {
        "type": "Point",
        "coordinates": [
          114.48,
          -49.86
        ]
      },
      "_featureIndex": 551
    },
    {
      "type": "Feature",
      "properties": {
        "Name": "MELWEST-10-089-045",
        "ROCK NAME": "BASALT",
        "SIO2": "51.355",
        "_featureIndex": 552
      },
      "geometry": {
        "type": "Point",
        "coordinates": [
          97.512,
          -47.445
        ]
      },
      "_featureIndex": 552
    },
    {
      "type": "Feature",
      "properties": {
        "Name": "MELWEST-10-101-012",
        "ROCK NAME": "BASALT",
        "SIO2": "51.351",
        "_featureIndex": 553
      },
      "geometry": {
        "type": "Point",
        "coordinates": [
          101.856,
          -47.7748
        ]
      },
      "_featureIndex": 553
    },
    {
      "type": "Feature",
      "properties": {
        "Name": "MELWEST-10-071-011",
        "ROCK NAME": "BASALT",
        "SIO2": "51.35",
        "_featureIndex": 554
      },
      "geometry": {
        "type": "Point",
        "coordinates": [
          90.795,
          -42.886
        ]
      },
      "_featureIndex": 554
    },
    {
      "type": "Feature",
      "properties": {
        "Name": "MELWEST-10-108-009",
        "ROCK NAME": "BASALT",
        "SIO2": "51.349",
        "_featureIndex": 555
      },
      "geometry": {
        "type": "Point",
        "coordinates": [
          103.57,
          -47.97
        ]
      },
      "_featureIndex": 555
    },
    {
      "type": "Feature",
      "properties": {
        "Name": "MELWEST-10-124-003",
        "ROCK NAME": "BASALT",
        "SIO2": "51.346",
        "_featureIndex": 556
      },
      "geometry": {
        "type": "Point",
        "coordinates": [
          108.513,
          -49.025
        ]
      },
      "_featureIndex": 556
    },
    {
      "type": "Feature",
      "properties": {
        "Name": "MELWEST-10-098-010",
        "ROCK NAME": "BASALT",
        "SIO2": "51.345",
        "LA": "3.95",
        "_featureIndex": 557
      },
      "geometry": {
        "type": "Point",
        "coordinates": [
          100.961,
          -47.458
        ]
      },
      "_featureIndex": 557
    },
    {
      "type": "Feature",
      "properties": {
        "Name": "MELWEST-10-077-004",
        "ROCK NAME": "BASALT",
        "SIO2": "51.345",
        "_featureIndex": 558
      },
      "geometry": {
        "type": "Point",
        "coordinates": [
          93.773,
          -44.117
        ]
      },
      "_featureIndex": 558
    },
    {
      "type": "Feature",
      "properties": {
        "Name": "MELWEST-10-101-011",
        "ROCK NAME": "BASALT",
        "SIO2": "51.345",
        "_featureIndex": 559
      },
      "geometry": {
        "type": "Point",
        "coordinates": [
          101.856,
          -47.7748
        ]
      },
      "_featureIndex": 559
    },
    {
      "type": "Feature",
      "properties": {
        "Name": "MELWEST-10-131-007",
        "ROCK NAME": "BASALT",
        "SIO2": "51.345",
        "_featureIndex": 560
      },
      "geometry": {
        "type": "Point",
        "coordinates": [
          111.34,
          -50.0633
        ]
      },
      "_featureIndex": 560
    },
    {
      "type": "Feature",
      "properties": {
        "Name": "MELWEST-10-131-008",
        "ROCK NAME": "BASALT",
        "SIO2": "51.344",
        "_featureIndex": 561
      },
      "geometry": {
        "type": "Point",
        "coordinates": [
          111.34,
          -50.0633
        ]
      },
      "_featureIndex": 561
    },
    {
      "type": "Feature",
      "properties": {
        "Name": "MOA8801-023-001",
        "ROCK NAME": "BASALT",
        "SIO2": "51.34",
        "LA": "2.06",
        "_featureIndex": 562
      },
      "geometry": {
        "type": "Point",
        "coordinates": [
          125.658,
          -49.613
        ]
      },
      "_featureIndex": 562
    },
    {
      "type": "Feature",
      "properties": {
        "Name": "MELWEST-10-101-009",
        "ROCK NAME": "BASALT",
        "SIO2": "51.338",
        "_featureIndex": 563
      },
      "geometry": {
        "type": "Point",
        "coordinates": [
          101.856,
          -47.7748
        ]
      },
      "_featureIndex": 563
    },
    {
      "type": "Feature",
      "properties": {
        "Name": "MELWEST-10-107-005",
        "ROCK NAME": "BASALT",
        "SIO2": "51.336",
        "_featureIndex": 564
      },
      "geometry": {
        "type": "Point",
        "coordinates": [
          103.352,
          -47.851
        ]
      },
      "_featureIndex": 564
    },
    {
      "type": "Feature",
      "properties": {
        "Name": "MELWEST-10-R055",
        "ROCK NAME": "BASALT",
        "SIO2": "51.336",
        "_featureIndex": 565
      },
      "geometry": {
        "type": "Point",
        "coordinates": [
          104.171,
          -48.1697
        ]
      },
      "_featureIndex": 565
    },
    {
      "type": "Feature",
      "properties": {
        "Name": "MELWEST-10-136-007",
        "ROCK NAME": "BASALT",
        "SIO2": "51.336",
        "_featureIndex": 566
      },
      "geometry": {
        "type": "Point",
        "coordinates": [
          112.69,
          -50.32
        ]
      },
      "_featureIndex": 566
    },
    {
      "type": "Feature",
      "properties": {
        "Name": "MELWEST-10-124-012",
        "ROCK NAME": "BASALT",
        "SIO2": "51.334",
        "_featureIndex": 567
      },
      "geometry": {
        "type": "Point",
        "coordinates": [
          108.513,
          -49.025
        ]
      },
      "_featureIndex": 567
    },
    {
      "type": "Feature",
      "properties": {
        "Name": "MELWEST-10-113-006",
        "ROCK NAME": "BASALT",
        "SIO2": "51.333",
        "_featureIndex": 568
      },
      "geometry": {
        "type": "Point",
        "coordinates": [
          105.224,
          -48.752
        ]
      },
      "_featureIndex": 568
    },
    {
      "type": "Feature",
      "properties": {
        "Name": "MELWEST-10-092-016",
        "ROCK NAME": "BASALT",
        "SIO2": "51.332",
        "_featureIndex": 569
      },
      "geometry": {
        "type": "Point",
        "coordinates": [
          98.943,
          -48.101
        ]
      },
      "_featureIndex": 569
    },
    {
      "type": "Feature",
      "properties": {
        "Name": "MELWEST-10-140-011",
        "ROCK NAME": "BASALT",
        "SIO2": "51.33",
        "_featureIndex": 570
      },
      "geometry": {
        "type": "Point",
        "coordinates": [
          113.453,
          -50.3
        ]
      },
      "_featureIndex": 570
    },
    {
      "type": "Feature",
      "properties": {
        "Name": "MELWEST-10-110-025",
        "ROCK NAME": "BASALT",
        "SIO2": "51.328",
        "_featureIndex": 571
      },
      "geometry": {
        "type": "Point",
        "coordinates": [
          103.93,
          -48.103
        ]
      },
      "_featureIndex": 571
    },
    {
      "type": "Feature",
      "properties": {
        "Name": "MELWEST-10-111-001",
        "ROCK NAME": "BASALT",
        "SIO2": "51.327",
        "_featureIndex": 572
      },
      "geometry": {
        "type": "Point",
        "coordinates": [
          104.662,
          -48.212
        ]
      },
      "_featureIndex": 572
    },
    {
      "type": "Feature",
      "properties": {
        "Name": "MELWEST-10-120-003",
        "ROCK NAME": "BASALT",
        "SIO2": "51.325",
        "_featureIndex": 573
      },
      "geometry": {
        "type": "Point",
        "coordinates": [
          107.813,
          -48.5498
        ]
      },
      "_featureIndex": 573
    },
    {
      "type": "Feature",
      "properties": {
        "Name": "MELWEST-10-131-004",
        "ROCK NAME": "BASALT",
        "SIO2": "51.325",
        "_featureIndex": 574
      },
      "geometry": {
        "type": "Point",
        "coordinates": [
          111.34,
          -50.0633
        ]
      },
      "_featureIndex": 574
    },
    {
      "type": "Feature",
      "properties": {
        "Name": "MELWEST-10-106-014",
        "ROCK NAME": "BASALT",
        "SIO2": "51.323",
        "_featureIndex": 575
      },
      "geometry": {
        "type": "Point",
        "coordinates": [
          103.353,
          -47.878
        ]
      },
      "_featureIndex": 575
    },
    {
      "type": "Feature",
      "properties": {
        "Name": "MELWEST-10-082-113",
        "ROCK NAME": "BASALT",
        "SIO2": "51.322",
        "_featureIndex": 576
      },
      "geometry": {
        "type": "Point",
        "coordinates": [
          95.585,
          -45.185
        ]
      },
      "_featureIndex": 576
    },
    {
      "type": "Feature",
      "properties": {
        "Name": "MELWEST-10-136-039",
        "ROCK NAME": "BASALT",
        "SIO2": "51.322",
        "_featureIndex": 577
      },
      "geometry": {
        "type": "Point",
        "coordinates": [
          112.69,
          -50.32
        ]
      },
      "_featureIndex": 577
    },
    {
      "type": "Feature",
      "properties": {
        "Name": "MELWEST-10-100-015",
        "ROCK NAME": "BASALT",
        "SIO2": "51.321",
        "_featureIndex": 578
      },
      "geometry": {
        "type": "Point",
        "coordinates": [
          101.53,
          -47.63
        ]
      },
      "_featureIndex": 578
    },
    {
      "type": "Feature",
      "properties": {
        "Name": "MELWEST-10-089-035",
        "ROCK NAME": "BASALT",
        "SIO2": "51.32",
        "_featureIndex": 579
      },
      "geometry": {
        "type": "Point",
        "coordinates": [
          97.512,
          -47.445
        ]
      },
      "_featureIndex": 579
    },
    {
      "type": "Feature",
      "properties": {
        "Name": "MELWEST-10-103-002",
        "ROCK NAME": "BASALT",
        "SIO2": "51.319",
        "_featureIndex": 580
      },
      "geometry": {
        "type": "Point",
        "coordinates": [
          102.54,
          -48.019
        ]
      },
      "_featureIndex": 580
    },
    {
      "type": "Feature",
      "properties": {
        "Name": "MELWEST-10-136-009",
        "ROCK NAME": "BASALT",
        "SIO2": "51.319",
        "_featureIndex": 581
      },
      "geometry": {
        "type": "Point",
        "coordinates": [
          112.69,
          -50.32
        ]
      },
      "_featureIndex": 581
    },
    {
      "type": "Feature",
      "properties": {
        "Name": "MELWEST-10-142-002",
        "ROCK NAME": "BASALT",
        "SIO2": "51.319",
        "_featureIndex": 582
      },
      "geometry": {
        "type": "Point",
        "coordinates": [
          114.48,
          -49.86
        ]
      },
      "_featureIndex": 582
    },
    {
      "type": "Feature",
      "properties": {
        "Name": "MELWEST-10-106-013",
        "ROCK NAME": "BASALT",
        "SIO2": "51.318",
        "_featureIndex": 583
      },
      "geometry": {
        "type": "Point",
        "coordinates": [
          103.353,
          -47.878
        ]
      },
      "_featureIndex": 583
    },
    {
      "type": "Feature",
      "properties": {
        "Name": "MELWEST-10-127-009",
        "ROCK NAME": "BASALT",
        "SIO2": "51.318",
        "_featureIndex": 584
      },
      "geometry": {
        "type": "Point",
        "coordinates": [
          109.884,
          -49.6593
        ]
      },
      "_featureIndex": 584
    },
    {
      "type": "Feature",
      "properties": {
        "Name": "MELWEST-10-120-004",
        "ROCK NAME": "BASALT",
        "SIO2": "51.316",
        "_featureIndex": 585
      },
      "geometry": {
        "type": "Point",
        "coordinates": [
          107.813,
          -48.5498
        ]
      },
      "_featureIndex": 585
    },
    {
      "type": "Feature",
      "properties": {
        "Name": "MELWEST-10-110-011",
        "ROCK NAME": "BASALT",
        "SIO2": "51.315",
        "_featureIndex": 586
      },
      "geometry": {
        "type": "Point",
        "coordinates": [
          103.93,
          -48.103
        ]
      },
      "_featureIndex": 586
    },
    {
      "type": "Feature",
      "properties": {
        "Name": "MELWEST-10-113-010",
        "ROCK NAME": "BASALT",
        "SIO2": "51.315",
        "_featureIndex": 587
      },
      "geometry": {
        "type": "Point",
        "coordinates": [
          105.224,
          -48.752
        ]
      },
      "_featureIndex": 587
    },
    {
      "type": "Feature",
      "properties": {
        "Name": "MELWEST-10-116-001",
        "ROCK NAME": "BASALT",
        "SIO2": "51.313",
        "_featureIndex": 588
      },
      "geometry": {
        "type": "Point",
        "coordinates": [
          106.494,
          -48.873
        ]
      },
      "_featureIndex": 588
    },
    {
      "type": "Feature",
      "properties": {
        "Name": "MELWEST-10-R053",
        "ROCK NAME": "BASALT",
        "SIO2": "51.311",
        "_featureIndex": 589
      },
      "geometry": {
        "type": "Point",
        "coordinates": [
          98.9667,
          -48.1
        ]
      },
      "_featureIndex": 589
    },
    {
      "type": "Feature",
      "properties": {
        "Name": "MELWEST-10-101-006",
        "ROCK NAME": "BASALT",
        "SIO2": "51.31",
        "_featureIndex": 590
      },
      "geometry": {
        "type": "Point",
        "coordinates": [
          101.856,
          -47.7748
        ]
      },
      "_featureIndex": 590
    },
    {
      "type": "Feature",
      "properties": {
        "Name": "MELWEST-10-100-020",
        "ROCK NAME": "BASALT",
        "SIO2": "51.308",
        "_featureIndex": 591
      },
      "geometry": {
        "type": "Point",
        "coordinates": [
          101.53,
          -47.63
        ]
      },
      "_featureIndex": 591
    },
    {
      "type": "Feature",
      "properties": {
        "Name": "MELWEST-10-131-006",
        "ROCK NAME": "BASALT",
        "SIO2": "51.307",
        "_featureIndex": 592
      },
      "geometry": {
        "type": "Point",
        "coordinates": [
          111.34,
          -50.0633
        ]
      },
      "_featureIndex": 592
    },
    {
      "type": "Feature",
      "properties": {
        "Name": "MELWEST-10-136-008",
        "ROCK NAME": "BASALT",
        "SIO2": "51.306",
        "_featureIndex": 593
      },
      "geometry": {
        "type": "Point",
        "coordinates": [
          112.69,
          -50.32
        ]
      },
      "_featureIndex": 593
    },
    {
      "type": "Feature",
      "properties": {
        "Name": "MELWEST-10-100-019",
        "ROCK NAME": "BASALT",
        "SIO2": "51.305",
        "_featureIndex": 594
      },
      "geometry": {
        "type": "Point",
        "coordinates": [
          101.53,
          -47.63
        ]
      },
      "_featureIndex": 594
    },
    {
      "type": "Feature",
      "properties": {
        "Name": "MELWEST-10-072-002",
        "ROCK NAME": "BASALT",
        "SIO2": "51.304",
        "_featureIndex": 595
      },
      "geometry": {
        "type": "Point",
        "coordinates": [
          91.283,
          -43.417
        ]
      },
      "_featureIndex": 595
    },
    {
      "type": "Feature",
      "properties": {
        "Name": "MELWEST-10-143-005",
        "ROCK NAME": "BASALT",
        "SIO2": "51.304",
        "_featureIndex": 596
      },
      "geometry": {
        "type": "Point",
        "coordinates": [
          114.951,
          -49.9508
        ]
      },
      "_featureIndex": 596
    },
    {
      "type": "Feature",
      "properties": {
        "Name": "MELWEST-10-100-027",
        "ROCK NAME": "BASALT",
        "SIO2": "51.303",
        "_featureIndex": 597
      },
      "geometry": {
        "type": "Point",
        "coordinates": [
          101.53,
          -47.63
        ]
      },
      "_featureIndex": 597
    },
    {
      "type": "Feature",
      "properties": {
        "Name": "MELWEST-10-106-007",
        "ROCK NAME": "BASALT",
        "SIO2": "51.303",
        "_featureIndex": 598
      },
      "geometry": {
        "type": "Point",
        "coordinates": [
          103.353,
          -47.878
        ]
      },
      "_featureIndex": 598
    },
    {
      "type": "Feature",
      "properties": {
        "Name": "MELWEST-10-113-003",
        "ROCK NAME": "BASALT",
        "SIO2": "51.303",
        "_featureIndex": 599
      },
      "geometry": {
        "type": "Point",
        "coordinates": [
          105.224,
          -48.752
        ]
      },
      "_featureIndex": 599
    },
    {
      "type": "Feature",
      "properties": {
        "Name": "MELWEST-10-074-006",
        "ROCK NAME": "BASALT",
        "SIO2": "51.302",
        "_featureIndex": 600
      },
      "geometry": {
        "type": "Point",
        "coordinates": [
          92.33,
          -43.43
        ]
      },
      "_featureIndex": 600
    },
    {
      "type": "Feature",
      "properties": {
        "Name": "MELWEST-10-127-003",
        "ROCK NAME": "BASALT",
        "SIO2": "51.302",
        "_featureIndex": 601
      },
      "geometry": {
        "type": "Point",
        "coordinates": [
          109.884,
          -49.6593
        ]
      },
      "_featureIndex": 601
    },
    {
      "type": "Feature",
      "properties": {
        "Name": "MELBMRG-5-BB5-004B",
        "ROCK NAME": "BASALT",
        "SIO2": "51.3",
        "LA": "2.2",
        "_featureIndex": 602
      },
      "geometry": {
        "type": "Point",
        "coordinates": [
          127.6,
          -47.49
        ]
      },
      "_featureIndex": 602
    },
    {
      "type": "Feature",
      "properties": {
        "Name": "MELWEST-10-135-006",
        "ROCK NAME": "BASALT",
        "SIO2": "51.3",
        "_featureIndex": 603
      },
      "geometry": {
        "type": "Point",
        "coordinates": [
          112.593,
          -50.307
        ]
      },
      "_featureIndex": 603
    },
    {
      "type": "Feature",
      "properties": {
        "Name": "MELWEST-10-111-015",
        "ROCK NAME": "BASALT",
        "SIO2": "51.298",
        "_featureIndex": 604
      },
      "geometry": {
        "type": "Point",
        "coordinates": [
          104.662,
          -48.212
        ]
      },
      "_featureIndex": 604
    },
    {
      "type": "Feature",
      "properties": {
        "Name": "MELWEST-10-084-014",
        "ROCK NAME": "BASALT",
        "SIO2": "51.296",
        "_featureIndex": 605
      },
      "geometry": {
        "type": "Point",
        "coordinates": [
          95.932,
          -45.111
        ]
      },
      "_featureIndex": 605
    },
    {
      "type": "Feature",
      "properties": {
        "Name": "MELWEST-10-085-022",
        "ROCK NAME": "BASALT",
        "SIO2": "51.295",
        "_featureIndex": 606
      },
      "geometry": {
        "type": "Point",
        "coordinates": [
          96.117,
          -45.2035
        ]
      },
      "_featureIndex": 606
    },
    {
      "type": "Feature",
      "properties": {
        "Name": "MELWEST-10-102-014",
        "ROCK NAME": "BASALT",
        "SIO2": "51.293",
        "_featureIndex": 607
      },
      "geometry": {
        "type": "Point",
        "coordinates": [
          102.14,
          -47.88
        ]
      },
      "_featureIndex": 607
    },
    {
      "type": "Feature",
      "properties": {
        "Name": "MELWEST-10-127-002",
        "ROCK NAME": "BASALT",
        "SIO2": "51.292",
        "_featureIndex": 608
      },
      "geometry": {
        "type": "Point",
        "coordinates": [
          109.884,
          -49.6593
        ]
      },
      "_featureIndex": 608
    },
    {
      "type": "Feature",
      "properties": {
        "Name": "MELWEST-10-115-002",
        "ROCK NAME": "BASALT",
        "SIO2": "51.29",
        "_featureIndex": 609
      },
      "geometry": {
        "type": "Point",
        "coordinates": [
          105.868,
          -49.229
        ]
      },
      "_featureIndex": 609
    },
    {
      "type": "Feature",
      "properties": {
        "Name": "MELWEST-10-075-004",
        "SIO2": "51.288",
        "LA": "3.58",
        "_featureIndex": 610
      },
      "geometry": {
        "type": "Point",
        "coordinates": [
          92.662,
          -43.575
        ]
      },
      "_featureIndex": 610
    },
    {
      "type": "Feature",
      "properties": {
        "Name": "MELWEST-10-111-013",
        "ROCK NAME": "BASALT",
        "SIO2": "51.288",
        "_featureIndex": 611
      },
      "geometry": {
        "type": "Point",
        "coordinates": [
          104.662,
          -48.212
        ]
      },
      "_featureIndex": 611
    },
    {
      "type": "Feature",
      "properties": {
        "Name": "MELWEST-10-095-009c1",
        "ROCK NAME": "BASALT",
        "SIO2": "51.287",
        "_featureIndex": 612
      },
      "geometry": {
        "type": "Point",
        "coordinates": [
          99.4083,
          -47.5457
        ]
      },
      "_featureIndex": 612
    },
    {
      "type": "Feature",
      "properties": {
        "Name": "MELWEST-10-098-001j1",
        "ROCK NAME": "BASALT",
        "SIO2": "51.287",
        "_featureIndex": 613
      },
      "geometry": {
        "type": "Point",
        "coordinates": [
          100.961,
          -47.458
        ]
      },
      "_featureIndex": 613
    },
    {
      "type": "Feature",
      "properties": {
        "Name": "MELWEST-10-095-004",
        "ROCK NAME": "BASALT",
        "SIO2": "51.285",
        "_featureIndex": 614
      },
      "geometry": {
        "type": "Point",
        "coordinates": [
          99.4083,
          -47.5457
        ]
      },
      "_featureIndex": 614
    },
    {
      "type": "Feature",
      "properties": {
        "Name": "MELWEST-10-R046",
        "ROCK NAME": "BASALT",
        "SIO2": "51.282",
        "_featureIndex": 615
      },
      "geometry": {
        "type": "Point",
        "coordinates": [
          95.7722,
          -46.1665
        ]
      },
      "_featureIndex": 615
    },
    {
      "type": "Feature",
      "properties": {
        "Name": "MELWEST-10-110-010",
        "ROCK NAME": "BASALT",
        "SIO2": "51.282",
        "_featureIndex": 616
      },
      "geometry": {
        "type": "Point",
        "coordinates": [
          103.93,
          -48.103
        ]
      },
      "_featureIndex": 616
    },
    {
      "type": "Feature",
      "properties": {
        "Name": "MELWEST-10-124-009",
        "ROCK NAME": "BASALT",
        "SIO2": "51.281",
        "_featureIndex": 617
      },
      "geometry": {
        "type": "Point",
        "coordinates": [
          108.513,
          -49.025
        ]
      },
      "_featureIndex": 617
    },
    {
      "type": "Feature",
      "properties": {
        "Name": "MELWEST-10-110-001",
        "ROCK NAME": "BASALT",
        "SIO2": "51.28",
        "_featureIndex": 618
      },
      "geometry": {
        "type": "Point",
        "coordinates": [
          103.93,
          -48.103
        ]
      },
      "_featureIndex": 618
    },
    {
      "type": "Feature",
      "properties": {
        "Name": "VEM0033-2-010-D",
        "ROCK NAME": "BASALT",
        "SIO2": "51.28",
        "_featureIndex": 619
      },
      "geometry": {
        "type": "Point",
        "coordinates": [
          115.375,
          -49.917
        ]
      },
      "_featureIndex": 619
    },
    {
      "type": "Feature",
      "properties": {
        "Name": "MELWEST-10-116-008",
        "ROCK NAME": "BASALT",
        "SIO2": "51.279",
        "_featureIndex": 620
      },
      "geometry": {
        "type": "Point",
        "coordinates": [
          106.494,
          -48.873
        ]
      },
      "_featureIndex": 620
    },
    {
      "type": "Feature",
      "properties": {
        "Name": "MELWEST-10-127-006",
        "ROCK NAME": "BASALT",
        "SIO2": "51.278",
        "_featureIndex": 621
      },
      "geometry": {
        "type": "Point",
        "coordinates": [
          109.884,
          -49.6593
        ]
      },
      "_featureIndex": 621
    },
    {
      "type": "Feature",
      "properties": {
        "Name": "MELWEST-10-145-009",
        "ROCK NAME": "BASALT",
        "SIO2": "51.278",
        "_featureIndex": 622
      },
      "geometry": {
        "type": "Point",
        "coordinates": [
          116.717,
          -49.273
        ]
      },
      "_featureIndex": 622
    },
    {
      "type": "Feature",
      "properties": {
        "Name": "MELWEST-10-095-008a1",
        "ROCK NAME": "BASALT",
        "SIO2": "51.276",
        "_featureIndex": 623
      },
      "geometry": {
        "type": "Point",
        "coordinates": [
          99.4083,
          -47.5457
        ]
      },
      "_featureIndex": 623
    },
    {
      "type": "Feature",
      "properties": {
        "Name": "MELWEST-10-095-008e1",
        "ROCK NAME": "BASALT",
        "SIO2": "51.276",
        "_featureIndex": 624
      },
      "geometry": {
        "type": "Point",
        "coordinates": [
          99.4083,
          -47.5457
        ]
      },
      "_featureIndex": 624
    },
    {
      "type": "Feature",
      "properties": {
        "Name": "MELWEST-10-124-010",
        "ROCK NAME": "BASALT",
        "SIO2": "51.276",
        "_featureIndex": 625
      },
      "geometry": {
        "type": "Point",
        "coordinates": [
          108.513,
          -49.025
        ]
      },
      "_featureIndex": 625
    },
    {
      "type": "Feature",
      "properties": {
        "Name": "MELWEST-10-R040-001",
        "ROCK NAME": "BASALT",
        "SIO2": "51.274",
        "_featureIndex": 626
      },
      "geometry": {
        "type": "Point",
        "coordinates": [
          88.6898,
          -41.6883
        ]
      },
      "_featureIndex": 626
    },
    {
      "type": "Feature",
      "properties": {
        "Name": "MELWEST-10-071-022",
        "ROCK NAME": "BASALT",
        "SIO2": "51.274",
        "_featureIndex": 627
      },
      "geometry": {
        "type": "Point",
        "coordinates": [
          90.795,
          -42.886
        ]
      },
      "_featureIndex": 627
    },
    {
      "type": "Feature",
      "properties": {
        "Name": "MELWEST-10-102-013",
        "ROCK NAME": "BASALT",
        "SIO2": "51.274",
        "_featureIndex": 628
      },
      "geometry": {
        "type": "Point",
        "coordinates": [
          102.14,
          -47.88
        ]
      },
      "_featureIndex": 628
    },
    {
      "type": "Feature",
      "properties": {
        "Name": "MELWEST-10-071-009",
        "ROCK NAME": "BASALT",
        "SIO2": "51.273",
        "_featureIndex": 629
      },
      "geometry": {
        "type": "Point",
        "coordinates": [
          90.795,
          -42.886
        ]
      },
      "_featureIndex": 629
    },
    {
      "type": "Feature",
      "properties": {
        "Name": "MELWEST-10-099-006",
        "ROCK NAME": "BASALT",
        "SIO2": "51.273",
        "_featureIndex": 630
      },
      "geometry": {
        "type": "Point",
        "coordinates": [
          101.22,
          -47.59
        ]
      },
      "_featureIndex": 630
    },
    {
      "type": "Feature",
      "properties": {
        "Name": "MELWEST-10-089-013",
        "ROCK NAME": "BASALT",
        "SIO2": "51.272",
        "_featureIndex": 631
      },
      "geometry": {
        "type": "Point",
        "coordinates": [
          97.512,
          -47.445
        ]
      },
      "_featureIndex": 631
    },
    {
      "type": "Feature",
      "properties": {
        "Name": "MELWEST-10-135-011",
        "ROCK NAME": "BASALT",
        "SIO2": "51.271",
        "_featureIndex": 632
      },
      "geometry": {
        "type": "Point",
        "coordinates": [
          112.593,
          -50.307
        ]
      },
      "_featureIndex": 632
    },
    {
      "type": "Feature",
      "properties": {
        "Name": "MELWEST-10-136-003",
        "ROCK NAME": "BASALT",
        "SIO2": "51.271",
        "_featureIndex": 633
      },
      "geometry": {
        "type": "Point",
        "coordinates": [
          112.69,
          -50.32
        ]
      },
      "_featureIndex": 633
    },
    {
      "type": "Feature",
      "properties": {
        "Name": "MELWEST-10-141-005",
        "ROCK NAME": "BASALT",
        "SIO2": "51.27",
        "_featureIndex": 634
      },
      "geometry": {
        "type": "Point",
        "coordinates": [
          113.615,
          -50.347
        ]
      },
      "_featureIndex": 634
    },
    {
      "type": "Feature",
      "properties": {
        "Name": "MELWEST-10-101-013",
        "ROCK NAME": "BASALT",
        "SIO2": "51.269",
        "_featureIndex": 635
      },
      "geometry": {
        "type": "Point",
        "coordinates": [
          101.856,
          -47.7748
        ]
      },
      "_featureIndex": 635
    },
    {
      "type": "Feature",
      "properties": {
        "Name": "MELWEST-10-082-106",
        "ROCK NAME": "BASALT",
        "SIO2": "51.268",
        "_featureIndex": 636
      },
      "geometry": {
        "type": "Point",
        "coordinates": [
          95.585,
          -45.185
        ]
      },
      "_featureIndex": 636
    },
    {
      "type": "Feature",
      "properties": {
        "Name": "MELWEST-10-111-003",
        "ROCK NAME": "BASALT",
        "SIO2": "51.268",
        "_featureIndex": 637
      },
      "geometry": {
        "type": "Point",
        "coordinates": [
          104.662,
          -48.212
        ]
      },
      "_featureIndex": 637
    },
    {
      "type": "Feature",
      "properties": {
        "Name": "MELWEST-10-113-009",
        "ROCK NAME": "BASALT",
        "SIO2": "51.268",
        "_featureIndex": 638
      },
      "geometry": {
        "type": "Point",
        "coordinates": [
          105.224,
          -48.752
        ]
      },
      "_featureIndex": 638
    },
    {
      "type": "Feature",
      "properties": {
        "Name": "MELWEST-10-130-008",
        "ROCK NAME": "BASALT",
        "SIO2": "51.266",
        "_featureIndex": 639
      },
      "geometry": {
        "type": "Point",
        "coordinates": [
          111.133,
          -49.775
        ]
      },
      "_featureIndex": 639
    },
    {
      "type": "Feature",
      "properties": {
        "Name": "MELWEST-10-119-017",
        "ROCK NAME": "BASALT",
        "SIO2": "51.264",
        "_featureIndex": 640
      },
      "geometry": {
        "type": "Point",
        "coordinates": [
          107.504,
          -48.3487
        ]
      },
      "_featureIndex": 640
    },
    {
      "type": "Feature",
      "properties": {
        "Name": "MELWEST-10-084-004",
        "ROCK NAME": "BASALT",
        "SIO2": "51.262",
        "_featureIndex": 641
      },
      "geometry": {
        "type": "Point",
        "coordinates": [
          95.932,
          -45.111
        ]
      },
      "_featureIndex": 641
    },
    {
      "type": "Feature",
      "properties": {
        "Name": "MELWEST-10-131-010",
        "ROCK NAME": "BASALT",
        "SIO2": "51.262",
        "_featureIndex": 642
      },
      "geometry": {
        "type": "Point",
        "coordinates": [
          111.34,
          -50.0633
        ]
      },
      "_featureIndex": 642
    },
    {
      "type": "Feature",
      "properties": {
        "Name": "MELWEST-10-130-005",
        "ROCK NAME": "BASALT",
        "SIO2": "51.261",
        "_featureIndex": 643
      },
      "geometry": {
        "type": "Point",
        "coordinates": [
          111.133,
          -49.775
        ]
      },
      "_featureIndex": 643
    },
    {
      "type": "Feature",
      "properties": {
        "Name": "MELWEST-10-131-002",
        "ROCK NAME": "BASALT",
        "SIO2": "51.26",
        "_featureIndex": 644
      },
      "geometry": {
        "type": "Point",
        "coordinates": [
          111.34,
          -50.0633
        ]
      },
      "_featureIndex": 644
    },
    {
      "type": "Feature",
      "properties": {
        "Name": "MELWEST-10-089-022",
        "ROCK NAME": "BASALT",
        "SIO2": "51.259",
        "_featureIndex": 645
      },
      "geometry": {
        "type": "Point",
        "coordinates": [
          97.512,
          -47.445
        ]
      },
      "_featureIndex": 645
    },
    {
      "type": "Feature",
      "properties": {
        "Name": "MELWEST-10-132-027",
        "ROCK NAME": "BASALT",
        "SIO2": "51.257",
        "_featureIndex": 646
      },
      "geometry": {
        "type": "Point",
        "coordinates": [
          111.78,
          -50.21
        ]
      },
      "_featureIndex": 646
    },
    {
      "type": "Feature",
      "properties": {
        "Name": "MELWEST-10-092-014",
        "ROCK NAME": "BASALT",
        "SIO2": "51.254",
        "_featureIndex": 647
      },
      "geometry": {
        "type": "Point",
        "coordinates": [
          98.943,
          -48.101
        ]
      },
      "_featureIndex": 647
    },
    {
      "type": "Feature",
      "properties": {
        "Name": "MELWEST-10-080-001",
        "ROCK NAME": "BASALT",
        "SIO2": "51.253",
        "_featureIndex": 648
      },
      "geometry": {
        "type": "Point",
        "coordinates": [
          95.496,
          -45.1422
        ]
      },
      "_featureIndex": 648
    },
    {
      "type": "Feature",
      "properties": {
        "Name": "MELWEST-10-107-007",
        "ROCK NAME": "BASALT",
        "SIO2": "51.253",
        "_featureIndex": 649
      },
      "geometry": {
        "type": "Point",
        "coordinates": [
          103.352,
          -47.851
        ]
      },
      "_featureIndex": 649
    },
    {
      "type": "Feature",
      "properties": {
        "Name": "MELWEST-10-122-006",
        "ROCK NAME": "BASALT",
        "SIO2": "51.253",
        "_featureIndex": 650
      },
      "geometry": {
        "type": "Point",
        "coordinates": [
          108.2,
          -48.7
        ]
      },
      "_featureIndex": 650
    },
    {
      "type": "Feature",
      "properties": {
        "Name": "MELWEST-10-082-014",
        "ROCK NAME": "BASALT",
        "SIO2": "51.252",
        "_featureIndex": 651
      },
      "geometry": {
        "type": "Point",
        "coordinates": [
          95.585,
          -45.185
        ]
      },
      "_featureIndex": 651
    },
    {
      "type": "Feature",
      "properties": {
        "Name": "MELWEST-10-101-021",
        "ROCK NAME": "BASALT",
        "SIO2": "51.252",
        "_featureIndex": 652
      },
      "geometry": {
        "type": "Point",
        "coordinates": [
          101.856,
          -47.7748
        ]
      },
      "_featureIndex": 652
    },
    {
      "type": "Feature",
      "properties": {
        "Name": "MELWEST-10-100-018",
        "ROCK NAME": "BASALT",
        "SIO2": "51.246",
        "_featureIndex": 653
      },
      "geometry": {
        "type": "Point",
        "coordinates": [
          101.53,
          -47.63
        ]
      },
      "_featureIndex": 653
    },
    {
      "type": "Feature",
      "properties": {
        "Name": "MELWEST-10-132-032",
        "ROCK NAME": "BASALT",
        "SIO2": "51.245",
        "_featureIndex": 654
      },
      "geometry": {
        "type": "Point",
        "coordinates": [
          111.78,
          -50.21
        ]
      },
      "_featureIndex": 654
    },
    {
      "type": "Feature",
      "properties": {
        "Name": "MELWEST-10-136-014",
        "ROCK NAME": "BASALT",
        "SIO2": "51.243",
        "_featureIndex": 655
      },
      "geometry": {
        "type": "Point",
        "coordinates": [
          112.69,
          -50.32
        ]
      },
      "_featureIndex": 655
    },
    {
      "type": "Feature",
      "properties": {
        "Name": "MELWEST-10-085-017",
        "ROCK NAME": "BASALT",
        "SIO2": "51.242",
        "_featureIndex": 656
      },
      "geometry": {
        "type": "Point",
        "coordinates": [
          96.117,
          -45.2035
        ]
      },
      "_featureIndex": 656
    },
    {
      "type": "Feature",
      "properties": {
        "Name": "MELWEST-10-131-003",
        "ROCK NAME": "BASALT",
        "SIO2": "51.242",
        "_featureIndex": 657
      },
      "geometry": {
        "type": "Point",
        "coordinates": [
          111.34,
          -50.0633
        ]
      },
      "_featureIndex": 657
    },
    {
      "type": "Feature",
      "properties": {
        "Name": "MELWEST-10-089-039",
        "ROCK NAME": "BASALT",
        "SIO2": "51.241",
        "_featureIndex": 658
      },
      "geometry": {
        "type": "Point",
        "coordinates": [
          97.512,
          -47.445
        ]
      },
      "_featureIndex": 658
    },
    {
      "type": "Feature",
      "properties": {
        "Name": "MELWEST-10-136-001",
        "ROCK NAME": "BASALT",
        "SIO2": "51.241",
        "_featureIndex": 659
      },
      "geometry": {
        "type": "Point",
        "coordinates": [
          112.69,
          -50.32
        ]
      },
      "_featureIndex": 659
    },
    {
      "type": "Feature",
      "properties": {
        "Name": "MELWEST-10-134-037",
        "ROCK NAME": "BASALT",
        "SIO2": "51.24",
        "_featureIndex": 660
      },
      "geometry": {
        "type": "Point",
        "coordinates": [
          112.49,
          -50.295
        ]
      },
      "_featureIndex": 660
    },
    {
      "type": "Feature",
      "properties": {
        "Name": "MELWEST-10-112-002",
        "ROCK NAME": "BASALT",
        "SIO2": "51.238",
        "_featureIndex": 661
      },
      "geometry": {
        "type": "Point",
        "coordinates": [
          104.97,
          -48.32
        ]
      },
      "_featureIndex": 661
    },
    {
      "type": "Feature",
      "properties": {
        "Name": "MELWEST-10-135-012",
        "ROCK NAME": "BASALT",
        "SIO2": "51.238",
        "_featureIndex": 662
      },
      "geometry": {
        "type": "Point",
        "coordinates": [
          112.593,
          -50.307
        ]
      },
      "_featureIndex": 662
    },
    {
      "type": "Feature",
      "properties": {
        "Name": "MELWEST-10-143-003",
        "ROCK NAME": "BASALT",
        "SIO2": "51.238",
        "_featureIndex": 663
      },
      "geometry": {
        "type": "Point",
        "coordinates": [
          114.951,
          -49.9508
        ]
      },
      "_featureIndex": 663
    },
    {
      "type": "Feature",
      "properties": {
        "Name": "MELWEST-10-100-013",
        "ROCK NAME": "BASALT",
        "SIO2": "51.236",
        "_featureIndex": 664
      },
      "geometry": {
        "type": "Point",
        "coordinates": [
          101.53,
          -47.63
        ]
      },
      "_featureIndex": 664
    },
    {
      "type": "Feature",
      "properties": {
        "Name": "MELWEST-10-084-007",
        "SIO2": "51.234",
        "LA": "3.41",
        "_featureIndex": 665
      },
      "geometry": {
        "type": "Point",
        "coordinates": [
          95.932,
          -45.111
        ]
      },
      "_featureIndex": 665
    },
    {
      "type": "Feature",
      "properties": {
        "Name": "MELWEST-10-118-004",
        "ROCK NAME": "BASALT",
        "SIO2": "51.234",
        "_featureIndex": 666
      },
      "geometry": {
        "type": "Point",
        "coordinates": [
          107.527,
          -48.428
        ]
      },
      "_featureIndex": 666
    },
    {
      "type": "Feature",
      "properties": {
        "Name": "MELWEST-10-131-013c1",
        "ROCK NAME": "BASALT",
        "SIO2": "51.234",
        "_featureIndex": 667
      },
      "geometry": {
        "type": "Point",
        "coordinates": [
          111.34,
          -50.0633
        ]
      },
      "_featureIndex": 667
    },
    {
      "type": "Feature",
      "properties": {
        "Name": "MELWEST-10-082-082",
        "ROCK NAME": "BASALT",
        "SIO2": "51.232",
        "_featureIndex": 668
      },
      "geometry": {
        "type": "Point",
        "coordinates": [
          95.585,
          -45.185
        ]
      },
      "_featureIndex": 668
    },
    {
      "type": "Feature",
      "properties": {
        "Name": "MELWEST-10-089-075",
        "ROCK NAME": "BASALT",
        "SIO2": "51.232",
        "_featureIndex": 669
      },
      "geometry": {
        "type": "Point",
        "coordinates": [
          97.512,
          -47.445
        ]
      },
      "_featureIndex": 669
    },
    {
      "type": "Feature",
      "properties": {
        "Name": "MELWEST-10-085-016",
        "ROCK NAME": "BASALT",
        "SIO2": "51.231",
        "_featureIndex": 670
      },
      "geometry": {
        "type": "Point",
        "coordinates": [
          96.117,
          -45.2035
        ]
      },
      "_featureIndex": 670
    },
    {
      "type": "Feature",
      "properties": {
        "Name": "MELWEST-10-110-009",
        "ROCK NAME": "BASALT",
        "SIO2": "51.231",
        "_featureIndex": 671
      },
      "geometry": {
        "type": "Point",
        "coordinates": [
          103.93,
          -48.103
        ]
      },
      "_featureIndex": 671
    },
    {
      "type": "Feature",
      "properties": {
        "Name": "MELWEST-10-119-020",
        "ROCK NAME": "BASALT",
        "SIO2": "51.231",
        "_featureIndex": 672
      },
      "geometry": {
        "type": "Point",
        "coordinates": [
          107.504,
          -48.3487
        ]
      },
      "_featureIndex": 672
    },
    {
      "type": "Feature",
      "properties": {
        "Name": "MELWEST-10-070-033",
        "ROCK NAME": "BASALT",
        "SIO2": "51.23",
        "_featureIndex": 673
      },
      "geometry": {
        "type": "Point",
        "coordinates": [
          90.187,
          -42.57
        ]
      },
      "_featureIndex": 673
    },
    {
      "type": "Feature",
      "properties": {
        "Name": "MELWEST-10-082-060",
        "ROCK NAME": "BASALT",
        "SIO2": "51.23",
        "_featureIndex": 674
      },
      "geometry": {
        "type": "Point",
        "coordinates": [
          95.585,
          -45.185
        ]
      },
      "_featureIndex": 674
    },
    {
      "type": "Feature",
      "properties": {
        "Name": "MELWEST-10-091-010",
        "ROCK NAME": "BASALT",
        "SIO2": "51.23",
        "_featureIndex": 675
      },
      "geometry": {
        "type": "Point",
        "coordinates": [
          98.601,
          -47.909
        ]
      },
      "_featureIndex": 675
    },
    {
      "type": "Feature",
      "properties": {
        "Name": "MELWEST-10-132-012",
        "ROCK NAME": "BASALT",
        "SIO2": "51.229",
        "_featureIndex": 676
      },
      "geometry": {
        "type": "Point",
        "coordinates": [
          111.78,
          -50.21
        ]
      },
      "_featureIndex": 676
    },
    {
      "type": "Feature",
      "properties": {
        "Name": "MELWEST-10-141-004",
        "ROCK NAME": "BASALT",
        "SIO2": "51.229",
        "_featureIndex": 677
      },
      "geometry": {
        "type": "Point",
        "coordinates": [
          113.615,
          -50.347
        ]
      },
      "_featureIndex": 677
    },
    {
      "type": "Feature",
      "properties": {
        "Name": "MELWEST-10-091-014",
        "ROCK NAME": "BASALT",
        "SIO2": "51.227",
        "_featureIndex": 678
      },
      "geometry": {
        "type": "Point",
        "coordinates": [
          98.601,
          -47.909
        ]
      },
      "_featureIndex": 678
    },
    {
      "type": "Feature",
      "properties": {
        "Name": "MELWEST-10-095-002",
        "ROCK NAME": "BASALT",
        "SIO2": "51.227",
        "_featureIndex": 679
      },
      "geometry": {
        "type": "Point",
        "coordinates": [
          99.4083,
          -47.5457
        ]
      },
      "_featureIndex": 679
    },
    {
      "type": "Feature",
      "properties": {
        "Name": "MELWEST-10-102-008",
        "ROCK NAME": "BASALT",
        "SIO2": "51.224",
        "_featureIndex": 680
      },
      "geometry": {
        "type": "Point",
        "coordinates": [
          102.14,
          -47.88
        ]
      },
      "_featureIndex": 680
    },
    {
      "type": "Feature",
      "properties": {
        "Name": "MELWEST-10-075-009",
        "ROCK NAME": "BASALT",
        "SIO2": "51.223",
        "_featureIndex": 681
      },
      "geometry": {
        "type": "Point",
        "coordinates": [
          92.662,
          -43.575
        ]
      },
      "_featureIndex": 681
    },
    {
      "type": "Feature",
      "properties": {
        "Name": "MELWEST-10-082-100",
        "ROCK NAME": "BASALT",
        "SIO2": "51.222",
        "_featureIndex": 682
      },
      "geometry": {
        "type": "Point",
        "coordinates": [
          95.585,
          -45.185
        ]
      },
      "_featureIndex": 682
    },
    {
      "type": "Feature",
      "properties": {
        "Name": "MELWEST-10-144-009",
        "ROCK NAME": "BASALT",
        "SIO2": "51.221",
        "_featureIndex": 683
      },
      "geometry": {
        "type": "Point",
        "coordinates": [
          115.212,
          -50.007
        ]
      },
      "_featureIndex": 683
    },
    {
      "type": "Feature",
      "properties": {
        "Name": "VEM0033-2-007-003",
        "ROCK NAME": "BASALT",
        "SIO2": "51.22",
        "LA": "7.05",
        "_featureIndex": 684
      },
      "geometry": {
        "type": "Point",
        "coordinates": [
          124,
          -49.033
        ]
      },
      "_featureIndex": 684
    },
    {
      "type": "Feature",
      "properties": {
        "Name": "MELWEST-10-089-060",
        "ROCK NAME": "BASALT",
        "SIO2": "51.22",
        "_featureIndex": 685
      },
      "geometry": {
        "type": "Point",
        "coordinates": [
          97.512,
          -47.445
        ]
      },
      "_featureIndex": 685
    },
    {
      "type": "Feature",
      "properties": {
        "Name": "MELWEST-10-117-006",
        "ROCK NAME": "BASALT",
        "SIO2": "51.219",
        "_featureIndex": 686
      },
      "geometry": {
        "type": "Point",
        "coordinates": [
          107.145,
          -48.348
        ]
      },
      "_featureIndex": 686
    },
    {
      "type": "Feature",
      "properties": {
        "Name": "MELWEST-10-072-007",
        "ROCK NAME": "BASALT",
        "SIO2": "51.215",
        "_featureIndex": 687
      },
      "geometry": {
        "type": "Point",
        "coordinates": [
          91.283,
          -43.417
        ]
      },
      "_featureIndex": 687
    },
    {
      "type": "Feature",
      "properties": {
        "Name": "MELWEST-10-132-019",
        "ROCK NAME": "BASALT",
        "SIO2": "51.213",
        "_featureIndex": 688
      },
      "geometry": {
        "type": "Point",
        "coordinates": [
          111.78,
          -50.21
        ]
      },
      "_featureIndex": 688
    },
    {
      "type": "Feature",
      "properties": {
        "Name": "MELWEST-10-076-001",
        "SIO2": "51.21",
        "LA": "4.42",
        "_featureIndex": 689
      },
      "geometry": {
        "type": "Point",
        "coordinates": [
          93.114,
          -43.882
        ]
      },
      "_featureIndex": 689
    },
    {
      "type": "Feature",
      "properties": {
        "Name": "MELWEST-10-113-005",
        "ROCK NAME": "BASALT",
        "SIO2": "51.21",
        "_featureIndex": 690
      },
      "geometry": {
        "type": "Point",
        "coordinates": [
          105.224,
          -48.752
        ]
      },
      "_featureIndex": 690
    },
    {
      "type": "Feature",
      "properties": {
        "Name": "MELWEST-10-076-003",
        "ROCK NAME": "BASALT",
        "SIO2": "51.209",
        "_featureIndex": 691
      },
      "geometry": {
        "type": "Point",
        "coordinates": [
          93.114,
          -43.882
        ]
      },
      "_featureIndex": 691
    },
    {
      "type": "Feature",
      "properties": {
        "Name": "MELWEST-10-134-040",
        "ROCK NAME": "BASALT",
        "SIO2": "51.208",
        "_featureIndex": 692
      },
      "geometry": {
        "type": "Point",
        "coordinates": [
          112.49,
          -50.295
        ]
      },
      "_featureIndex": 692
    },
    {
      "type": "Feature",
      "properties": {
        "Name": "MELWEST-10-120-020",
        "ROCK NAME": "BASALT",
        "SIO2": "51.207",
        "_featureIndex": 693
      },
      "geometry": {
        "type": "Point",
        "coordinates": [
          107.813,
          -48.5498
        ]
      },
      "_featureIndex": 693
    },
    {
      "type": "Feature",
      "properties": {
        "Name": "MELWEST-10-065-033",
        "ROCK NAME": "BASALT",
        "SIO2": "51.206",
        "_featureIndex": 694
      },
      "geometry": {
        "type": "Point",
        "coordinates": [
          91.095,
          -43.082
        ]
      },
      "_featureIndex": 694
    },
    {
      "type": "Feature",
      "properties": {
        "Name": "MELWEST-10-131-012",
        "ROCK NAME": "BASALT",
        "SIO2": "51.206",
        "_featureIndex": 695
      },
      "geometry": {
        "type": "Point",
        "coordinates": [
          111.34,
          -50.0633
        ]
      },
      "_featureIndex": 695
    },
    {
      "type": "Feature",
      "properties": {
        "Name": "MELWEST-10-141-011",
        "ROCK NAME": "BASALT",
        "SIO2": "51.206",
        "_featureIndex": 696
      },
      "geometry": {
        "type": "Point",
        "coordinates": [
          113.615,
          -50.347
        ]
      },
      "_featureIndex": 696
    },
    {
      "type": "Feature",
      "properties": {
        "Name": "MELWEST-10-065-026",
        "ROCK NAME": "BASALT",
        "SIO2": "51.204",
        "_featureIndex": 697
      },
      "geometry": {
        "type": "Point",
        "coordinates": [
          91.095,
          -43.082
        ]
      },
      "_featureIndex": 697
    },
    {
      "type": "Feature",
      "properties": {
        "Name": "MELWEST-10-100-017",
        "ROCK NAME": "BASALT",
        "SIO2": "51.204",
        "_featureIndex": 698
      },
      "geometry": {
        "type": "Point",
        "coordinates": [
          101.53,
          -47.63
        ]
      },
      "_featureIndex": 698
    },
    {
      "type": "Feature",
      "properties": {
        "Name": "MELWEST-10-065-028",
        "ROCK NAME": "BASALT",
        "SIO2": "51.202",
        "_featureIndex": 699
      },
      "geometry": {
        "type": "Point",
        "coordinates": [
          91.095,
          -43.082
        ]
      },
      "_featureIndex": 699
    },
    {
      "type": "Feature",
      "properties": {
        "Name": "MELWEST-10-092-003",
        "ROCK NAME": "BASALT",
        "SIO2": "51.202",
        "_featureIndex": 700
      },
      "geometry": {
        "type": "Point",
        "coordinates": [
          98.943,
          -48.101
        ]
      },
      "_featureIndex": 700
    },
    {
      "type": "Feature",
      "properties": {
        "Name": "MELWEST-10-100-010",
        "ROCK NAME": "BASALT",
        "SIO2": "51.201",
        "_featureIndex": 701
      },
      "geometry": {
        "type": "Point",
        "coordinates": [
          101.53,
          -47.63
        ]
      },
      "_featureIndex": 701
    },
    {
      "type": "Feature",
      "properties": {
        "Name": "MELWEST-10-085-004",
        "ROCK NAME": "BASALT",
        "SIO2": "51.2",
        "_featureIndex": 702
      },
      "geometry": {
        "type": "Point",
        "coordinates": [
          96.117,
          -45.2035
        ]
      },
      "_featureIndex": 702
    },
    {
      "type": "Feature",
      "properties": {
        "Name": "MELWEST-10-117-007",
        "ROCK NAME": "BASALT",
        "SIO2": "51.2",
        "_featureIndex": 703
      },
      "geometry": {
        "type": "Point",
        "coordinates": [
          107.145,
          -48.348
        ]
      },
      "_featureIndex": 703
    },
    {
      "type": "Feature",
      "properties": {
        "Name": "VEM0033-2-008-007",
        "ROCK NAME": "BASALT",
        "SIO2": "51.2",
        "_featureIndex": 704
      },
      "geometry": {
        "type": "Point",
        "coordinates": [
          121.033,
          -49.467
        ]
      },
      "_featureIndex": 704
    },
    {
      "type": "Feature",
      "properties": {
        "Name": "MELWEST-10-141-022",
        "ROCK NAME": "BASALT",
        "SIO2": "51.199",
        "_featureIndex": 705
      },
      "geometry": {
        "type": "Point",
        "coordinates": [
          113.615,
          -50.347
        ]
      },
      "_featureIndex": 705
    },
    {
      "type": "Feature",
      "properties": {
        "Name": "MELWEST-10-102-001",
        "SIO2": "51.197",
        "LA": "2.89",
        "_featureIndex": 706
      },
      "geometry": {
        "type": "Point",
        "coordinates": [
          102.14,
          -47.88
        ]
      },
      "_featureIndex": 706
    },
    {
      "type": "Feature",
      "properties": {
        "Name": "MELWEST-10-089-007",
        "ROCK NAME": "BASALT",
        "SIO2": "51.197",
        "_featureIndex": 707
      },
      "geometry": {
        "type": "Point",
        "coordinates": [
          97.512,
          -47.445
        ]
      },
      "_featureIndex": 707
    },
    {
      "type": "Feature",
      "properties": {
        "Name": "MELWEST-10-071-020",
        "ROCK NAME": "BASALT",
        "SIO2": "51.195",
        "_featureIndex": 708
      },
      "geometry": {
        "type": "Point",
        "coordinates": [
          90.795,
          -42.886
        ]
      },
      "_featureIndex": 708
    },
    {
      "type": "Feature",
      "properties": {
        "Name": "MELWEST-10-091-009",
        "ROCK NAME": "BASALT",
        "SIO2": "51.195",
        "_featureIndex": 709
      },
      "geometry": {
        "type": "Point",
        "coordinates": [
          98.601,
          -47.909
        ]
      },
      "_featureIndex": 709
    },
    {
      "type": "Feature",
      "properties": {
        "Name": "MELWEST-10-124-006",
        "ROCK NAME": "BASALT",
        "SIO2": "51.194",
        "_featureIndex": 710
      },
      "geometry": {
        "type": "Point",
        "coordinates": [
          108.513,
          -49.025
        ]
      },
      "_featureIndex": 710
    },
    {
      "type": "Feature",
      "properties": {
        "Name": "MELWEST-10-132-021",
        "ROCK NAME": "BASALT",
        "SIO2": "51.194",
        "_featureIndex": 711
      },
      "geometry": {
        "type": "Point",
        "coordinates": [
          111.78,
          -50.21
        ]
      },
      "_featureIndex": 711
    },
    {
      "type": "Feature",
      "properties": {
        "Name": "MELWEST-10-092-001",
        "SIO2": "51.193",
        "LA": "3.08",
        "_featureIndex": 712
      },
      "geometry": {
        "type": "Point",
        "coordinates": [
          98.943,
          -48.101
        ]
      },
      "_featureIndex": 712
    },
    {
      "type": "Feature",
      "properties": {
        "Name": "MELWEST-10-130-001",
        "SIO2": "51.192",
        "LA": "2.9",
        "_featureIndex": 713
      },
      "geometry": {
        "type": "Point",
        "coordinates": [
          111.133,
          -49.775
        ]
      },
      "_featureIndex": 713
    },
    {
      "type": "Feature",
      "properties": {
        "Name": "MELWEST-10-080-004",
        "ROCK NAME": "BASALT",
        "SIO2": "51.192",
        "_featureIndex": 714
      },
      "geometry": {
        "type": "Point",
        "coordinates": [
          95.496,
          -45.1422
        ]
      },
      "_featureIndex": 714
    },
    {
      "type": "Feature",
      "properties": {
        "Name": "MELWEST-10-082-018",
        "ROCK NAME": "BASALT",
        "SIO2": "51.192",
        "_featureIndex": 715
      },
      "geometry": {
        "type": "Point",
        "coordinates": [
          95.585,
          -45.185
        ]
      },
      "_featureIndex": 715
    },
    {
      "type": "Feature",
      "properties": {
        "Name": "MELWEST-10-120-005",
        "ROCK NAME": "BASALT",
        "SIO2": "51.191",
        "_featureIndex": 716
      },
      "geometry": {
        "type": "Point",
        "coordinates": [
          107.813,
          -48.5498
        ]
      },
      "_featureIndex": 716
    },
    {
      "type": "Feature",
      "properties": {
        "Name": "MELWEST-10-135-017",
        "ROCK NAME": "BASALT",
        "SIO2": "51.191",
        "_featureIndex": 717
      },
      "geometry": {
        "type": "Point",
        "coordinates": [
          112.593,
          -50.307
        ]
      },
      "_featureIndex": 717
    },
    {
      "type": "Feature",
      "properties": {
        "Name": "MELWEST-10-082-070",
        "ROCK NAME": "BASALT",
        "SIO2": "51.19",
        "_featureIndex": 718
      },
      "geometry": {
        "type": "Point",
        "coordinates": [
          95.585,
          -45.185
        ]
      },
      "_featureIndex": 718
    },
    {
      "type": "Feature",
      "properties": {
        "Name": "MELWEST-10-082-088",
        "ROCK NAME": "BASALT",
        "SIO2": "51.19",
        "_featureIndex": 719
      },
      "geometry": {
        "type": "Point",
        "coordinates": [
          95.585,
          -45.185
        ]
      },
      "_featureIndex": 719
    },
    {
      "type": "Feature",
      "properties": {
        "Name": "MELWEST-10-147-008",
        "ROCK NAME": "BASALT",
        "SIO2": "51.19",
        "_featureIndex": 720
      },
      "geometry": {
        "type": "Point",
        "coordinates": [
          117.52,
          -49.7
        ]
      },
      "_featureIndex": 720
    },
    {
      "type": "Feature",
      "properties": {
        "Name": "MELWEST-10-082-075",
        "ROCK NAME": "BASALT",
        "SIO2": "51.188",
        "_featureIndex": 721
      },
      "geometry": {
        "type": "Point",
        "coordinates": [
          95.585,
          -45.185
        ]
      },
      "_featureIndex": 721
    },
    {
      "type": "Feature",
      "properties": {
        "Name": "MELWEST-10-143-002",
        "ROCK NAME": "BASALT",
        "SIO2": "51.186",
        "LA": "3.98",
        "_featureIndex": 722
      },
      "geometry": {
        "type": "Point",
        "coordinates": [
          114.951,
          -49.9508
        ]
      },
      "_featureIndex": 722
    },
    {
      "type": "Feature",
      "properties": {
        "Name": "MELWEST-10-082-078",
        "ROCK NAME": "BASALT",
        "SIO2": "51.186",
        "_featureIndex": 723
      },
      "geometry": {
        "type": "Point",
        "coordinates": [
          95.585,
          -45.185
        ]
      },
      "_featureIndex": 723
    },
    {
      "type": "Feature",
      "properties": {
        "Name": "MELWEST-10-135-005",
        "ROCK NAME": "BASALT",
        "SIO2": "51.186",
        "_featureIndex": 724
      },
      "geometry": {
        "type": "Point",
        "coordinates": [
          112.593,
          -50.307
        ]
      },
      "_featureIndex": 724
    },
    {
      "type": "Feature",
      "properties": {
        "Name": "MELWEST-10-072-003",
        "ROCK NAME": "BASALT",
        "SIO2": "51.185",
        "_featureIndex": 725
      },
      "geometry": {
        "type": "Point",
        "coordinates": [
          91.283,
          -43.417
        ]
      },
      "_featureIndex": 725
    },
    {
      "type": "Feature",
      "properties": {
        "Name": "MELWEST-10-123-004",
        "ROCK NAME": "BASALT",
        "SIO2": "51.185",
        "_featureIndex": 726
      },
      "geometry": {
        "type": "Point",
        "coordinates": [
          108.466,
          -48.8
        ]
      },
      "_featureIndex": 726
    },
    {
      "type": "Feature",
      "properties": {
        "Name": "MELWEST-10-092-004",
        "ROCK NAME": "BASALT",
        "SIO2": "51.183",
        "_featureIndex": 727
      },
      "geometry": {
        "type": "Point",
        "coordinates": [
          98.943,
          -48.101
        ]
      },
      "_featureIndex": 727
    },
    {
      "type": "Feature",
      "properties": {
        "Name": "MELWEST-10-141-007",
        "ROCK NAME": "BASALT",
        "SIO2": "51.181",
        "_featureIndex": 728
      },
      "geometry": {
        "type": "Point",
        "coordinates": [
          113.615,
          -50.347
        ]
      },
      "_featureIndex": 728
    },
    {
      "type": "Feature",
      "properties": {
        "Name": "MELWEST-10-136-020",
        "ROCK NAME": "BASALT",
        "SIO2": "51.18",
        "_featureIndex": 729
      },
      "geometry": {
        "type": "Point",
        "coordinates": [
          112.69,
          -50.32
        ]
      },
      "_featureIndex": 729
    },
    {
      "type": "Feature",
      "properties": {
        "Name": "VEM0033-2-010-004",
        "ROCK NAME": "BASALT",
        "SIO2": "51.18",
        "_featureIndex": 730
      },
      "geometry": {
        "type": "Point",
        "coordinates": [
          115.375,
          -49.917
        ]
      },
      "_featureIndex": 730
    },
    {
      "type": "Feature",
      "properties": {
        "Name": "MELWEST-10-070-042",
        "ROCK NAME": "BASALT",
        "SIO2": "51.177",
        "_featureIndex": 731
      },
      "geometry": {
        "type": "Point",
        "coordinates": [
          90.187,
          -42.57
        ]
      },
      "_featureIndex": 731
    },
    {
      "type": "Feature",
      "properties": {
        "Name": "MELWEST-10-136-036",
        "ROCK NAME": "BASALT",
        "SIO2": "51.177",
        "_featureIndex": 732
      },
      "geometry": {
        "type": "Point",
        "coordinates": [
          112.69,
          -50.32
        ]
      },
      "_featureIndex": 732
    },
    {
      "type": "Feature",
      "properties": {
        "Name": "MELWEST-10-072-015",
        "ROCK NAME": "BASALT",
        "SIO2": "51.175",
        "_featureIndex": 733
      },
      "geometry": {
        "type": "Point",
        "coordinates": [
          91.283,
          -43.417
        ]
      },
      "_featureIndex": 733
    },
    {
      "type": "Feature",
      "properties": {
        "Name": "MELWEST-10-089-088",
        "ROCK NAME": "BASALT",
        "SIO2": "51.175",
        "_featureIndex": 734
      },
      "geometry": {
        "type": "Point",
        "coordinates": [
          97.512,
          -47.445
        ]
      },
      "_featureIndex": 734
    },
    {
      "type": "Feature",
      "properties": {
        "Name": "MELWEST-10-068-008",
        "ROCK NAME": "BASALT",
        "SIO2": "51.174",
        "_featureIndex": 735
      },
      "geometry": {
        "type": "Point",
        "coordinates": [
          88.5267,
          -41.8167
        ]
      },
      "_featureIndex": 735
    },
    {
      "type": "Feature",
      "properties": {
        "Name": "MELWEST-10-135-008",
        "ROCK NAME": "BASALT",
        "SIO2": "51.173",
        "LA": "3.8",
        "_featureIndex": 736
      },
      "geometry": {
        "type": "Point",
        "coordinates": [
          112.593,
          -50.307
        ]
      },
      "_featureIndex": 736
    },
    {
      "type": "Feature",
      "properties": {
        "Name": "MELWEST-10-082-015",
        "ROCK NAME": "BASALT",
        "SIO2": "51.169",
        "_featureIndex": 737
      },
      "geometry": {
        "type": "Point",
        "coordinates": [
          95.585,
          -45.185
        ]
      },
      "_featureIndex": 737
    },
    {
      "type": "Feature",
      "properties": {
        "Name": "MELWEST-10-082-029",
        "ROCK NAME": "BASALT",
        "SIO2": "51.169",
        "_featureIndex": 738
      },
      "geometry": {
        "type": "Point",
        "coordinates": [
          95.585,
          -45.185
        ]
      },
      "_featureIndex": 738
    },
    {
      "type": "Feature",
      "properties": {
        "Name": "MELWEST-10-136-045",
        "ROCK NAME": "BASALT",
        "SIO2": "51.169",
        "_featureIndex": 739
      },
      "geometry": {
        "type": "Point",
        "coordinates": [
          112.69,
          -50.32
        ]
      },
      "_featureIndex": 739
    },
    {
      "type": "Feature",
      "properties": {
        "Name": "MELWEST-10-065-022",
        "ROCK NAME": "BASALT",
        "SIO2": "51.168",
        "_featureIndex": 740
      },
      "geometry": {
        "type": "Point",
        "coordinates": [
          91.095,
          -43.082
        ]
      },
      "_featureIndex": 740
    },
    {
      "type": "Feature",
      "properties": {
        "Name": "MELWEST-10-070-018",
        "ROCK NAME": "BASALT",
        "SIO2": "51.167",
        "_featureIndex": 741
      },
      "geometry": {
        "type": "Point",
        "coordinates": [
          90.187,
          -42.57
        ]
      },
      "_featureIndex": 741
    },
    {
      "type": "Feature",
      "properties": {
        "Name": "MELWEST-10-089-036",
        "ROCK NAME": "BASALT",
        "SIO2": "51.167",
        "_featureIndex": 742
      },
      "geometry": {
        "type": "Point",
        "coordinates": [
          97.512,
          -47.445
        ]
      },
      "_featureIndex": 742
    },
    {
      "type": "Feature",
      "properties": {
        "Name": "MELWEST-10-082-090",
        "ROCK NAME": "BASALT",
        "SIO2": "51.166",
        "_featureIndex": 743
      },
      "geometry": {
        "type": "Point",
        "coordinates": [
          95.585,
          -45.185
        ]
      },
      "_featureIndex": 743
    },
    {
      "type": "Feature",
      "properties": {
        "Name": "MELWEST-10-119-014",
        "ROCK NAME": "BASALT",
        "SIO2": "51.162",
        "_featureIndex": 744
      },
      "geometry": {
        "type": "Point",
        "coordinates": [
          107.504,
          -48.3487
        ]
      },
      "_featureIndex": 744
    },
    {
      "type": "Feature",
      "properties": {
        "Name": "MELWEST-10-082-038",
        "ROCK NAME": "BASALT",
        "SIO2": "51.161",
        "_featureIndex": 745
      },
      "geometry": {
        "type": "Point",
        "coordinates": [
          95.585,
          -45.185
        ]
      },
      "_featureIndex": 745
    },
    {
      "type": "Feature",
      "properties": {
        "Name": "MELWEST-10-124-002",
        "ROCK NAME": "BASALT",
        "SIO2": "51.16",
        "_featureIndex": 746
      },
      "geometry": {
        "type": "Point",
        "coordinates": [
          108.513,
          -49.025
        ]
      },
      "_featureIndex": 746
    },
    {
      "type": "Feature",
      "properties": {
        "Name": "MELWEST-10-113-004",
        "ROCK NAME": "BASALT",
        "SIO2": "51.159",
        "_featureIndex": 747
      },
      "geometry": {
        "type": "Point",
        "coordinates": [
          105.224,
          -48.752
        ]
      },
      "_featureIndex": 747
    },
    {
      "type": "Feature",
      "properties": {
        "Name": "MELWEST-10-080-006",
        "ROCK NAME": "BASALT",
        "SIO2": "51.156",
        "_featureIndex": 748
      },
      "geometry": {
        "type": "Point",
        "coordinates": [
          95.496,
          -45.1422
        ]
      },
      "_featureIndex": 748
    },
    {
      "type": "Feature",
      "properties": {
        "Name": "MELWEST-10-132-007",
        "ROCK NAME": "BASALT",
        "SIO2": "51.156",
        "_featureIndex": 749
      },
      "geometry": {
        "type": "Point",
        "coordinates": [
          111.78,
          -50.21
        ]
      },
      "_featureIndex": 749
    },
    {
      "type": "Feature",
      "properties": {
        "Name": "MELWEST-10-136-013",
        "ROCK NAME": "BASALT",
        "SIO2": "51.154",
        "_featureIndex": 750
      },
      "geometry": {
        "type": "Point",
        "coordinates": [
          112.69,
          -50.32
        ]
      },
      "_featureIndex": 750
    },
    {
      "type": "Feature",
      "properties": {
        "Name": "MELWEST-10-102-011",
        "ROCK NAME": "BASALT",
        "SIO2": "51.152",
        "_featureIndex": 751
      },
      "geometry": {
        "type": "Point",
        "coordinates": [
          102.14,
          -47.88
        ]
      },
      "_featureIndex": 751
    },
    {
      "type": "Feature",
      "properties": {
        "Name": "MELWEST-10-136-040",
        "ROCK NAME": "BASALT",
        "SIO2": "51.152",
        "_featureIndex": 752
      },
      "geometry": {
        "type": "Point",
        "coordinates": [
          112.69,
          -50.32
        ]
      },
      "_featureIndex": 752
    },
    {
      "type": "Feature",
      "properties": {
        "Name": "MELWEST-10-065-032",
        "ROCK NAME": "BASALT",
        "SIO2": "51.151",
        "_featureIndex": 753
      },
      "geometry": {
        "type": "Point",
        "coordinates": [
          91.095,
          -43.082
        ]
      },
      "_featureIndex": 753
    },
    {
      "type": "Feature",
      "properties": {
        "Name": "MELWEST-10-084-029-02",
        "ROCK NAME": "BASALT",
        "SIO2": "51.151",
        "_featureIndex": 754
      },
      "geometry": {
        "type": "Point",
        "coordinates": [
          95.932,
          -45.111
        ]
      },
      "_featureIndex": 754
    },
    {
      "type": "Feature",
      "properties": {
        "Name": "VEM0033-2-010-002",
        "ROCK NAME": "BASALT",
        "SIO2": "51.15",
        "_featureIndex": 755
      },
      "geometry": {
        "type": "Point",
        "coordinates": [
          115.375,
          -49.917
        ]
      },
      "_featureIndex": 755
    },
    {
      "type": "Feature",
      "properties": {
        "Name": "VEM0033-2-009",
        "ROCK NAME": "BASALT",
        "SIO2": "51.15",
        "_featureIndex": 756
      },
      "geometry": {
        "type": "Point",
        "coordinates": [
          119.175,
          -49.808
        ]
      },
      "_featureIndex": 756
    },
    {
      "type": "Feature",
      "properties": {
        "Name": "MELWEST-10-132-033",
        "ROCK NAME": "BASALT",
        "SIO2": "51.148",
        "_featureIndex": 757
      },
      "geometry": {
        "type": "Point",
        "coordinates": [
          111.78,
          -50.21
        ]
      },
      "_featureIndex": 757
    },
    {
      "type": "Feature",
      "properties": {
        "Name": "MELWEST-10-084-011",
        "ROCK NAME": "BASALT",
        "SIO2": "51.146",
        "_featureIndex": 758
      },
      "geometry": {
        "type": "Point",
        "coordinates": [
          95.932,
          -45.111
        ]
      },
      "_featureIndex": 758
    },
    {
      "type": "Feature",
      "properties": {
        "Name": "MELWEST-10-084-010",
        "ROCK NAME": "BASALT",
        "SIO2": "51.144",
        "_featureIndex": 759
      },
      "geometry": {
        "type": "Point",
        "coordinates": [
          95.932,
          -45.111
        ]
      },
      "_featureIndex": 759
    },
    {
      "type": "Feature",
      "properties": {
        "Name": "MELWEST-10-136-012",
        "ROCK NAME": "BASALT",
        "SIO2": "51.144",
        "_featureIndex": 760
      },
      "geometry": {
        "type": "Point",
        "coordinates": [
          112.69,
          -50.32
        ]
      },
      "_featureIndex": 760
    },
    {
      "type": "Feature",
      "properties": {
        "Name": "MELWEST-10-135-009",
        "ROCK NAME": "BASALT",
        "SIO2": "51.143",
        "_featureIndex": 761
      },
      "geometry": {
        "type": "Point",
        "coordinates": [
          112.593,
          -50.307
        ]
      },
      "_featureIndex": 761
    },
    {
      "type": "Feature",
      "properties": {
        "Name": "MELWEST-10-132-018",
        "ROCK NAME": "BASALT",
        "SIO2": "51.142",
        "_featureIndex": 762
      },
      "geometry": {
        "type": "Point",
        "coordinates": [
          111.78,
          -50.21
        ]
      },
      "_featureIndex": 762
    },
    {
      "type": "Feature",
      "properties": {
        "Name": "MOA8801-004-0.1",
        "ROCK NAME": "BASALT",
        "SIO2": "51.14",
        "LA": "3.3",
        "_featureIndex": 763
      },
      "geometry": {
        "type": "Point",
        "coordinates": [
          125.892,
          -49.68
        ]
      },
      "_featureIndex": 763
    },
    {
      "type": "Feature",
      "properties": {
        "Name": "MELWEST-10-082-104",
        "ROCK NAME": "BASALT",
        "SIO2": "51.14",
        "_featureIndex": 764
      },
      "geometry": {
        "type": "Point",
        "coordinates": [
          95.585,
          -45.185
        ]
      },
      "_featureIndex": 764
    },
    {
      "type": "Feature",
      "properties": {
        "Name": "MELWEST-10-089-030",
        "ROCK NAME": "BASALT",
        "SIO2": "51.14",
        "_featureIndex": 765
      },
      "geometry": {
        "type": "Point",
        "coordinates": [
          97.512,
          -47.445
        ]
      },
      "_featureIndex": 765
    },
    {
      "type": "Feature",
      "properties": {
        "Name": "VEM0033-2-008-006",
        "ROCK NAME": "BASALT",
        "SIO2": "51.14",
        "_featureIndex": 766
      },
      "geometry": {
        "type": "Point",
        "coordinates": [
          121.033,
          -49.467
        ]
      },
      "_featureIndex": 766
    },
    {
      "type": "Feature",
      "properties": {
        "Name": "VEM0033-2-007-009",
        "ROCK NAME": "BASALT",
        "SIO2": "51.14",
        "_featureIndex": 767
      },
      "geometry": {
        "type": "Point",
        "coordinates": [
          124,
          -49.033
        ]
      },
      "_featureIndex": 767
    },
    {
      "type": "Feature",
      "properties": {
        "Name": "VEM0033-1-005-003",
        "ROCK NAME": "BASALT",
        "SIO2": "51.14",
        "_featureIndex": 768
      },
      "geometry": {
        "type": "Point",
        "coordinates": [
          127.08,
          -48.738
        ]
      },
      "_featureIndex": 768
    },
    {
      "type": "Feature",
      "properties": {
        "Name": "MELWEST-10-092-012",
        "ROCK NAME": "BASALT",
        "SIO2": "51.139",
        "_featureIndex": 769
      },
      "geometry": {
        "type": "Point",
        "coordinates": [
          98.943,
          -48.101
        ]
      },
      "_featureIndex": 769
    },
    {
      "type": "Feature",
      "properties": {
        "Name": "MELWEST-10-080-003",
        "ROCK NAME": "BASALT",
        "SIO2": "51.138",
        "_featureIndex": 770
      },
      "geometry": {
        "type": "Point",
        "coordinates": [
          95.496,
          -45.1422
        ]
      },
      "_featureIndex": 770
    },
    {
      "type": "Feature",
      "properties": {
        "Name": "MELWEST-10-092-005",
        "ROCK NAME": "BASALT",
        "SIO2": "51.138",
        "_featureIndex": 771
      },
      "geometry": {
        "type": "Point",
        "coordinates": [
          98.943,
          -48.101
        ]
      },
      "_featureIndex": 771
    },
    {
      "type": "Feature",
      "properties": {
        "Name": "MELWEST-10-132-025",
        "ROCK NAME": "BASALT",
        "SIO2": "51.138",
        "_featureIndex": 772
      },
      "geometry": {
        "type": "Point",
        "coordinates": [
          111.78,
          -50.21
        ]
      },
      "_featureIndex": 772
    },
    {
      "type": "Feature",
      "properties": {
        "Name": "MELWEST-10-072-012",
        "ROCK NAME": "BASALT",
        "SIO2": "51.137",
        "_featureIndex": 773
      },
      "geometry": {
        "type": "Point",
        "coordinates": [
          91.283,
          -43.417
        ]
      },
      "_featureIndex": 773
    },
    {
      "type": "Feature",
      "properties": {
        "Name": "MELWEST-10-134-042",
        "ROCK NAME": "BASALT",
        "SIO2": "51.137",
        "_featureIndex": 774
      },
      "geometry": {
        "type": "Point",
        "coordinates": [
          112.49,
          -50.295
        ]
      },
      "_featureIndex": 774
    },
    {
      "type": "Feature",
      "properties": {
        "Name": "MELWEST-10-136-044",
        "ROCK NAME": "BASALT",
        "SIO2": "51.137",
        "_featureIndex": 775
      },
      "geometry": {
        "type": "Point",
        "coordinates": [
          112.69,
          -50.32
        ]
      },
      "_featureIndex": 775
    },
    {
      "type": "Feature",
      "properties": {
        "Name": "MELWEST-10-136-010",
        "ROCK NAME": "BASALT",
        "SIO2": "51.136",
        "_featureIndex": 776
      },
      "geometry": {
        "type": "Point",
        "coordinates": [
          112.69,
          -50.32
        ]
      },
      "_featureIndex": 776
    },
    {
      "type": "Feature",
      "properties": {
        "Name": "MELWEST-10-082-098",
        "ROCK NAME": "BASALT",
        "SIO2": "51.133",
        "_featureIndex": 777
      },
      "geometry": {
        "type": "Point",
        "coordinates": [
          95.585,
          -45.185
        ]
      },
      "_featureIndex": 777
    },
    {
      "type": "Feature",
      "properties": {
        "Name": "MELWEST-10-087-019",
        "ROCK NAME": "BASALT",
        "SIO2": "51.131",
        "_featureIndex": 778
      },
      "geometry": {
        "type": "Point",
        "coordinates": [
          96.368,
          -46.778
        ]
      },
      "_featureIndex": 778
    },
    {
      "type": "Feature",
      "properties": {
        "Name": "MELWEST-10-131-005",
        "ROCK NAME": "BASALT",
        "SIO2": "51.131",
        "_featureIndex": 779
      },
      "geometry": {
        "type": "Point",
        "coordinates": [
          111.34,
          -50.0633
        ]
      },
      "_featureIndex": 779
    },
    {
      "type": "Feature",
      "properties": {
        "Name": "VEM0033-2-011-001",
        "ROCK NAME": "BASALT",
        "SIO2": "51.13",
        "SR87_SR86": "0.7096",
        "_featureIndex": 780
      },
      "geometry": {
        "type": "Point",
        "coordinates": [
          118,
          -49.858
        ]
      },
      "_featureIndex": 780
    },
    {
      "type": "Feature",
      "properties": {
        "Name": "MELWEST-10-089-003",
        "ROCK NAME": "BASALT",
        "SIO2": "51.13",
        "_featureIndex": 781
      },
      "geometry": {
        "type": "Point",
        "coordinates": [
          97.512,
          -47.445
        ]
      },
      "_featureIndex": 781
    },
    {
      "type": "Feature",
      "properties": {
        "Name": "MELWEST-10-132-008",
        "ROCK NAME": "BASALT",
        "SIO2": "51.13",
        "_featureIndex": 782
      },
      "geometry": {
        "type": "Point",
        "coordinates": [
          111.78,
          -50.21
        ]
      },
      "_featureIndex": 782
    },
    {
      "type": "Feature",
      "properties": {
        "Name": "MELWEST-10-136-035",
        "ROCK NAME": "BASALT",
        "SIO2": "51.13",
        "_featureIndex": 783
      },
      "geometry": {
        "type": "Point",
        "coordinates": [
          112.69,
          -50.32
        ]
      },
      "_featureIndex": 783
    },
    {
      "type": "Feature",
      "properties": {
        "Name": "MELWEST-10-091-005",
        "ROCK NAME": "BASALT",
        "SIO2": "51.129",
        "_featureIndex": 784
      },
      "geometry": {
        "type": "Point",
        "coordinates": [
          98.601,
          -47.909
        ]
      },
      "_featureIndex": 784
    },
    {
      "type": "Feature",
      "properties": {
        "Name": "MELWEST-10-065-037",
        "ROCK NAME": "BASALT",
        "SIO2": "51.128",
        "_featureIndex": 785
      },
      "geometry": {
        "type": "Point",
        "coordinates": [
          91.095,
          -43.082
        ]
      },
      "_featureIndex": 785
    },
    {
      "type": "Feature",
      "properties": {
        "Name": "MELWEST-10-065-043",
        "ROCK NAME": "BASALT",
        "SIO2": "51.127",
        "_featureIndex": 786
      },
      "geometry": {
        "type": "Point",
        "coordinates": [
          91.095,
          -43.082
        ]
      },
      "_featureIndex": 786
    },
    {
      "type": "Feature",
      "properties": {
        "Name": "MELWEST-10-132-031",
        "ROCK NAME": "BASALT",
        "SIO2": "51.127",
        "_featureIndex": 787
      },
      "geometry": {
        "type": "Point",
        "coordinates": [
          111.78,
          -50.21
        ]
      },
      "_featureIndex": 787
    },
    {
      "type": "Feature",
      "properties": {
        "Name": "MELWEST-10-093-021",
        "ROCK NAME": "BASALT",
        "SIO2": "51.126",
        "_featureIndex": 788
      },
      "geometry": {
        "type": "Point",
        "coordinates": [
          99.1173,
          -47.9815
        ]
      },
      "_featureIndex": 788
    },
    {
      "type": "Feature",
      "properties": {
        "Name": "MELWEST-10-082-084",
        "ROCK NAME": "BASALT",
        "SIO2": "51.124",
        "_featureIndex": 789
      },
      "geometry": {
        "type": "Point",
        "coordinates": [
          95.585,
          -45.185
        ]
      },
      "_featureIndex": 789
    },
    {
      "type": "Feature",
      "properties": {
        "Name": "MELWEST-10-091-012",
        "ROCK NAME": "BASALT",
        "SIO2": "51.123",
        "_featureIndex": 790
      },
      "geometry": {
        "type": "Point",
        "coordinates": [
          98.601,
          -47.909
        ]
      },
      "_featureIndex": 790
    },
    {
      "type": "Feature",
      "properties": {
        "Name": "MELWEST-10-135-016",
        "ROCK NAME": "BASALT",
        "SIO2": "51.123",
        "_featureIndex": 791
      },
      "geometry": {
        "type": "Point",
        "coordinates": [
          112.593,
          -50.307
        ]
      },
      "_featureIndex": 791
    },
    {
      "type": "Feature",
      "properties": {
        "Name": "MELWEST-10-134-041",
        "ROCK NAME": "BASALT",
        "SIO2": "51.122",
        "_featureIndex": 792
      },
      "geometry": {
        "type": "Point",
        "coordinates": [
          112.49,
          -50.295
        ]
      },
      "_featureIndex": 792
    },
    {
      "type": "Feature",
      "properties": {
        "Name": "MELWEST-10-082-012",
        "ROCK NAME": "BASALT",
        "SIO2": "51.121",
        "_featureIndex": 793
      },
      "geometry": {
        "type": "Point",
        "coordinates": [
          95.585,
          -45.185
        ]
      },
      "_featureIndex": 793
    },
    {
      "type": "Feature",
      "properties": {
        "Name": "MELWEST-10-098-006",
        "ROCK NAME": "BASALT",
        "SIO2": "51.12",
        "_featureIndex": 794
      },
      "geometry": {
        "type": "Point",
        "coordinates": [
          100.961,
          -47.458
        ]
      },
      "_featureIndex": 794
    },
    {
      "type": "Feature",
      "properties": {
        "Name": "VEM0033-2-010-B",
        "ROCK NAME": "BASALT",
        "SIO2": "51.12",
        "_featureIndex": 795
      },
      "geometry": {
        "type": "Point",
        "coordinates": [
          115.375,
          -49.917
        ]
      },
      "_featureIndex": 795
    },
    {
      "type": "Feature",
      "properties": {
        "Name": "VEM0033-2-007-008",
        "ROCK NAME": "BASALT",
        "SIO2": "51.12",
        "_featureIndex": 796
      },
      "geometry": {
        "type": "Point",
        "coordinates": [
          124,
          -49.033
        ]
      },
      "_featureIndex": 796
    },
    {
      "type": "Feature",
      "properties": {
        "Name": "MOA8801-027-E",
        "ROCK NAME": "BASALT",
        "SIO2": "51.12",
        "_featureIndex": 797
      },
      "geometry": {
        "type": "Point",
        "coordinates": [
          124.965,
          -49.062
        ]
      },
      "_featureIndex": 797
    },
    {
      "type": "Feature",
      "properties": {
        "Name": "MOA8801-023",
        "ROCK NAME": "BASALT",
        "SIO2": "51.12",
        "_featureIndex": 798
      },
      "geometry": {
        "type": "Point",
        "coordinates": [
          125.658,
          -49.613
        ]
      },
      "_featureIndex": 798
    },
    {
      "type": "Feature",
      "properties": {
        "Name": "VEM0033-1-005-004",
        "ROCK NAME": "BASALT",
        "SIO2": "51.12",
        "_featureIndex": 799
      },
      "geometry": {
        "type": "Point",
        "coordinates": [
          127.08,
          -48.738
        ]
      },
      "_featureIndex": 799
    },
    {
      "type": "Feature",
      "properties": {
        "Name": "MELWEST-10-103-006",
        "ROCK NAME": "BASALT",
        "SIO2": "51.117",
        "_featureIndex": 800
      },
      "geometry": {
        "type": "Point",
        "coordinates": [
          102.54,
          -48.019
        ]
      },
      "_featureIndex": 800
    },
    {
      "type": "Feature",
      "properties": {
        "Name": "MELWEST-10-088-019",
        "ROCK NAME": "BASALT",
        "SIO2": "51.116",
        "LA": "1.99",
        "_featureIndex": 801
      },
      "geometry": {
        "type": "Point",
        "coordinates": [
          96.833,
          -47.076
        ]
      },
      "_featureIndex": 801
    },
    {
      "type": "Feature",
      "properties": {
        "Name": "MELWEST-10-073-008",
        "SIO2": "51.115",
        "LA": "4.06",
        "_featureIndex": 802
      },
      "geometry": {
        "type": "Point",
        "coordinates": [
          91.684,
          -43.468
        ]
      },
      "_featureIndex": 802
    },
    {
      "type": "Feature",
      "properties": {
        "Name": "MELWEST-10-134-038",
        "ROCK NAME": "BASALT",
        "SIO2": "51.114",
        "_featureIndex": 803
      },
      "geometry": {
        "type": "Point",
        "coordinates": [
          112.49,
          -50.295
        ]
      },
      "_featureIndex": 803
    },
    {
      "type": "Feature",
      "properties": {
        "Name": "MELWEST-10-070-023",
        "ROCK NAME": "BASALT",
        "SIO2": "51.111",
        "_featureIndex": 804
      },
      "geometry": {
        "type": "Point",
        "coordinates": [
          90.187,
          -42.57
        ]
      },
      "_featureIndex": 804
    },
    {
      "type": "Feature",
      "properties": {
        "Name": "MELWEST-10-072-005",
        "ROCK NAME": "BASALT",
        "SIO2": "51.111",
        "_featureIndex": 805
      },
      "geometry": {
        "type": "Point",
        "coordinates": [
          91.283,
          -43.417
        ]
      },
      "_featureIndex": 805
    },
    {
      "type": "Feature",
      "properties": {
        "Name": "MELWEST-10-075-001",
        "ROCK NAME": "BASALT",
        "SIO2": "51.111",
        "_featureIndex": 806
      },
      "geometry": {
        "type": "Point",
        "coordinates": [
          92.662,
          -43.575
        ]
      },
      "_featureIndex": 806
    },
    {
      "type": "Feature",
      "properties": {
        "Name": "MELWEST-10-084-013",
        "ROCK NAME": "BASALT",
        "SIO2": "51.111",
        "_featureIndex": 807
      },
      "geometry": {
        "type": "Point",
        "coordinates": [
          95.932,
          -45.111
        ]
      },
      "_featureIndex": 807
    },
    {
      "type": "Feature",
      "properties": {
        "Name": "MELWEST-10-134-012",
        "ROCK NAME": "BASALT",
        "SIO2": "51.111",
        "_featureIndex": 808
      },
      "geometry": {
        "type": "Point",
        "coordinates": [
          112.49,
          -50.295
        ]
      },
      "_featureIndex": 808
    },
    {
      "type": "Feature",
      "properties": {
        "Name": "MOA8801-001-001",
        "ROCK NAME": "BASALT",
        "SIO2": "51.11",
        "LA": "5.08",
        "_featureIndex": 809
      },
      "geometry": {
        "type": "Point",
        "coordinates": [
          128.54,
          -50.21
        ]
      },
      "_featureIndex": 809
    },
    {
      "type": "Feature",
      "properties": {
        "Name": "MOA8801-022",
        "ROCK NAME": "BASALT",
        "SIO2": "51.11",
        "_featureIndex": 810
      },
      "geometry": {
        "type": "Point",
        "coordinates": [
          125.892,
          -49.68
        ]
      },
      "_featureIndex": 810
    },
    {
      "type": "Feature",
      "properties": {
        "Name": "VEM0033-1-005-005",
        "ROCK NAME": "BASALT",
        "SIO2": "51.11",
        "_featureIndex": 811
      },
      "geometry": {
        "type": "Point",
        "coordinates": [
          127.08,
          -48.738
        ]
      },
      "_featureIndex": 811
    },
    {
      "type": "Feature",
      "properties": {
        "Name": "MELWEST-10-075-002",
        "ROCK NAME": "BASALT",
        "SIO2": "51.109",
        "_featureIndex": 812
      },
      "geometry": {
        "type": "Point",
        "coordinates": [
          92.662,
          -43.575
        ]
      },
      "_featureIndex": 812
    },
    {
      "type": "Feature",
      "properties": {
        "Name": "MELWEST-10-065-025",
        "ROCK NAME": "BASALT",
        "SIO2": "51.107",
        "_featureIndex": 813
      },
      "geometry": {
        "type": "Point",
        "coordinates": [
          91.095,
          -43.082
        ]
      },
      "_featureIndex": 813
    },
    {
      "type": "Feature",
      "properties": {
        "Name": "MELWEST-10-082-034",
        "ROCK NAME": "BASALT",
        "SIO2": "51.103",
        "_featureIndex": 814
      },
      "geometry": {
        "type": "Point",
        "coordinates": [
          95.585,
          -45.185
        ]
      },
      "_featureIndex": 814
    },
    {
      "type": "Feature",
      "properties": {
        "Name": "MELWEST-10-082-050",
        "ROCK NAME": "BASALT",
        "SIO2": "51.103",
        "_featureIndex": 815
      },
      "geometry": {
        "type": "Point",
        "coordinates": [
          95.585,
          -45.185
        ]
      },
      "_featureIndex": 815
    },
    {
      "type": "Feature",
      "properties": {
        "Name": "MOA8801-026-001",
        "ROCK NAME": "BASALT",
        "SIO2": "51.1",
        "LA": "3.06",
        "_featureIndex": 816
      },
      "geometry": {
        "type": "Point",
        "coordinates": [
          124.282,
          -48.943
        ]
      },
      "_featureIndex": 816
    },
    {
      "type": "Feature",
      "properties": {
        "Name": "MELWEST-10-134-043",
        "ROCK NAME": "BASALT",
        "SIO2": "51.1",
        "_featureIndex": 817
      },
      "geometry": {
        "type": "Point",
        "coordinates": [
          112.49,
          -50.295
        ]
      },
      "_featureIndex": 817
    },
    {
      "type": "Feature",
      "properties": {
        "Name": "MOA8801-026",
        "ROCK NAME": "BASALT",
        "SIO2": "51.1",
        "_featureIndex": 818
      },
      "geometry": {
        "type": "Point",
        "coordinates": [
          124.282,
          -48.943
        ]
      },
      "_featureIndex": 818
    },
    {
      "type": "Feature",
      "properties": {
        "Name": "VEM0033-1-005-005",
        "ROCK NAME": "BASALT",
        "SIO2": "51.1",
        "_featureIndex": 819
      },
      "geometry": {
        "type": "Point",
        "coordinates": [
          127.08,
          -48.738
        ]
      },
      "_featureIndex": 819
    },
    {
      "type": "Feature",
      "properties": {
        "Name": "MELWEST-10-089-106",
        "ROCK NAME": "BASALT",
        "SIO2": "51.099",
        "_featureIndex": 820
      },
      "geometry": {
        "type": "Point",
        "coordinates": [
          97.512,
          -47.445
        ]
      },
      "_featureIndex": 820
    },
    {
      "type": "Feature",
      "properties": {
        "Name": "MELWEST-10-119-012",
        "ROCK NAME": "BASALT",
        "SIO2": "51.097",
        "_featureIndex": 821
      },
      "geometry": {
        "type": "Point",
        "coordinates": [
          107.504,
          -48.3487
        ]
      },
      "_featureIndex": 821
    },
    {
      "type": "Feature",
      "properties": {
        "Name": "MELWEST-10-089-059",
        "ROCK NAME": "BASALT",
        "SIO2": "51.096",
        "_featureIndex": 822
      },
      "geometry": {
        "type": "Point",
        "coordinates": [
          97.512,
          -47.445
        ]
      },
      "_featureIndex": 822
    },
    {
      "type": "Feature",
      "properties": {
        "Name": "MELWEST-10-101-005",
        "ROCK NAME": "BASALT",
        "SIO2": "51.095",
        "_featureIndex": 823
      },
      "geometry": {
        "type": "Point",
        "coordinates": [
          101.856,
          -47.7748
        ]
      },
      "_featureIndex": 823
    },
    {
      "type": "Feature",
      "properties": {
        "Name": "MELWEST-10-113-008",
        "ROCK NAME": "BASALT",
        "SIO2": "51.095",
        "_featureIndex": 824
      },
      "geometry": {
        "type": "Point",
        "coordinates": [
          105.224,
          -48.752
        ]
      },
      "_featureIndex": 824
    },
    {
      "type": "Feature",
      "properties": {
        "Name": "MELWEST-10-079-004",
        "ROCK NAME": "BASALT",
        "SIO2": "51.094",
        "_featureIndex": 825
      },
      "geometry": {
        "type": "Point",
        "coordinates": [
          95.41,
          -45.11
        ]
      },
      "_featureIndex": 825
    },
    {
      "type": "Feature",
      "properties": {
        "Name": "MELWEST-10-134-018",
        "ROCK NAME": "BASALT",
        "SIO2": "51.093",
        "_featureIndex": 826
      },
      "geometry": {
        "type": "Point",
        "coordinates": [
          112.49,
          -50.295
        ]
      },
      "_featureIndex": 826
    },
    {
      "type": "Feature",
      "properties": {
        "Name": "MELWEST-10-136-017",
        "ROCK NAME": "BASALT",
        "SIO2": "51.093",
        "_featureIndex": 827
      },
      "geometry": {
        "type": "Point",
        "coordinates": [
          112.69,
          -50.32
        ]
      },
      "_featureIndex": 827
    },
    {
      "type": "Feature",
      "properties": {
        "Name": "MELWEST-10-082-063",
        "ROCK NAME": "BASALT",
        "SIO2": "51.092",
        "_featureIndex": 828
      },
      "geometry": {
        "type": "Point",
        "coordinates": [
          95.585,
          -45.185
        ]
      },
      "_featureIndex": 828
    },
    {
      "type": "Feature",
      "properties": {
        "Name": "MELWEST-10-070-043",
        "ROCK NAME": "BASALT",
        "SIO2": "51.091",
        "_featureIndex": 829
      },
      "geometry": {
        "type": "Point",
        "coordinates": [
          90.187,
          -42.57
        ]
      },
      "_featureIndex": 829
    },
    {
      "type": "Feature",
      "properties": {
        "Name": "MELWEST-10-115-007",
        "ROCK NAME": "BASALT",
        "SIO2": "51.091",
        "_featureIndex": 830
      },
      "geometry": {
        "type": "Point",
        "coordinates": [
          105.868,
          -49.229
        ]
      },
      "_featureIndex": 830
    },
    {
      "type": "Feature",
      "properties": {
        "Name": "MELWEST-10-079-003",
        "ROCK NAME": "BASALT",
        "SIO2": "51.09",
        "_featureIndex": 831
      },
      "geometry": {
        "type": "Point",
        "coordinates": [
          95.41,
          -45.11
        ]
      },
      "_featureIndex": 831
    },
    {
      "type": "Feature",
      "properties": {
        "Name": "MELWEST-10-082-067",
        "ROCK NAME": "BASALT",
        "SIO2": "51.09",
        "_featureIndex": 832
      },
      "geometry": {
        "type": "Point",
        "coordinates": [
          95.585,
          -45.185
        ]
      },
      "_featureIndex": 832
    },
    {
      "type": "Feature",
      "properties": {
        "Name": "MELWEST-10-082-058",
        "ROCK NAME": "BASALT",
        "SIO2": "51.086",
        "_featureIndex": 833
      },
      "geometry": {
        "type": "Point",
        "coordinates": [
          95.585,
          -45.185
        ]
      },
      "_featureIndex": 833
    },
    {
      "type": "Feature",
      "properties": {
        "Name": "MELWEST-10-138-007",
        "ROCK NAME": "BASALT",
        "SIO2": "51.086",
        "_featureIndex": 834
      },
      "geometry": {
        "type": "Point",
        "coordinates": [
          112.855,
          -50.187
        ]
      },
      "_featureIndex": 834
    },
    {
      "type": "Feature",
      "properties": {
        "Name": "MELWEST-10-134-001",
        "SIO2": "51.084",
        "LA": "3.28",
        "_featureIndex": 835
      },
      "geometry": {
        "type": "Point",
        "coordinates": [
          112.49,
          -50.295
        ]
      },
      "_featureIndex": 835
    },
    {
      "type": "Feature",
      "properties": {
        "Name": "MELWEST-10-075-012",
        "ROCK NAME": "BASALT",
        "SIO2": "51.084",
        "_featureIndex": 836
      },
      "geometry": {
        "type": "Point",
        "coordinates": [
          92.662,
          -43.575
        ]
      },
      "_featureIndex": 836
    },
    {
      "type": "Feature",
      "properties": {
        "Name": "MELWEST-10-100-016",
        "ROCK NAME": "BASALT",
        "SIO2": "51.084",
        "_featureIndex": 837
      },
      "geometry": {
        "type": "Point",
        "coordinates": [
          101.53,
          -47.63
        ]
      },
      "_featureIndex": 837
    },
    {
      "type": "Feature",
      "properties": {
        "Name": "MELWEST-10-147-006",
        "ROCK NAME": "BASALT",
        "SIO2": "51.083",
        "LA": "6.6",
        "_featureIndex": 838
      },
      "geometry": {
        "type": "Point",
        "coordinates": [
          117.52,
          -49.7
        ]
      },
      "_featureIndex": 838
    },
    {
      "type": "Feature",
      "properties": {
        "Name": "MELWEST-10-084-021b1",
        "ROCK NAME": "BASALT",
        "SIO2": "51.083",
        "_featureIndex": 839
      },
      "geometry": {
        "type": "Point",
        "coordinates": [
          95.932,
          -45.111
        ]
      },
      "_featureIndex": 839
    },
    {
      "type": "Feature",
      "properties": {
        "Name": "MELWEST-10-136-011",
        "ROCK NAME": "BASALT",
        "SIO2": "51.083",
        "_featureIndex": 840
      },
      "geometry": {
        "type": "Point",
        "coordinates": [
          112.69,
          -50.32
        ]
      },
      "_featureIndex": 840
    },
    {
      "type": "Feature",
      "properties": {
        "Name": "MELWEST-10-095-003",
        "ROCK NAME": "BASALT",
        "SIO2": "51.082",
        "_featureIndex": 841
      },
      "geometry": {
        "type": "Point",
        "coordinates": [
          99.4083,
          -47.5457
        ]
      },
      "_featureIndex": 841
    },
    {
      "type": "Feature",
      "properties": {
        "Name": "MOA8801-029-005",
        "ROCK NAME": "BASALT",
        "SIO2": "51.08",
        "LA": "4.32",
        "_featureIndex": 842
      },
      "geometry": {
        "type": "Point",
        "coordinates": [
          124.468,
          -48.907
        ]
      },
      "_featureIndex": 842
    },
    {
      "type": "Feature",
      "properties": {
        "Name": "DUF0037-001-D1-002",
        "ROCK NAME": "BASALT",
        "SIO2": "51.08",
        "_featureIndex": 843
      },
      "geometry": {
        "type": "Point",
        "coordinates": [
          72.24,
          -26.92
        ]
      },
      "_featureIndex": 843
    },
    {
      "type": "Feature",
      "properties": {
        "Name": "MELWEST-10-082-032",
        "ROCK NAME": "BASALT",
        "SIO2": "51.08",
        "_featureIndex": 844
      },
      "geometry": {
        "type": "Point",
        "coordinates": [
          95.585,
          -45.185
        ]
      },
      "_featureIndex": 844
    },
    {
      "type": "Feature",
      "properties": {
        "Name": "VEM0033-2-009-005",
        "ROCK NAME": "BASALT",
        "SIO2": "51.08",
        "_featureIndex": 845
      },
      "geometry": {
        "type": "Point",
        "coordinates": [
          119.175,
          -49.808
        ]
      },
      "_featureIndex": 845
    },
    {
      "type": "Feature",
      "properties": {
        "Name": "MELWEST-10-082-112",
        "ROCK NAME": "BASALT",
        "SIO2": "51.079",
        "_featureIndex": 846
      },
      "geometry": {
        "type": "Point",
        "coordinates": [
          95.585,
          -45.185
        ]
      },
      "_featureIndex": 846
    },
    {
      "type": "Feature",
      "properties": {
        "Name": "MELWEST-10-080-008",
        "ROCK NAME": "BASALT",
        "SIO2": "51.077",
        "_featureIndex": 847
      },
      "geometry": {
        "type": "Point",
        "coordinates": [
          95.496,
          -45.1422
        ]
      },
      "_featureIndex": 847
    },
    {
      "type": "Feature",
      "properties": {
        "Name": "MELWEST-10-084-002",
        "ROCK NAME": "BASALT",
        "SIO2": "51.075",
        "_featureIndex": 848
      },
      "geometry": {
        "type": "Point",
        "coordinates": [
          95.932,
          -45.111
        ]
      },
      "_featureIndex": 848
    },
    {
      "type": "Feature",
      "properties": {
        "Name": "MELWEST-10-079-005",
        "ROCK NAME": "BASALT",
        "SIO2": "51.074",
        "_featureIndex": 849
      },
      "geometry": {
        "type": "Point",
        "coordinates": [
          95.41,
          -45.11
        ]
      },
      "_featureIndex": 849
    },
    {
      "type": "Feature",
      "properties": {
        "Name": "MELWEST-10-106-027",
        "ROCK NAME": "BASALT",
        "SIO2": "51.074",
        "_featureIndex": 850
      },
      "geometry": {
        "type": "Point",
        "coordinates": [
          103.353,
          -47.878
        ]
      },
      "_featureIndex": 850
    },
    {
      "type": "Feature",
      "properties": {
        "Name": "MELWEST-10-113-011",
        "ROCK NAME": "BASALT",
        "SIO2": "51.074",
        "_featureIndex": 851
      },
      "geometry": {
        "type": "Point",
        "coordinates": [
          105.224,
          -48.752
        ]
      },
      "_featureIndex": 851
    },
    {
      "type": "Feature",
      "properties": {
        "Name": "MELWEST-10-116-010",
        "ROCK NAME": "BASALT",
        "SIO2": "51.073",
        "_featureIndex": 852
      },
      "geometry": {
        "type": "Point",
        "coordinates": [
          106.494,
          -48.873
        ]
      },
      "_featureIndex": 852
    },
    {
      "type": "Feature",
      "properties": {
        "Name": "MELWEST-10-075-013",
        "ROCK NAME": "BASALT",
        "SIO2": "51.071",
        "_featureIndex": 853
      },
      "geometry": {
        "type": "Point",
        "coordinates": [
          92.662,
          -43.575
        ]
      },
      "_featureIndex": 853
    },
    {
      "type": "Feature",
      "properties": {
        "Name": "MELWEST-10-082-079",
        "ROCK NAME": "BASALT",
        "SIO2": "51.071",
        "_featureIndex": 854
      },
      "geometry": {
        "type": "Point",
        "coordinates": [
          95.585,
          -45.185
        ]
      },
      "_featureIndex": 854
    },
    {
      "type": "Feature",
      "properties": {
        "Name": "MELWEST-10-141-013",
        "ROCK NAME": "BASALT",
        "SIO2": "51.071",
        "_featureIndex": 855
      },
      "geometry": {
        "type": "Point",
        "coordinates": [
          113.615,
          -50.347
        ]
      },
      "_featureIndex": 855
    },
    {
      "type": "Feature",
      "properties": {
        "Name": "MELBMRG-6-R044C",
        "ROCK NAME": "BASALT",
        "SIO2": "51.07",
        "_featureIndex": 856
      },
      "geometry": {
        "type": "Point",
        "coordinates": [
          77.825,
          -37.721
        ]
      },
      "_featureIndex": 856
    },
    {
      "type": "Feature",
      "properties": {
        "Name": "VEM0033-2-010-006",
        "ROCK NAME": "BASALT",
        "SIO2": "51.07",
        "_featureIndex": 857
      },
      "geometry": {
        "type": "Point",
        "coordinates": [
          115.375,
          -49.917
        ]
      },
      "_featureIndex": 857
    },
    {
      "type": "Feature",
      "properties": {
        "Name": "VEM0033-1-005-012",
        "ROCK NAME": "BASALT",
        "SIO2": "51.07",
        "_featureIndex": 858
      },
      "geometry": {
        "type": "Point",
        "coordinates": [
          127.08,
          -48.738
        ]
      },
      "_featureIndex": 858
    },
    {
      "type": "Feature",
      "properties": {
        "Name": "MELWEST-10-089-018",
        "ROCK NAME": "BASALT",
        "SIO2": "51.069",
        "_featureIndex": 859
      },
      "geometry": {
        "type": "Point",
        "coordinates": [
          97.512,
          -47.445
        ]
      },
      "_featureIndex": 859
    },
    {
      "type": "Feature",
      "properties": {
        "Name": "MELWEST-10-111-002",
        "ROCK NAME": "BASALT",
        "SIO2": "51.068",
        "_featureIndex": 860
      },
      "geometry": {
        "type": "Point",
        "coordinates": [
          104.662,
          -48.212
        ]
      },
      "_featureIndex": 860
    },
    {
      "type": "Feature",
      "properties": {
        "Name": "MELWEST-10-132-036",
        "ROCK NAME": "BASALT",
        "SIO2": "51.068",
        "_featureIndex": 861
      },
      "geometry": {
        "type": "Point",
        "coordinates": [
          111.78,
          -50.21
        ]
      },
      "_featureIndex": 861
    },
    {
      "type": "Feature",
      "properties": {
        "Name": "MELWEST-10-R040-003",
        "ROCK NAME": "BASALT",
        "SIO2": "51.067",
        "_featureIndex": 862
      },
      "geometry": {
        "type": "Point",
        "coordinates": [
          88.6898,
          -41.6883
        ]
      },
      "_featureIndex": 862
    },
    {
      "type": "Feature",
      "properties": {
        "Name": "MELWEST-10-091-008",
        "ROCK NAME": "BASALT",
        "SIO2": "51.066",
        "_featureIndex": 863
      },
      "geometry": {
        "type": "Point",
        "coordinates": [
          98.601,
          -47.909
        ]
      },
      "_featureIndex": 863
    },
    {
      "type": "Feature",
      "properties": {
        "Name": "MELWEST-10-089-102",
        "ROCK NAME": "BASALT",
        "SIO2": "51.065",
        "_featureIndex": 864
      },
      "geometry": {
        "type": "Point",
        "coordinates": [
          97.512,
          -47.445
        ]
      },
      "_featureIndex": 864
    },
    {
      "type": "Feature",
      "properties": {
        "Name": "MELWEST-10-065-021",
        "ROCK NAME": "BASALT",
        "SIO2": "51.063",
        "_featureIndex": 865
      },
      "geometry": {
        "type": "Point",
        "coordinates": [
          91.095,
          -43.082
        ]
      },
      "_featureIndex": 865
    },
    {
      "type": "Feature",
      "properties": {
        "Name": "MOA8801-027-071",
        "ROCK NAME": "BASALT",
        "SIO2": "51.06",
        "LA": "3.53",
        "_featureIndex": 866
      },
      "geometry": {
        "type": "Point",
        "coordinates": [
          124.965,
          -49.062
        ]
      },
      "_featureIndex": 866
    },
    {
      "type": "Feature",
      "properties": {
        "Name": "VEM0033-2-010-005",
        "ROCK NAME": "BASALT",
        "SIO2": "51.06",
        "_featureIndex": 867
      },
      "geometry": {
        "type": "Point",
        "coordinates": [
          115.375,
          -49.917
        ]
      },
      "_featureIndex": 867
    },
    {
      "type": "Feature",
      "properties": {
        "Name": "MELWEST-10-102-012",
        "ROCK NAME": "BASALT",
        "SIO2": "51.059",
        "_featureIndex": 868
      },
      "geometry": {
        "type": "Point",
        "coordinates": [
          102.14,
          -47.88
        ]
      },
      "_featureIndex": 868
    },
    {
      "type": "Feature",
      "properties": {
        "Name": "MELWEST-10-134-011",
        "ROCK NAME": "BASALT",
        "SIO2": "51.059",
        "_featureIndex": 869
      },
      "geometry": {
        "type": "Point",
        "coordinates": [
          112.49,
          -50.295
        ]
      },
      "_featureIndex": 869
    },
    {
      "type": "Feature",
      "properties": {
        "Name": "MELWEST-10-082-057",
        "ROCK NAME": "BASALT",
        "SIO2": "51.058",
        "_featureIndex": 870
      },
      "geometry": {
        "type": "Point",
        "coordinates": [
          95.585,
          -45.185
        ]
      },
      "_featureIndex": 870
    },
    {
      "type": "Feature",
      "properties": {
        "Name": "MELWEST-10-134-009",
        "ROCK NAME": "BASALT",
        "SIO2": "51.058",
        "_featureIndex": 871
      },
      "geometry": {
        "type": "Point",
        "coordinates": [
          112.49,
          -50.295
        ]
      },
      "_featureIndex": 871
    },
    {
      "type": "Feature",
      "properties": {
        "Name": "MELWEST-10-070-024",
        "ROCK NAME": "BASALT",
        "SIO2": "51.057",
        "_featureIndex": 872
      },
      "geometry": {
        "type": "Point",
        "coordinates": [
          90.187,
          -42.57
        ]
      },
      "_featureIndex": 872
    },
    {
      "type": "Feature",
      "properties": {
        "Name": "MELWEST-10-117-009",
        "ROCK NAME": "BASALT",
        "SIO2": "51.057",
        "_featureIndex": 873
      },
      "geometry": {
        "type": "Point",
        "coordinates": [
          107.145,
          -48.348
        ]
      },
      "_featureIndex": 873
    },
    {
      "type": "Feature",
      "properties": {
        "Name": "MELWEST-10-111-011",
        "ROCK NAME": "BASALT",
        "SIO2": "51.056",
        "_featureIndex": 874
      },
      "geometry": {
        "type": "Point",
        "coordinates": [
          104.662,
          -48.212
        ]
      },
      "_featureIndex": 874
    },
    {
      "type": "Feature",
      "properties": {
        "Name": "MELWEST-10-082-068",
        "ROCK NAME": "BASALT",
        "SIO2": "51.055",
        "_featureIndex": 875
      },
      "geometry": {
        "type": "Point",
        "coordinates": [
          95.585,
          -45.185
        ]
      },
      "_featureIndex": 875
    },
    {
      "type": "Feature",
      "properties": {
        "Name": "MELWEST-10-087-020",
        "ROCK NAME": "BASALT",
        "SIO2": "51.055",
        "_featureIndex": 876
      },
      "geometry": {
        "type": "Point",
        "coordinates": [
          96.368,
          -46.778
        ]
      },
      "_featureIndex": 876
    },
    {
      "type": "Feature",
      "properties": {
        "Name": "MELWEST-10-082-046",
        "ROCK NAME": "BASALT",
        "SIO2": "51.054",
        "_featureIndex": 877
      },
      "geometry": {
        "type": "Point",
        "coordinates": [
          95.585,
          -45.185
        ]
      },
      "_featureIndex": 877
    },
    {
      "type": "Feature",
      "properties": {
        "Name": "MELWEST-10-080-011",
        "ROCK NAME": "BASALT",
        "SIO2": "51.053",
        "_featureIndex": 878
      },
      "geometry": {
        "type": "Point",
        "coordinates": [
          95.496,
          -45.1422
        ]
      },
      "_featureIndex": 878
    },
    {
      "type": "Feature",
      "properties": {
        "Name": "MELWEST-10-132-016",
        "ROCK NAME": "BASALT",
        "SIO2": "51.053",
        "_featureIndex": 879
      },
      "geometry": {
        "type": "Point",
        "coordinates": [
          111.78,
          -50.21
        ]
      },
      "_featureIndex": 879
    },
    {
      "type": "Feature",
      "properties": {
        "Name": "MELWEST-10-087-008",
        "ROCK NAME": "BASALT",
        "SIO2": "51.052",
        "_featureIndex": 880
      },
      "geometry": {
        "type": "Point",
        "coordinates": [
          96.368,
          -46.778
        ]
      },
      "_featureIndex": 880
    },
    {
      "type": "Feature",
      "properties": {
        "Name": "MELWEST-10-116-016",
        "ROCK NAME": "BASALT",
        "SIO2": "51.051",
        "_featureIndex": 881
      },
      "geometry": {
        "type": "Point",
        "coordinates": [
          106.494,
          -48.873
        ]
      },
      "_featureIndex": 881
    },
    {
      "type": "Feature",
      "properties": {
        "Name": "MELWEST-10-128-012",
        "ROCK NAME": "BASALT",
        "SIO2": "51.051",
        "_featureIndex": 882
      },
      "geometry": {
        "type": "Point",
        "coordinates": [
          110.412,
          -49.828
        ]
      },
      "_featureIndex": 882
    },
    {
      "type": "Feature",
      "properties": {
        "Name": "MELWEST-10-136-002",
        "ROCK NAME": "BASALT",
        "SIO2": "51.051",
        "_featureIndex": 883
      },
      "geometry": {
        "type": "Point",
        "coordinates": [
          112.69,
          -50.32
        ]
      },
      "_featureIndex": 883
    },
    {
      "type": "Feature",
      "properties": {
        "Name": "VEM0033-1-005",
        "ROCK NAME": "BASALT",
        "SIO2": "51.05",
        "_featureIndex": 884
      },
      "geometry": {
        "type": "Point",
        "coordinates": [
          127.08,
          -48.738
        ]
      },
      "_featureIndex": 884
    },
    {
      "type": "Feature",
      "properties": {
        "Name": "MELWEST-10-082-031",
        "ROCK NAME": "BASALT",
        "SIO2": "51.049",
        "_featureIndex": 885
      },
      "geometry": {
        "type": "Point",
        "coordinates": [
          95.585,
          -45.185
        ]
      },
      "_featureIndex": 885
    },
    {
      "type": "Feature",
      "properties": {
        "Name": "MELWEST-10-084-003",
        "ROCK NAME": "BASALT",
        "SIO2": "51.049",
        "_featureIndex": 886
      },
      "geometry": {
        "type": "Point",
        "coordinates": [
          95.932,
          -45.111
        ]
      },
      "_featureIndex": 886
    },
    {
      "type": "Feature",
      "properties": {
        "Name": "MELWEST-10-116-015",
        "SIO2": "51.047",
        "LA": "6.99",
        "_featureIndex": 887
      },
      "geometry": {
        "type": "Point",
        "coordinates": [
          106.494,
          -48.873
        ]
      },
      "_featureIndex": 887
    },
    {
      "type": "Feature",
      "properties": {
        "Name": "MELWEST-10-144-008",
        "ROCK NAME": "BASALT",
        "SIO2": "51.047",
        "_featureIndex": 888
      },
      "geometry": {
        "type": "Point",
        "coordinates": [
          115.212,
          -50.007
        ]
      },
      "_featureIndex": 888
    },
    {
      "type": "Feature",
      "properties": {
        "Name": "MELWEST-10-079-001",
        "ROCK NAME": "BASALT",
        "SIO2": "51.046",
        "_featureIndex": 889
      },
      "geometry": {
        "type": "Point",
        "coordinates": [
          95.41,
          -45.11
        ]
      },
      "_featureIndex": 889
    },
    {
      "type": "Feature",
      "properties": {
        "Name": "MELWEST-10-082-013",
        "ROCK NAME": "BASALT",
        "SIO2": "51.046",
        "_featureIndex": 890
      },
      "geometry": {
        "type": "Point",
        "coordinates": [
          95.585,
          -45.185
        ]
      },
      "_featureIndex": 890
    },
    {
      "type": "Feature",
      "properties": {
        "Name": "MELWEST-10-085-019",
        "ROCK NAME": "BASALT",
        "SIO2": "51.045",
        "LA": "3.67",
        "_featureIndex": 891
      },
      "geometry": {
        "type": "Point",
        "coordinates": [
          96.117,
          -45.2035
        ]
      },
      "_featureIndex": 891
    },
    {
      "type": "Feature",
      "properties": {
        "Name": "MELWEST-10-084-012",
        "ROCK NAME": "BASALT",
        "SIO2": "51.045",
        "_featureIndex": 892
      },
      "geometry": {
        "type": "Point",
        "coordinates": [
          95.932,
          -45.111
        ]
      },
      "_featureIndex": 892
    },
    {
      "type": "Feature",
      "properties": {
        "Name": "MELWEST-10-079-007",
        "ROCK NAME": "BASALT",
        "SIO2": "51.044",
        "_featureIndex": 893
      },
      "geometry": {
        "type": "Point",
        "coordinates": [
          95.41,
          -45.11
        ]
      },
      "_featureIndex": 893
    },
    {
      "type": "Feature",
      "properties": {
        "Name": "MELWEST-10-082-065",
        "ROCK NAME": "BASALT",
        "SIO2": "51.044",
        "_featureIndex": 894
      },
      "geometry": {
        "type": "Point",
        "coordinates": [
          95.585,
          -45.185
        ]
      },
      "_featureIndex": 894
    },
    {
      "type": "Feature",
      "properties": {
        "Name": "MELWEST-10-113-001",
        "ROCK NAME": "BASALT",
        "SIO2": "51.044",
        "_featureIndex": 895
      },
      "geometry": {
        "type": "Point",
        "coordinates": [
          105.224,
          -48.752
        ]
      },
      "_featureIndex": 895
    },
    {
      "type": "Feature",
      "properties": {
        "Name": "MELWEST-10-134-036",
        "ROCK NAME": "BASALT",
        "SIO2": "51.044",
        "_featureIndex": 896
      },
      "geometry": {
        "type": "Point",
        "coordinates": [
          112.49,
          -50.295
        ]
      },
      "_featureIndex": 896
    },
    {
      "type": "Feature",
      "properties": {
        "Name": "MELWEST-10-111-010",
        "ROCK NAME": "BASALT",
        "SIO2": "51.043",
        "_featureIndex": 897
      },
      "geometry": {
        "type": "Point",
        "coordinates": [
          104.662,
          -48.212
        ]
      },
      "_featureIndex": 897
    },
    {
      "type": "Feature",
      "properties": {
        "Name": "MELWEST-10-087-016",
        "ROCK NAME": "BASALT",
        "SIO2": "51.042",
        "_featureIndex": 898
      },
      "geometry": {
        "type": "Point",
        "coordinates": [
          96.368,
          -46.778
        ]
      },
      "_featureIndex": 898
    },
    {
      "type": "Feature",
      "properties": {
        "Name": "MELWEST-10-087-017",
        "ROCK NAME": "BASALT",
        "SIO2": "51.042",
        "_featureIndex": 899
      },
      "geometry": {
        "type": "Point",
        "coordinates": [
          96.368,
          -46.778
        ]
      },
      "_featureIndex": 899
    },
    {
      "type": "Feature",
      "properties": {
        "Name": "MELWEST-10-135-007",
        "ROCK NAME": "BASALT",
        "SIO2": "51.041",
        "_featureIndex": 900
      },
      "geometry": {
        "type": "Point",
        "coordinates": [
          112.593,
          -50.307
        ]
      },
      "_featureIndex": 900
    },
    {
      "type": "Feature",
      "properties": {
        "Name": "MELWEST-10-087-014",
        "ROCK NAME": "BASALT",
        "SIO2": "51.04",
        "_featureIndex": 901
      },
      "geometry": {
        "type": "Point",
        "coordinates": [
          96.368,
          -46.778
        ]
      },
      "_featureIndex": 901
    },
    {
      "type": "Feature",
      "properties": {
        "Name": "MELWEST-10-132-017",
        "ROCK NAME": "BASALT",
        "SIO2": "51.04",
        "_featureIndex": 902
      },
      "geometry": {
        "type": "Point",
        "coordinates": [
          111.78,
          -50.21
        ]
      },
      "_featureIndex": 902
    },
    {
      "type": "Feature",
      "properties": {
        "Name": "MELWEST-10-132-030",
        "ROCK NAME": "BASALT",
        "SIO2": "51.04",
        "_featureIndex": 903
      },
      "geometry": {
        "type": "Point",
        "coordinates": [
          111.78,
          -50.21
        ]
      },
      "_featureIndex": 903
    },
    {
      "type": "Feature",
      "properties": {
        "Name": "MELWEST-10-082-010",
        "ROCK NAME": "BASALT",
        "SIO2": "51.039",
        "_featureIndex": 904
      },
      "geometry": {
        "type": "Point",
        "coordinates": [
          95.585,
          -45.185
        ]
      },
      "_featureIndex": 904
    },
    {
      "type": "Feature",
      "properties": {
        "Name": "MELWEST-10-132-011",
        "ROCK NAME": "BASALT",
        "SIO2": "51.039",
        "_featureIndex": 905
      },
      "geometry": {
        "type": "Point",
        "coordinates": [
          111.78,
          -50.21
        ]
      },
      "_featureIndex": 905
    },
    {
      "type": "Feature",
      "properties": {
        "Name": "MELWEST-10-141-016",
        "ROCK NAME": "BASALT",
        "SIO2": "51.039",
        "_featureIndex": 906
      },
      "geometry": {
        "type": "Point",
        "coordinates": [
          113.615,
          -50.347
        ]
      },
      "_featureIndex": 906
    },
    {
      "type": "Feature",
      "properties": {
        "Name": "MELWEST-10-106-012",
        "ROCK NAME": "BASALT",
        "SIO2": "51.037",
        "_featureIndex": 907
      },
      "geometry": {
        "type": "Point",
        "coordinates": [
          103.353,
          -47.878
        ]
      },
      "_featureIndex": 907
    },
    {
      "type": "Feature",
      "properties": {
        "Name": "MELWEST-10-113-002",
        "ROCK NAME": "BASALT",
        "SIO2": "51.037",
        "_featureIndex": 908
      },
      "geometry": {
        "type": "Point",
        "coordinates": [
          105.224,
          -48.752
        ]
      },
      "_featureIndex": 908
    },
    {
      "type": "Feature",
      "properties": {
        "Name": "MELWEST-10-132-010",
        "ROCK NAME": "BASALT",
        "SIO2": "51.037",
        "_featureIndex": 909
      },
      "geometry": {
        "type": "Point",
        "coordinates": [
          111.78,
          -50.21
        ]
      },
      "_featureIndex": 909
    },
    {
      "type": "Feature",
      "properties": {
        "Name": "MELWEST-10-132-015",
        "ROCK NAME": "BASALT",
        "SIO2": "51.037",
        "_featureIndex": 910
      },
      "geometry": {
        "type": "Point",
        "coordinates": [
          111.78,
          -50.21
        ]
      },
      "_featureIndex": 910
    },
    {
      "type": "Feature",
      "properties": {
        "Name": "MELWEST-10-082-028",
        "ROCK NAME": "BASALT",
        "SIO2": "51.036",
        "_featureIndex": 911
      },
      "geometry": {
        "type": "Point",
        "coordinates": [
          95.585,
          -45.185
        ]
      },
      "_featureIndex": 911
    },
    {
      "type": "Feature",
      "properties": {
        "Name": "MELWEST-10-085-010",
        "ROCK NAME": "BASALT",
        "SIO2": "51.036",
        "_featureIndex": 912
      },
      "geometry": {
        "type": "Point",
        "coordinates": [
          96.117,
          -45.2035
        ]
      },
      "_featureIndex": 912
    },
    {
      "type": "Feature",
      "properties": {
        "Name": "MELWEST-10-138-030",
        "ROCK NAME": "BASALT",
        "SIO2": "51.036",
        "_featureIndex": 913
      },
      "geometry": {
        "type": "Point",
        "coordinates": [
          112.855,
          -50.187
        ]
      },
      "_featureIndex": 913
    },
    {
      "type": "Feature",
      "properties": {
        "Name": "MELWEST-10-112-005",
        "ROCK NAME": "BASALT",
        "SIO2": "51.034",
        "_featureIndex": 914
      },
      "geometry": {
        "type": "Point",
        "coordinates": [
          104.97,
          -48.32
        ]
      },
      "_featureIndex": 914
    },
    {
      "type": "Feature",
      "properties": {
        "Name": "MELWEST-10-134-017",
        "ROCK NAME": "BASALT",
        "SIO2": "51.034",
        "_featureIndex": 915
      },
      "geometry": {
        "type": "Point",
        "coordinates": [
          112.49,
          -50.295
        ]
      },
      "_featureIndex": 915
    },
    {
      "type": "Feature",
      "properties": {
        "Name": "MELWEST-10-082-083",
        "ROCK NAME": "BASALT",
        "SIO2": "51.03",
        "_featureIndex": 916
      },
      "geometry": {
        "type": "Point",
        "coordinates": [
          95.585,
          -45.185
        ]
      },
      "_featureIndex": 916
    },
    {
      "type": "Feature",
      "properties": {
        "Name": "MELWEST-10-100-002",
        "ROCK NAME": "BASALT",
        "SIO2": "51.03",
        "_featureIndex": 917
      },
      "geometry": {
        "type": "Point",
        "coordinates": [
          101.53,
          -47.63
        ]
      },
      "_featureIndex": 917
    },
    {
      "type": "Feature",
      "properties": {
        "Name": "MELWEST-10-119-013",
        "ROCK NAME": "BASALT",
        "SIO2": "51.03",
        "_featureIndex": 918
      },
      "geometry": {
        "type": "Point",
        "coordinates": [
          107.504,
          -48.3487
        ]
      },
      "_featureIndex": 918
    },
    {
      "type": "Feature",
      "properties": {
        "Name": "VEM0033-1-005-015",
        "ROCK NAME": "BASALT",
        "SIO2": "51.03",
        "_featureIndex": 919
      },
      "geometry": {
        "type": "Point",
        "coordinates": [
          127.08,
          -48.738
        ]
      },
      "_featureIndex": 919
    },
    {
      "type": "Feature",
      "properties": {
        "Name": "MELWEST-10-082-064",
        "ROCK NAME": "BASALT",
        "SIO2": "51.029",
        "_featureIndex": 920
      },
      "geometry": {
        "type": "Point",
        "coordinates": [
          95.585,
          -45.185
        ]
      },
      "_featureIndex": 920
    },
    {
      "type": "Feature",
      "properties": {
        "Name": "MELWEST-10-082-021",
        "ROCK NAME": "BASALT",
        "SIO2": "51.027",
        "_featureIndex": 921
      },
      "geometry": {
        "type": "Point",
        "coordinates": [
          95.585,
          -45.185
        ]
      },
      "_featureIndex": 921
    },
    {
      "type": "Feature",
      "properties": {
        "Name": "MELWEST-10-135-010",
        "ROCK NAME": "BASALT",
        "SIO2": "51.027",
        "_featureIndex": 922
      },
      "geometry": {
        "type": "Point",
        "coordinates": [
          112.593,
          -50.307
        ]
      },
      "_featureIndex": 922
    },
    {
      "type": "Feature",
      "properties": {
        "Name": "MELWEST-10-082-096",
        "ROCK NAME": "BASALT",
        "SIO2": "51.026",
        "_featureIndex": 923
      },
      "geometry": {
        "type": "Point",
        "coordinates": [
          95.585,
          -45.185
        ]
      },
      "_featureIndex": 923
    },
    {
      "type": "Feature",
      "properties": {
        "Name": "MELWEST-10-065-034",
        "ROCK NAME": "BASALT",
        "SIO2": "51.025",
        "_featureIndex": 924
      },
      "geometry": {
        "type": "Point",
        "coordinates": [
          91.095,
          -43.082
        ]
      },
      "_featureIndex": 924
    },
    {
      "type": "Feature",
      "properties": {
        "Name": "MELWEST-10-082-103",
        "ROCK NAME": "BASALT",
        "SIO2": "51.024",
        "_featureIndex": 925
      },
      "geometry": {
        "type": "Point",
        "coordinates": [
          95.585,
          -45.185
        ]
      },
      "_featureIndex": 925
    },
    {
      "type": "Feature",
      "properties": {
        "Name": "MELWEST-10-087-005",
        "ROCK NAME": "BASALT",
        "SIO2": "51.024",
        "_featureIndex": 926
      },
      "geometry": {
        "type": "Point",
        "coordinates": [
          96.368,
          -46.778
        ]
      },
      "_featureIndex": 926
    },
    {
      "type": "Feature",
      "properties": {
        "Name": "MELWEST-10-089-019",
        "ROCK NAME": "BASALT",
        "SIO2": "51.024",
        "_featureIndex": 927
      },
      "geometry": {
        "type": "Point",
        "coordinates": [
          97.512,
          -47.445
        ]
      },
      "_featureIndex": 927
    },
    {
      "type": "Feature",
      "properties": {
        "Name": "MELWEST-10-132-029",
        "ROCK NAME": "BASALT",
        "SIO2": "51.024",
        "_featureIndex": 928
      },
      "geometry": {
        "type": "Point",
        "coordinates": [
          111.78,
          -50.21
        ]
      },
      "_featureIndex": 928
    },
    {
      "type": "Feature",
      "properties": {
        "Name": "MELWEST-10-134-034",
        "ROCK NAME": "BASALT",
        "SIO2": "51.024",
        "_featureIndex": 929
      },
      "geometry": {
        "type": "Point",
        "coordinates": [
          112.49,
          -50.295
        ]
      },
      "_featureIndex": 929
    },
    {
      "type": "Feature",
      "properties": {
        "Name": "MELWEST-10-075-006",
        "ROCK NAME": "BASALT",
        "SIO2": "51.023",
        "_featureIndex": 930
      },
      "geometry": {
        "type": "Point",
        "coordinates": [
          92.662,
          -43.575
        ]
      },
      "_featureIndex": 930
    },
    {
      "type": "Feature",
      "properties": {
        "Name": "MELWEST-10-R052",
        "ROCK NAME": "BASALT",
        "SIO2": "51.023",
        "_featureIndex": 931
      },
      "geometry": {
        "type": "Point",
        "coordinates": [
          98.8427,
          -48.0563
        ]
      },
      "_featureIndex": 931
    },
    {
      "type": "Feature",
      "properties": {
        "Name": "MELWEST-10-116-011",
        "ROCK NAME": "BASALT",
        "SIO2": "51.023",
        "_featureIndex": 932
      },
      "geometry": {
        "type": "Point",
        "coordinates": [
          106.494,
          -48.873
        ]
      },
      "_featureIndex": 932
    },
    {
      "type": "Feature",
      "properties": {
        "Name": "MELWEST-10-145-005",
        "ROCK NAME": "BASALT",
        "SIO2": "51.022",
        "_featureIndex": 933
      },
      "geometry": {
        "type": "Point",
        "coordinates": [
          116.717,
          -49.273
        ]
      },
      "_featureIndex": 933
    },
    {
      "type": "Feature",
      "properties": {
        "Name": "MELWEST-10-132-009",
        "ROCK NAME": "BASALT",
        "SIO2": "51.021",
        "_featureIndex": 934
      },
      "geometry": {
        "type": "Point",
        "coordinates": [
          111.78,
          -50.21
        ]
      },
      "_featureIndex": 934
    },
    {
      "type": "Feature",
      "properties": {
        "Name": "DUF0023-002-001",
        "ROCK NAME": "BASALT",
        "SIO2": "51.02",
        "_featureIndex": 935
      },
      "geometry": {
        "type": "Point",
        "coordinates": [
          71.925,
          -26.521
        ]
      },
      "_featureIndex": 935
    },
    {
      "type": "Feature",
      "properties": {
        "Name": "VEM0033-2-010-001",
        "ROCK NAME": "BASALT",
        "SIO2": "51.02",
        "_featureIndex": 936
      },
      "geometry": {
        "type": "Point",
        "coordinates": [
          115.375,
          -49.917
        ]
      },
      "_featureIndex": 936
    },
    {
      "type": "Feature",
      "properties": {
        "Name": "VEM0033-2-009-002",
        "ROCK NAME": "BASALT",
        "SIO2": "51.02",
        "_featureIndex": 937
      },
      "geometry": {
        "type": "Point",
        "coordinates": [
          119.175,
          -49.808
        ]
      },
      "_featureIndex": 937
    },
    {
      "type": "Feature",
      "properties": {
        "Name": "VEM0033-2-007-A",
        "ROCK NAME": "BASALT",
        "SIO2": "51.02",
        "_featureIndex": 938
      },
      "geometry": {
        "type": "Point",
        "coordinates": [
          124,
          -49.033
        ]
      },
      "_featureIndex": 938
    },
    {
      "type": "Feature",
      "properties": {
        "Name": "MELWEST-10-092-002",
        "ROCK NAME": "BASALT",
        "SIO2": "51.019",
        "_featureIndex": 939
      },
      "geometry": {
        "type": "Point",
        "coordinates": [
          98.943,
          -48.101
        ]
      },
      "_featureIndex": 939
    },
    {
      "type": "Feature",
      "properties": {
        "Name": "MELWEST-10-101-007",
        "ROCK NAME": "BASALT",
        "SIO2": "51.014",
        "_featureIndex": 940
      },
      "geometry": {
        "type": "Point",
        "coordinates": [
          101.856,
          -47.7748
        ]
      },
      "_featureIndex": 940
    },
    {
      "type": "Feature",
      "properties": {
        "Name": "MELWEST-10-134-015",
        "ROCK NAME": "BASALT",
        "SIO2": "51.013",
        "_featureIndex": 941
      },
      "geometry": {
        "type": "Point",
        "coordinates": [
          112.49,
          -50.295
        ]
      },
      "_featureIndex": 941
    },
    {
      "type": "Feature",
      "properties": {
        "Name": "MELWEST-10-134-032",
        "ROCK NAME": "BASALT",
        "SIO2": "51.01",
        "_featureIndex": 942
      },
      "geometry": {
        "type": "Point",
        "coordinates": [
          112.49,
          -50.295
        ]
      },
      "_featureIndex": 942
    },
    {
      "type": "Feature",
      "properties": {
        "Name": "MELWEST-10-141-012",
        "ROCK NAME": "BASALT",
        "SIO2": "51.009",
        "_featureIndex": 943
      },
      "geometry": {
        "type": "Point",
        "coordinates": [
          113.615,
          -50.347
        ]
      },
      "_featureIndex": 943
    },
    {
      "type": "Feature",
      "properties": {
        "Name": "MELWEST-10-089-017",
        "ROCK NAME": "BASALT",
        "SIO2": "51.008",
        "_featureIndex": 944
      },
      "geometry": {
        "type": "Point",
        "coordinates": [
          97.512,
          -47.445
        ]
      },
      "_featureIndex": 944
    },
    {
      "type": "Feature",
      "properties": {
        "Name": "MELWEST-10-145-002",
        "ROCK NAME": "BASALT",
        "SIO2": "51.007",
        "_featureIndex": 945
      },
      "geometry": {
        "type": "Point",
        "coordinates": [
          116.717,
          -49.273
        ]
      },
      "_featureIndex": 945
    },
    {
      "type": "Feature",
      "properties": {
        "Name": "MELWEST-10-065-014",
        "ROCK NAME": "BASALT",
        "SIO2": "51.006",
        "_featureIndex": 946
      },
      "geometry": {
        "type": "Point",
        "coordinates": [
          91.095,
          -43.082
        ]
      },
      "_featureIndex": 946
    },
    {
      "type": "Feature",
      "properties": {
        "Name": "MELWEST-10-065-030",
        "ROCK NAME": "BASALT",
        "SIO2": "51.006",
        "_featureIndex": 947
      },
      "geometry": {
        "type": "Point",
        "coordinates": [
          91.095,
          -43.082
        ]
      },
      "_featureIndex": 947
    },
    {
      "type": "Feature",
      "properties": {
        "Name": "MELWEST-10-084-005",
        "ROCK NAME": "BASALT",
        "SIO2": "51.006",
        "_featureIndex": 948
      },
      "geometry": {
        "type": "Point",
        "coordinates": [
          95.932,
          -45.111
        ]
      },
      "_featureIndex": 948
    },
    {
      "type": "Feature",
      "properties": {
        "Name": "MELWEST-10-124-005",
        "ROCK NAME": "BASALT",
        "SIO2": "51.006",
        "_featureIndex": 949
      },
      "geometry": {
        "type": "Point",
        "coordinates": [
          108.513,
          -49.025
        ]
      },
      "_featureIndex": 949
    },
    {
      "type": "Feature",
      "properties": {
        "Name": "MELWEST-10-132-003",
        "ROCK NAME": "BASALT",
        "SIO2": "51.006",
        "_featureIndex": 950
      },
      "geometry": {
        "type": "Point",
        "coordinates": [
          111.78,
          -50.21
        ]
      },
      "_featureIndex": 950
    },
    {
      "type": "Feature",
      "properties": {
        "Name": "MELWEST-10-136-042",
        "ROCK NAME": "BASALT",
        "SIO2": "51.004",
        "_featureIndex": 951
      },
      "geometry": {
        "type": "Point",
        "coordinates": [
          112.69,
          -50.32
        ]
      },
      "_featureIndex": 951
    },
    {
      "type": "Feature",
      "properties": {
        "Name": "MELWEST-10-070-030",
        "ROCK NAME": "BASALT",
        "SIO2": "51.003",
        "_featureIndex": 952
      },
      "geometry": {
        "type": "Point",
        "coordinates": [
          90.187,
          -42.57
        ]
      },
      "_featureIndex": 952
    },
    {
      "type": "Feature",
      "properties": {
        "Name": "MELWEST-10-077-008",
        "ROCK NAME": "BASALT",
        "SIO2": "51.003",
        "_featureIndex": 953
      },
      "geometry": {
        "type": "Point",
        "coordinates": [
          93.773,
          -44.117
        ]
      },
      "_featureIndex": 953
    },
    {
      "type": "Feature",
      "properties": {
        "Name": "MELWEST-10-085-003",
        "ROCK NAME": "BASALT",
        "SIO2": "51.003",
        "_featureIndex": 954
      },
      "geometry": {
        "type": "Point",
        "coordinates": [
          96.117,
          -45.2035
        ]
      },
      "_featureIndex": 954
    },
    {
      "type": "Feature",
      "properties": {
        "Name": "MELWEST-10-136-041",
        "ROCK NAME": "BASALT",
        "SIO2": "51.003",
        "_featureIndex": 955
      },
      "geometry": {
        "type": "Point",
        "coordinates": [
          112.69,
          -50.32
        ]
      },
      "_featureIndex": 955
    },
    {
      "type": "Feature",
      "properties": {
        "Name": "MOA8801-027-048",
        "ROCK NAME": "BASALT",
        "SIO2": "51",
        "LA": "4.99",
        "_featureIndex": 956
      },
      "geometry": {
        "type": "Point",
        "coordinates": [
          124.965,
          -49.062
        ]
      },
      "_featureIndex": 956
    },
    {
      "type": "Feature",
      "properties": {
        "Name": "MELWEST-10-147-002",
        "ROCK NAME": "BASALT",
        "SIO2": "51",
        "_featureIndex": 957
      },
      "geometry": {
        "type": "Point",
        "coordinates": [
          117.52,
          -49.7
        ]
      },
      "_featureIndex": 957
    },
    {
      "type": "Feature",
      "properties": {
        "Name": "MELWEST-10-091-013",
        "ROCK NAME": "BASALT",
        "SIO2": "50.999",
        "_featureIndex": 958
      },
      "geometry": {
        "type": "Point",
        "coordinates": [
          98.601,
          -47.909
        ]
      },
      "_featureIndex": 958
    },
    {
      "type": "Feature",
      "properties": {
        "Name": "MELWEST-10-132-014",
        "ROCK NAME": "BASALT",
        "SIO2": "50.999",
        "_featureIndex": 959
      },
      "geometry": {
        "type": "Point",
        "coordinates": [
          111.78,
          -50.21
        ]
      },
      "_featureIndex": 959
    },
    {
      "type": "Feature",
      "properties": {
        "Name": "MELWEST-10-070-035",
        "ROCK NAME": "BASALT",
        "SIO2": "50.998",
        "_featureIndex": 960
      },
      "geometry": {
        "type": "Point",
        "coordinates": [
          90.187,
          -42.57
        ]
      },
      "_featureIndex": 960
    },
    {
      "type": "Feature",
      "properties": {
        "Name": "MELWEST-10-134-008",
        "ROCK NAME": "BASALT",
        "SIO2": "50.997",
        "_featureIndex": 961
      },
      "geometry": {
        "type": "Point",
        "coordinates": [
          112.49,
          -50.295
        ]
      },
      "_featureIndex": 961
    },
    {
      "type": "Feature",
      "properties": {
        "Name": "MELWEST-10-134-016",
        "ROCK NAME": "BASALT",
        "SIO2": "50.997",
        "_featureIndex": 962
      },
      "geometry": {
        "type": "Point",
        "coordinates": [
          112.49,
          -50.295
        ]
      },
      "_featureIndex": 962
    },
    {
      "type": "Feature",
      "properties": {
        "Name": "MELWEST-10-134-035",
        "ROCK NAME": "BASALT",
        "SIO2": "50.997",
        "_featureIndex": 963
      },
      "geometry": {
        "type": "Point",
        "coordinates": [
          112.49,
          -50.295
        ]
      },
      "_featureIndex": 963
    },
    {
      "type": "Feature",
      "properties": {
        "Name": "MELWEST-10-132-013",
        "ROCK NAME": "BASALT",
        "SIO2": "50.996",
        "_featureIndex": 964
      },
      "geometry": {
        "type": "Point",
        "coordinates": [
          111.78,
          -50.21
        ]
      },
      "_featureIndex": 964
    },
    {
      "type": "Feature",
      "properties": {
        "Name": "MELWEST-10-138-042",
        "ROCK NAME": "BASALT",
        "SIO2": "50.996",
        "_featureIndex": 965
      },
      "geometry": {
        "type": "Point",
        "coordinates": [
          112.855,
          -50.187
        ]
      },
      "_featureIndex": 965
    },
    {
      "type": "Feature",
      "properties": {
        "Name": "MELWEST-10-079-002",
        "ROCK NAME": "BASALT",
        "SIO2": "50.995",
        "_featureIndex": 966
      },
      "geometry": {
        "type": "Point",
        "coordinates": [
          95.41,
          -45.11
        ]
      },
      "_featureIndex": 966
    },
    {
      "type": "Feature",
      "properties": {
        "Name": "MELWEST-10-071-001",
        "SIO2": "50.994",
        "_featureIndex": 967
      },
      "geometry": {
        "type": "Point",
        "coordinates": [
          90.795,
          -42.886
        ]
      },
      "_featureIndex": 967
    },
    {
      "type": "Feature",
      "properties": {
        "Name": "MELWEST-10-119-010",
        "ROCK NAME": "BASALT",
        "SIO2": "50.994",
        "_featureIndex": 968
      },
      "geometry": {
        "type": "Point",
        "coordinates": [
          107.504,
          -48.3487
        ]
      },
      "_featureIndex": 968
    },
    {
      "type": "Feature",
      "properties": {
        "Name": "MELWEST-10-079-011",
        "ROCK NAME": "BASALT",
        "SIO2": "50.993",
        "_featureIndex": 969
      },
      "geometry": {
        "type": "Point",
        "coordinates": [
          95.41,
          -45.11
        ]
      },
      "_featureIndex": 969
    },
    {
      "type": "Feature",
      "properties": {
        "Name": "MELWEST-10-138-022",
        "ROCK NAME": "BASALT",
        "SIO2": "50.993",
        "_featureIndex": 970
      },
      "geometry": {
        "type": "Point",
        "coordinates": [
          112.855,
          -50.187
        ]
      },
      "_featureIndex": 970
    },
    {
      "type": "Feature",
      "properties": {
        "Name": "MELWEST-10-091-015",
        "ROCK NAME": "BASALT",
        "SIO2": "50.992",
        "_featureIndex": 971
      },
      "geometry": {
        "type": "Point",
        "coordinates": [
          98.601,
          -47.909
        ]
      },
      "_featureIndex": 971
    },
    {
      "type": "Feature",
      "properties": {
        "Name": "MELWEST-10-120-017",
        "ROCK NAME": "BASALT",
        "SIO2": "50.992",
        "_featureIndex": 972
      },
      "geometry": {
        "type": "Point",
        "coordinates": [
          107.813,
          -48.5498
        ]
      },
      "_featureIndex": 972
    },
    {
      "type": "Feature",
      "properties": {
        "Name": "MELWEST-10-126-004",
        "ROCK NAME": "BASALT",
        "SIO2": "50.992",
        "_featureIndex": 973
      },
      "geometry": {
        "type": "Point",
        "coordinates": [
          109.484,
          -49.527
        ]
      },
      "_featureIndex": 973
    },
    {
      "type": "Feature",
      "properties": {
        "Name": "MELWEST-10-087-018",
        "ROCK NAME": "BASALT",
        "SIO2": "50.991",
        "_featureIndex": 974
      },
      "geometry": {
        "type": "Point",
        "coordinates": [
          96.368,
          -46.778
        ]
      },
      "_featureIndex": 974
    },
    {
      "type": "Feature",
      "properties": {
        "Name": "MELWEST-10-138-029",
        "ROCK NAME": "BASALT",
        "SIO2": "50.991",
        "_featureIndex": 975
      },
      "geometry": {
        "type": "Point",
        "coordinates": [
          112.855,
          -50.187
        ]
      },
      "_featureIndex": 975
    },
    {
      "type": "Feature",
      "properties": {
        "Name": "VEM0033-1-002-001",
        "ROCK NAME": "BASALT",
        "SIO2": "50.99",
        "SR87_SR86": "0.70575",
        "_featureIndex": 976
      },
      "geometry": {
        "type": "Point",
        "coordinates": [
          132.55,
          -50.267
        ]
      },
      "_featureIndex": 976
    },
    {
      "type": "Feature",
      "properties": {
        "Name": "MELBMRG-6-R045C",
        "ROCK NAME": "BASALT",
        "SIO2": "50.99",
        "LA": "17.6",
        "_featureIndex": 977
      },
      "geometry": {
        "type": "Point",
        "coordinates": [
          77.832,
          -37.716
        ]
      },
      "_featureIndex": 977
    },
    {
      "type": "Feature",
      "properties": {
        "Name": "MOA8801-001-0A",
        "ROCK NAME": "BASALT",
        "SIO2": "50.99",
        "LA": "5.5",
        "_featureIndex": 978
      },
      "geometry": {
        "type": "Point",
        "coordinates": [
          127.59,
          -50.243
        ]
      },
      "_featureIndex": 978
    },
    {
      "type": "Feature",
      "properties": {
        "Name": "MELWEST-10-127-004",
        "ROCK NAME": "BASALT",
        "SIO2": "50.989",
        "LA": "8.34",
        "_featureIndex": 979
      },
      "geometry": {
        "type": "Point",
        "coordinates": [
          109.884,
          -49.6593
        ]
      },
      "_featureIndex": 979
    },
    {
      "type": "Feature",
      "properties": {
        "Name": "MELWEST-10-136-015",
        "ROCK NAME": "BASALT",
        "SIO2": "50.989",
        "LA": "3.55",
        "_featureIndex": 980
      },
      "geometry": {
        "type": "Point",
        "coordinates": [
          112.69,
          -50.32
        ]
      },
      "_featureIndex": 980
    },
    {
      "type": "Feature",
      "properties": {
        "Name": "MELWEST-10-085-005",
        "ROCK NAME": "BASALT",
        "SIO2": "50.989",
        "_featureIndex": 981
      },
      "geometry": {
        "type": "Point",
        "coordinates": [
          96.117,
          -45.2035
        ]
      },
      "_featureIndex": 981
    },
    {
      "type": "Feature",
      "properties": {
        "Name": "MELWEST-10-092-013",
        "ROCK NAME": "BASALT",
        "SIO2": "50.989",
        "_featureIndex": 982
      },
      "geometry": {
        "type": "Point",
        "coordinates": [
          98.943,
          -48.101
        ]
      },
      "_featureIndex": 982
    },
    {
      "type": "Feature",
      "properties": {
        "Name": "MELWEST-10-082-052",
        "ROCK NAME": "BASALT",
        "SIO2": "50.988",
        "_featureIndex": 983
      },
      "geometry": {
        "type": "Point",
        "coordinates": [
          95.585,
          -45.185
        ]
      },
      "_featureIndex": 983
    },
    {
      "type": "Feature",
      "properties": {
        "Name": "MELWEST-10-138-040",
        "ROCK NAME": "BASALT",
        "SIO2": "50.988",
        "_featureIndex": 984
      },
      "geometry": {
        "type": "Point",
        "coordinates": [
          112.855,
          -50.187
        ]
      },
      "_featureIndex": 984
    },
    {
      "type": "Feature",
      "properties": {
        "Name": "MELWEST-10-087-029",
        "ROCK NAME": "BASALT",
        "SIO2": "50.987",
        "_featureIndex": 985
      },
      "geometry": {
        "type": "Point",
        "coordinates": [
          96.368,
          -46.778
        ]
      },
      "_featureIndex": 985
    },
    {
      "type": "Feature",
      "properties": {
        "Name": "MELWEST-10-072-016",
        "ROCK NAME": "BASALT",
        "SIO2": "50.986",
        "_featureIndex": 986
      },
      "geometry": {
        "type": "Point",
        "coordinates": [
          91.283,
          -43.417
        ]
      },
      "_featureIndex": 986
    },
    {
      "type": "Feature",
      "properties": {
        "Name": "MELWEST-10-106-005",
        "ROCK NAME": "BASALT",
        "SIO2": "50.986",
        "_featureIndex": 987
      },
      "geometry": {
        "type": "Point",
        "coordinates": [
          103.353,
          -47.878
        ]
      },
      "_featureIndex": 987
    },
    {
      "type": "Feature",
      "properties": {
        "Name": "MELWEST-10-107-001",
        "ROCK NAME": "BASALT",
        "SIO2": "50.985",
        "LA": "3.45",
        "_featureIndex": 988
      },
      "geometry": {
        "type": "Point",
        "coordinates": [
          103.352,
          -47.851
        ]
      },
      "_featureIndex": 988
    },
    {
      "type": "Feature",
      "properties": {
        "Name": "MELWEST-10-082-009",
        "ROCK NAME": "BASALT",
        "SIO2": "50.985",
        "_featureIndex": 989
      },
      "geometry": {
        "type": "Point",
        "coordinates": [
          95.585,
          -45.185
        ]
      },
      "_featureIndex": 989
    },
    {
      "type": "Feature",
      "properties": {
        "Name": "MELWEST-10-R045",
        "ROCK NAME": "BASALT",
        "SIO2": "50.984",
        "_featureIndex": 990
      },
      "geometry": {
        "type": "Point",
        "coordinates": [
          95.1753,
          -45.0048
        ]
      },
      "_featureIndex": 990
    },
    {
      "type": "Feature",
      "properties": {
        "Name": "MELWEST-10-070-025",
        "ROCK NAME": "BASALT",
        "SIO2": "50.982",
        "LA": "3.46",
        "_featureIndex": 991
      },
      "geometry": {
        "type": "Point",
        "coordinates": [
          90.187,
          -42.57
        ]
      },
      "_featureIndex": 991
    },
    {
      "type": "Feature",
      "properties": {
        "Name": "MELWEST-10-068-015",
        "ROCK NAME": "BASALT",
        "SIO2": "50.982",
        "_featureIndex": 992
      },
      "geometry": {
        "type": "Point",
        "coordinates": [
          88.5267,
          -41.8167
        ]
      },
      "_featureIndex": 992
    },
    {
      "type": "Feature",
      "properties": {
        "Name": "MELWEST-10-092-011",
        "ROCK NAME": "BASALT",
        "SIO2": "50.981",
        "_featureIndex": 993
      },
      "geometry": {
        "type": "Point",
        "coordinates": [
          98.943,
          -48.101
        ]
      },
      "_featureIndex": 993
    },
    {
      "type": "Feature",
      "properties": {
        "Name": "MELWEST-10-104-013",
        "ROCK NAME": "BASALT",
        "SIO2": "50.981",
        "_featureIndex": 994
      },
      "geometry": {
        "type": "Point",
        "coordinates": [
          103.079,
          -47.9224
        ]
      },
      "_featureIndex": 994
    },
    {
      "type": "Feature",
      "properties": {
        "Name": "VEM0033-2-008-008",
        "ROCK NAME": "BASALT",
        "SIO2": "50.98",
        "LA": "6.91",
        "_featureIndex": 995
      },
      "geometry": {
        "type": "Point",
        "coordinates": [
          121.033,
          -49.467
        ]
      },
      "_featureIndex": 995
    },
    {
      "type": "Feature",
      "properties": {
        "Name": "MELBMRG-6-R045D",
        "ROCK NAME": "BASALT",
        "SIO2": "50.98",
        "_featureIndex": 996
      },
      "geometry": {
        "type": "Point",
        "coordinates": [
          77.832,
          -37.716
        ]
      },
      "_featureIndex": 996
    },
    {
      "type": "Feature",
      "properties": {
        "Name": "VEM0033-1-005-007",
        "ROCK NAME": "BASALT",
        "SIO2": "50.98",
        "_featureIndex": 997
      },
      "geometry": {
        "type": "Point",
        "coordinates": [
          127.08,
          -48.738
        ]
      },
      "_featureIndex": 997
    },
    {
      "type": "Feature",
      "properties": {
        "Name": "MELWEST-10-108-002",
        "ROCK NAME": "BASALT",
        "SIO2": "50.977",
        "_featureIndex": 998
      },
      "geometry": {
        "type": "Point",
        "coordinates": [
          103.57,
          -47.97
        ]
      },
      "_featureIndex": 998
    },
    {
      "type": "Feature",
      "properties": {
        "Name": "MELWEST-10-082-035",
        "SIO2": "50.976",
        "LA": "3.13",
        "_featureIndex": 999
      },
      "geometry": {
        "type": "Point",
        "coordinates": [
          95.585,
          -45.185
        ]
      },
      "_featureIndex": 999
    },
    {
      "type": "Feature",
      "properties": {
        "Name": "MELWEST-10-138-020",
        "ROCK NAME": "BASALT",
        "SIO2": "50.973",
        "_featureIndex": 1000
      },
      "geometry": {
        "type": "Point",
        "coordinates": [
          112.855,
          -50.187
        ]
      },
      "_featureIndex": 1000
    },
    {
      "type": "Feature",
      "properties": {
        "Name": "MELWEST-10-082-053",
        "ROCK NAME": "BASALT",
        "SIO2": "50.971",
        "_featureIndex": 1001
      },
      "geometry": {
        "type": "Point",
        "coordinates": [
          95.585,
          -45.185
        ]
      },
      "_featureIndex": 1001
    },
    {
      "type": "Feature",
      "properties": {
        "Name": "MELWEST-10-084-008",
        "ROCK NAME": "BASALT",
        "SIO2": "50.971",
        "_featureIndex": 1002
      },
      "geometry": {
        "type": "Point",
        "coordinates": [
          95.932,
          -45.111
        ]
      },
      "_featureIndex": 1002
    },
    {
      "type": "Feature",
      "properties": {
        "Name": "VEM0033-2-009-003",
        "ROCK NAME": "BASALT",
        "SIO2": "50.97",
        "_featureIndex": 1003
      },
      "geometry": {
        "type": "Point",
        "coordinates": [
          119.175,
          -49.808
        ]
      },
      "_featureIndex": 1003
    },
    {
      "type": "Feature",
      "properties": {
        "Name": "MELWEST-10-087-041",
        "ROCK NAME": "BASALT",
        "SIO2": "50.969",
        "_featureIndex": 1004
      },
      "geometry": {
        "type": "Point",
        "coordinates": [
          96.368,
          -46.778
        ]
      },
      "_featureIndex": 1004
    },
    {
      "type": "Feature",
      "properties": {
        "Name": "MELWEST-10-089-089",
        "ROCK NAME": "BASALT",
        "SIO2": "50.969",
        "_featureIndex": 1005
      },
      "geometry": {
        "type": "Point",
        "coordinates": [
          97.512,
          -47.445
        ]
      },
      "_featureIndex": 1005
    },
    {
      "type": "Feature",
      "properties": {
        "Name": "MELWEST-10-110-008",
        "ROCK NAME": "BASALT",
        "SIO2": "50.969",
        "_featureIndex": 1006
      },
      "geometry": {
        "type": "Point",
        "coordinates": [
          103.93,
          -48.103
        ]
      },
      "_featureIndex": 1006
    },
    {
      "type": "Feature",
      "properties": {
        "Name": "MELWEST-10-136-019",
        "ROCK NAME": "BASALT",
        "SIO2": "50.967",
        "_featureIndex": 1007
      },
      "geometry": {
        "type": "Point",
        "coordinates": [
          112.69,
          -50.32
        ]
      },
      "_featureIndex": 1007
    },
    {
      "type": "Feature",
      "properties": {
        "Name": "MELWEST-10-083-005",
        "ROCK NAME": "BASALT",
        "SIO2": "50.964",
        "_featureIndex": 1008
      },
      "geometry": {
        "type": "Point",
        "coordinates": [
          95.76,
          -45.05
        ]
      },
      "_featureIndex": 1008
    },
    {
      "type": "Feature",
      "properties": {
        "Name": "MELWEST-10-087-022",
        "ROCK NAME": "BASALT",
        "SIO2": "50.964",
        "_featureIndex": 1009
      },
      "geometry": {
        "type": "Point",
        "coordinates": [
          96.368,
          -46.778
        ]
      },
      "_featureIndex": 1009
    },
    {
      "type": "Feature",
      "properties": {
        "Name": "MELWEST-10-092-009",
        "ROCK NAME": "BASALT",
        "SIO2": "50.963",
        "_featureIndex": 1010
      },
      "geometry": {
        "type": "Point",
        "coordinates": [
          98.943,
          -48.101
        ]
      },
      "_featureIndex": 1010
    },
    {
      "type": "Feature",
      "properties": {
        "Name": "MELWEST-10-138-028",
        "ROCK NAME": "BASALT",
        "SIO2": "50.962",
        "_featureIndex": 1011
      },
      "geometry": {
        "type": "Point",
        "coordinates": [
          112.855,
          -50.187
        ]
      },
      "_featureIndex": 1011
    },
    {
      "type": "Feature",
      "properties": {
        "Name": "MELWEST-10-082-110",
        "ROCK NAME": "BASALT",
        "SIO2": "50.961",
        "_featureIndex": 1012
      },
      "geometry": {
        "type": "Point",
        "coordinates": [
          95.585,
          -45.185
        ]
      },
      "_featureIndex": 1012
    },
    {
      "type": "Feature",
      "properties": {
        "Name": "MOA8801-030-006",
        "ROCK NAME": "BASALT",
        "SIO2": "50.96",
        "LA": "4.34",
        "_featureIndex": 1013
      },
      "geometry": {
        "type": "Point",
        "coordinates": [
          124.282,
          -48.943
        ]
      },
      "_featureIndex": 1013
    },
    {
      "type": "Feature",
      "properties": {
        "Name": "MELWEST-10-134-004",
        "ROCK NAME": "BASALT",
        "SIO2": "50.96",
        "_featureIndex": 1014
      },
      "geometry": {
        "type": "Point",
        "coordinates": [
          112.49,
          -50.295
        ]
      },
      "_featureIndex": 1014
    },
    {
      "type": "Feature",
      "properties": {
        "Name": "MOA8801-006",
        "ROCK NAME": "BASALT",
        "SIO2": "50.96",
        "_featureIndex": 1015
      },
      "geometry": {
        "type": "Point",
        "coordinates": [
          126.883,
          -48.765
        ]
      },
      "_featureIndex": 1015
    },
    {
      "type": "Feature",
      "properties": {
        "Name": "VEM0033-1-006-001",
        "ROCK NAME": "BASALT",
        "SIO2": "50.96",
        "_featureIndex": 1016
      },
      "geometry": {
        "type": "Point",
        "coordinates": [
          130.417,
          -50.3
        ]
      },
      "_featureIndex": 1016
    },
    {
      "type": "Feature",
      "properties": {
        "Name": "MELWEST-10-100-003",
        "ROCK NAME": "BASALT",
        "SIO2": "50.959",
        "_featureIndex": 1017
      },
      "geometry": {
        "type": "Point",
        "coordinates": [
          101.53,
          -47.63
        ]
      },
      "_featureIndex": 1017
    },
    {
      "type": "Feature",
      "properties": {
        "Name": "MELWEST-10-106-010",
        "ROCK NAME": "BASALT",
        "SIO2": "50.959",
        "_featureIndex": 1018
      },
      "geometry": {
        "type": "Point",
        "coordinates": [
          103.353,
          -47.878
        ]
      },
      "_featureIndex": 1018
    },
    {
      "type": "Feature",
      "properties": {
        "Name": "MELWEST-10-082-020",
        "ROCK NAME": "BASALT",
        "SIO2": "50.958",
        "_featureIndex": 1019
      },
      "geometry": {
        "type": "Point",
        "coordinates": [
          95.585,
          -45.185
        ]
      },
      "_featureIndex": 1019
    },
    {
      "type": "Feature",
      "properties": {
        "Name": "MELWEST-10-087-039",
        "ROCK NAME": "BASALT",
        "SIO2": "50.957",
        "_featureIndex": 1020
      },
      "geometry": {
        "type": "Point",
        "coordinates": [
          96.368,
          -46.778
        ]
      },
      "_featureIndex": 1020
    },
    {
      "type": "Feature",
      "properties": {
        "Name": "MELWEST-10-080-010",
        "ROCK NAME": "BASALT",
        "SIO2": "50.956",
        "_featureIndex": 1021
      },
      "geometry": {
        "type": "Point",
        "coordinates": [
          95.496,
          -45.1422
        ]
      },
      "_featureIndex": 1021
    },
    {
      "type": "Feature",
      "properties": {
        "Name": "MELWEST-10-116-018",
        "ROCK NAME": "BASALT",
        "SIO2": "50.956",
        "_featureIndex": 1022
      },
      "geometry": {
        "type": "Point",
        "coordinates": [
          106.494,
          -48.873
        ]
      },
      "_featureIndex": 1022
    },
    {
      "type": "Feature",
      "properties": {
        "Name": "MELWEST-10-133-006",
        "ROCK NAME": "BASALT",
        "SIO2": "50.956",
        "_featureIndex": 1023
      },
      "geometry": {
        "type": "Point",
        "coordinates": [
          112.4,
          -50.32
        ]
      },
      "_featureIndex": 1023
    },
    {
      "type": "Feature",
      "properties": {
        "Name": "MELWEST-10-089-015",
        "ROCK NAME": "BASALT",
        "SIO2": "50.955",
        "_featureIndex": 1024
      },
      "geometry": {
        "type": "Point",
        "coordinates": [
          97.512,
          -47.445
        ]
      },
      "_featureIndex": 1024
    },
    {
      "type": "Feature",
      "properties": {
        "Name": "MELWEST-10-093-019",
        "ROCK NAME": "BASALT",
        "SIO2": "50.955",
        "_featureIndex": 1025
      },
      "geometry": {
        "type": "Point",
        "coordinates": [
          99.1173,
          -47.9815
        ]
      },
      "_featureIndex": 1025
    },
    {
      "type": "Feature",
      "properties": {
        "Name": "MELWEST-10-065-013",
        "ROCK NAME": "BASALT",
        "SIO2": "50.954",
        "_featureIndex": 1026
      },
      "geometry": {
        "type": "Point",
        "coordinates": [
          91.095,
          -43.082
        ]
      },
      "_featureIndex": 1026
    },
    {
      "type": "Feature",
      "properties": {
        "Name": "MELWEST-10-083-015",
        "ROCK NAME": "BASALT",
        "SIO2": "50.954",
        "_featureIndex": 1027
      },
      "geometry": {
        "type": "Point",
        "coordinates": [
          95.76,
          -45.05
        ]
      },
      "_featureIndex": 1027
    },
    {
      "type": "Feature",
      "properties": {
        "Name": "MELWEST-10-071-018",
        "ROCK NAME": "BASALT",
        "SIO2": "50.953",
        "_featureIndex": 1028
      },
      "geometry": {
        "type": "Point",
        "coordinates": [
          90.795,
          -42.886
        ]
      },
      "_featureIndex": 1028
    },
    {
      "type": "Feature",
      "properties": {
        "Name": "MELWEST-10-134-029",
        "ROCK NAME": "BASALT",
        "SIO2": "50.953",
        "_featureIndex": 1029
      },
      "geometry": {
        "type": "Point",
        "coordinates": [
          112.49,
          -50.295
        ]
      },
      "_featureIndex": 1029
    },
    {
      "type": "Feature",
      "properties": {
        "Name": "MELWEST-10-132-024",
        "ROCK NAME": "BASALT",
        "SIO2": "50.952",
        "_featureIndex": 1030
      },
      "geometry": {
        "type": "Point",
        "coordinates": [
          111.78,
          -50.21
        ]
      },
      "_featureIndex": 1030
    },
    {
      "type": "Feature",
      "properties": {
        "Name": "MOA8801-028-001",
        "ROCK NAME": "BASALT",
        "SIO2": "50.95",
        "LA": "3.73",
        "_featureIndex": 1031
      },
      "geometry": {
        "type": "Point",
        "coordinates": [
          124.708,
          -48.99
        ]
      },
      "_featureIndex": 1031
    },
    {
      "type": "Feature",
      "properties": {
        "Name": "MELWEST-10-082-042",
        "ROCK NAME": "BASALT",
        "SIO2": "50.95",
        "_featureIndex": 1032
      },
      "geometry": {
        "type": "Point",
        "coordinates": [
          95.585,
          -45.185
        ]
      },
      "_featureIndex": 1032
    },
    {
      "type": "Feature",
      "properties": {
        "Name": "MELWEST-10-113-012",
        "ROCK NAME": "BASALT",
        "SIO2": "50.95",
        "_featureIndex": 1033
      },
      "geometry": {
        "type": "Point",
        "coordinates": [
          105.224,
          -48.752
        ]
      },
      "_featureIndex": 1033
    },
    {
      "type": "Feature",
      "properties": {
        "Name": "MELWEST-10-071-014",
        "ROCK NAME": "BASALT",
        "SIO2": "50.947",
        "LA": "3.26",
        "_featureIndex": 1034
      },
      "geometry": {
        "type": "Point",
        "coordinates": [
          90.795,
          -42.886
        ]
      },
      "_featureIndex": 1034
    },
    {
      "type": "Feature",
      "properties": {
        "Name": "MELWEST-10-108-007",
        "ROCK NAME": "BASALT",
        "SIO2": "50.947",
        "_featureIndex": 1035
      },
      "geometry": {
        "type": "Point",
        "coordinates": [
          103.57,
          -47.97
        ]
      },
      "_featureIndex": 1035
    },
    {
      "type": "Feature",
      "properties": {
        "Name": "MELWEST-10-133-001",
        "SIO2": "50.946",
        "LA": "3.09",
        "_featureIndex": 1036
      },
      "geometry": {
        "type": "Point",
        "coordinates": [
          112.4,
          -50.32
        ]
      },
      "_featureIndex": 1036
    },
    {
      "type": "Feature",
      "properties": {
        "Name": "MELWEST-10-082-049",
        "ROCK NAME": "BASALT",
        "SIO2": "50.946",
        "_featureIndex": 1037
      },
      "geometry": {
        "type": "Point",
        "coordinates": [
          95.585,
          -45.185
        ]
      },
      "_featureIndex": 1037
    },
    {
      "type": "Feature",
      "properties": {
        "Name": "MELWEST-10-084-009",
        "ROCK NAME": "BASALT",
        "SIO2": "50.946",
        "_featureIndex": 1038
      },
      "geometry": {
        "type": "Point",
        "coordinates": [
          95.932,
          -45.111
        ]
      },
      "_featureIndex": 1038
    },
    {
      "type": "Feature",
      "properties": {
        "Name": "MELWEST-10-087-009",
        "ROCK NAME": "BASALT",
        "SIO2": "50.945",
        "_featureIndex": 1039
      },
      "geometry": {
        "type": "Point",
        "coordinates": [
          96.368,
          -46.778
        ]
      },
      "_featureIndex": 1039
    },
    {
      "type": "Feature",
      "properties": {
        "Name": "MELWEST-10-108-008",
        "ROCK NAME": "BASALT",
        "SIO2": "50.945",
        "_featureIndex": 1040
      },
      "geometry": {
        "type": "Point",
        "coordinates": [
          103.57,
          -47.97
        ]
      },
      "_featureIndex": 1040
    },
    {
      "type": "Feature",
      "properties": {
        "Name": "MELWEST-10-089-043",
        "ROCK NAME": "BASALT",
        "SIO2": "50.944",
        "_featureIndex": 1041
      },
      "geometry": {
        "type": "Point",
        "coordinates": [
          97.512,
          -47.445
        ]
      },
      "_featureIndex": 1041
    },
    {
      "type": "Feature",
      "properties": {
        "Name": "MELWEST-10-108-004",
        "ROCK NAME": "BASALT",
        "SIO2": "50.944",
        "_featureIndex": 1042
      },
      "geometry": {
        "type": "Point",
        "coordinates": [
          103.57,
          -47.97
        ]
      },
      "_featureIndex": 1042
    },
    {
      "type": "Feature",
      "properties": {
        "Name": "MELWEST-10-138-025",
        "ROCK NAME": "BASALT",
        "SIO2": "50.944",
        "_featureIndex": 1043
      },
      "geometry": {
        "type": "Point",
        "coordinates": [
          112.855,
          -50.187
        ]
      },
      "_featureIndex": 1043
    },
    {
      "type": "Feature",
      "properties": {
        "Name": "MELWEST-10-082-027",
        "ROCK NAME": "BASALT",
        "SIO2": "50.943",
        "_featureIndex": 1044
      },
      "geometry": {
        "type": "Point",
        "coordinates": [
          95.585,
          -45.185
        ]
      },
      "_featureIndex": 1044
    },
    {
      "type": "Feature",
      "properties": {
        "Name": "MELWEST-10-080-005",
        "ROCK NAME": "BASALT",
        "SIO2": "50.942",
        "_featureIndex": 1045
      },
      "geometry": {
        "type": "Point",
        "coordinates": [
          95.496,
          -45.1422
        ]
      },
      "_featureIndex": 1045
    },
    {
      "type": "Feature",
      "properties": {
        "Name": "MELWEST-10-119-018",
        "ROCK NAME": "BASALT",
        "SIO2": "50.942",
        "_featureIndex": 1046
      },
      "geometry": {
        "type": "Point",
        "coordinates": [
          107.504,
          -48.3487
        ]
      },
      "_featureIndex": 1046
    },
    {
      "type": "Feature",
      "properties": {
        "Name": "MELWEST-10-138-005",
        "ROCK NAME": "BASALT",
        "SIO2": "50.942",
        "_featureIndex": 1047
      },
      "geometry": {
        "type": "Point",
        "coordinates": [
          112.855,
          -50.187
        ]
      },
      "_featureIndex": 1047
    },
    {
      "type": "Feature",
      "properties": {
        "Name": "MELWEST-10-072-014",
        "ROCK NAME": "BASALT",
        "SIO2": "50.941",
        "_featureIndex": 1048
      },
      "geometry": {
        "type": "Point",
        "coordinates": [
          91.283,
          -43.417
        ]
      },
      "_featureIndex": 1048
    },
    {
      "type": "Feature",
      "properties": {
        "Name": "MELWEST-10-083-008",
        "ROCK NAME": "BASALT",
        "SIO2": "50.941",
        "_featureIndex": 1049
      },
      "geometry": {
        "type": "Point",
        "coordinates": [
          95.76,
          -45.05
        ]
      },
      "_featureIndex": 1049
    },
    {
      "type": "Feature",
      "properties": {
        "Name": "MELWEST-10-132-034",
        "ROCK NAME": "BASALT",
        "SIO2": "50.941",
        "_featureIndex": 1050
      },
      "geometry": {
        "type": "Point",
        "coordinates": [
          111.78,
          -50.21
        ]
      },
      "_featureIndex": 1050
    },
    {
      "type": "Feature",
      "properties": {
        "Name": "MOA8801-029-011",
        "ROCK NAME": "BASALT",
        "SIO2": "50.94",
        "LA": "5.54",
        "_featureIndex": 1051
      },
      "geometry": {
        "type": "Point",
        "coordinates": [
          124.468,
          -48.907
        ]
      },
      "_featureIndex": 1051
    },
    {
      "type": "Feature",
      "properties": {
        "Name": "MELWEST-10-070-036",
        "ROCK NAME": "BASALT",
        "SIO2": "50.938",
        "_featureIndex": 1052
      },
      "geometry": {
        "type": "Point",
        "coordinates": [
          90.187,
          -42.57
        ]
      },
      "_featureIndex": 1052
    },
    {
      "type": "Feature",
      "properties": {
        "Name": "MELWEST-10-130-018",
        "ROCK NAME": "BASALT",
        "SIO2": "50.938",
        "_featureIndex": 1053
      },
      "geometry": {
        "type": "Point",
        "coordinates": [
          111.133,
          -49.775
        ]
      },
      "_featureIndex": 1053
    },
    {
      "type": "Feature",
      "properties": {
        "Name": "MELWEST-10-089-010",
        "ROCK NAME": "BASALT",
        "SIO2": "50.937",
        "_featureIndex": 1054
      },
      "geometry": {
        "type": "Point",
        "coordinates": [
          97.512,
          -47.445
        ]
      },
      "_featureIndex": 1054
    },
    {
      "type": "Feature",
      "properties": {
        "Name": "MELWEST-10-082-085",
        "ROCK NAME": "BASALT",
        "SIO2": "50.936",
        "_featureIndex": 1055
      },
      "geometry": {
        "type": "Point",
        "coordinates": [
          95.585,
          -45.185
        ]
      },
      "_featureIndex": 1055
    },
    {
      "type": "Feature",
      "properties": {
        "Name": "MELWEST-10-089-033",
        "ROCK NAME": "BASALT",
        "SIO2": "50.935",
        "_featureIndex": 1056
      },
      "geometry": {
        "type": "Point",
        "coordinates": [
          97.512,
          -47.445
        ]
      },
      "_featureIndex": 1056
    },
    {
      "type": "Feature",
      "properties": {
        "Name": "MELWEST-10-113-015",
        "ROCK NAME": "BASALT",
        "SIO2": "50.935",
        "_featureIndex": 1057
      },
      "geometry": {
        "type": "Point",
        "coordinates": [
          105.224,
          -48.752
        ]
      },
      "_featureIndex": 1057
    },
    {
      "type": "Feature",
      "properties": {
        "Name": "MELWEST-10-138-031",
        "ROCK NAME": "BASALT",
        "SIO2": "50.933",
        "_featureIndex": 1058
      },
      "geometry": {
        "type": "Point",
        "coordinates": [
          112.855,
          -50.187
        ]
      },
      "_featureIndex": 1058
    },
    {
      "type": "Feature",
      "properties": {
        "Name": "MELWEST-10-082-033",
        "ROCK NAME": "BASALT",
        "SIO2": "50.931",
        "_featureIndex": 1059
      },
      "geometry": {
        "type": "Point",
        "coordinates": [
          95.585,
          -45.185
        ]
      },
      "_featureIndex": 1059
    },
    {
      "type": "Feature",
      "properties": {
        "Name": "MELWEST-10-138-038",
        "ROCK NAME": "BASALT",
        "SIO2": "50.93",
        "_featureIndex": 1060
      },
      "geometry": {
        "type": "Point",
        "coordinates": [
          112.855,
          -50.187
        ]
      },
      "_featureIndex": 1060
    },
    {
      "type": "Feature",
      "properties": {
        "Name": "VEM0033-002-017",
        "ROCK NAME": "BASALT",
        "SIO2": "50.93",
        "_featureIndex": 1061
      },
      "geometry": {
        "type": "Point",
        "coordinates": [
          132.55,
          -50.267
        ]
      },
      "_featureIndex": 1061
    },
    {
      "type": "Feature",
      "properties": {
        "Name": "MELWEST-10-082-011",
        "ROCK NAME": "BASALT",
        "SIO2": "50.929",
        "_featureIndex": 1062
      },
      "geometry": {
        "type": "Point",
        "coordinates": [
          95.585,
          -45.185
        ]
      },
      "_featureIndex": 1062
    },
    {
      "type": "Feature",
      "properties": {
        "Name": "MELWEST-10-089-008",
        "ROCK NAME": "BASALT",
        "SIO2": "50.929",
        "_featureIndex": 1063
      },
      "geometry": {
        "type": "Point",
        "coordinates": [
          97.512,
          -47.445
        ]
      },
      "_featureIndex": 1063
    },
    {
      "type": "Feature",
      "properties": {
        "Name": "MELWEST-10-136-018",
        "ROCK NAME": "BASALT",
        "SIO2": "50.929",
        "_featureIndex": 1064
      },
      "geometry": {
        "type": "Point",
        "coordinates": [
          112.69,
          -50.32
        ]
      },
      "_featureIndex": 1064
    },
    {
      "type": "Feature",
      "properties": {
        "Name": "MELWEST-10-072-024",
        "ROCK NAME": "BASALT",
        "SIO2": "50.926",
        "_featureIndex": 1065
      },
      "geometry": {
        "type": "Point",
        "coordinates": [
          91.283,
          -43.417
        ]
      },
      "_featureIndex": 1065
    },
    {
      "type": "Feature",
      "properties": {
        "Name": "MELWEST-10-106-003",
        "ROCK NAME": "BASALT",
        "SIO2": "50.926",
        "_featureIndex": 1066
      },
      "geometry": {
        "type": "Point",
        "coordinates": [
          103.353,
          -47.878
        ]
      },
      "_featureIndex": 1066
    },
    {
      "type": "Feature",
      "properties": {
        "Name": "MELWEST-10-138-002",
        "ROCK NAME": "BASALT",
        "SIO2": "50.924",
        "_featureIndex": 1067
      },
      "geometry": {
        "type": "Point",
        "coordinates": [
          112.855,
          -50.187
        ]
      },
      "_featureIndex": 1067
    },
    {
      "type": "Feature",
      "properties": {
        "Name": "MELWEST-10-087-010",
        "ROCK NAME": "BASALT",
        "SIO2": "50.922",
        "_featureIndex": 1068
      },
      "geometry": {
        "type": "Point",
        "coordinates": [
          96.368,
          -46.778
        ]
      },
      "_featureIndex": 1068
    },
    {
      "type": "Feature",
      "properties": {
        "Name": "MELWEST-10-089-006",
        "ROCK NAME": "BASALT",
        "SIO2": "50.922",
        "_featureIndex": 1069
      },
      "geometry": {
        "type": "Point",
        "coordinates": [
          97.512,
          -47.445
        ]
      },
      "_featureIndex": 1069
    },
    {
      "type": "Feature",
      "properties": {
        "Name": "MELWEST-10-085-018",
        "ROCK NAME": "BASALT",
        "SIO2": "50.921",
        "_featureIndex": 1070
      },
      "geometry": {
        "type": "Point",
        "coordinates": [
          96.117,
          -45.2035
        ]
      },
      "_featureIndex": 1070
    },
    {
      "type": "Feature",
      "properties": {
        "Name": "MOA8801-024-018",
        "ROCK NAME": "BASALT",
        "SIO2": "50.92",
        "LA": "4.46",
        "_featureIndex": 1071
      },
      "geometry": {
        "type": "Point",
        "coordinates": [
          126.167,
          -49.768
        ]
      },
      "_featureIndex": 1071
    },
    {
      "type": "Feature",
      "properties": {
        "Name": "VEM0033-2-010-016",
        "ROCK NAME": "BASALT",
        "SIO2": "50.92",
        "_featureIndex": 1072
      },
      "geometry": {
        "type": "Point",
        "coordinates": [
          115.375,
          -49.917
        ]
      },
      "_featureIndex": 1072
    },
    {
      "type": "Feature",
      "properties": {
        "Name": "VEM0033-1-005-013",
        "ROCK NAME": "BASALT",
        "SIO2": "50.92",
        "_featureIndex": 1073
      },
      "geometry": {
        "type": "Point",
        "coordinates": [
          127.08,
          -48.738
        ]
      },
      "_featureIndex": 1073
    },
    {
      "type": "Feature",
      "properties": {
        "Name": "MELWEST-10-107-003",
        "ROCK NAME": "BASALT",
        "SIO2": "50.918",
        "_featureIndex": 1074
      },
      "geometry": {
        "type": "Point",
        "coordinates": [
          103.352,
          -47.851
        ]
      },
      "_featureIndex": 1074
    },
    {
      "type": "Feature",
      "properties": {
        "Name": "MELWEST-10-105-012",
        "ROCK NAME": "BASALT",
        "SIO2": "50.916",
        "_featureIndex": 1075
      },
      "geometry": {
        "type": "Point",
        "coordinates": [
          103.04,
          -47.77
        ]
      },
      "_featureIndex": 1075
    },
    {
      "type": "Feature",
      "properties": {
        "Name": "MELWEST-10-108-003",
        "ROCK NAME": "BASALT",
        "SIO2": "50.915",
        "LA": "3.51",
        "_featureIndex": 1076
      },
      "geometry": {
        "type": "Point",
        "coordinates": [
          103.57,
          -47.97
        ]
      },
      "_featureIndex": 1076
    },
    {
      "type": "Feature",
      "properties": {
        "Name": "MELWEST-10-087-007",
        "ROCK NAME": "BASALT",
        "SIO2": "50.915",
        "_featureIndex": 1077
      },
      "geometry": {
        "type": "Point",
        "coordinates": [
          96.368,
          -46.778
        ]
      },
      "_featureIndex": 1077
    },
    {
      "type": "Feature",
      "properties": {
        "Name": "MELWEST-10-082-005",
        "ROCK NAME": "BASALT",
        "SIO2": "50.914",
        "_featureIndex": 1078
      },
      "geometry": {
        "type": "Point",
        "coordinates": [
          95.585,
          -45.185
        ]
      },
      "_featureIndex": 1078
    },
    {
      "type": "Feature",
      "properties": {
        "Name": "MELWEST-10-130-015",
        "ROCK NAME": "BASALT",
        "SIO2": "50.914",
        "_featureIndex": 1079
      },
      "geometry": {
        "type": "Point",
        "coordinates": [
          111.133,
          -49.775
        ]
      },
      "_featureIndex": 1079
    },
    {
      "type": "Feature",
      "properties": {
        "Name": "MELWEST-10-071-002",
        "ROCK NAME": "BASALT",
        "SIO2": "50.913",
        "_featureIndex": 1080
      },
      "geometry": {
        "type": "Point",
        "coordinates": [
          90.795,
          -42.886
        ]
      },
      "_featureIndex": 1080
    },
    {
      "type": "Feature",
      "properties": {
        "Name": "MELWEST-10-108-005",
        "ROCK NAME": "BASALT",
        "SIO2": "50.913",
        "_featureIndex": 1081
      },
      "geometry": {
        "type": "Point",
        "coordinates": [
          103.57,
          -47.97
        ]
      },
      "_featureIndex": 1081
    },
    {
      "type": "Feature",
      "properties": {
        "Name": "MELWEST-10-065-024",
        "ROCK NAME": "BASALT",
        "SIO2": "50.912",
        "_featureIndex": 1082
      },
      "geometry": {
        "type": "Point",
        "coordinates": [
          91.095,
          -43.082
        ]
      },
      "_featureIndex": 1082
    },
    {
      "type": "Feature",
      "properties": {
        "Name": "CHRHYAM-002",
        "ROCK NAME": "THOLEIITE",
        "SIO2": "50.91",
        "LA": "8.4",
        "_featureIndex": 1083
      },
      "geometry": {
        "type": "Point",
        "coordinates": [
          78.48,
          -39.68
        ]
      },
      "_featureIndex": 1083
    },
    {
      "type": "Feature",
      "properties": {
        "Name": "VEM0033-2-010-010",
        "ROCK NAME": "BASALT",
        "SIO2": "50.91",
        "LA": "3.24",
        "_featureIndex": 1084
      },
      "geometry": {
        "type": "Point",
        "coordinates": [
          115.375,
          -49.917
        ]
      },
      "_featureIndex": 1084
    },
    {
      "type": "Feature",
      "properties": {
        "Name": "DUF0023-004-007",
        "ROCK NAME": "BASALT",
        "SIO2": "50.91",
        "_featureIndex": 1085
      },
      "geometry": {
        "type": "Point",
        "coordinates": [
          70.323,
          -25.864
        ]
      },
      "_featureIndex": 1085
    },
    {
      "type": "Feature",
      "properties": {
        "Name": "VEM0033-1-005-009",
        "ROCK NAME": "BASALT",
        "SIO2": "50.91",
        "_featureIndex": 1086
      },
      "geometry": {
        "type": "Point",
        "coordinates": [
          127.08,
          -48.738
        ]
      },
      "_featureIndex": 1086
    },
    {
      "type": "Feature",
      "properties": {
        "Name": "MELWEST-10-112-004",
        "ROCK NAME": "BASALT",
        "SIO2": "50.909",
        "_featureIndex": 1087
      },
      "geometry": {
        "type": "Point",
        "coordinates": [
          104.97,
          -48.32
        ]
      },
      "_featureIndex": 1087
    },
    {
      "type": "Feature",
      "properties": {
        "Name": "MELWEST-10-065-044",
        "ROCK NAME": "BASALT",
        "SIO2": "50.908",
        "_featureIndex": 1088
      },
      "geometry": {
        "type": "Point",
        "coordinates": [
          91.095,
          -43.082
        ]
      },
      "_featureIndex": 1088
    },
    {
      "type": "Feature",
      "properties": {
        "Name": "MELWEST-10-089-066",
        "ROCK NAME": "BASALT",
        "SIO2": "50.908",
        "_featureIndex": 1089
      },
      "geometry": {
        "type": "Point",
        "coordinates": [
          97.512,
          -47.445
        ]
      },
      "_featureIndex": 1089
    },
    {
      "type": "Feature",
      "properties": {
        "Name": "MELWEST-10-082-008",
        "ROCK NAME": "BASALT",
        "SIO2": "50.907",
        "_featureIndex": 1090
      },
      "geometry": {
        "type": "Point",
        "coordinates": [
          95.585,
          -45.185
        ]
      },
      "_featureIndex": 1090
    },
    {
      "type": "Feature",
      "properties": {
        "Name": "MELWEST-10-106-004",
        "SIO2": "50.906",
        "LA": "3.17",
        "_featureIndex": 1091
      },
      "geometry": {
        "type": "Point",
        "coordinates": [
          103.353,
          -47.878
        ]
      },
      "_featureIndex": 1091
    },
    {
      "type": "Feature",
      "properties": {
        "Name": "MELWEST-10-070-022",
        "ROCK NAME": "BASALT",
        "SIO2": "50.904",
        "_featureIndex": 1092
      },
      "geometry": {
        "type": "Point",
        "coordinates": [
          90.187,
          -42.57
        ]
      },
      "_featureIndex": 1092
    },
    {
      "type": "Feature",
      "properties": {
        "Name": "MELWEST-10-107-004",
        "ROCK NAME": "BASALT",
        "SIO2": "50.904",
        "_featureIndex": 1093
      },
      "geometry": {
        "type": "Point",
        "coordinates": [
          103.352,
          -47.851
        ]
      },
      "_featureIndex": 1093
    },
    {
      "type": "Feature",
      "properties": {
        "Name": "MELWEST-10-134-039",
        "ROCK NAME": "BASALT",
        "SIO2": "50.904",
        "_featureIndex": 1094
      },
      "geometry": {
        "type": "Point",
        "coordinates": [
          112.49,
          -50.295
        ]
      },
      "_featureIndex": 1094
    },
    {
      "type": "Feature",
      "properties": {
        "Name": "MELWEST-10-075-003",
        "ROCK NAME": "BASALT",
        "SIO2": "50.903",
        "_featureIndex": 1095
      },
      "geometry": {
        "type": "Point",
        "coordinates": [
          92.662,
          -43.575
        ]
      },
      "_featureIndex": 1095
    },
    {
      "type": "Feature",
      "properties": {
        "Name": "MELWEST-10-065-017",
        "ROCK NAME": "BASALT",
        "SIO2": "50.902",
        "_featureIndex": 1096
      },
      "geometry": {
        "type": "Point",
        "coordinates": [
          91.095,
          -43.082
        ]
      },
      "_featureIndex": 1096
    },
    {
      "type": "Feature",
      "properties": {
        "Name": "MELWEST-10-088-003",
        "ROCK NAME": "BASALT",
        "SIO2": "50.901",
        "_featureIndex": 1097
      },
      "geometry": {
        "type": "Point",
        "coordinates": [
          96.833,
          -47.076
        ]
      },
      "_featureIndex": 1097
    },
    {
      "type": "Feature",
      "properties": {
        "Name": "MOA8801-018-004",
        "ROCK NAME": "BASALT",
        "SIO2": "50.9",
        "LA": "4.1",
        "_featureIndex": 1098
      },
      "geometry": {
        "type": "Point",
        "coordinates": [
          126.742,
          -50.042
        ]
      },
      "_featureIndex": 1098
    },
    {
      "type": "Feature",
      "properties": {
        "Name": "VEM0033-1-002-017",
        "ROCK NAME": "BASALT",
        "SIO2": "50.9",
        "LA": "3.69",
        "_featureIndex": 1099
      },
      "geometry": {
        "type": "Point",
        "coordinates": [
          132.55,
          -50.267
        ]
      },
      "_featureIndex": 1099
    },
    {
      "type": "Feature",
      "properties": {
        "Name": "DUF0023-004",
        "ROCK NAME": "BASALT",
        "SIO2": "50.9",
        "_featureIndex": 1100
      },
      "geometry": {
        "type": "Point",
        "coordinates": [
          70.323,
          -25.864
        ]
      },
      "_featureIndex": 1100
    },
    {
      "type": "Feature",
      "properties": {
        "Name": "MELWEST-10-070-014",
        "ROCK NAME": "BASALT",
        "SIO2": "50.9",
        "_featureIndex": 1101
      },
      "geometry": {
        "type": "Point",
        "coordinates": [
          90.187,
          -42.57
        ]
      },
      "_featureIndex": 1101
    },
    {
      "type": "Feature",
      "properties": {
        "Name": "MELWEST-10-081-002",
        "ROCK NAME": "BASALT",
        "SIO2": "50.9",
        "_featureIndex": 1102
      },
      "geometry": {
        "type": "Point",
        "coordinates": [
          95.59,
          -45.174
        ]
      },
      "_featureIndex": 1102
    },
    {
      "type": "Feature",
      "properties": {
        "Name": "MELWEST-10-084-006",
        "ROCK NAME": "BASALT",
        "SIO2": "50.9",
        "_featureIndex": 1103
      },
      "geometry": {
        "type": "Point",
        "coordinates": [
          95.932,
          -45.111
        ]
      },
      "_featureIndex": 1103
    },
    {
      "type": "Feature",
      "properties": {
        "Name": "MELWEST-10-128-015",
        "ROCK NAME": "BASALT",
        "SIO2": "50.9",
        "_featureIndex": 1104
      },
      "geometry": {
        "type": "Point",
        "coordinates": [
          110.412,
          -49.828
        ]
      },
      "_featureIndex": 1104
    },
    {
      "type": "Feature",
      "properties": {
        "Name": "MELWEST-10-083-012",
        "ROCK NAME": "BASALT",
        "SIO2": "50.899",
        "_featureIndex": 1105
      },
      "geometry": {
        "type": "Point",
        "coordinates": [
          95.76,
          -45.05
        ]
      },
      "_featureIndex": 1105
    },
    {
      "type": "Feature",
      "properties": {
        "Name": "MELWEST-10-082-102",
        "ROCK NAME": "BASALT",
        "SIO2": "50.895",
        "_featureIndex": 1106
      },
      "geometry": {
        "type": "Point",
        "coordinates": [
          95.585,
          -45.185
        ]
      },
      "_featureIndex": 1106
    },
    {
      "type": "Feature",
      "properties": {
        "Name": "MELWEST-10-085-008",
        "ROCK NAME": "BASALT",
        "SIO2": "50.894",
        "_featureIndex": 1107
      },
      "geometry": {
        "type": "Point",
        "coordinates": [
          96.117,
          -45.2035
        ]
      },
      "_featureIndex": 1107
    },
    {
      "type": "Feature",
      "properties": {
        "Name": "MELWEST-10-128-018",
        "ROCK NAME": "BASALT",
        "SIO2": "50.894",
        "_featureIndex": 1108
      },
      "geometry": {
        "type": "Point",
        "coordinates": [
          110.412,
          -49.828
        ]
      },
      "_featureIndex": 1108
    },
    {
      "type": "Feature",
      "properties": {
        "Name": "MELWEST-10-082-017",
        "ROCK NAME": "BASALT",
        "SIO2": "50.892",
        "_featureIndex": 1109
      },
      "geometry": {
        "type": "Point",
        "coordinates": [
          95.585,
          -45.185
        ]
      },
      "_featureIndex": 1109
    },
    {
      "type": "Feature",
      "properties": {
        "Name": "MELWEST-10-138-026",
        "ROCK NAME": "BASALT",
        "SIO2": "50.892",
        "_featureIndex": 1110
      },
      "geometry": {
        "type": "Point",
        "coordinates": [
          112.855,
          -50.187
        ]
      },
      "_featureIndex": 1110
    },
    {
      "type": "Feature",
      "properties": {
        "Name": "MELWEST-10-138-036",
        "ROCK NAME": "BASALT",
        "SIO2": "50.889",
        "LA": "4.27",
        "_featureIndex": 1111
      },
      "geometry": {
        "type": "Point",
        "coordinates": [
          112.855,
          -50.187
        ]
      },
      "_featureIndex": 1111
    },
    {
      "type": "Feature",
      "properties": {
        "Name": "MELWEST-10-082-039",
        "ROCK NAME": "BASALT",
        "SIO2": "50.889",
        "_featureIndex": 1112
      },
      "geometry": {
        "type": "Point",
        "coordinates": [
          95.585,
          -45.185
        ]
      },
      "_featureIndex": 1112
    },
    {
      "type": "Feature",
      "properties": {
        "Name": "MELWEST-10-108-010",
        "ROCK NAME": "BASALT",
        "SIO2": "50.889",
        "_featureIndex": 1113
      },
      "geometry": {
        "type": "Point",
        "coordinates": [
          103.57,
          -47.97
        ]
      },
      "_featureIndex": 1113
    },
    {
      "type": "Feature",
      "properties": {
        "Name": "MELWEST-10-089-020",
        "ROCK NAME": "BASALT",
        "SIO2": "50.888",
        "_featureIndex": 1114
      },
      "geometry": {
        "type": "Point",
        "coordinates": [
          97.512,
          -47.445
        ]
      },
      "_featureIndex": 1114
    },
    {
      "type": "Feature",
      "properties": {
        "Name": "MELWEST-10-119-015",
        "ROCK NAME": "BASALT",
        "SIO2": "50.888",
        "_featureIndex": 1115
      },
      "geometry": {
        "type": "Point",
        "coordinates": [
          107.504,
          -48.3487
        ]
      },
      "_featureIndex": 1115
    },
    {
      "type": "Feature",
      "properties": {
        "Name": "MELWEST-10-071-016",
        "ROCK NAME": "BASALT",
        "SIO2": "50.885",
        "_featureIndex": 1116
      },
      "geometry": {
        "type": "Point",
        "coordinates": [
          90.795,
          -42.886
        ]
      },
      "_featureIndex": 1116
    },
    {
      "type": "Feature",
      "properties": {
        "Name": "MELWEST-10-073-001",
        "ROCK NAME": "BASALT",
        "SIO2": "50.882",
        "_featureIndex": 1117
      },
      "geometry": {
        "type": "Point",
        "coordinates": [
          91.684,
          -43.468
        ]
      },
      "_featureIndex": 1117
    },
    {
      "type": "Feature",
      "properties": {
        "Name": "MELWEST-10-068-014a.1",
        "ROCK NAME": "BASALT",
        "SIO2": "50.881",
        "_featureIndex": 1118
      },
      "geometry": {
        "type": "Point",
        "coordinates": [
          88.5267,
          -41.8167
        ]
      },
      "_featureIndex": 1118
    },
    {
      "type": "Feature",
      "properties": {
        "Name": "MELWEST-10-084-026",
        "ROCK NAME": "BASALT",
        "SIO2": "50.881",
        "_featureIndex": 1119
      },
      "geometry": {
        "type": "Point",
        "coordinates": [
          95.932,
          -45.111
        ]
      },
      "_featureIndex": 1119
    },
    {
      "type": "Feature",
      "properties": {
        "Name": "MELWEST-10-085-009",
        "ROCK NAME": "BASALT",
        "SIO2": "50.881",
        "_featureIndex": 1120
      },
      "geometry": {
        "type": "Point",
        "coordinates": [
          96.117,
          -45.2035
        ]
      },
      "_featureIndex": 1120
    },
    {
      "type": "Feature",
      "properties": {
        "Name": "MELWEST-10-088-010",
        "ROCK NAME": "BASALT",
        "SIO2": "50.881",
        "_featureIndex": 1121
      },
      "geometry": {
        "type": "Point",
        "coordinates": [
          96.833,
          -47.076
        ]
      },
      "_featureIndex": 1121
    },
    {
      "type": "Feature",
      "properties": {
        "Name": "MELWEST-10-112-003",
        "ROCK NAME": "BASALT",
        "SIO2": "50.88",
        "_featureIndex": 1122
      },
      "geometry": {
        "type": "Point",
        "coordinates": [
          104.97,
          -48.32
        ]
      },
      "_featureIndex": 1122
    },
    {
      "type": "Feature",
      "properties": {
        "Name": "MELWEST-10-067-001",
        "ROCK NAME": "BASALT",
        "SIO2": "50.879",
        "_featureIndex": 1123
      },
      "geometry": {
        "type": "Point",
        "coordinates": [
          89.1898,
          -41.8883
        ]
      },
      "_featureIndex": 1123
    },
    {
      "type": "Feature",
      "properties": {
        "Name": "MELWEST-10-106-006",
        "ROCK NAME": "BASALT",
        "SIO2": "50.879",
        "_featureIndex": 1124
      },
      "geometry": {
        "type": "Point",
        "coordinates": [
          103.353,
          -47.878
        ]
      },
      "_featureIndex": 1124
    },
    {
      "type": "Feature",
      "properties": {
        "Name": "MELWEST-10-106-008",
        "ROCK NAME": "BASALT",
        "SIO2": "50.879",
        "_featureIndex": 1125
      },
      "geometry": {
        "type": "Point",
        "coordinates": [
          103.353,
          -47.878
        ]
      },
      "_featureIndex": 1125
    },
    {
      "type": "Feature",
      "properties": {
        "Name": "MELWEST-10-079-008",
        "ROCK NAME": "BASALT",
        "SIO2": "50.878",
        "_featureIndex": 1126
      },
      "geometry": {
        "type": "Point",
        "coordinates": [
          95.41,
          -45.11
        ]
      },
      "_featureIndex": 1126
    },
    {
      "type": "Feature",
      "properties": {
        "Name": "MELWEST-10-083-004",
        "ROCK NAME": "BASALT",
        "SIO2": "50.878",
        "_featureIndex": 1127
      },
      "geometry": {
        "type": "Point",
        "coordinates": [
          95.76,
          -45.05
        ]
      },
      "_featureIndex": 1127
    },
    {
      "type": "Feature",
      "properties": {
        "Name": "MELWEST-10-138-039",
        "ROCK NAME": "BASALT",
        "SIO2": "50.877",
        "_featureIndex": 1128
      },
      "geometry": {
        "type": "Point",
        "coordinates": [
          112.855,
          -50.187
        ]
      },
      "_featureIndex": 1128
    },
    {
      "type": "Feature",
      "properties": {
        "Name": "MELWEST-10-082-105",
        "ROCK NAME": "BASALT",
        "SIO2": "50.875",
        "_featureIndex": 1129
      },
      "geometry": {
        "type": "Point",
        "coordinates": [
          95.585,
          -45.185
        ]
      },
      "_featureIndex": 1129
    },
    {
      "type": "Feature",
      "properties": {
        "Name": "MELWEST-10-087-031",
        "ROCK NAME": "BASALT",
        "SIO2": "50.874",
        "_featureIndex": 1130
      },
      "geometry": {
        "type": "Point",
        "coordinates": [
          96.368,
          -46.778
        ]
      },
      "_featureIndex": 1130
    },
    {
      "type": "Feature",
      "properties": {
        "Name": "MELWEST-10-089-031",
        "ROCK NAME": "BASALT",
        "SIO2": "50.873",
        "_featureIndex": 1131
      },
      "geometry": {
        "type": "Point",
        "coordinates": [
          97.512,
          -47.445
        ]
      },
      "_featureIndex": 1131
    },
    {
      "type": "Feature",
      "properties": {
        "Name": "MELWEST-10-092-015",
        "ROCK NAME": "BASALT",
        "SIO2": "50.873",
        "_featureIndex": 1132
      },
      "geometry": {
        "type": "Point",
        "coordinates": [
          98.943,
          -48.101
        ]
      },
      "_featureIndex": 1132
    },
    {
      "type": "Feature",
      "properties": {
        "Name": "MELWEST-10-070-004",
        "ROCK NAME": "BASALT",
        "SIO2": "50.872",
        "_featureIndex": 1133
      },
      "geometry": {
        "type": "Point",
        "coordinates": [
          90.187,
          -42.57
        ]
      },
      "_featureIndex": 1133
    },
    {
      "type": "Feature",
      "properties": {
        "Name": "MELWEST-10-099-001",
        "ROCK NAME": "BASALT",
        "SIO2": "50.872",
        "_featureIndex": 1134
      },
      "geometry": {
        "type": "Point",
        "coordinates": [
          101.22,
          -47.59
        ]
      },
      "_featureIndex": 1134
    },
    {
      "type": "Feature",
      "properties": {
        "Name": "MELWEST-10-138-003",
        "ROCK NAME": "BASALT",
        "SIO2": "50.872",
        "_featureIndex": 1135
      },
      "geometry": {
        "type": "Point",
        "coordinates": [
          112.855,
          -50.187
        ]
      },
      "_featureIndex": 1135
    },
    {
      "type": "Feature",
      "properties": {
        "Name": "MELWEST-10-126-007",
        "ROCK NAME": "BASALT",
        "SIO2": "50.871",
        "LA": "9.64",
        "_featureIndex": 1136
      },
      "geometry": {
        "type": "Point",
        "coordinates": [
          109.484,
          -49.527
        ]
      },
      "_featureIndex": 1136
    },
    {
      "type": "Feature",
      "properties": {
        "Name": "MELWEST-10-082-016",
        "ROCK NAME": "BASALT",
        "SIO2": "50.871",
        "_featureIndex": 1137
      },
      "geometry": {
        "type": "Point",
        "coordinates": [
          95.585,
          -45.185
        ]
      },
      "_featureIndex": 1137
    },
    {
      "type": "Feature",
      "properties": {
        "Name": "MELWEST-10-083-013",
        "ROCK NAME": "BASALT",
        "SIO2": "50.871",
        "_featureIndex": 1138
      },
      "geometry": {
        "type": "Point",
        "coordinates": [
          95.76,
          -45.05
        ]
      },
      "_featureIndex": 1138
    },
    {
      "type": "Feature",
      "properties": {
        "Name": "MELWEST-10-084-024",
        "ROCK NAME": "BASALT",
        "SIO2": "50.87",
        "_featureIndex": 1139
      },
      "geometry": {
        "type": "Point",
        "coordinates": [
          95.932,
          -45.111
        ]
      },
      "_featureIndex": 1139
    },
    {
      "type": "Feature",
      "properties": {
        "Name": "MELWEST-10-085-020",
        "ROCK NAME": "BASALT",
        "SIO2": "50.87",
        "_featureIndex": 1140
      },
      "geometry": {
        "type": "Point",
        "coordinates": [
          96.117,
          -45.2035
        ]
      },
      "_featureIndex": 1140
    },
    {
      "type": "Feature",
      "properties": {
        "Name": "MELWEST-10-128-017",
        "ROCK NAME": "BASALT",
        "SIO2": "50.87",
        "_featureIndex": 1141
      },
      "geometry": {
        "type": "Point",
        "coordinates": [
          110.412,
          -49.828
        ]
      },
      "_featureIndex": 1141
    },
    {
      "type": "Feature",
      "properties": {
        "Name": "MELWEST-10-082-087",
        "ROCK NAME": "BASALT",
        "SIO2": "50.869",
        "_featureIndex": 1142
      },
      "geometry": {
        "type": "Point",
        "coordinates": [
          95.585,
          -45.185
        ]
      },
      "_featureIndex": 1142
    },
    {
      "type": "Feature",
      "properties": {
        "Name": "MELWEST-10-070-017",
        "ROCK NAME": "BASALT",
        "SIO2": "50.867",
        "_featureIndex": 1143
      },
      "geometry": {
        "type": "Point",
        "coordinates": [
          90.187,
          -42.57
        ]
      },
      "_featureIndex": 1143
    },
    {
      "type": "Feature",
      "properties": {
        "Name": "MELWEST-10-065-040",
        "ROCK NAME": "BASALT",
        "SIO2": "50.867",
        "_featureIndex": 1144
      },
      "geometry": {
        "type": "Point",
        "coordinates": [
          91.095,
          -43.082
        ]
      },
      "_featureIndex": 1144
    },
    {
      "type": "Feature",
      "properties": {
        "Name": "MELWEST-10-082-076",
        "ROCK NAME": "BASALT",
        "SIO2": "50.867",
        "_featureIndex": 1145
      },
      "geometry": {
        "type": "Point",
        "coordinates": [
          95.585,
          -45.185
        ]
      },
      "_featureIndex": 1145
    },
    {
      "type": "Feature",
      "properties": {
        "Name": "MELWEST-10-082-121",
        "ROCK NAME": "BASALT",
        "SIO2": "50.867",
        "_featureIndex": 1146
      },
      "geometry": {
        "type": "Point",
        "coordinates": [
          95.585,
          -45.185
        ]
      },
      "_featureIndex": 1146
    },
    {
      "type": "Feature",
      "properties": {
        "Name": "MELWEST-10-134-013",
        "ROCK NAME": "BASALT",
        "SIO2": "50.865",
        "_featureIndex": 1147
      },
      "geometry": {
        "type": "Point",
        "coordinates": [
          112.49,
          -50.295
        ]
      },
      "_featureIndex": 1147
    },
    {
      "type": "Feature",
      "properties": {
        "Name": "MELWEST-10-082-056",
        "ROCK NAME": "BASALT",
        "SIO2": "50.864",
        "_featureIndex": 1148
      },
      "geometry": {
        "type": "Point",
        "coordinates": [
          95.585,
          -45.185
        ]
      },
      "_featureIndex": 1148
    },
    {
      "type": "Feature",
      "properties": {
        "Name": "MELWEST-10-092-008",
        "ROCK NAME": "BASALT",
        "SIO2": "50.863",
        "_featureIndex": 1149
      },
      "geometry": {
        "type": "Point",
        "coordinates": [
          98.943,
          -48.101
        ]
      },
      "_featureIndex": 1149
    },
    {
      "type": "Feature",
      "properties": {
        "Name": "MELWEST-10-082-080",
        "ROCK NAME": "BASALT",
        "SIO2": "50.862",
        "_featureIndex": 1150
      },
      "geometry": {
        "type": "Point",
        "coordinates": [
          95.585,
          -45.185
        ]
      },
      "_featureIndex": 1150
    },
    {
      "type": "Feature",
      "properties": {
        "Name": "MELWEST-10-089-012",
        "ROCK NAME": "BASALT",
        "SIO2": "50.862",
        "_featureIndex": 1151
      },
      "geometry": {
        "type": "Point",
        "coordinates": [
          97.512,
          -47.445
        ]
      },
      "_featureIndex": 1151
    },
    {
      "type": "Feature",
      "properties": {
        "Name": "MELWEST-10-136-043",
        "ROCK NAME": "BASALT",
        "SIO2": "50.862",
        "_featureIndex": 1152
      },
      "geometry": {
        "type": "Point",
        "coordinates": [
          112.69,
          -50.32
        ]
      },
      "_featureIndex": 1152
    },
    {
      "type": "Feature",
      "properties": {
        "Name": "MELWEST-10-072-017",
        "ROCK NAME": "BASALT",
        "SIO2": "50.861",
        "_featureIndex": 1153
      },
      "geometry": {
        "type": "Point",
        "coordinates": [
          91.283,
          -43.417
        ]
      },
      "_featureIndex": 1153
    },
    {
      "type": "Feature",
      "properties": {
        "Name": "MELBMRG-6-R045E",
        "ROCK NAME": "BASALT",
        "SIO2": "50.86",
        "_featureIndex": 1154
      },
      "geometry": {
        "type": "Point",
        "coordinates": [
          77.832,
          -37.716
        ]
      },
      "_featureIndex": 1154
    },
    {
      "type": "Feature",
      "properties": {
        "Name": "MELWEST-10-070-041",
        "ROCK NAME": "BASALT",
        "SIO2": "50.859",
        "_featureIndex": 1155
      },
      "geometry": {
        "type": "Point",
        "coordinates": [
          90.187,
          -42.57
        ]
      },
      "_featureIndex": 1155
    },
    {
      "type": "Feature",
      "properties": {
        "Name": "MELWEST-10-101-019",
        "ROCK NAME": "BASALT",
        "SIO2": "50.857",
        "_featureIndex": 1156
      },
      "geometry": {
        "type": "Point",
        "coordinates": [
          101.856,
          -47.7748
        ]
      },
      "_featureIndex": 1156
    },
    {
      "type": "Feature",
      "properties": {
        "Name": "MELWEST-10-084-027",
        "ROCK NAME": "BASALT",
        "SIO2": "50.855",
        "_featureIndex": 1157
      },
      "geometry": {
        "type": "Point",
        "coordinates": [
          95.932,
          -45.111
        ]
      },
      "_featureIndex": 1157
    },
    {
      "type": "Feature",
      "properties": {
        "Name": "MELWEST-10-087-028",
        "ROCK NAME": "BASALT",
        "SIO2": "50.855",
        "_featureIndex": 1158
      },
      "geometry": {
        "type": "Point",
        "coordinates": [
          96.368,
          -46.778
        ]
      },
      "_featureIndex": 1158
    },
    {
      "type": "Feature",
      "properties": {
        "Name": "MELWEST-10-088-004",
        "ROCK NAME": "BASALT",
        "SIO2": "50.853",
        "_featureIndex": 1159
      },
      "geometry": {
        "type": "Point",
        "coordinates": [
          96.833,
          -47.076
        ]
      },
      "_featureIndex": 1159
    },
    {
      "type": "Feature",
      "properties": {
        "Name": "MELWEST-10-138-009",
        "ROCK NAME": "BASALT",
        "SIO2": "50.851",
        "_featureIndex": 1160
      },
      "geometry": {
        "type": "Point",
        "coordinates": [
          112.855,
          -50.187
        ]
      },
      "_featureIndex": 1160
    },
    {
      "type": "Feature",
      "properties": {
        "Name": "DUF0023-004-005",
        "ROCK NAME": "BASALT",
        "SIO2": "50.85",
        "_featureIndex": 1161
      },
      "geometry": {
        "type": "Point",
        "coordinates": [
          70.323,
          -25.864
        ]
      },
      "_featureIndex": 1161
    },
    {
      "type": "Feature",
      "properties": {
        "Name": "MELWEST-10-071-021",
        "ROCK NAME": "BASALT",
        "SIO2": "50.85",
        "_featureIndex": 1162
      },
      "geometry": {
        "type": "Point",
        "coordinates": [
          90.795,
          -42.886
        ]
      },
      "_featureIndex": 1162
    },
    {
      "type": "Feature",
      "properties": {
        "Name": "MELWEST-10-087-024",
        "ROCK NAME": "BASALT",
        "SIO2": "50.85",
        "_featureIndex": 1163
      },
      "geometry": {
        "type": "Point",
        "coordinates": [
          96.368,
          -46.778
        ]
      },
      "_featureIndex": 1163
    },
    {
      "type": "Feature",
      "properties": {
        "Name": "MELWEST-10-082-073",
        "ROCK NAME": "BASALT",
        "SIO2": "50.849",
        "_featureIndex": 1164
      },
      "geometry": {
        "type": "Point",
        "coordinates": [
          95.585,
          -45.185
        ]
      },
      "_featureIndex": 1164
    },
    {
      "type": "Feature",
      "properties": {
        "Name": "MELWEST-10-105-015",
        "ROCK NAME": "BASALT",
        "SIO2": "50.848",
        "_featureIndex": 1165
      },
      "geometry": {
        "type": "Point",
        "coordinates": [
          103.04,
          -47.77
        ]
      },
      "_featureIndex": 1165
    },
    {
      "type": "Feature",
      "properties": {
        "Name": "MELWEST-10-070-008",
        "ROCK NAME": "BASALT",
        "SIO2": "50.847",
        "_featureIndex": 1166
      },
      "geometry": {
        "type": "Point",
        "coordinates": [
          90.187,
          -42.57
        ]
      },
      "_featureIndex": 1166
    },
    {
      "type": "Feature",
      "properties": {
        "Name": "MELWEST-10-082-037",
        "ROCK NAME": "BASALT",
        "SIO2": "50.847",
        "_featureIndex": 1167
      },
      "geometry": {
        "type": "Point",
        "coordinates": [
          95.585,
          -45.185
        ]
      },
      "_featureIndex": 1167
    },
    {
      "type": "Feature",
      "properties": {
        "Name": "MELWEST-10-070-021",
        "ROCK NAME": "BASALT",
        "SIO2": "50.846",
        "_featureIndex": 1168
      },
      "geometry": {
        "type": "Point",
        "coordinates": [
          90.187,
          -42.57
        ]
      },
      "_featureIndex": 1168
    },
    {
      "type": "Feature",
      "properties": {
        "Name": "MELWEST-10-R058",
        "ROCK NAME": "BASALT",
        "SIO2": "50.846",
        "_featureIndex": 1169
      },
      "geometry": {
        "type": "Point",
        "coordinates": [
          107.145,
          -48.3099
        ]
      },
      "_featureIndex": 1169
    },
    {
      "type": "Feature",
      "properties": {
        "Name": "MELWEST-10-131-009",
        "ROCK NAME": "BASALT",
        "SIO2": "50.846",
        "_featureIndex": 1170
      },
      "geometry": {
        "type": "Point",
        "coordinates": [
          111.34,
          -50.0633
        ]
      },
      "_featureIndex": 1170
    },
    {
      "type": "Feature",
      "properties": {
        "Name": "MELWEST-10-106-011",
        "ROCK NAME": "BASALT",
        "SIO2": "50.845",
        "_featureIndex": 1171
      },
      "geometry": {
        "type": "Point",
        "coordinates": [
          103.353,
          -47.878
        ]
      },
      "_featureIndex": 1171
    },
    {
      "type": "Feature",
      "properties": {
        "Name": "MELWEST-10-132-005",
        "ROCK NAME": "BASALT",
        "SIO2": "50.845",
        "_featureIndex": 1172
      },
      "geometry": {
        "type": "Point",
        "coordinates": [
          111.78,
          -50.21
        ]
      },
      "_featureIndex": 1172
    },
    {
      "type": "Feature",
      "properties": {
        "Name": "MELWEST-10-134-028",
        "ROCK NAME": "BASALT",
        "SIO2": "50.845",
        "_featureIndex": 1173
      },
      "geometry": {
        "type": "Point",
        "coordinates": [
          112.49,
          -50.295
        ]
      },
      "_featureIndex": 1173
    },
    {
      "type": "Feature",
      "properties": {
        "Name": "MELWEST-10-070-031",
        "ROCK NAME": "BASALT",
        "SIO2": "50.844",
        "_featureIndex": 1174
      },
      "geometry": {
        "type": "Point",
        "coordinates": [
          90.187,
          -42.57
        ]
      },
      "_featureIndex": 1174
    },
    {
      "type": "Feature",
      "properties": {
        "Name": "MELWEST-10-070-020",
        "ROCK NAME": "BASALT",
        "SIO2": "50.843",
        "_featureIndex": 1175
      },
      "geometry": {
        "type": "Point",
        "coordinates": [
          90.187,
          -42.57
        ]
      },
      "_featureIndex": 1175
    },
    {
      "type": "Feature",
      "properties": {
        "Name": "MELWEST-10-100-004",
        "ROCK NAME": "BASALT",
        "SIO2": "50.842",
        "_featureIndex": 1176
      },
      "geometry": {
        "type": "Point",
        "coordinates": [
          101.53,
          -47.63
        ]
      },
      "_featureIndex": 1176
    },
    {
      "type": "Feature",
      "properties": {
        "Name": "MELWEST-10-101-022",
        "ROCK NAME": "BASALT",
        "SIO2": "50.841",
        "_featureIndex": 1177
      },
      "geometry": {
        "type": "Point",
        "coordinates": [
          101.856,
          -47.7748
        ]
      },
      "_featureIndex": 1177
    },
    {
      "type": "Feature",
      "properties": {
        "Name": "MELWEST-10-140-004",
        "ROCK NAME": "BASALT",
        "SIO2": "50.841",
        "_featureIndex": 1178
      },
      "geometry": {
        "type": "Point",
        "coordinates": [
          113.453,
          -50.3
        ]
      },
      "_featureIndex": 1178
    },
    {
      "type": "Feature",
      "properties": {
        "Name": "MOA8801-017-018",
        "ROCK NAME": "BASALT",
        "SIO2": "50.84",
        "LA": "1.92",
        "_featureIndex": 1179
      },
      "geometry": {
        "type": "Point",
        "coordinates": [
          127.417,
          -50.222
        ]
      },
      "_featureIndex": 1179
    },
    {
      "type": "Feature",
      "properties": {
        "Name": "MELWEST-10-082-117",
        "ROCK NAME": "BASALT",
        "SIO2": "50.838",
        "_featureIndex": 1180
      },
      "geometry": {
        "type": "Point",
        "coordinates": [
          95.585,
          -45.185
        ]
      },
      "_featureIndex": 1180
    },
    {
      "type": "Feature",
      "properties": {
        "Name": "MELWEST-10-091-017",
        "ROCK NAME": "BASALT",
        "SIO2": "50.837",
        "_featureIndex": 1181
      },
      "geometry": {
        "type": "Point",
        "coordinates": [
          98.601,
          -47.909
        ]
      },
      "_featureIndex": 1181
    },
    {
      "type": "Feature",
      "properties": {
        "Name": "MELWEST-10-091-021",
        "ROCK NAME": "BASALT",
        "SIO2": "50.836",
        "_featureIndex": 1182
      },
      "geometry": {
        "type": "Point",
        "coordinates": [
          98.601,
          -47.909
        ]
      },
      "_featureIndex": 1182
    },
    {
      "type": "Feature",
      "properties": {
        "Name": "MELWEST-10-071-010",
        "ROCK NAME": "BASALT",
        "SIO2": "50.835",
        "_featureIndex": 1183
      },
      "geometry": {
        "type": "Point",
        "coordinates": [
          90.795,
          -42.886
        ]
      },
      "_featureIndex": 1183
    },
    {
      "type": "Feature",
      "properties": {
        "Name": "MELWEST-10-065-015",
        "ROCK NAME": "BASALT",
        "SIO2": "50.835",
        "_featureIndex": 1184
      },
      "geometry": {
        "type": "Point",
        "coordinates": [
          91.095,
          -43.082
        ]
      },
      "_featureIndex": 1184
    },
    {
      "type": "Feature",
      "properties": {
        "Name": "MELWEST-10-079-006",
        "ROCK NAME": "BASALT",
        "SIO2": "50.833",
        "_featureIndex": 1185
      },
      "geometry": {
        "type": "Point",
        "coordinates": [
          95.41,
          -45.11
        ]
      },
      "_featureIndex": 1185
    },
    {
      "type": "Feature",
      "properties": {
        "Name": "MELWEST-10-065-019",
        "ROCK NAME": "BASALT",
        "SIO2": "50.832",
        "_featureIndex": 1186
      },
      "geometry": {
        "type": "Point",
        "coordinates": [
          91.095,
          -43.082
        ]
      },
      "_featureIndex": 1186
    },
    {
      "type": "Feature",
      "properties": {
        "Name": "MELWEST-10-085-007",
        "ROCK NAME": "BASALT",
        "SIO2": "50.831",
        "_featureIndex": 1187
      },
      "geometry": {
        "type": "Point",
        "coordinates": [
          96.117,
          -45.2035
        ]
      },
      "_featureIndex": 1187
    },
    {
      "type": "Feature",
      "properties": {
        "Name": "MELWEST-10-132-004",
        "ROCK NAME": "BASALT",
        "SIO2": "50.831",
        "_featureIndex": 1188
      },
      "geometry": {
        "type": "Point",
        "coordinates": [
          111.78,
          -50.21
        ]
      },
      "_featureIndex": 1188
    },
    {
      "type": "Feature",
      "properties": {
        "Name": "MELWEST-10-082-024",
        "ROCK NAME": "BASALT",
        "SIO2": "50.83",
        "_featureIndex": 1189
      },
      "geometry": {
        "type": "Point",
        "coordinates": [
          95.585,
          -45.185
        ]
      },
      "_featureIndex": 1189
    },
    {
      "type": "Feature",
      "properties": {
        "Name": "MELWEST-10-138-035",
        "ROCK NAME": "BASALT",
        "SIO2": "50.83",
        "_featureIndex": 1190
      },
      "geometry": {
        "type": "Point",
        "coordinates": [
          112.855,
          -50.187
        ]
      },
      "_featureIndex": 1190
    },
    {
      "type": "Feature",
      "properties": {
        "Name": "MELWEST-10-084-001",
        "ROCK NAME": "BASALT",
        "SIO2": "50.829",
        "_featureIndex": 1191
      },
      "geometry": {
        "type": "Point",
        "coordinates": [
          95.932,
          -45.111
        ]
      },
      "_featureIndex": 1191
    },
    {
      "type": "Feature",
      "properties": {
        "Name": "MELWEST-10-119-001",
        "ROCK NAME": "BASALT",
        "SIO2": "50.829",
        "_featureIndex": 1192
      },
      "geometry": {
        "type": "Point",
        "coordinates": [
          107.504,
          -48.3487
        ]
      },
      "_featureIndex": 1192
    },
    {
      "type": "Feature",
      "properties": {
        "Name": "MELWEST-10-082-048",
        "ROCK NAME": "BASALT",
        "SIO2": "50.827",
        "_featureIndex": 1193
      },
      "geometry": {
        "type": "Point",
        "coordinates": [
          95.585,
          -45.185
        ]
      },
      "_featureIndex": 1193
    },
    {
      "type": "Feature",
      "properties": {
        "Name": "MELWEST-10-082-003",
        "ROCK NAME": "BASALT",
        "SIO2": "50.826",
        "_featureIndex": 1194
      },
      "geometry": {
        "type": "Point",
        "coordinates": [
          95.585,
          -45.185
        ]
      },
      "_featureIndex": 1194
    },
    {
      "type": "Feature",
      "properties": {
        "Name": "MELWEST-10-134-033",
        "ROCK NAME": "BASALT",
        "SIO2": "50.824",
        "_featureIndex": 1195
      },
      "geometry": {
        "type": "Point",
        "coordinates": [
          112.49,
          -50.295
        ]
      },
      "_featureIndex": 1195
    },
    {
      "type": "Feature",
      "properties": {
        "Name": "MELWEST-10-073-003",
        "ROCK NAME": "BASALT",
        "SIO2": "50.823",
        "_featureIndex": 1196
      },
      "geometry": {
        "type": "Point",
        "coordinates": [
          91.684,
          -43.468
        ]
      },
      "_featureIndex": 1196
    },
    {
      "type": "Feature",
      "properties": {
        "Name": "MELWEST-10-138-027",
        "ROCK NAME": "BASALT",
        "SIO2": "50.821",
        "_featureIndex": 1197
      },
      "geometry": {
        "type": "Point",
        "coordinates": [
          112.855,
          -50.187
        ]
      },
      "_featureIndex": 1197
    },
    {
      "type": "Feature",
      "properties": {
        "Name": "MOA8801-001-002",
        "ROCK NAME": "BASALT",
        "SIO2": "50.82",
        "LA": "4.76",
        "_featureIndex": 1198
      },
      "geometry": {
        "type": "Point",
        "coordinates": [
          128.54,
          -50.21
        ]
      },
      "_featureIndex": 1198
    },
    {
      "type": "Feature",
      "properties": {
        "Name": "MELWEST-10-138-032",
        "ROCK NAME": "BASALT",
        "SIO2": "50.819",
        "_featureIndex": 1199
      },
      "geometry": {
        "type": "Point",
        "coordinates": [
          112.855,
          -50.187
        ]
      },
      "_featureIndex": 1199
    },
    {
      "type": "Feature",
      "properties": {
        "Name": "MELWEST-10-128-013",
        "ROCK NAME": "BASALT",
        "SIO2": "50.818",
        "_featureIndex": 1200
      },
      "geometry": {
        "type": "Point",
        "coordinates": [
          110.412,
          -49.828
        ]
      },
      "_featureIndex": 1200
    },
    {
      "type": "Feature",
      "properties": {
        "Name": "MELWEST-10-107-002",
        "ROCK NAME": "BASALT",
        "SIO2": "50.816",
        "_featureIndex": 1201
      },
      "geometry": {
        "type": "Point",
        "coordinates": [
          103.352,
          -47.851
        ]
      },
      "_featureIndex": 1201
    },
    {
      "type": "Feature",
      "properties": {
        "Name": "MELWEST-10-104-014",
        "ROCK NAME": "BASALT",
        "SIO2": "50.815",
        "_featureIndex": 1202
      },
      "geometry": {
        "type": "Point",
        "coordinates": [
          103.079,
          -47.9224
        ]
      },
      "_featureIndex": 1202
    },
    {
      "type": "Feature",
      "properties": {
        "Name": "MELWEST-10-082-025",
        "ROCK NAME": "BASALT",
        "SIO2": "50.813",
        "_featureIndex": 1203
      },
      "geometry": {
        "type": "Point",
        "coordinates": [
          95.585,
          -45.185
        ]
      },
      "_featureIndex": 1203
    },
    {
      "type": "Feature",
      "properties": {
        "Name": "MELWEST-10-065-045",
        "ROCK NAME": "BASALT",
        "SIO2": "50.812",
        "_featureIndex": 1204
      },
      "geometry": {
        "type": "Point",
        "coordinates": [
          91.095,
          -43.082
        ]
      },
      "_featureIndex": 1204
    },
    {
      "type": "Feature",
      "properties": {
        "Name": "MELWEST-10-126-001",
        "ROCK NAME": "BASALT",
        "SIO2": "50.808",
        "_featureIndex": 1205
      },
      "geometry": {
        "type": "Point",
        "coordinates": [
          109.484,
          -49.527
        ]
      },
      "_featureIndex": 1205
    },
    {
      "type": "Feature",
      "properties": {
        "Name": "MELWEST-10-079-010",
        "ROCK NAME": "BASALT",
        "SIO2": "50.807",
        "_featureIndex": 1206
      },
      "geometry": {
        "type": "Point",
        "coordinates": [
          95.41,
          -45.11
        ]
      },
      "_featureIndex": 1206
    },
    {
      "type": "Feature",
      "properties": {
        "Name": "MELWEST-10-088-001",
        "SIO2": "50.806",
        "_featureIndex": 1207
      },
      "geometry": {
        "type": "Point",
        "coordinates": [
          96.833,
          -47.076
        ]
      },
      "_featureIndex": 1207
    },
    {
      "type": "Feature",
      "properties": {
        "Name": "MELWEST-10-065-031",
        "ROCK NAME": "BASALT",
        "SIO2": "50.805",
        "_featureIndex": 1208
      },
      "geometry": {
        "type": "Point",
        "coordinates": [
          91.095,
          -43.082
        ]
      },
      "_featureIndex": 1208
    },
    {
      "type": "Feature",
      "properties": {
        "Name": "MELWEST-10-083-022",
        "ROCK NAME": "BASALT",
        "SIO2": "50.804",
        "_featureIndex": 1209
      },
      "geometry": {
        "type": "Point",
        "coordinates": [
          95.76,
          -45.05
        ]
      },
      "_featureIndex": 1209
    },
    {
      "type": "Feature",
      "properties": {
        "Name": "MELWEST-10-084-029-01",
        "ROCK NAME": "BASALT",
        "SIO2": "50.796",
        "_featureIndex": 1210
      },
      "geometry": {
        "type": "Point",
        "coordinates": [
          95.932,
          -45.111
        ]
      },
      "_featureIndex": 1210
    },
    {
      "type": "Feature",
      "properties": {
        "Name": "MELWEST-10-108-006",
        "ROCK NAME": "BASALT",
        "SIO2": "50.795",
        "_featureIndex": 1211
      },
      "geometry": {
        "type": "Point",
        "coordinates": [
          103.57,
          -47.97
        ]
      },
      "_featureIndex": 1211
    },
    {
      "type": "Feature",
      "properties": {
        "Name": "MELWEST-10-082-109",
        "ROCK NAME": "BASALT",
        "SIO2": "50.794",
        "_featureIndex": 1212
      },
      "geometry": {
        "type": "Point",
        "coordinates": [
          95.585,
          -45.185
        ]
      },
      "_featureIndex": 1212
    },
    {
      "type": "Feature",
      "properties": {
        "Name": "MELWEST-10-R057",
        "ROCK NAME": "BASALT",
        "SIO2": "50.794",
        "_featureIndex": 1213
      },
      "geometry": {
        "type": "Point",
        "coordinates": [
          105.256,
          -48.9823
        ]
      },
      "_featureIndex": 1213
    },
    {
      "type": "Feature",
      "properties": {
        "Name": "MELWEST-10-083-020",
        "ROCK NAME": "BASALT",
        "SIO2": "50.793",
        "_featureIndex": 1214
      },
      "geometry": {
        "type": "Point",
        "coordinates": [
          95.76,
          -45.05
        ]
      },
      "_featureIndex": 1214
    },
    {
      "type": "Feature",
      "properties": {
        "Name": "MELWEST-10-138-004",
        "ROCK NAME": "BASALT",
        "SIO2": "50.791",
        "_featureIndex": 1215
      },
      "geometry": {
        "type": "Point",
        "coordinates": [
          112.855,
          -50.187
        ]
      },
      "_featureIndex": 1215
    },
    {
      "type": "Feature",
      "properties": {
        "Name": "DUF0037-007-004-D1",
        "ROCK NAME": "BASALT",
        "SIO2": "50.79",
        "_featureIndex": 1216
      },
      "geometry": {
        "type": "Point",
        "coordinates": [
          77.596,
          -32.665
        ]
      },
      "_featureIndex": 1216
    },
    {
      "type": "Feature",
      "properties": {
        "Name": "MELWEST-10-104-001",
        "ROCK NAME": "BASALT",
        "SIO2": "50.79",
        "_featureIndex": 1217
      },
      "geometry": {
        "type": "Point",
        "coordinates": [
          103.079,
          -47.9224
        ]
      },
      "_featureIndex": 1217
    },
    {
      "type": "Feature",
      "properties": {
        "Name": "VEM0033-2-007-007",
        "ROCK NAME": "BASALT",
        "SIO2": "50.79",
        "_featureIndex": 1218
      },
      "geometry": {
        "type": "Point",
        "coordinates": [
          124,
          -49.033
        ]
      },
      "_featureIndex": 1218
    },
    {
      "type": "Feature",
      "properties": {
        "Name": "MELWEST-10-089-038",
        "ROCK NAME": "BASALT",
        "SIO2": "50.789",
        "_featureIndex": 1219
      },
      "geometry": {
        "type": "Point",
        "coordinates": [
          97.512,
          -47.445
        ]
      },
      "_featureIndex": 1219
    },
    {
      "type": "Feature",
      "properties": {
        "Name": "MELWEST-10-072-020",
        "ROCK NAME": "BASALT",
        "SIO2": "50.787",
        "_featureIndex": 1220
      },
      "geometry": {
        "type": "Point",
        "coordinates": [
          91.283,
          -43.417
        ]
      },
      "_featureIndex": 1220
    },
    {
      "type": "Feature",
      "properties": {
        "Name": "MELWEST-10-070-027",
        "ROCK NAME": "BASALT",
        "SIO2": "50.785",
        "_featureIndex": 1221
      },
      "geometry": {
        "type": "Point",
        "coordinates": [
          90.187,
          -42.57
        ]
      },
      "_featureIndex": 1221
    },
    {
      "type": "Feature",
      "properties": {
        "Name": "MELWEST-10-082-095",
        "ROCK NAME": "BASALT",
        "SIO2": "50.785",
        "_featureIndex": 1222
      },
      "geometry": {
        "type": "Point",
        "coordinates": [
          95.585,
          -45.185
        ]
      },
      "_featureIndex": 1222
    },
    {
      "type": "Feature",
      "properties": {
        "Name": "MELWEST-10-140-002",
        "ROCK NAME": "BASALT",
        "SIO2": "50.784",
        "_featureIndex": 1223
      },
      "geometry": {
        "type": "Point",
        "coordinates": [
          113.453,
          -50.3
        ]
      },
      "_featureIndex": 1223
    },
    {
      "type": "Feature",
      "properties": {
        "Name": "MELWEST-10-082-099",
        "ROCK NAME": "BASALT",
        "SIO2": "50.782",
        "_featureIndex": 1224
      },
      "geometry": {
        "type": "Point",
        "coordinates": [
          95.585,
          -45.185
        ]
      },
      "_featureIndex": 1224
    },
    {
      "type": "Feature",
      "properties": {
        "Name": "MELWEST-10-098-004",
        "ROCK NAME": "BASALT",
        "SIO2": "50.782",
        "_featureIndex": 1225
      },
      "geometry": {
        "type": "Point",
        "coordinates": [
          100.961,
          -47.458
        ]
      },
      "_featureIndex": 1225
    },
    {
      "type": "Feature",
      "properties": {
        "Name": "MELWEST-10-082-007",
        "ROCK NAME": "BASALT",
        "SIO2": "50.78",
        "_featureIndex": 1226
      },
      "geometry": {
        "type": "Point",
        "coordinates": [
          95.585,
          -45.185
        ]
      },
      "_featureIndex": 1226
    },
    {
      "type": "Feature",
      "properties": {
        "Name": "MELWEST-10-082-062",
        "ROCK NAME": "BASALT",
        "SIO2": "50.78",
        "_featureIndex": 1227
      },
      "geometry": {
        "type": "Point",
        "coordinates": [
          95.585,
          -45.185
        ]
      },
      "_featureIndex": 1227
    },
    {
      "type": "Feature",
      "properties": {
        "Name": "VEM0033-2-007-002",
        "ROCK NAME": "BASALT",
        "SIO2": "50.78",
        "_featureIndex": 1228
      },
      "geometry": {
        "type": "Point",
        "coordinates": [
          124,
          -49.033
        ]
      },
      "_featureIndex": 1228
    },
    {
      "type": "Feature",
      "properties": {
        "Name": "MOA8801-004-B",
        "ROCK NAME": "BASALT",
        "SIO2": "50.78",
        "_featureIndex": 1229
      },
      "geometry": {
        "type": "Point",
        "coordinates": [
          127.36,
          -48.763
        ]
      },
      "_featureIndex": 1229
    },
    {
      "type": "Feature",
      "properties": {
        "Name": "MELWEST-10-083-009",
        "ROCK NAME": "BASALT",
        "SIO2": "50.779",
        "_featureIndex": 1230
      },
      "geometry": {
        "type": "Point",
        "coordinates": [
          95.76,
          -45.05
        ]
      },
      "_featureIndex": 1230
    },
    {
      "type": "Feature",
      "properties": {
        "Name": "MELWEST-10-082-006",
        "ROCK NAME": "BASALT",
        "SIO2": "50.775",
        "_featureIndex": 1231
      },
      "geometry": {
        "type": "Point",
        "coordinates": [
          95.585,
          -45.185
        ]
      },
      "_featureIndex": 1231
    },
    {
      "type": "Feature",
      "properties": {
        "Name": "MELWEST-10-084-021a1",
        "ROCK NAME": "BASALT",
        "SIO2": "50.773",
        "_featureIndex": 1232
      },
      "geometry": {
        "type": "Point",
        "coordinates": [
          95.932,
          -45.111
        ]
      },
      "_featureIndex": 1232
    },
    {
      "type": "Feature",
      "properties": {
        "Name": "MELWEST-10-128-019",
        "ROCK NAME": "BASALT",
        "SIO2": "50.773",
        "_featureIndex": 1233
      },
      "geometry": {
        "type": "Point",
        "coordinates": [
          110.412,
          -49.828
        ]
      },
      "_featureIndex": 1233
    },
    {
      "type": "Feature",
      "properties": {
        "Name": "MELWEST-10-072-011",
        "ROCK NAME": "BASALT",
        "SIO2": "50.772",
        "_featureIndex": 1234
      },
      "geometry": {
        "type": "Point",
        "coordinates": [
          91.283,
          -43.417
        ]
      },
      "_featureIndex": 1234
    },
    {
      "type": "Feature",
      "properties": {
        "Name": "MELWEST-10-085-014",
        "ROCK NAME": "BASALT",
        "SIO2": "50.771",
        "_featureIndex": 1235
      },
      "geometry": {
        "type": "Point",
        "coordinates": [
          96.117,
          -45.2035
        ]
      },
      "_featureIndex": 1235
    },
    {
      "type": "Feature",
      "properties": {
        "Name": "MELWEST-10-119-011",
        "ROCK NAME": "BASALT",
        "SIO2": "50.771",
        "_featureIndex": 1236
      },
      "geometry": {
        "type": "Point",
        "coordinates": [
          107.504,
          -48.3487
        ]
      },
      "_featureIndex": 1236
    },
    {
      "type": "Feature",
      "properties": {
        "Name": "MELWEST-10-117-003",
        "ROCK NAME": "BASALT",
        "SIO2": "50.768",
        "_featureIndex": 1237
      },
      "geometry": {
        "type": "Point",
        "coordinates": [
          107.145,
          -48.348
        ]
      },
      "_featureIndex": 1237
    },
    {
      "type": "Feature",
      "properties": {
        "Name": "MELWEST-10-147-004",
        "ROCK NAME": "BASALT",
        "SIO2": "50.767",
        "_featureIndex": 1238
      },
      "geometry": {
        "type": "Point",
        "coordinates": [
          117.52,
          -49.7
        ]
      },
      "_featureIndex": 1238
    },
    {
      "type": "Feature",
      "properties": {
        "Name": "MELWEST-10-084-018",
        "ROCK NAME": "BASALT",
        "SIO2": "50.766",
        "_featureIndex": 1239
      },
      "geometry": {
        "type": "Point",
        "coordinates": [
          95.932,
          -45.111
        ]
      },
      "_featureIndex": 1239
    },
    {
      "type": "Feature",
      "properties": {
        "Name": "MELWEST-10-126-003",
        "ROCK NAME": "BASALT",
        "SIO2": "50.765",
        "_featureIndex": 1240
      },
      "geometry": {
        "type": "Point",
        "coordinates": [
          109.484,
          -49.527
        ]
      },
      "_featureIndex": 1240
    },
    {
      "type": "Feature",
      "properties": {
        "Name": "MELWEST-10-126-006",
        "ROCK NAME": "BASALT",
        "SIO2": "50.765",
        "_featureIndex": 1241
      },
      "geometry": {
        "type": "Point",
        "coordinates": [
          109.484,
          -49.527
        ]
      },
      "_featureIndex": 1241
    },
    {
      "type": "Feature",
      "properties": {
        "Name": "MELWEST-10-134-005",
        "ROCK NAME": "BASALT",
        "SIO2": "50.765",
        "_featureIndex": 1242
      },
      "geometry": {
        "type": "Point",
        "coordinates": [
          112.49,
          -50.295
        ]
      },
      "_featureIndex": 1242
    },
    {
      "type": "Feature",
      "properties": {
        "Name": "MELWEST-10-135-013",
        "ROCK NAME": "BASALT",
        "SIO2": "50.765",
        "_featureIndex": 1243
      },
      "geometry": {
        "type": "Point",
        "coordinates": [
          112.593,
          -50.307
        ]
      },
      "_featureIndex": 1243
    },
    {
      "type": "Feature",
      "properties": {
        "Name": "MELWEST-10-082-045",
        "ROCK NAME": "BASALT",
        "SIO2": "50.764",
        "_featureIndex": 1244
      },
      "geometry": {
        "type": "Point",
        "coordinates": [
          95.585,
          -45.185
        ]
      },
      "_featureIndex": 1244
    },
    {
      "type": "Feature",
      "properties": {
        "Name": "MELWEST-10-147-003",
        "ROCK NAME": "BASALT",
        "SIO2": "50.763",
        "_featureIndex": 1245
      },
      "geometry": {
        "type": "Point",
        "coordinates": [
          117.52,
          -49.7
        ]
      },
      "_featureIndex": 1245
    },
    {
      "type": "Feature",
      "properties": {
        "Name": "MELWEST-10-106-002",
        "ROCK NAME": "BASALT",
        "SIO2": "50.762",
        "_featureIndex": 1246
      },
      "geometry": {
        "type": "Point",
        "coordinates": [
          103.353,
          -47.878
        ]
      },
      "_featureIndex": 1246
    },
    {
      "type": "Feature",
      "properties": {
        "Name": "MELWEST-10-119-007",
        "ROCK NAME": "BASALT",
        "SIO2": "50.762",
        "_featureIndex": 1247
      },
      "geometry": {
        "type": "Point",
        "coordinates": [
          107.504,
          -48.3487
        ]
      },
      "_featureIndex": 1247
    },
    {
      "type": "Feature",
      "properties": {
        "Name": "MOA8801-003-002",
        "ROCK NAME": "BASALT",
        "SIO2": "50.76",
        "LA": "6.42",
        "_featureIndex": 1248
      },
      "geometry": {
        "type": "Point",
        "coordinates": [
          127.962,
          -50.107
        ]
      },
      "_featureIndex": 1248
    },
    {
      "type": "Feature",
      "properties": {
        "Name": "MELBMRG-6-R045A",
        "ROCK NAME": "BASALT",
        "SIO2": "50.76",
        "_featureIndex": 1249
      },
      "geometry": {
        "type": "Point",
        "coordinates": [
          77.832,
          -37.716
        ]
      },
      "_featureIndex": 1249
    },
    {
      "type": "Feature",
      "properties": {
        "Name": "DUF0037-007-D1-001",
        "ROCK NAME": "BASALT",
        "SIO2": "50.76",
        "_featureIndex": 1250
      },
      "geometry": {
        "type": "Point",
        "coordinates": [
          78.023,
          -34.383
        ]
      },
      "_featureIndex": 1250
    },
    {
      "type": "Feature",
      "properties": {
        "Name": "MELWEST-10-082-074",
        "ROCK NAME": "BASALT",
        "SIO2": "50.758",
        "_featureIndex": 1251
      },
      "geometry": {
        "type": "Point",
        "coordinates": [
          95.585,
          -45.185
        ]
      },
      "_featureIndex": 1251
    },
    {
      "type": "Feature",
      "properties": {
        "Name": "MELWEST-10-089-105",
        "ROCK NAME": "BASALT",
        "SIO2": "50.758",
        "_featureIndex": 1252
      },
      "geometry": {
        "type": "Point",
        "coordinates": [
          97.512,
          -47.445
        ]
      },
      "_featureIndex": 1252
    },
    {
      "type": "Feature",
      "properties": {
        "Name": "MELWEST-10-119-019",
        "ROCK NAME": "BASALT",
        "SIO2": "50.758",
        "_featureIndex": 1253
      },
      "geometry": {
        "type": "Point",
        "coordinates": [
          107.504,
          -48.3487
        ]
      },
      "_featureIndex": 1253
    },
    {
      "type": "Feature",
      "properties": {
        "Name": "MELWEST-10-087-011",
        "ROCK NAME": "BASALT",
        "SIO2": "50.756",
        "_featureIndex": 1254
      },
      "geometry": {
        "type": "Point",
        "coordinates": [
          96.368,
          -46.778
        ]
      },
      "_featureIndex": 1254
    },
    {
      "type": "Feature",
      "properties": {
        "Name": "MELWEST-10-082-108",
        "ROCK NAME": "BASALT",
        "SIO2": "50.755",
        "_featureIndex": 1255
      },
      "geometry": {
        "type": "Point",
        "coordinates": [
          95.585,
          -45.185
        ]
      },
      "_featureIndex": 1255
    },
    {
      "type": "Feature",
      "properties": {
        "Name": "MELWEST-10-083-010",
        "ROCK NAME": "BASALT",
        "SIO2": "50.755",
        "_featureIndex": 1256
      },
      "geometry": {
        "type": "Point",
        "coordinates": [
          95.76,
          -45.05
        ]
      },
      "_featureIndex": 1256
    },
    {
      "type": "Feature",
      "properties": {
        "Name": "MELWEST-10-065-023",
        "ROCK NAME": "BASALT",
        "SIO2": "50.754",
        "_featureIndex": 1257
      },
      "geometry": {
        "type": "Point",
        "coordinates": [
          91.095,
          -43.082
        ]
      },
      "_featureIndex": 1257
    },
    {
      "type": "Feature",
      "properties": {
        "Name": "MELWEST-10-091-019",
        "ROCK NAME": "BASALT",
        "SIO2": "50.754",
        "_featureIndex": 1258
      },
      "geometry": {
        "type": "Point",
        "coordinates": [
          98.601,
          -47.909
        ]
      },
      "_featureIndex": 1258
    },
    {
      "type": "Feature",
      "properties": {
        "Name": "MELWEST-10-128-014",
        "ROCK NAME": "BASALT",
        "SIO2": "50.754",
        "_featureIndex": 1259
      },
      "geometry": {
        "type": "Point",
        "coordinates": [
          110.412,
          -49.828
        ]
      },
      "_featureIndex": 1259
    },
    {
      "type": "Feature",
      "properties": {
        "Name": "MELWEST-10-089-009",
        "ROCK NAME": "BASALT",
        "SIO2": "50.752",
        "_featureIndex": 1260
      },
      "geometry": {
        "type": "Point",
        "coordinates": [
          97.512,
          -47.445
        ]
      },
      "_featureIndex": 1260
    },
    {
      "type": "Feature",
      "properties": {
        "Name": "MELWEST-10-065-020",
        "ROCK NAME": "BASALT",
        "SIO2": "50.751",
        "_featureIndex": 1261
      },
      "geometry": {
        "type": "Point",
        "coordinates": [
          91.095,
          -43.082
        ]
      },
      "_featureIndex": 1261
    },
    {
      "type": "Feature",
      "properties": {
        "Name": "MELWEST-10-144-003",
        "ROCK NAME": "BASALT",
        "SIO2": "50.751",
        "_featureIndex": 1262
      },
      "geometry": {
        "type": "Point",
        "coordinates": [
          115.212,
          -50.007
        ]
      },
      "_featureIndex": 1262
    },
    {
      "type": "Feature",
      "properties": {
        "Name": "MELWEST-10-071-003",
        "ROCK NAME": "BASALT",
        "SIO2": "50.749",
        "_featureIndex": 1263
      },
      "geometry": {
        "type": "Point",
        "coordinates": [
          90.795,
          -42.886
        ]
      },
      "_featureIndex": 1263
    },
    {
      "type": "Feature",
      "properties": {
        "Name": "MELWEST-10-105-013",
        "ROCK NAME": "BASALT",
        "SIO2": "50.749",
        "_featureIndex": 1264
      },
      "geometry": {
        "type": "Point",
        "coordinates": [
          103.04,
          -47.77
        ]
      },
      "_featureIndex": 1264
    },
    {
      "type": "Feature",
      "properties": {
        "Name": "MELWEST-10-091-020",
        "ROCK NAME": "BASALT",
        "SIO2": "50.745",
        "_featureIndex": 1265
      },
      "geometry": {
        "type": "Point",
        "coordinates": [
          98.601,
          -47.909
        ]
      },
      "_featureIndex": 1265
    },
    {
      "type": "Feature",
      "properties": {
        "Name": "MELWEST-10-R043",
        "ROCK NAME": "BASALT",
        "SIO2": "50.744",
        "_featureIndex": 1266
      },
      "geometry": {
        "type": "Point",
        "coordinates": [
          90.6948,
          -42.8433
        ]
      },
      "_featureIndex": 1266
    },
    {
      "type": "Feature",
      "properties": {
        "Name": "MELWEST-10-132-006",
        "ROCK NAME": "BASALT",
        "SIO2": "50.74",
        "_featureIndex": 1267
      },
      "geometry": {
        "type": "Point",
        "coordinates": [
          111.78,
          -50.21
        ]
      },
      "_featureIndex": 1267
    },
    {
      "type": "Feature",
      "properties": {
        "Name": "MELWEST-10-126-002",
        "ROCK NAME": "BASALT",
        "SIO2": "50.738",
        "_featureIndex": 1268
      },
      "geometry": {
        "type": "Point",
        "coordinates": [
          109.484,
          -49.527
        ]
      },
      "_featureIndex": 1268
    },
    {
      "type": "Feature",
      "properties": {
        "Name": "MELWEST-10-076-002",
        "ROCK NAME": "BASALT",
        "SIO2": "50.737",
        "_featureIndex": 1269
      },
      "geometry": {
        "type": "Point",
        "coordinates": [
          93.114,
          -43.882
        ]
      },
      "_featureIndex": 1269
    },
    {
      "type": "Feature",
      "properties": {
        "Name": "MELWEST-10-087-033",
        "ROCK NAME": "BASALT",
        "SIO2": "50.736",
        "_featureIndex": 1270
      },
      "geometry": {
        "type": "Point",
        "coordinates": [
          96.368,
          -46.778
        ]
      },
      "_featureIndex": 1270
    },
    {
      "type": "Feature",
      "properties": {
        "Name": "MELWEST-10-087-004",
        "ROCK NAME": "BASALT",
        "SIO2": "50.735",
        "_featureIndex": 1271
      },
      "geometry": {
        "type": "Point",
        "coordinates": [
          96.368,
          -46.778
        ]
      },
      "_featureIndex": 1271
    },
    {
      "type": "Feature",
      "properties": {
        "Name": "MELWEST-10-136-016",
        "ROCK NAME": "BASALT",
        "SIO2": "50.735",
        "_featureIndex": 1272
      },
      "geometry": {
        "type": "Point",
        "coordinates": [
          112.69,
          -50.32
        ]
      },
      "_featureIndex": 1272
    },
    {
      "type": "Feature",
      "properties": {
        "Name": "MELWEST-10-092-020",
        "ROCK NAME": "BASALT",
        "SIO2": "50.734",
        "_featureIndex": 1273
      },
      "geometry": {
        "type": "Point",
        "coordinates": [
          98.943,
          -48.101
        ]
      },
      "_featureIndex": 1273
    },
    {
      "type": "Feature",
      "properties": {
        "Name": "MELWEST-10-085-023",
        "ROCK NAME": "BASALT",
        "SIO2": "50.733",
        "_featureIndex": 1274
      },
      "geometry": {
        "type": "Point",
        "coordinates": [
          96.117,
          -45.2035
        ]
      },
      "_featureIndex": 1274
    },
    {
      "type": "Feature",
      "properties": {
        "Name": "MELWEST-10-131-001",
        "ROCK NAME": "BASALT",
        "SIO2": "50.732",
        "_featureIndex": 1275
      },
      "geometry": {
        "type": "Point",
        "coordinates": [
          111.34,
          -50.0633
        ]
      },
      "_featureIndex": 1275
    },
    {
      "type": "Feature",
      "properties": {
        "Name": "MELBMRG-6-R044A",
        "ROCK NAME": "BASALT",
        "SIO2": "50.73",
        "LA": "20.4",
        "_featureIndex": 1276
      },
      "geometry": {
        "type": "Point",
        "coordinates": [
          77.825,
          -37.721
        ]
      },
      "_featureIndex": 1276
    },
    {
      "type": "Feature",
      "properties": {
        "Name": "DUF0037-006-002",
        "ROCK NAME": "BASALT",
        "SIO2": "50.73",
        "LA": "6.67",
        "_featureIndex": 1277
      },
      "geometry": {
        "type": "Point",
        "coordinates": [
          78.138,
          -38.978
        ]
      },
      "_featureIndex": 1277
    },
    {
      "type": "Feature",
      "properties": {
        "Name": "MELWEST-10-082-072",
        "ROCK NAME": "BASALT",
        "SIO2": "50.728",
        "_featureIndex": 1278
      },
      "geometry": {
        "type": "Point",
        "coordinates": [
          95.585,
          -45.185
        ]
      },
      "_featureIndex": 1278
    },
    {
      "type": "Feature",
      "properties": {
        "Name": "MELWEST-10-134-006",
        "ROCK NAME": "BASALT",
        "SIO2": "50.728",
        "_featureIndex": 1279
      },
      "geometry": {
        "type": "Point",
        "coordinates": [
          112.49,
          -50.295
        ]
      },
      "_featureIndex": 1279
    },
    {
      "type": "Feature",
      "properties": {
        "Name": "MELWEST-10-136-037",
        "ROCK NAME": "BASALT",
        "SIO2": "50.726",
        "_featureIndex": 1280
      },
      "geometry": {
        "type": "Point",
        "coordinates": [
          112.69,
          -50.32
        ]
      },
      "_featureIndex": 1280
    },
    {
      "type": "Feature",
      "properties": {
        "Name": "MELWEST-10-071-008",
        "ROCK NAME": "BASALT",
        "SIO2": "50.725",
        "_featureIndex": 1281
      },
      "geometry": {
        "type": "Point",
        "coordinates": [
          90.795,
          -42.886
        ]
      },
      "_featureIndex": 1281
    },
    {
      "type": "Feature",
      "properties": {
        "Name": "MELWEST-10-082-026",
        "ROCK NAME": "BASALT",
        "SIO2": "50.724",
        "_featureIndex": 1282
      },
      "geometry": {
        "type": "Point",
        "coordinates": [
          95.585,
          -45.185
        ]
      },
      "_featureIndex": 1282
    },
    {
      "type": "Feature",
      "properties": {
        "Name": "MELWEST-10-072-009",
        "ROCK NAME": "BASALT",
        "SIO2": "50.723",
        "_featureIndex": 1283
      },
      "geometry": {
        "type": "Point",
        "coordinates": [
          91.283,
          -43.417
        ]
      },
      "_featureIndex": 1283
    },
    {
      "type": "Feature",
      "properties": {
        "Name": "MELWEST-10-089-071",
        "ROCK NAME": "BASALT",
        "SIO2": "50.723",
        "_featureIndex": 1284
      },
      "geometry": {
        "type": "Point",
        "coordinates": [
          97.512,
          -47.445
        ]
      },
      "_featureIndex": 1284
    },
    {
      "type": "Feature",
      "properties": {
        "Name": "MELWEST-10-118-001",
        "SIO2": "50.722",
        "LA": "10.52",
        "_featureIndex": 1285
      },
      "geometry": {
        "type": "Point",
        "coordinates": [
          107.527,
          -48.428
        ]
      },
      "_featureIndex": 1285
    },
    {
      "type": "Feature",
      "properties": {
        "Name": "MOA8801-017-001",
        "ROCK NAME": "BASALT",
        "SIO2": "50.72",
        "LA": "1.93",
        "_featureIndex": 1286
      },
      "geometry": {
        "type": "Point",
        "coordinates": [
          127.417,
          -50.222
        ]
      },
      "_featureIndex": 1286
    },
    {
      "type": "Feature",
      "properties": {
        "Name": "MELWEST-10-078-001",
        "ROCK NAME": "BASALT",
        "SIO2": "50.72",
        "_featureIndex": 1287
      },
      "geometry": {
        "type": "Point",
        "coordinates": [
          94.833,
          -44.833
        ]
      },
      "_featureIndex": 1287
    },
    {
      "type": "Feature",
      "properties": {
        "Name": "MELWEST-10-130-011",
        "ROCK NAME": "BASALT",
        "SIO2": "50.718",
        "_featureIndex": 1288
      },
      "geometry": {
        "type": "Point",
        "coordinates": [
          111.133,
          -49.775
        ]
      },
      "_featureIndex": 1288
    },
    {
      "type": "Feature",
      "properties": {
        "Name": "MELWEST-10-070-006",
        "ROCK NAME": "BASALT",
        "SIO2": "50.717",
        "_featureIndex": 1289
      },
      "geometry": {
        "type": "Point",
        "coordinates": [
          90.187,
          -42.57
        ]
      },
      "_featureIndex": 1289
    },
    {
      "type": "Feature",
      "properties": {
        "Name": "MELWEST-10-082-023",
        "ROCK NAME": "BASALT",
        "SIO2": "50.716",
        "_featureIndex": 1290
      },
      "geometry": {
        "type": "Point",
        "coordinates": [
          95.585,
          -45.185
        ]
      },
      "_featureIndex": 1290
    },
    {
      "type": "Feature",
      "properties": {
        "Name": "MELWEST-10-065-035",
        "ROCK NAME": "BASALT",
        "SIO2": "50.713",
        "_featureIndex": 1291
      },
      "geometry": {
        "type": "Point",
        "coordinates": [
          91.095,
          -43.082
        ]
      },
      "_featureIndex": 1291
    },
    {
      "type": "Feature",
      "properties": {
        "Name": "MELWEST-10-071-007",
        "ROCK NAME": "BASALT",
        "SIO2": "50.712",
        "_featureIndex": 1292
      },
      "geometry": {
        "type": "Point",
        "coordinates": [
          90.795,
          -42.886
        ]
      },
      "_featureIndex": 1292
    },
    {
      "type": "Feature",
      "properties": {
        "Name": "MELWEST-10-078-003",
        "ROCK NAME": "BASALT",
        "SIO2": "50.711",
        "_featureIndex": 1293
      },
      "geometry": {
        "type": "Point",
        "coordinates": [
          94.833,
          -44.833
        ]
      },
      "_featureIndex": 1293
    },
    {
      "type": "Feature",
      "properties": {
        "Name": "MOA8801-001-0B",
        "ROCK NAME": "BASALT",
        "SIO2": "50.71",
        "LA": "4.9",
        "_featureIndex": 1294
      },
      "geometry": {
        "type": "Point",
        "coordinates": [
          127.063,
          -50.198
        ]
      },
      "_featureIndex": 1294
    },
    {
      "type": "Feature",
      "properties": {
        "Name": "MELBMRG-5-BB5-001A",
        "ROCK NAME": "BASALT",
        "SIO2": "50.71",
        "LA": "2.9",
        "_featureIndex": 1295
      },
      "geometry": {
        "type": "Point",
        "coordinates": [
          126.66,
          -48.46
        ]
      },
      "_featureIndex": 1295
    },
    {
      "type": "Feature",
      "properties": {
        "Name": "MELWEST-10-136-038",
        "ROCK NAME": "BASALT",
        "SIO2": "50.709",
        "_featureIndex": 1296
      },
      "geometry": {
        "type": "Point",
        "coordinates": [
          112.69,
          -50.32
        ]
      },
      "_featureIndex": 1296
    },
    {
      "type": "Feature",
      "properties": {
        "Name": "MELWEST-10-073-004",
        "ROCK NAME": "BASALT",
        "SIO2": "50.708",
        "_featureIndex": 1297
      },
      "geometry": {
        "type": "Point",
        "coordinates": [
          91.684,
          -43.468
        ]
      },
      "_featureIndex": 1297
    },
    {
      "type": "Feature",
      "properties": {
        "Name": "MELWEST-10-082-051",
        "ROCK NAME": "BASALT",
        "SIO2": "50.707",
        "_featureIndex": 1298
      },
      "geometry": {
        "type": "Point",
        "coordinates": [
          95.585,
          -45.185
        ]
      },
      "_featureIndex": 1298
    },
    {
      "type": "Feature",
      "properties": {
        "Name": "MELWEST-10-082-041",
        "ROCK NAME": "BASALT",
        "SIO2": "50.706",
        "_featureIndex": 1299
      },
      "geometry": {
        "type": "Point",
        "coordinates": [
          95.585,
          -45.185
        ]
      },
      "_featureIndex": 1299
    },
    {
      "type": "Feature",
      "properties": {
        "Name": "MELWEST-10-127-001",
        "ROCK NAME": "BASALT",
        "SIO2": "50.706",
        "_featureIndex": 1300
      },
      "geometry": {
        "type": "Point",
        "coordinates": [
          109.884,
          -49.6593
        ]
      },
      "_featureIndex": 1300
    },
    {
      "type": "Feature",
      "properties": {
        "Name": "MELWEST-10-071-015",
        "ROCK NAME": "BASALT",
        "SIO2": "50.705",
        "_featureIndex": 1301
      },
      "geometry": {
        "type": "Point",
        "coordinates": [
          90.795,
          -42.886
        ]
      },
      "_featureIndex": 1301
    },
    {
      "type": "Feature",
      "properties": {
        "Name": "MELWEST-10-119-009",
        "ROCK NAME": "BASALT",
        "SIO2": "50.705",
        "_featureIndex": 1302
      },
      "geometry": {
        "type": "Point",
        "coordinates": [
          107.504,
          -48.3487
        ]
      },
      "_featureIndex": 1302
    },
    {
      "type": "Feature",
      "properties": {
        "Name": "MELWEST-10-068-014b.1",
        "ROCK NAME": "BASALT",
        "SIO2": "50.704",
        "_featureIndex": 1303
      },
      "geometry": {
        "type": "Point",
        "coordinates": [
          88.5267,
          -41.8167
        ]
      },
      "_featureIndex": 1303
    },
    {
      "type": "Feature",
      "properties": {
        "Name": "MELWEST-10-134-023",
        "ROCK NAME": "BASALT",
        "SIO2": "50.703",
        "_featureIndex": 1304
      },
      "geometry": {
        "type": "Point",
        "coordinates": [
          112.49,
          -50.295
        ]
      },
      "_featureIndex": 1304
    },
    {
      "type": "Feature",
      "properties": {
        "Name": "MELWEST-10-065-018",
        "ROCK NAME": "BASALT",
        "SIO2": "50.702",
        "_featureIndex": 1305
      },
      "geometry": {
        "type": "Point",
        "coordinates": [
          91.095,
          -43.082
        ]
      },
      "_featureIndex": 1305
    },
    {
      "type": "Feature",
      "properties": {
        "Name": "MELWEST-10-138-041",
        "ROCK NAME": "BASALT",
        "SIO2": "50.702",
        "_featureIndex": 1306
      },
      "geometry": {
        "type": "Point",
        "coordinates": [
          112.855,
          -50.187
        ]
      },
      "_featureIndex": 1306
    },
    {
      "type": "Feature",
      "properties": {
        "Name": "MELWEST-10-088-012",
        "ROCK NAME": "BASALT",
        "SIO2": "50.701",
        "_featureIndex": 1307
      },
      "geometry": {
        "type": "Point",
        "coordinates": [
          96.833,
          -47.076
        ]
      },
      "_featureIndex": 1307
    },
    {
      "type": "Feature",
      "properties": {
        "Name": "MELWEST-10-088-018",
        "ROCK NAME": "BASALT",
        "SIO2": "50.7",
        "_featureIndex": 1308
      },
      "geometry": {
        "type": "Point",
        "coordinates": [
          96.833,
          -47.076
        ]
      },
      "_featureIndex": 1308
    },
    {
      "type": "Feature",
      "properties": {
        "Name": "MELWEST-10-073-002",
        "ROCK NAME": "BASALT",
        "SIO2": "50.699",
        "_featureIndex": 1309
      },
      "geometry": {
        "type": "Point",
        "coordinates": [
          91.684,
          -43.468
        ]
      },
      "_featureIndex": 1309
    },
    {
      "type": "Feature",
      "properties": {
        "Name": "MELWEST-10-120-015",
        "ROCK NAME": "BASALT",
        "SIO2": "50.699",
        "_featureIndex": 1310
      },
      "geometry": {
        "type": "Point",
        "coordinates": [
          107.813,
          -48.5498
        ]
      },
      "_featureIndex": 1310
    },
    {
      "type": "Feature",
      "properties": {
        "Name": "MELWEST-10-139-002",
        "ROCK NAME": "BASALT",
        "SIO2": "50.699",
        "_featureIndex": 1311
      },
      "geometry": {
        "type": "Point",
        "coordinates": [
          113.106,
          -50.2453
        ]
      },
      "_featureIndex": 1311
    },
    {
      "type": "Feature",
      "properties": {
        "Name": "MELWEST-10-145-003",
        "ROCK NAME": "BASALT",
        "SIO2": "50.697",
        "_featureIndex": 1312
      },
      "geometry": {
        "type": "Point",
        "coordinates": [
          116.717,
          -49.273
        ]
      },
      "_featureIndex": 1312
    },
    {
      "type": "Feature",
      "properties": {
        "Name": "MELWEST-10-106-001",
        "ROCK NAME": "BASALT",
        "SIO2": "50.696",
        "_featureIndex": 1313
      },
      "geometry": {
        "type": "Point",
        "coordinates": [
          103.353,
          -47.878
        ]
      },
      "_featureIndex": 1313
    },
    {
      "type": "Feature",
      "properties": {
        "Name": "MELWEST-10-138-033",
        "ROCK NAME": "BASALT",
        "SIO2": "50.694",
        "_featureIndex": 1314
      },
      "geometry": {
        "type": "Point",
        "coordinates": [
          112.855,
          -50.187
        ]
      },
      "_featureIndex": 1314
    },
    {
      "type": "Feature",
      "properties": {
        "Name": "MELWEST-10-132-002",
        "ROCK NAME": "BASALT",
        "SIO2": "50.692",
        "_featureIndex": 1315
      },
      "geometry": {
        "type": "Point",
        "coordinates": [
          111.78,
          -50.21
        ]
      },
      "_featureIndex": 1315
    },
    {
      "type": "Feature",
      "properties": {
        "Name": "MELWEST-10-100-005",
        "ROCK NAME": "BASALT",
        "SIO2": "50.691",
        "_featureIndex": 1316
      },
      "geometry": {
        "type": "Point",
        "coordinates": [
          101.53,
          -47.63
        ]
      },
      "_featureIndex": 1316
    },
    {
      "type": "Feature",
      "properties": {
        "Name": "MELWEST-10-116-012",
        "ROCK NAME": "BASALT",
        "SIO2": "50.691",
        "_featureIndex": 1317
      },
      "geometry": {
        "type": "Point",
        "coordinates": [
          106.494,
          -48.873
        ]
      },
      "_featureIndex": 1317
    },
    {
      "type": "Feature",
      "properties": {
        "Name": "MELWEST-10-082-054",
        "ROCK NAME": "BASALT",
        "SIO2": "50.69",
        "_featureIndex": 1318
      },
      "geometry": {
        "type": "Point",
        "coordinates": [
          95.585,
          -45.185
        ]
      },
      "_featureIndex": 1318
    },
    {
      "type": "Feature",
      "properties": {
        "Name": "MOA8801-027-013",
        "ROCK NAME": "BASALT",
        "SIO2": "50.69",
        "_featureIndex": 1319
      },
      "geometry": {
        "type": "Point",
        "coordinates": [
          124.965,
          -49.062
        ]
      },
      "_featureIndex": 1319
    },
    {
      "type": "Feature",
      "properties": {
        "Name": "MELWEST-10-089-068",
        "ROCK NAME": "BASALT",
        "SIO2": "50.689",
        "_featureIndex": 1320
      },
      "geometry": {
        "type": "Point",
        "coordinates": [
          97.512,
          -47.445
        ]
      },
      "_featureIndex": 1320
    },
    {
      "type": "Feature",
      "properties": {
        "Name": "MELWEST-10-128-016",
        "ROCK NAME": "BASALT",
        "SIO2": "50.689",
        "_featureIndex": 1321
      },
      "geometry": {
        "type": "Point",
        "coordinates": [
          110.412,
          -49.828
        ]
      },
      "_featureIndex": 1321
    },
    {
      "type": "Feature",
      "properties": {
        "Name": "MELWEST-10-082-059",
        "ROCK NAME": "BASALT",
        "SIO2": "50.688",
        "_featureIndex": 1322
      },
      "geometry": {
        "type": "Point",
        "coordinates": [
          95.585,
          -45.185
        ]
      },
      "_featureIndex": 1322
    },
    {
      "type": "Feature",
      "properties": {
        "Name": "MELWEST-10-070-002",
        "ROCK NAME": "BASALT",
        "SIO2": "50.687",
        "_featureIndex": 1323
      },
      "geometry": {
        "type": "Point",
        "coordinates": [
          90.187,
          -42.57
        ]
      },
      "_featureIndex": 1323
    },
    {
      "type": "Feature",
      "properties": {
        "Name": "MELWEST-10-116-014",
        "ROCK NAME": "BASALT",
        "SIO2": "50.687",
        "_featureIndex": 1324
      },
      "geometry": {
        "type": "Point",
        "coordinates": [
          106.494,
          -48.873
        ]
      },
      "_featureIndex": 1324
    },
    {
      "type": "Feature",
      "properties": {
        "Name": "MELWEST-10-065-002",
        "ROCK NAME": "BASALT",
        "SIO2": "50.685",
        "_featureIndex": 1325
      },
      "geometry": {
        "type": "Point",
        "coordinates": [
          91.095,
          -43.082
        ]
      },
      "_featureIndex": 1325
    },
    {
      "type": "Feature",
      "properties": {
        "Name": "MELWEST-10-087-023",
        "ROCK NAME": "BASALT",
        "SIO2": "50.683",
        "_featureIndex": 1326
      },
      "geometry": {
        "type": "Point",
        "coordinates": [
          96.368,
          -46.778
        ]
      },
      "_featureIndex": 1326
    },
    {
      "type": "Feature",
      "properties": {
        "Name": "MELWEST-10-082-119",
        "ROCK NAME": "BASALT",
        "SIO2": "50.682",
        "_featureIndex": 1327
      },
      "geometry": {
        "type": "Point",
        "coordinates": [
          95.585,
          -45.185
        ]
      },
      "_featureIndex": 1327
    },
    {
      "type": "Feature",
      "properties": {
        "Name": "MELWEST-10-144-004",
        "ROCK NAME": "BASALT",
        "SIO2": "50.68",
        "LA": "3.55",
        "_featureIndex": 1328
      },
      "geometry": {
        "type": "Point",
        "coordinates": [
          115.212,
          -50.007
        ]
      },
      "_featureIndex": 1328
    },
    {
      "type": "Feature",
      "properties": {
        "Name": "MELWEST-10-072-019",
        "ROCK NAME": "BASALT",
        "SIO2": "50.68",
        "_featureIndex": 1329
      },
      "geometry": {
        "type": "Point",
        "coordinates": [
          91.283,
          -43.417
        ]
      },
      "_featureIndex": 1329
    },
    {
      "type": "Feature",
      "properties": {
        "Name": "MELWEST-10-082-061",
        "ROCK NAME": "BASALT",
        "SIO2": "50.68",
        "_featureIndex": 1330
      },
      "geometry": {
        "type": "Point",
        "coordinates": [
          95.585,
          -45.185
        ]
      },
      "_featureIndex": 1330
    },
    {
      "type": "Feature",
      "properties": {
        "Name": "MELWEST-10-082-069",
        "ROCK NAME": "BASALT",
        "SIO2": "50.68",
        "_featureIndex": 1331
      },
      "geometry": {
        "type": "Point",
        "coordinates": [
          95.585,
          -45.185
        ]
      },
      "_featureIndex": 1331
    },
    {
      "type": "Feature",
      "properties": {
        "Name": "MELWEST-10-105-009",
        "ROCK NAME": "BASALT",
        "SIO2": "50.679",
        "_featureIndex": 1332
      },
      "geometry": {
        "type": "Point",
        "coordinates": [
          103.04,
          -47.77
        ]
      },
      "_featureIndex": 1332
    },
    {
      "type": "Feature",
      "properties": {
        "Name": "MELWEST-10-126-005",
        "ROCK NAME": "BASALT",
        "SIO2": "50.679",
        "_featureIndex": 1333
      },
      "geometry": {
        "type": "Point",
        "coordinates": [
          109.484,
          -49.527
        ]
      },
      "_featureIndex": 1333
    },
    {
      "type": "Feature",
      "properties": {
        "Name": "MELWEST-10-134-031",
        "ROCK NAME": "BASALT",
        "SIO2": "50.678",
        "_featureIndex": 1334
      },
      "geometry": {
        "type": "Point",
        "coordinates": [
          112.49,
          -50.295
        ]
      },
      "_featureIndex": 1334
    },
    {
      "type": "Feature",
      "properties": {
        "Name": "MELWEST-10-082-004",
        "ROCK NAME": "BASALT",
        "SIO2": "50.677",
        "_featureIndex": 1335
      },
      "geometry": {
        "type": "Point",
        "coordinates": [
          95.585,
          -45.185
        ]
      },
      "_featureIndex": 1335
    },
    {
      "type": "Feature",
      "properties": {
        "Name": "MELWEST-10-083-018",
        "ROCK NAME": "BASALT",
        "SIO2": "50.676",
        "_featureIndex": 1336
      },
      "geometry": {
        "type": "Point",
        "coordinates": [
          95.76,
          -45.05
        ]
      },
      "_featureIndex": 1336
    },
    {
      "type": "Feature",
      "properties": {
        "Name": "MELWEST-10-083-027",
        "ROCK NAME": "BASALT",
        "SIO2": "50.676",
        "_featureIndex": 1337
      },
      "geometry": {
        "type": "Point",
        "coordinates": [
          95.76,
          -45.05
        ]
      },
      "_featureIndex": 1337
    },
    {
      "type": "Feature",
      "properties": {
        "Name": "MELWEST-10-084-028",
        "ROCK NAME": "BASALT",
        "SIO2": "50.676",
        "_featureIndex": 1338
      },
      "geometry": {
        "type": "Point",
        "coordinates": [
          95.932,
          -45.111
        ]
      },
      "_featureIndex": 1338
    },
    {
      "type": "Feature",
      "properties": {
        "Name": "MELWEST-10-070-009",
        "ROCK NAME": "BASALT",
        "SIO2": "50.675",
        "_featureIndex": 1339
      },
      "geometry": {
        "type": "Point",
        "coordinates": [
          90.187,
          -42.57
        ]
      },
      "_featureIndex": 1339
    },
    {
      "type": "Feature",
      "properties": {
        "Name": "MELWEST-10-138-034",
        "ROCK NAME": "BASALT",
        "SIO2": "50.675",
        "_featureIndex": 1340
      },
      "geometry": {
        "type": "Point",
        "coordinates": [
          112.855,
          -50.187
        ]
      },
      "_featureIndex": 1340
    },
    {
      "type": "Feature",
      "properties": {
        "Name": "MELWEST-10-088-002",
        "ROCK NAME": "BASALT",
        "SIO2": "50.673",
        "_featureIndex": 1341
      },
      "geometry": {
        "type": "Point",
        "coordinates": [
          96.833,
          -47.076
        ]
      },
      "_featureIndex": 1341
    },
    {
      "type": "Feature",
      "properties": {
        "Name": "VEM0033-2-007-004",
        "ROCK NAME": "BASALT",
        "SIO2": "50.67",
        "_featureIndex": 1342
      },
      "geometry": {
        "type": "Point",
        "coordinates": [
          124,
          -49.033
        ]
      },
      "_featureIndex": 1342
    },
    {
      "type": "Feature",
      "properties": {
        "Name": "VEM0033-1-004-012",
        "ROCK NAME": "BASALT",
        "SIO2": "50.67",
        "_featureIndex": 1343
      },
      "geometry": {
        "type": "Point",
        "coordinates": [
          137.555,
          -50.215
        ]
      },
      "_featureIndex": 1343
    },
    {
      "type": "Feature",
      "properties": {
        "Name": "MELWEST-10-070-032",
        "SIO2": "50.668",
        "_featureIndex": 1344
      },
      "geometry": {
        "type": "Point",
        "coordinates": [
          90.187,
          -42.57
        ]
      },
      "_featureIndex": 1344
    },
    {
      "type": "Feature",
      "properties": {
        "Name": "MELWEST-10-120-007",
        "ROCK NAME": "BASALT",
        "SIO2": "50.668",
        "_featureIndex": 1345
      },
      "geometry": {
        "type": "Point",
        "coordinates": [
          107.813,
          -48.5498
        ]
      },
      "_featureIndex": 1345
    },
    {
      "type": "Feature",
      "properties": {
        "Name": "MELWEST-10-133-004",
        "ROCK NAME": "BASALT",
        "SIO2": "50.668",
        "_featureIndex": 1346
      },
      "geometry": {
        "type": "Point",
        "coordinates": [
          112.4,
          -50.32
        ]
      },
      "_featureIndex": 1346
    },
    {
      "type": "Feature",
      "properties": {
        "Name": "MELWEST-10-089-069",
        "ROCK NAME": "BASALT",
        "SIO2": "50.667",
        "_featureIndex": 1347
      },
      "geometry": {
        "type": "Point",
        "coordinates": [
          97.512,
          -47.445
        ]
      },
      "_featureIndex": 1347
    },
    {
      "type": "Feature",
      "properties": {
        "Name": "MELWEST-10-082-047",
        "ROCK NAME": "BASALT",
        "SIO2": "50.666",
        "_featureIndex": 1348
      },
      "geometry": {
        "type": "Point",
        "coordinates": [
          95.585,
          -45.185
        ]
      },
      "_featureIndex": 1348
    },
    {
      "type": "Feature",
      "properties": {
        "Name": "MELWEST-10-R062",
        "ROCK NAME": "BASALT",
        "SIO2": "50.666",
        "_featureIndex": 1349
      },
      "geometry": {
        "type": "Point",
        "coordinates": [
          110.603,
          -49.8833
        ]
      },
      "_featureIndex": 1349
    },
    {
      "type": "Feature",
      "properties": {
        "Name": "MELWEST-10-132-035",
        "ROCK NAME": "BASALT",
        "SIO2": "50.664",
        "_featureIndex": 1350
      },
      "geometry": {
        "type": "Point",
        "coordinates": [
          111.78,
          -50.21
        ]
      },
      "_featureIndex": 1350
    },
    {
      "type": "Feature",
      "properties": {
        "Name": "VEM0033-2-010-002",
        "ROCK NAME": "BASALT",
        "SIO2": "50.66",
        "_featureIndex": 1351
      },
      "geometry": {
        "type": "Point",
        "coordinates": [
          115.375,
          -49.917
        ]
      },
      "_featureIndex": 1351
    },
    {
      "type": "Feature",
      "properties": {
        "Name": "MELWEST-10-079-009",
        "ROCK NAME": "BASALT",
        "SIO2": "50.659",
        "_featureIndex": 1352
      },
      "geometry": {
        "type": "Point",
        "coordinates": [
          95.41,
          -45.11
        ]
      },
      "_featureIndex": 1352
    },
    {
      "type": "Feature",
      "properties": {
        "Name": "MELWEST-10-138-024",
        "ROCK NAME": "BASALT",
        "SIO2": "50.659",
        "_featureIndex": 1353
      },
      "geometry": {
        "type": "Point",
        "coordinates": [
          112.855,
          -50.187
        ]
      },
      "_featureIndex": 1353
    },
    {
      "type": "Feature",
      "properties": {
        "Name": "MELWEST-10-087-002",
        "ROCK NAME": "BASALT",
        "SIO2": "50.658",
        "_featureIndex": 1354
      },
      "geometry": {
        "type": "Point",
        "coordinates": [
          96.368,
          -46.778
        ]
      },
      "_featureIndex": 1354
    },
    {
      "type": "Feature",
      "properties": {
        "Name": "MELWEST-10-134-026",
        "ROCK NAME": "BASALT",
        "SIO2": "50.654",
        "_featureIndex": 1355
      },
      "geometry": {
        "type": "Point",
        "coordinates": [
          112.49,
          -50.295
        ]
      },
      "_featureIndex": 1355
    },
    {
      "type": "Feature",
      "properties": {
        "Name": "MELWEST-10-089-070",
        "ROCK NAME": "BASALT",
        "SIO2": "50.653",
        "_featureIndex": 1356
      },
      "geometry": {
        "type": "Point",
        "coordinates": [
          97.512,
          -47.445
        ]
      },
      "_featureIndex": 1356
    },
    {
      "type": "Feature",
      "properties": {
        "Name": "MOA8801-027-008",
        "ROCK NAME": "BASALT",
        "SIO2": "50.65",
        "_featureIndex": 1357
      },
      "geometry": {
        "type": "Point",
        "coordinates": [
          124.965,
          -49.062
        ]
      },
      "_featureIndex": 1357
    },
    {
      "type": "Feature",
      "properties": {
        "Name": "VEM0033-1-005-010",
        "ROCK NAME": "BASALT",
        "SIO2": "50.65",
        "_featureIndex": 1358
      },
      "geometry": {
        "type": "Point",
        "coordinates": [
          127.08,
          -48.738
        ]
      },
      "_featureIndex": 1358
    },
    {
      "type": "Feature",
      "properties": {
        "Name": "MELWEST-10-088-006",
        "ROCK NAME": "BASALT",
        "SIO2": "50.648",
        "_featureIndex": 1359
      },
      "geometry": {
        "type": "Point",
        "coordinates": [
          96.833,
          -47.076
        ]
      },
      "_featureIndex": 1359
    },
    {
      "type": "Feature",
      "properties": {
        "Name": "MELWEST-10-115-008",
        "ROCK NAME": "BASALT",
        "SIO2": "50.647",
        "LA": "4.67",
        "_featureIndex": 1360
      },
      "geometry": {
        "type": "Point",
        "coordinates": [
          105.868,
          -49.229
        ]
      },
      "_featureIndex": 1360
    },
    {
      "type": "Feature",
      "properties": {
        "Name": "MELWEST-10-084-022b1",
        "ROCK NAME": "BASALT",
        "SIO2": "50.646",
        "_featureIndex": 1361
      },
      "geometry": {
        "type": "Point",
        "coordinates": [
          95.932,
          -45.111
        ]
      },
      "_featureIndex": 1361
    },
    {
      "type": "Feature",
      "properties": {
        "Name": "MELWEST-10-087-030",
        "ROCK NAME": "BASALT",
        "SIO2": "50.646",
        "_featureIndex": 1362
      },
      "geometry": {
        "type": "Point",
        "coordinates": [
          96.368,
          -46.778
        ]
      },
      "_featureIndex": 1362
    },
    {
      "type": "Feature",
      "properties": {
        "Name": "MELWEST-10-138-037",
        "ROCK NAME": "BASALT",
        "SIO2": "50.646",
        "_featureIndex": 1363
      },
      "geometry": {
        "type": "Point",
        "coordinates": [
          112.855,
          -50.187
        ]
      },
      "_featureIndex": 1363
    },
    {
      "type": "Feature",
      "properties": {
        "Name": "MELWEST-10-134-003bb",
        "ROCK NAME": "BASALT",
        "SIO2": "50.645",
        "_featureIndex": 1364
      },
      "geometry": {
        "type": "Point",
        "coordinates": [
          112.49,
          -50.295
        ]
      },
      "_featureIndex": 1364
    },
    {
      "type": "Feature",
      "properties": {
        "Name": "MELWEST-10-065-041",
        "ROCK NAME": "BASALT",
        "SIO2": "50.642",
        "_featureIndex": 1365
      },
      "geometry": {
        "type": "Point",
        "coordinates": [
          91.095,
          -43.082
        ]
      },
      "_featureIndex": 1365
    },
    {
      "type": "Feature",
      "properties": {
        "Name": "MELWEST-10-089-058",
        "ROCK NAME": "BASALT",
        "SIO2": "50.641",
        "_featureIndex": 1366
      },
      "geometry": {
        "type": "Point",
        "coordinates": [
          97.512,
          -47.445
        ]
      },
      "_featureIndex": 1366
    },
    {
      "type": "Feature",
      "properties": {
        "Name": "MELWEST-10-092-006",
        "ROCK NAME": "BASALT",
        "SIO2": "50.641",
        "_featureIndex": 1367
      },
      "geometry": {
        "type": "Point",
        "coordinates": [
          98.943,
          -48.101
        ]
      },
      "_featureIndex": 1367
    },
    {
      "type": "Feature",
      "properties": {
        "Name": "MELWEST-10-092-010",
        "ROCK NAME": "BASALT",
        "SIO2": "50.641",
        "_featureIndex": 1368
      },
      "geometry": {
        "type": "Point",
        "coordinates": [
          98.943,
          -48.101
        ]
      },
      "_featureIndex": 1368
    },
    {
      "type": "Feature",
      "properties": {
        "Name": "MOA8801-011-009",
        "ROCK NAME": "BASALT",
        "SIO2": "50.64",
        "LA": "3.35",
        "_featureIndex": 1369
      },
      "geometry": {
        "type": "Point",
        "coordinates": [
          127.652,
          -50.152
        ]
      },
      "_featureIndex": 1369
    },
    {
      "type": "Feature",
      "properties": {
        "Name": "MELWEST-10-145-004",
        "ROCK NAME": "BASALT",
        "SIO2": "50.64",
        "_featureIndex": 1370
      },
      "geometry": {
        "type": "Point",
        "coordinates": [
          116.717,
          -49.273
        ]
      },
      "_featureIndex": 1370
    },
    {
      "type": "Feature",
      "properties": {
        "Name": "VEM0033-1-006-004",
        "ROCK NAME": "BASALT",
        "SIO2": "50.64",
        "_featureIndex": 1371
      },
      "geometry": {
        "type": "Point",
        "coordinates": [
          130.417,
          -50.3
        ]
      },
      "_featureIndex": 1371
    },
    {
      "type": "Feature",
      "properties": {
        "Name": "MELWEST-10-070-011",
        "ROCK NAME": "BASALT",
        "SIO2": "50.637",
        "_featureIndex": 1372
      },
      "geometry": {
        "type": "Point",
        "coordinates": [
          90.187,
          -42.57
        ]
      },
      "_featureIndex": 1372
    },
    {
      "type": "Feature",
      "properties": {
        "Name": "MELWEST-10-089-063",
        "ROCK NAME": "BASALT",
        "SIO2": "50.636",
        "_featureIndex": 1373
      },
      "geometry": {
        "type": "Point",
        "coordinates": [
          97.512,
          -47.445
        ]
      },
      "_featureIndex": 1373
    },
    {
      "type": "Feature",
      "properties": {
        "Name": "MELWEST-10-108-001",
        "ROCK NAME": "BASALT",
        "SIO2": "50.634",
        "_featureIndex": 1374
      },
      "geometry": {
        "type": "Point",
        "coordinates": [
          103.57,
          -47.97
        ]
      },
      "_featureIndex": 1374
    },
    {
      "type": "Feature",
      "properties": {
        "Name": "MELWEST-10-131-016",
        "ROCK NAME": "BASALT",
        "SIO2": "50.634",
        "_featureIndex": 1375
      },
      "geometry": {
        "type": "Point",
        "coordinates": [
          111.34,
          -50.0633
        ]
      },
      "_featureIndex": 1375
    },
    {
      "type": "Feature",
      "properties": {
        "Name": "MELWEST-10-138-001",
        "SIO2": "50.633",
        "LA": "5.78",
        "_featureIndex": 1376
      },
      "geometry": {
        "type": "Point",
        "coordinates": [
          112.855,
          -50.187
        ]
      },
      "_featureIndex": 1376
    },
    {
      "type": "Feature",
      "properties": {
        "Name": "MELWEST-10-085-011",
        "ROCK NAME": "BASALT",
        "SIO2": "50.632",
        "_featureIndex": 1377
      },
      "geometry": {
        "type": "Point",
        "coordinates": [
          96.117,
          -45.2035
        ]
      },
      "_featureIndex": 1377
    },
    {
      "type": "Feature",
      "properties": {
        "Name": "MELWEST-10-071-004",
        "ROCK NAME": "BASALT",
        "SIO2": "50.631",
        "_featureIndex": 1378
      },
      "geometry": {
        "type": "Point",
        "coordinates": [
          90.795,
          -42.886
        ]
      },
      "_featureIndex": 1378
    },
    {
      "type": "Feature",
      "properties": {
        "Name": "MOA8801-001-0C",
        "ROCK NAME": "BASALT",
        "SIO2": "50.63",
        "LA": "4.5",
        "_featureIndex": 1379
      },
      "geometry": {
        "type": "Point",
        "coordinates": [
          127.417,
          -50.222
        ]
      },
      "_featureIndex": 1379
    },
    {
      "type": "Feature",
      "properties": {
        "Name": "VEM0033-1-005-001",
        "ROCK NAME": "BASALT",
        "SIO2": "50.63",
        "_featureIndex": 1380
      },
      "geometry": {
        "type": "Point",
        "coordinates": [
          127.08,
          -48.738
        ]
      },
      "_featureIndex": 1380
    },
    {
      "type": "Feature",
      "properties": {
        "Name": "VEM0033-1-006-002",
        "ROCK NAME": "BASALT",
        "SIO2": "50.63",
        "_featureIndex": 1381
      },
      "geometry": {
        "type": "Point",
        "coordinates": [
          130.417,
          -50.3
        ]
      },
      "_featureIndex": 1381
    },
    {
      "type": "Feature",
      "properties": {
        "Name": "MELWEST-10-138-016",
        "ROCK NAME": "BASALT",
        "SIO2": "50.629",
        "_featureIndex": 1382
      },
      "geometry": {
        "type": "Point",
        "coordinates": [
          112.855,
          -50.187
        ]
      },
      "_featureIndex": 1382
    },
    {
      "type": "Feature",
      "properties": {
        "Name": "MELWEST-10-065-003",
        "ROCK NAME": "BASALT",
        "SIO2": "50.626",
        "_featureIndex": 1383
      },
      "geometry": {
        "type": "Point",
        "coordinates": [
          91.095,
          -43.082
        ]
      },
      "_featureIndex": 1383
    },
    {
      "type": "Feature",
      "properties": {
        "Name": "MELWEST-10-065-039",
        "ROCK NAME": "BASALT",
        "SIO2": "50.626",
        "_featureIndex": 1384
      },
      "geometry": {
        "type": "Point",
        "coordinates": [
          91.095,
          -43.082
        ]
      },
      "_featureIndex": 1384
    },
    {
      "type": "Feature",
      "properties": {
        "Name": "MELWEST-10-138-017",
        "ROCK NAME": "BASALT",
        "SIO2": "50.626",
        "_featureIndex": 1385
      },
      "geometry": {
        "type": "Point",
        "coordinates": [
          112.855,
          -50.187
        ]
      },
      "_featureIndex": 1385
    },
    {
      "type": "Feature",
      "properties": {
        "Name": "MELWEST-10-139-007",
        "ROCK NAME": "BASALT",
        "SIO2": "50.624",
        "_featureIndex": 1386
      },
      "geometry": {
        "type": "Point",
        "coordinates": [
          113.106,
          -50.2453
        ]
      },
      "_featureIndex": 1386
    },
    {
      "type": "Feature",
      "properties": {
        "Name": "MELWEST-10-085-001",
        "ROCK NAME": "BASALT",
        "SIO2": "50.623",
        "_featureIndex": 1387
      },
      "geometry": {
        "type": "Point",
        "coordinates": [
          96.117,
          -45.2035
        ]
      },
      "_featureIndex": 1387
    },
    {
      "type": "Feature",
      "properties": {
        "Name": "MELWEST-10-087-048",
        "ROCK NAME": "BASALT",
        "SIO2": "50.622",
        "_featureIndex": 1388
      },
      "geometry": {
        "type": "Point",
        "coordinates": [
          96.368,
          -46.778
        ]
      },
      "_featureIndex": 1388
    },
    {
      "type": "Feature",
      "properties": {
        "Name": "MELWEST-10-091-018",
        "ROCK NAME": "BASALT",
        "SIO2": "50.622",
        "_featureIndex": 1389
      },
      "geometry": {
        "type": "Point",
        "coordinates": [
          98.601,
          -47.909
        ]
      },
      "_featureIndex": 1389
    },
    {
      "type": "Feature",
      "properties": {
        "Name": "MOA8801-016-028",
        "ROCK NAME": "BASALT",
        "SIO2": "50.62",
        "LA": "2.97",
        "_featureIndex": 1390
      },
      "geometry": {
        "type": "Point",
        "coordinates": [
          127.577,
          -50.163
        ]
      },
      "_featureIndex": 1390
    },
    {
      "type": "Feature",
      "properties": {
        "Name": "MOA8801-017-026",
        "ROCK NAME": "BASALT",
        "SIO2": "50.62",
        "LA": "1.91",
        "_featureIndex": 1391
      },
      "geometry": {
        "type": "Point",
        "coordinates": [
          127.417,
          -50.222
        ]
      },
      "_featureIndex": 1391
    },
    {
      "type": "Feature",
      "properties": {
        "Name": "DUF0037-001-D1-003",
        "ROCK NAME": "BASALT",
        "SIO2": "50.62",
        "_featureIndex": 1392
      },
      "geometry": {
        "type": "Point",
        "coordinates": [
          72.24,
          -26.92
        ]
      },
      "_featureIndex": 1392
    },
    {
      "type": "Feature",
      "properties": {
        "Name": "VEM0033-2-009-003",
        "ROCK NAME": "BASALT",
        "SIO2": "50.62",
        "_featureIndex": 1393
      },
      "geometry": {
        "type": "Point",
        "coordinates": [
          119.175,
          -49.808
        ]
      },
      "_featureIndex": 1393
    },
    {
      "type": "Feature",
      "properties": {
        "Name": "VEM0033-1-005-004",
        "ROCK NAME": "BASALT",
        "SIO2": "50.62",
        "_featureIndex": 1394
      },
      "geometry": {
        "type": "Point",
        "coordinates": [
          127.08,
          -48.738
        ]
      },
      "_featureIndex": 1394
    },
    {
      "type": "Feature",
      "properties": {
        "Name": "MOA8801-004-A",
        "ROCK NAME": "BASALT",
        "SIO2": "50.62",
        "_featureIndex": 1395
      },
      "geometry": {
        "type": "Point",
        "coordinates": [
          127.36,
          -48.763
        ]
      },
      "_featureIndex": 1395
    },
    {
      "type": "Feature",
      "properties": {
        "Name": "MELWEST-10-089-027",
        "ROCK NAME": "BASALT",
        "SIO2": "50.618",
        "_featureIndex": 1396
      },
      "geometry": {
        "type": "Point",
        "coordinates": [
          97.512,
          -47.445
        ]
      },
      "_featureIndex": 1396
    },
    {
      "type": "Feature",
      "properties": {
        "Name": "MELWEST-10-113-014",
        "ROCK NAME": "BASALT",
        "SIO2": "50.618",
        "_featureIndex": 1397
      },
      "geometry": {
        "type": "Point",
        "coordinates": [
          105.224,
          -48.752
        ]
      },
      "_featureIndex": 1397
    },
    {
      "type": "Feature",
      "properties": {
        "Name": "MELWEST-10-133-003",
        "ROCK NAME": "BASALT",
        "SIO2": "50.618",
        "_featureIndex": 1398
      },
      "geometry": {
        "type": "Point",
        "coordinates": [
          112.4,
          -50.32
        ]
      },
      "_featureIndex": 1398
    },
    {
      "type": "Feature",
      "properties": {
        "Name": "MELWEST-10-144-006",
        "ROCK NAME": "BASALT",
        "SIO2": "50.618",
        "_featureIndex": 1399
      },
      "geometry": {
        "type": "Point",
        "coordinates": [
          115.212,
          -50.007
        ]
      },
      "_featureIndex": 1399
    },
    {
      "type": "Feature",
      "properties": {
        "Name": "MELWEST-10-079-019",
        "ROCK NAME": "BASALT",
        "SIO2": "50.617",
        "LA": "3.65",
        "_featureIndex": 1400
      },
      "geometry": {
        "type": "Point",
        "coordinates": [
          95.41,
          -45.11
        ]
      },
      "_featureIndex": 1400
    },
    {
      "type": "Feature",
      "properties": {
        "Name": "MELWEST-10-104-012",
        "ROCK NAME": "BASALT",
        "SIO2": "50.614",
        "_featureIndex": 1401
      },
      "geometry": {
        "type": "Point",
        "coordinates": [
          103.079,
          -47.9224
        ]
      },
      "_featureIndex": 1401
    },
    {
      "type": "Feature",
      "properties": {
        "Name": "MELWEST-10-133-005",
        "ROCK NAME": "BASALT",
        "SIO2": "50.613",
        "_featureIndex": 1402
      },
      "geometry": {
        "type": "Point",
        "coordinates": [
          112.4,
          -50.32
        ]
      },
      "_featureIndex": 1402
    },
    {
      "type": "Feature",
      "properties": {
        "Name": "MELWEST-10-139-008",
        "ROCK NAME": "BASALT",
        "SIO2": "50.613",
        "_featureIndex": 1403
      },
      "geometry": {
        "type": "Point",
        "coordinates": [
          113.106,
          -50.2453
        ]
      },
      "_featureIndex": 1403
    },
    {
      "type": "Feature",
      "properties": {
        "Name": "MELWEST-10-139-009",
        "ROCK NAME": "BASALT",
        "SIO2": "50.612",
        "_featureIndex": 1404
      },
      "geometry": {
        "type": "Point",
        "coordinates": [
          113.106,
          -50.2453
        ]
      },
      "_featureIndex": 1404
    },
    {
      "type": "Feature",
      "properties": {
        "Name": "MOA8801-019-054",
        "ROCK NAME": "BASALT",
        "SIO2": "50.61",
        "LA": "5.39",
        "_featureIndex": 1405
      },
      "geometry": {
        "type": "Point",
        "coordinates": [
          127.017,
          -50.147
        ]
      },
      "_featureIndex": 1405
    },
    {
      "type": "Feature",
      "properties": {
        "Name": "MELWEST-10-089-067",
        "ROCK NAME": "BASALT",
        "SIO2": "50.61",
        "_featureIndex": 1406
      },
      "geometry": {
        "type": "Point",
        "coordinates": [
          97.512,
          -47.445
        ]
      },
      "_featureIndex": 1406
    },
    {
      "type": "Feature",
      "properties": {
        "Name": "MELWEST-10-103-007",
        "ROCK NAME": "BASALT",
        "SIO2": "50.605",
        "_featureIndex": 1407
      },
      "geometry": {
        "type": "Point",
        "coordinates": [
          102.54,
          -48.019
        ]
      },
      "_featureIndex": 1407
    },
    {
      "type": "Feature",
      "properties": {
        "Name": "MELWEST-10-R051",
        "ROCK NAME": "BASALT",
        "SIO2": "50.604",
        "_featureIndex": 1408
      },
      "geometry": {
        "type": "Point",
        "coordinates": [
          97.4787,
          -47.4302
        ]
      },
      "_featureIndex": 1408
    },
    {
      "type": "Feature",
      "properties": {
        "Name": "MELWEST-10-092-018",
        "ROCK NAME": "BASALT",
        "SIO2": "50.603",
        "_featureIndex": 1409
      },
      "geometry": {
        "type": "Point",
        "coordinates": [
          98.943,
          -48.101
        ]
      },
      "_featureIndex": 1409
    },
    {
      "type": "Feature",
      "properties": {
        "Name": "MELWEST-10-134-007",
        "ROCK NAME": "BASALT",
        "SIO2": "50.6",
        "_featureIndex": 1410
      },
      "geometry": {
        "type": "Point",
        "coordinates": [
          112.49,
          -50.295
        ]
      },
      "_featureIndex": 1410
    },
    {
      "type": "Feature",
      "properties": {
        "Name": "VEM0033-002-019",
        "ROCK NAME": "BASALT",
        "SIO2": "50.6",
        "_featureIndex": 1411
      },
      "geometry": {
        "type": "Point",
        "coordinates": [
          132.55,
          -50.267
        ]
      },
      "_featureIndex": 1411
    },
    {
      "type": "Feature",
      "properties": {
        "Name": "MELWEST-10-083-002",
        "ROCK NAME": "BASALT",
        "SIO2": "50.599",
        "_featureIndex": 1412
      },
      "geometry": {
        "type": "Point",
        "coordinates": [
          95.76,
          -45.05
        ]
      },
      "_featureIndex": 1412
    },
    {
      "type": "Feature",
      "properties": {
        "Name": "MELWEST-10-077-001",
        "ROCK NAME": "BASALT",
        "SIO2": "50.598",
        "_featureIndex": 1413
      },
      "geometry": {
        "type": "Point",
        "coordinates": [
          93.773,
          -44.117
        ]
      },
      "_featureIndex": 1413
    },
    {
      "type": "Feature",
      "properties": {
        "Name": "MELWEST-10-138-023",
        "ROCK NAME": "BASALT",
        "SIO2": "50.597",
        "_featureIndex": 1414
      },
      "geometry": {
        "type": "Point",
        "coordinates": [
          112.855,
          -50.187
        ]
      },
      "_featureIndex": 1414
    },
    {
      "type": "Feature",
      "properties": {
        "Name": "MELWEST-10-091-016",
        "ROCK NAME": "BASALT",
        "SIO2": "50.596",
        "_featureIndex": 1415
      },
      "geometry": {
        "type": "Point",
        "coordinates": [
          98.601,
          -47.909
        ]
      },
      "_featureIndex": 1415
    },
    {
      "type": "Feature",
      "properties": {
        "Name": "MELWEST-10-102-018",
        "ROCK NAME": "BASALT",
        "SIO2": "50.594",
        "_featureIndex": 1416
      },
      "geometry": {
        "type": "Point",
        "coordinates": [
          102.14,
          -47.88
        ]
      },
      "_featureIndex": 1416
    },
    {
      "type": "Feature",
      "properties": {
        "Name": "MELWEST-10-098-008",
        "ROCK NAME": "BASALT",
        "SIO2": "50.593",
        "_featureIndex": 1417
      },
      "geometry": {
        "type": "Point",
        "coordinates": [
          100.961,
          -47.458
        ]
      },
      "_featureIndex": 1417
    },
    {
      "type": "Feature",
      "properties": {
        "Name": "MELWEST-10-084-019",
        "ROCK NAME": "BASALT",
        "SIO2": "50.592",
        "_featureIndex": 1418
      },
      "geometry": {
        "type": "Point",
        "coordinates": [
          95.932,
          -45.111
        ]
      },
      "_featureIndex": 1418
    },
    {
      "type": "Feature",
      "properties": {
        "Name": "MELWEST-10-117-002",
        "ROCK NAME": "BASALT",
        "SIO2": "50.592",
        "_featureIndex": 1419
      },
      "geometry": {
        "type": "Point",
        "coordinates": [
          107.145,
          -48.348
        ]
      },
      "_featureIndex": 1419
    },
    {
      "type": "Feature",
      "properties": {
        "Name": "MELWEST-10-070-019",
        "ROCK NAME": "BASALT",
        "SIO2": "50.591",
        "_featureIndex": 1420
      },
      "geometry": {
        "type": "Point",
        "coordinates": [
          90.187,
          -42.57
        ]
      },
      "_featureIndex": 1420
    },
    {
      "type": "Feature",
      "properties": {
        "Name": "MELWEST-10-082-097",
        "ROCK NAME": "BASALT",
        "SIO2": "50.591",
        "_featureIndex": 1421
      },
      "geometry": {
        "type": "Point",
        "coordinates": [
          95.585,
          -45.185
        ]
      },
      "_featureIndex": 1421
    },
    {
      "type": "Feature",
      "properties": {
        "Name": "MELWEST-10-082-111",
        "ROCK NAME": "BASALT",
        "SIO2": "50.591",
        "_featureIndex": 1422
      },
      "geometry": {
        "type": "Point",
        "coordinates": [
          95.585,
          -45.185
        ]
      },
      "_featureIndex": 1422
    },
    {
      "type": "Feature",
      "properties": {
        "Name": "MELWEST-10-085-015",
        "ROCK NAME": "BASALT",
        "SIO2": "50.59",
        "_featureIndex": 1423
      },
      "geometry": {
        "type": "Point",
        "coordinates": [
          96.117,
          -45.2035
        ]
      },
      "_featureIndex": 1423
    },
    {
      "type": "Feature",
      "properties": {
        "Name": "MELWEST-10-089-073",
        "ROCK NAME": "BASALT",
        "SIO2": "50.588",
        "_featureIndex": 1424
      },
      "geometry": {
        "type": "Point",
        "coordinates": [
          97.512,
          -47.445
        ]
      },
      "_featureIndex": 1424
    },
    {
      "type": "Feature",
      "properties": {
        "Name": "MELWEST-10-071-013",
        "ROCK NAME": "BASALT",
        "SIO2": "50.586",
        "_featureIndex": 1425
      },
      "geometry": {
        "type": "Point",
        "coordinates": [
          90.795,
          -42.886
        ]
      },
      "_featureIndex": 1425
    },
    {
      "type": "Feature",
      "properties": {
        "Name": "MELWEST-10-083-025",
        "ROCK NAME": "BASALT",
        "SIO2": "50.585",
        "_featureIndex": 1426
      },
      "geometry": {
        "type": "Point",
        "coordinates": [
          95.76,
          -45.05
        ]
      },
      "_featureIndex": 1426
    },
    {
      "type": "Feature",
      "properties": {
        "Name": "MELWEST-10-139-003",
        "ROCK NAME": "BASALT",
        "SIO2": "50.585",
        "_featureIndex": 1427
      },
      "geometry": {
        "type": "Point",
        "coordinates": [
          113.106,
          -50.2453
        ]
      },
      "_featureIndex": 1427
    },
    {
      "type": "Feature",
      "properties": {
        "Name": "MELWEST-10-065-007",
        "ROCK NAME": "BASALT",
        "SIO2": "50.582",
        "_featureIndex": 1428
      },
      "geometry": {
        "type": "Point",
        "coordinates": [
          91.095,
          -43.082
        ]
      },
      "_featureIndex": 1428
    },
    {
      "type": "Feature",
      "properties": {
        "Name": "MELWEST-10-134-027",
        "ROCK NAME": "BASALT",
        "SIO2": "50.58",
        "_featureIndex": 1429
      },
      "geometry": {
        "type": "Point",
        "coordinates": [
          112.49,
          -50.295
        ]
      },
      "_featureIndex": 1429
    },
    {
      "type": "Feature",
      "properties": {
        "Name": "MOA8801-018-028",
        "ROCK NAME": "BASALT",
        "SIO2": "50.58",
        "_featureIndex": 1430
      },
      "geometry": {
        "type": "Point",
        "coordinates": [
          126.742,
          -50.042
        ]
      },
      "_featureIndex": 1430
    },
    {
      "type": "Feature",
      "properties": {
        "Name": "MELWEST-10-138-019",
        "ROCK NAME": "BASALT",
        "SIO2": "50.579",
        "_featureIndex": 1431
      },
      "geometry": {
        "type": "Point",
        "coordinates": [
          112.855,
          -50.187
        ]
      },
      "_featureIndex": 1431
    },
    {
      "type": "Feature",
      "properties": {
        "Name": "MELWEST-10-082-036",
        "ROCK NAME": "BASALT",
        "SIO2": "50.573",
        "_featureIndex": 1432
      },
      "geometry": {
        "type": "Point",
        "coordinates": [
          95.585,
          -45.185
        ]
      },
      "_featureIndex": 1432
    },
    {
      "type": "Feature",
      "properties": {
        "Name": "MELWEST-10-116-017",
        "ROCK NAME": "BASALT",
        "SIO2": "50.571",
        "_featureIndex": 1433
      },
      "geometry": {
        "type": "Point",
        "coordinates": [
          106.494,
          -48.873
        ]
      },
      "_featureIndex": 1433
    },
    {
      "type": "Feature",
      "properties": {
        "Name": "MOA8801-023-001",
        "ROCK NAME": "BASALT",
        "SIO2": "50.57",
        "LA": "2.4",
        "_featureIndex": 1434
      },
      "geometry": {
        "type": "Point",
        "coordinates": [
          125.658,
          -49.613
        ]
      },
      "_featureIndex": 1434
    },
    {
      "type": "Feature",
      "properties": {
        "Name": "MELWEST-10-065-004",
        "ROCK NAME": "BASALT",
        "SIO2": "50.57",
        "_featureIndex": 1435
      },
      "geometry": {
        "type": "Point",
        "coordinates": [
          91.095,
          -43.082
        ]
      },
      "_featureIndex": 1435
    },
    {
      "type": "Feature",
      "properties": {
        "Name": "MELWEST-10-092-019",
        "ROCK NAME": "BASALT",
        "SIO2": "50.57",
        "_featureIndex": 1436
      },
      "geometry": {
        "type": "Point",
        "coordinates": [
          98.943,
          -48.101
        ]
      },
      "_featureIndex": 1436
    },
    {
      "type": "Feature",
      "properties": {
        "Name": "VEM0033-1-002",
        "ROCK NAME": "BASALT",
        "SIO2": "50.57",
        "_featureIndex": 1437
      },
      "geometry": {
        "type": "Point",
        "coordinates": [
          132.55,
          -50.267
        ]
      },
      "_featureIndex": 1437
    },
    {
      "type": "Feature",
      "properties": {
        "Name": "MELWEST-10-119-005",
        "ROCK NAME": "BASALT",
        "SIO2": "50.569",
        "_featureIndex": 1438
      },
      "geometry": {
        "type": "Point",
        "coordinates": [
          107.504,
          -48.3487
        ]
      },
      "_featureIndex": 1438
    },
    {
      "type": "Feature",
      "properties": {
        "Name": "MELWEST-10-080-009",
        "ROCK NAME": "BASALT",
        "SIO2": "50.568",
        "LA": "3.37",
        "_featureIndex": 1439
      },
      "geometry": {
        "type": "Point",
        "coordinates": [
          95.496,
          -45.1422
        ]
      },
      "_featureIndex": 1439
    },
    {
      "type": "Feature",
      "properties": {
        "Name": "MELWEST-10-065-010",
        "ROCK NAME": "BASALT",
        "SIO2": "50.568",
        "_featureIndex": 1440
      },
      "geometry": {
        "type": "Point",
        "coordinates": [
          91.095,
          -43.082
        ]
      },
      "_featureIndex": 1440
    },
    {
      "type": "Feature",
      "properties": {
        "Name": "MELWEST-10-092-022",
        "ROCK NAME": "BASALT",
        "SIO2": "50.568",
        "_featureIndex": 1441
      },
      "geometry": {
        "type": "Point",
        "coordinates": [
          98.943,
          -48.101
        ]
      },
      "_featureIndex": 1441
    },
    {
      "type": "Feature",
      "properties": {
        "Name": "MELWEST-10-094-008",
        "ROCK NAME": "BASALT",
        "SIO2": "50.565",
        "_featureIndex": 1442
      },
      "geometry": {
        "type": "Point",
        "coordinates": [
          99.2542,
          -47.7512
        ]
      },
      "_featureIndex": 1442
    },
    {
      "type": "Feature",
      "properties": {
        "Name": "MELWEST-10-130-014",
        "ROCK NAME": "BASALT",
        "SIO2": "50.564",
        "_featureIndex": 1443
      },
      "geometry": {
        "type": "Point",
        "coordinates": [
          111.133,
          -49.775
        ]
      },
      "_featureIndex": 1443
    },
    {
      "type": "Feature",
      "properties": {
        "Name": "MELWEST-10-132-026",
        "ROCK NAME": "BASALT",
        "SIO2": "50.564",
        "_featureIndex": 1444
      },
      "geometry": {
        "type": "Point",
        "coordinates": [
          111.78,
          -50.21
        ]
      },
      "_featureIndex": 1444
    },
    {
      "type": "Feature",
      "properties": {
        "Name": "MELWEST-10-138-008",
        "ROCK NAME": "BASALT",
        "SIO2": "50.564",
        "_featureIndex": 1445
      },
      "geometry": {
        "type": "Point",
        "coordinates": [
          112.855,
          -50.187
        ]
      },
      "_featureIndex": 1445
    },
    {
      "type": "Feature",
      "properties": {
        "Name": "MELWEST-10-138-014",
        "ROCK NAME": "BASALT",
        "SIO2": "50.562",
        "_featureIndex": 1446
      },
      "geometry": {
        "type": "Point",
        "coordinates": [
          112.855,
          -50.187
        ]
      },
      "_featureIndex": 1446
    },
    {
      "type": "Feature",
      "properties": {
        "Name": "MELWEST-10-138-013",
        "ROCK NAME": "BASALT",
        "SIO2": "50.561",
        "_featureIndex": 1447
      },
      "geometry": {
        "type": "Point",
        "coordinates": [
          112.855,
          -50.187
        ]
      },
      "_featureIndex": 1447
    },
    {
      "type": "Feature",
      "properties": {
        "Name": "VEM0033-1-005-011",
        "ROCK NAME": "BASALT",
        "SIO2": "50.56",
        "_featureIndex": 1448
      },
      "geometry": {
        "type": "Point",
        "coordinates": [
          127.08,
          -48.738
        ]
      },
      "_featureIndex": 1448
    },
    {
      "type": "Feature",
      "properties": {
        "Name": "VEM0033-1-004-008",
        "ROCK NAME": "BASALT",
        "SIO2": "50.56",
        "_featureIndex": 1449
      },
      "geometry": {
        "type": "Point",
        "coordinates": [
          137.555,
          -50.215
        ]
      },
      "_featureIndex": 1449
    },
    {
      "type": "Feature",
      "properties": {
        "Name": "MELWEST-10-078-002",
        "SIO2": "50.557",
        "LA": "3.08",
        "_featureIndex": 1450
      },
      "geometry": {
        "type": "Point",
        "coordinates": [
          94.833,
          -44.833
        ]
      },
      "_featureIndex": 1450
    },
    {
      "type": "Feature",
      "properties": {
        "Name": "MELWEST-10-070-015",
        "ROCK NAME": "BASALT",
        "SIO2": "50.555",
        "_featureIndex": 1451
      },
      "geometry": {
        "type": "Point",
        "coordinates": [
          90.187,
          -42.57
        ]
      },
      "_featureIndex": 1451
    },
    {
      "type": "Feature",
      "properties": {
        "Name": "MELWEST-10-082-120",
        "ROCK NAME": "BASALT",
        "SIO2": "50.555",
        "_featureIndex": 1452
      },
      "geometry": {
        "type": "Point",
        "coordinates": [
          95.585,
          -45.185
        ]
      },
      "_featureIndex": 1452
    },
    {
      "type": "Feature",
      "properties": {
        "Name": "MELWEST-10-104-015",
        "ROCK NAME": "BASALT",
        "SIO2": "50.553",
        "_featureIndex": 1453
      },
      "geometry": {
        "type": "Point",
        "coordinates": [
          103.079,
          -47.9224
        ]
      },
      "_featureIndex": 1453
    },
    {
      "type": "Feature",
      "properties": {
        "Name": "MELWEST-10-138-021",
        "ROCK NAME": "BASALT",
        "SIO2": "50.551",
        "_featureIndex": 1454
      },
      "geometry": {
        "type": "Point",
        "coordinates": [
          112.855,
          -50.187
        ]
      },
      "_featureIndex": 1454
    },
    {
      "type": "Feature",
      "properties": {
        "Name": "MOA8801-006-002",
        "ROCK NAME": "BASALT",
        "SIO2": "50.55",
        "LA": "3.45",
        "_featureIndex": 1455
      },
      "geometry": {
        "type": "Point",
        "coordinates": [
          126.883,
          -48.765
        ]
      },
      "_featureIndex": 1455
    },
    {
      "type": "Feature",
      "properties": {
        "Name": "MELBMRG-6-R045G",
        "ROCK NAME": "BASALT",
        "SIO2": "50.55",
        "_featureIndex": 1456
      },
      "geometry": {
        "type": "Point",
        "coordinates": [
          77.832,
          -37.716
        ]
      },
      "_featureIndex": 1456
    },
    {
      "type": "Feature",
      "properties": {
        "Name": "MELWEST-10-071-012",
        "ROCK NAME": "BASALT",
        "SIO2": "50.549",
        "_featureIndex": 1457
      },
      "geometry": {
        "type": "Point",
        "coordinates": [
          90.795,
          -42.886
        ]
      },
      "_featureIndex": 1457
    },
    {
      "type": "Feature",
      "properties": {
        "Name": "MELWEST-10-087-046",
        "ROCK NAME": "BASALT",
        "SIO2": "50.549",
        "_featureIndex": 1458
      },
      "geometry": {
        "type": "Point",
        "coordinates": [
          96.368,
          -46.778
        ]
      },
      "_featureIndex": 1458
    },
    {
      "type": "Feature",
      "properties": {
        "Name": "MELWEST-10-065-046",
        "ROCK NAME": "BASALT",
        "SIO2": "50.548",
        "_featureIndex": 1459
      },
      "geometry": {
        "type": "Point",
        "coordinates": [
          91.095,
          -43.082
        ]
      },
      "_featureIndex": 1459
    },
    {
      "type": "Feature",
      "properties": {
        "Name": "MELWEST-10-R054",
        "ROCK NAME": "BASALT",
        "SIO2": "50.548",
        "_featureIndex": 1460
      },
      "geometry": {
        "type": "Point",
        "coordinates": [
          99.05,
          -48.0175
        ]
      },
      "_featureIndex": 1460
    },
    {
      "type": "Feature",
      "properties": {
        "Name": "MELWEST-10-072-027",
        "ROCK NAME": "BASALT",
        "SIO2": "50.545",
        "_featureIndex": 1461
      },
      "geometry": {
        "type": "Point",
        "coordinates": [
          91.283,
          -43.417
        ]
      },
      "_featureIndex": 1461
    },
    {
      "type": "Feature",
      "properties": {
        "Name": "MELWEST-10-092-017",
        "ROCK NAME": "BASALT",
        "SIO2": "50.545",
        "_featureIndex": 1462
      },
      "geometry": {
        "type": "Point",
        "coordinates": [
          98.943,
          -48.101
        ]
      },
      "_featureIndex": 1462
    },
    {
      "type": "Feature",
      "properties": {
        "Name": "MELWEST-10-088-013",
        "ROCK NAME": "BASALT",
        "SIO2": "50.541",
        "_featureIndex": 1463
      },
      "geometry": {
        "type": "Point",
        "coordinates": [
          96.833,
          -47.076
        ]
      },
      "_featureIndex": 1463
    },
    {
      "type": "Feature",
      "properties": {
        "Name": "VEM0033-2-010-010",
        "ROCK NAME": "BASALT",
        "SIO2": "50.54",
        "_featureIndex": 1464
      },
      "geometry": {
        "type": "Point",
        "coordinates": [
          115.375,
          -49.917
        ]
      },
      "_featureIndex": 1464
    },
    {
      "type": "Feature",
      "properties": {
        "Name": "VEM0033-2-009-005",
        "ROCK NAME": "BASALT",
        "SIO2": "50.54",
        "_featureIndex": 1465
      },
      "geometry": {
        "type": "Point",
        "coordinates": [
          119.175,
          -49.808
        ]
      },
      "_featureIndex": 1465
    },
    {
      "type": "Feature",
      "properties": {
        "Name": "VEM0033-1-004-010",
        "ROCK NAME": "BASALT",
        "SIO2": "50.54",
        "_featureIndex": 1466
      },
      "geometry": {
        "type": "Point",
        "coordinates": [
          137.555,
          -50.215
        ]
      },
      "_featureIndex": 1466
    },
    {
      "type": "Feature",
      "properties": {
        "Name": "MELWEST-10-085-012",
        "ROCK NAME": "BASALT",
        "SIO2": "50.538",
        "_featureIndex": 1467
      },
      "geometry": {
        "type": "Point",
        "coordinates": [
          96.117,
          -45.2035
        ]
      },
      "_featureIndex": 1467
    },
    {
      "type": "Feature",
      "properties": {
        "Name": "MELWEST-10-130-012",
        "ROCK NAME": "BASALT",
        "SIO2": "50.537",
        "_featureIndex": 1468
      },
      "geometry": {
        "type": "Point",
        "coordinates": [
          111.133,
          -49.775
        ]
      },
      "_featureIndex": 1468
    },
    {
      "type": "Feature",
      "properties": {
        "Name": "MELWEST-10-132-028",
        "ROCK NAME": "BASALT",
        "SIO2": "50.536",
        "_featureIndex": 1469
      },
      "geometry": {
        "type": "Point",
        "coordinates": [
          111.78,
          -50.21
        ]
      },
      "_featureIndex": 1469
    },
    {
      "type": "Feature",
      "properties": {
        "Name": "MELWEST-10-090-012",
        "ROCK NAME": "BASALT",
        "SIO2": "50.534",
        "_featureIndex": 1470
      },
      "geometry": {
        "type": "Point",
        "coordinates": [
          98.157,
          -47.711
        ]
      },
      "_featureIndex": 1470
    },
    {
      "type": "Feature",
      "properties": {
        "Name": "MELWEST-10-147-001",
        "ROCK NAME": "BASALT",
        "SIO2": "50.531",
        "_featureIndex": 1471
      },
      "geometry": {
        "type": "Point",
        "coordinates": [
          117.52,
          -49.7
        ]
      },
      "_featureIndex": 1471
    },
    {
      "type": "Feature",
      "properties": {
        "Name": "MELWEST-10-082-101",
        "ROCK NAME": "BASALT",
        "SIO2": "50.53",
        "_featureIndex": 1472
      },
      "geometry": {
        "type": "Point",
        "coordinates": [
          95.585,
          -45.185
        ]
      },
      "_featureIndex": 1472
    },
    {
      "type": "Feature",
      "properties": {
        "Name": "MELWEST-10-084-017",
        "ROCK NAME": "BASALT",
        "SIO2": "50.53",
        "_featureIndex": 1473
      },
      "geometry": {
        "type": "Point",
        "coordinates": [
          95.932,
          -45.111
        ]
      },
      "_featureIndex": 1473
    },
    {
      "type": "Feature",
      "properties": {
        "Name": "VEM0033-1-002-018",
        "ROCK NAME": "BASALT",
        "SIO2": "50.53",
        "_featureIndex": 1474
      },
      "geometry": {
        "type": "Point",
        "coordinates": [
          132.55,
          -50.267
        ]
      },
      "_featureIndex": 1474
    },
    {
      "type": "Feature",
      "properties": {
        "Name": "MELWEST-10-066-021",
        "ROCK NAME": "BASALT",
        "SIO2": "50.529",
        "_featureIndex": 1475
      },
      "geometry": {
        "type": "Point",
        "coordinates": [
          89.32,
          -41.72
        ]
      },
      "_featureIndex": 1475
    },
    {
      "type": "Feature",
      "properties": {
        "Name": "MELWEST-10-082-066",
        "ROCK NAME": "BASALT",
        "SIO2": "50.528",
        "_featureIndex": 1476
      },
      "geometry": {
        "type": "Point",
        "coordinates": [
          95.585,
          -45.185
        ]
      },
      "_featureIndex": 1476
    },
    {
      "type": "Feature",
      "properties": {
        "Name": "MELWEST-10-070-026",
        "ROCK NAME": "BASALT",
        "SIO2": "50.523",
        "_featureIndex": 1477
      },
      "geometry": {
        "type": "Point",
        "coordinates": [
          90.187,
          -42.57
        ]
      },
      "_featureIndex": 1477
    },
    {
      "type": "Feature",
      "properties": {
        "Name": "MELWEST-10-083-007",
        "ROCK NAME": "BASALT",
        "SIO2": "50.522",
        "_featureIndex": 1478
      },
      "geometry": {
        "type": "Point",
        "coordinates": [
          95.76,
          -45.05
        ]
      },
      "_featureIndex": 1478
    },
    {
      "type": "Feature",
      "properties": {
        "Name": "MOA8801-009-014",
        "ROCK NAME": "BASALT",
        "SIO2": "50.52",
        "LA": "4.1",
        "_featureIndex": 1479
      },
      "geometry": {
        "type": "Point",
        "coordinates": [
          127.063,
          -50.198
        ]
      },
      "_featureIndex": 1479
    },
    {
      "type": "Feature",
      "properties": {
        "Name": "VEM0033-1-004-006",
        "ROCK NAME": "BASALT",
        "SIO2": "50.52",
        "_featureIndex": 1480
      },
      "geometry": {
        "type": "Point",
        "coordinates": [
          137.555,
          -50.215
        ]
      },
      "_featureIndex": 1480
    },
    {
      "type": "Feature",
      "properties": {
        "Name": "MELWEST-10-077-002",
        "ROCK NAME": "BASALT",
        "SIO2": "50.517",
        "_featureIndex": 1481
      },
      "geometry": {
        "type": "Point",
        "coordinates": [
          93.773,
          -44.117
        ]
      },
      "_featureIndex": 1481
    },
    {
      "type": "Feature",
      "properties": {
        "Name": "MELWEST-10-084-016",
        "ROCK NAME": "BASALT",
        "SIO2": "50.514",
        "_featureIndex": 1482
      },
      "geometry": {
        "type": "Point",
        "coordinates": [
          95.932,
          -45.111
        ]
      },
      "_featureIndex": 1482
    },
    {
      "type": "Feature",
      "properties": {
        "Name": "MELWEST-10-078-004",
        "ROCK NAME": "BASALT",
        "SIO2": "50.513",
        "_featureIndex": 1483
      },
      "geometry": {
        "type": "Point",
        "coordinates": [
          94.833,
          -44.833
        ]
      },
      "_featureIndex": 1483
    },
    {
      "type": "Feature",
      "properties": {
        "Name": "MELWEST-10-067-002",
        "ROCK NAME": "BASALT",
        "SIO2": "50.512",
        "_featureIndex": 1484
      },
      "geometry": {
        "type": "Point",
        "coordinates": [
          89.1898,
          -41.8883
        ]
      },
      "_featureIndex": 1484
    },
    {
      "type": "Feature",
      "properties": {
        "Name": "MELWEST-10-078-005",
        "ROCK NAME": "BASALT",
        "SIO2": "50.512",
        "_featureIndex": 1485
      },
      "geometry": {
        "type": "Point",
        "coordinates": [
          94.833,
          -44.833
        ]
      },
      "_featureIndex": 1485
    },
    {
      "type": "Feature",
      "properties": {
        "Name": "MELWEST-10-084-025",
        "ROCK NAME": "BASALT",
        "SIO2": "50.509",
        "_featureIndex": 1486
      },
      "geometry": {
        "type": "Point",
        "coordinates": [
          95.932,
          -45.111
        ]
      },
      "_featureIndex": 1486
    },
    {
      "type": "Feature",
      "properties": {
        "Name": "MELWEST-10-105-014",
        "ROCK NAME": "BASALT",
        "SIO2": "50.504",
        "_featureIndex": 1487
      },
      "geometry": {
        "type": "Point",
        "coordinates": [
          103.04,
          -47.77
        ]
      },
      "_featureIndex": 1487
    },
    {
      "type": "Feature",
      "properties": {
        "Name": "MELWEST-10-082-107",
        "ROCK NAME": "BASALT",
        "SIO2": "50.503",
        "_featureIndex": 1488
      },
      "geometry": {
        "type": "Point",
        "coordinates": [
          95.585,
          -45.185
        ]
      },
      "_featureIndex": 1488
    },
    {
      "type": "Feature",
      "properties": {
        "Name": "MELWEST-10-089-014",
        "ROCK NAME": "BASALT",
        "SIO2": "50.503",
        "_featureIndex": 1489
      },
      "geometry": {
        "type": "Point",
        "coordinates": [
          97.512,
          -47.445
        ]
      },
      "_featureIndex": 1489
    },
    {
      "type": "Feature",
      "properties": {
        "Name": "MELWEST-10-140-007",
        "ROCK NAME": "BASALT",
        "SIO2": "50.503",
        "_featureIndex": 1490
      },
      "geometry": {
        "type": "Point",
        "coordinates": [
          113.453,
          -50.3
        ]
      },
      "_featureIndex": 1490
    },
    {
      "type": "Feature",
      "properties": {
        "Name": "MELWEST-10-134-014",
        "ROCK NAME": "BASALT",
        "SIO2": "50.502",
        "_featureIndex": 1491
      },
      "geometry": {
        "type": "Point",
        "coordinates": [
          112.49,
          -50.295
        ]
      },
      "_featureIndex": 1491
    },
    {
      "type": "Feature",
      "properties": {
        "Name": "VEM0033-1-006-001",
        "ROCK NAME": "BASALT",
        "SIO2": "50.5",
        "LA": "5.04",
        "_featureIndex": 1492
      },
      "geometry": {
        "type": "Point",
        "coordinates": [
          130.417,
          -50.3
        ]
      },
      "_featureIndex": 1492
    },
    {
      "type": "Feature",
      "properties": {
        "Name": "VEM0033-2-010-004",
        "ROCK NAME": "BASALT",
        "SIO2": "50.5",
        "LA": "4.46",
        "_featureIndex": 1493
      },
      "geometry": {
        "type": "Point",
        "coordinates": [
          115.375,
          -49.917
        ]
      },
      "_featureIndex": 1493
    },
    {
      "type": "Feature",
      "properties": {
        "Name": "MELWEST-10-087-034",
        "ROCK NAME": "BASALT",
        "SIO2": "50.499",
        "_featureIndex": 1494
      },
      "geometry": {
        "type": "Point",
        "coordinates": [
          96.368,
          -46.778
        ]
      },
      "_featureIndex": 1494
    },
    {
      "type": "Feature",
      "properties": {
        "Name": "MELWEST-10-083-026",
        "ROCK NAME": "BASALT",
        "SIO2": "50.497",
        "_featureIndex": 1495
      },
      "geometry": {
        "type": "Point",
        "coordinates": [
          95.76,
          -45.05
        ]
      },
      "_featureIndex": 1495
    },
    {
      "type": "Feature",
      "properties": {
        "Name": "MELWEST-10-138-012",
        "ROCK NAME": "BASALT",
        "SIO2": "50.497",
        "_featureIndex": 1496
      },
      "geometry": {
        "type": "Point",
        "coordinates": [
          112.855,
          -50.187
        ]
      },
      "_featureIndex": 1496
    },
    {
      "type": "Feature",
      "properties": {
        "Name": "MELWEST-10-073-012",
        "ROCK NAME": "BASALT",
        "SIO2": "50.494",
        "_featureIndex": 1497
      },
      "geometry": {
        "type": "Point",
        "coordinates": [
          91.684,
          -43.468
        ]
      },
      "_featureIndex": 1497
    },
    {
      "type": "Feature",
      "properties": {
        "Name": "MELWEST-10-119-008",
        "ROCK NAME": "BASALT",
        "SIO2": "50.494",
        "_featureIndex": 1498
      },
      "geometry": {
        "type": "Point",
        "coordinates": [
          107.504,
          -48.3487
        ]
      },
      "_featureIndex": 1498
    },
    {
      "type": "Feature",
      "properties": {
        "Name": "MELWEST-10-144-007",
        "ROCK NAME": "BASALT",
        "SIO2": "50.492",
        "_featureIndex": 1499
      },
      "geometry": {
        "type": "Point",
        "coordinates": [
          115.212,
          -50.007
        ]
      },
      "_featureIndex": 1499
    },
    {
      "type": "Feature",
      "properties": {
        "Name": "MELWEST-10-089-011",
        "ROCK NAME": "BASALT",
        "SIO2": "50.491",
        "_featureIndex": 1500
      },
      "geometry": {
        "type": "Point",
        "coordinates": [
          97.512,
          -47.445
        ]
      },
      "_featureIndex": 1500
    },
    {
      "type": "Feature",
      "properties": {
        "Name": "VEM0033-1-006-003",
        "ROCK NAME": "BASALT",
        "SIO2": "50.49",
        "_featureIndex": 1501
      },
      "geometry": {
        "type": "Point",
        "coordinates": [
          130.417,
          -50.3
        ]
      },
      "_featureIndex": 1501
    },
    {
      "type": "Feature",
      "properties": {
        "Name": "MELWEST-10-083-021",
        "ROCK NAME": "BASALT",
        "SIO2": "50.489",
        "_featureIndex": 1502
      },
      "geometry": {
        "type": "Point",
        "coordinates": [
          95.76,
          -45.05
        ]
      },
      "_featureIndex": 1502
    },
    {
      "type": "Feature",
      "properties": {
        "Name": "MELWEST-10-140-001",
        "ROCK NAME": "BASALT",
        "SIO2": "50.489",
        "_featureIndex": 1503
      },
      "geometry": {
        "type": "Point",
        "coordinates": [
          113.453,
          -50.3
        ]
      },
      "_featureIndex": 1503
    },
    {
      "type": "Feature",
      "properties": {
        "Name": "MELWEST-10-065-008",
        "ROCK NAME": "BASALT",
        "SIO2": "50.488",
        "_featureIndex": 1504
      },
      "geometry": {
        "type": "Point",
        "coordinates": [
          91.095,
          -43.082
        ]
      },
      "_featureIndex": 1504
    },
    {
      "type": "Feature",
      "properties": {
        "Name": "MELWEST-10-102-009",
        "ROCK NAME": "BASALT",
        "SIO2": "50.487",
        "_featureIndex": 1505
      },
      "geometry": {
        "type": "Point",
        "coordinates": [
          102.14,
          -47.88
        ]
      },
      "_featureIndex": 1505
    },
    {
      "type": "Feature",
      "properties": {
        "Name": "MELWEST-10-144-005",
        "ROCK NAME": "BASALT",
        "SIO2": "50.481",
        "_featureIndex": 1506
      },
      "geometry": {
        "type": "Point",
        "coordinates": [
          115.212,
          -50.007
        ]
      },
      "_featureIndex": 1506
    },
    {
      "type": "Feature",
      "properties": {
        "Name": "MELWEST-10-094-005",
        "ROCK NAME": "BASALT",
        "SIO2": "50.472",
        "_featureIndex": 1507
      },
      "geometry": {
        "type": "Point",
        "coordinates": [
          99.2542,
          -47.7512
        ]
      },
      "_featureIndex": 1507
    },
    {
      "type": "Feature",
      "properties": {
        "Name": "MELWEST-10-139-006",
        "ROCK NAME": "BASALT",
        "SIO2": "50.471",
        "_featureIndex": 1508
      },
      "geometry": {
        "type": "Point",
        "coordinates": [
          113.106,
          -50.2453
        ]
      },
      "_featureIndex": 1508
    },
    {
      "type": "Feature",
      "properties": {
        "Name": "CHRHYAM-STPAUL",
        "ROCK NAME": "THOLEIITE",
        "SIO2": "50.47",
        "LA": "9.9",
        "_featureIndex": 1509
      },
      "geometry": {
        "type": "Point",
        "coordinates": [
          77.5,
          -38.7
        ]
      },
      "_featureIndex": 1509
    },
    {
      "type": "Feature",
      "properties": {
        "Name": "MOA8801-002-0B",
        "ROCK NAME": "BASALT",
        "SIO2": "50.47",
        "LA": "6.7",
        "_featureIndex": 1510
      },
      "geometry": {
        "type": "Point",
        "coordinates": [
          128.54,
          -50.21
        ]
      },
      "_featureIndex": 1510
    },
    {
      "type": "Feature",
      "properties": {
        "Name": "DUF0037-004-D1-004",
        "ROCK NAME": "BASALT",
        "SIO2": "50.47",
        "_featureIndex": 1511
      },
      "geometry": {
        "type": "Point",
        "coordinates": [
          77.596,
          -32.665
        ]
      },
      "_featureIndex": 1511
    },
    {
      "type": "Feature",
      "properties": {
        "Name": "MELWEST-10-116-003",
        "ROCK NAME": "BASALT",
        "SIO2": "50.469",
        "_featureIndex": 1512
      },
      "geometry": {
        "type": "Point",
        "coordinates": [
          106.494,
          -48.873
        ]
      },
      "_featureIndex": 1512
    },
    {
      "type": "Feature",
      "properties": {
        "Name": "MELWEST-10-067-008",
        "ROCK NAME": "BASALT",
        "SIO2": "50.466",
        "_featureIndex": 1513
      },
      "geometry": {
        "type": "Point",
        "coordinates": [
          89.1898,
          -41.8883
        ]
      },
      "_featureIndex": 1513
    },
    {
      "type": "Feature",
      "properties": {
        "Name": "MELWEST-10-087-001",
        "ROCK NAME": "BASALT",
        "SIO2": "50.462",
        "_featureIndex": 1514
      },
      "geometry": {
        "type": "Point",
        "coordinates": [
          96.368,
          -46.778
        ]
      },
      "_featureIndex": 1514
    },
    {
      "type": "Feature",
      "properties": {
        "Name": "MELWEST-10-083-017",
        "ROCK NAME": "BASALT",
        "SIO2": "50.461",
        "LA": "6.22",
        "_featureIndex": 1515
      },
      "geometry": {
        "type": "Point",
        "coordinates": [
          95.76,
          -45.05
        ]
      },
      "_featureIndex": 1515
    },
    {
      "type": "Feature",
      "properties": {
        "Name": "MELWEST-10-082-002",
        "ROCK NAME": "BASALT",
        "SIO2": "50.461",
        "_featureIndex": 1516
      },
      "geometry": {
        "type": "Point",
        "coordinates": [
          95.585,
          -45.185
        ]
      },
      "_featureIndex": 1516
    },
    {
      "type": "Feature",
      "properties": {
        "Name": "MELWEST-10-113-013",
        "ROCK NAME": "BASALT",
        "SIO2": "50.461",
        "_featureIndex": 1517
      },
      "geometry": {
        "type": "Point",
        "coordinates": [
          105.224,
          -48.752
        ]
      },
      "_featureIndex": 1517
    },
    {
      "type": "Feature",
      "properties": {
        "Name": "MOA8801-026-001",
        "ROCK NAME": "BASALT",
        "SIO2": "50.46",
        "LA": "3.31",
        "_featureIndex": 1518
      },
      "geometry": {
        "type": "Point",
        "coordinates": [
          124.282,
          -48.943
        ]
      },
      "_featureIndex": 1518
    },
    {
      "type": "Feature",
      "properties": {
        "Name": "VEM0033-1-006-005",
        "ROCK NAME": "BASALT",
        "SIO2": "50.46",
        "_featureIndex": 1519
      },
      "geometry": {
        "type": "Point",
        "coordinates": [
          130.417,
          -50.3
        ]
      },
      "_featureIndex": 1519
    },
    {
      "type": "Feature",
      "properties": {
        "Name": "MELWEST-10-089-065",
        "ROCK NAME": "BASALT",
        "SIO2": "50.459",
        "_featureIndex": 1520
      },
      "geometry": {
        "type": "Point",
        "coordinates": [
          97.512,
          -47.445
        ]
      },
      "_featureIndex": 1520
    },
    {
      "type": "Feature",
      "properties": {
        "Name": "MELWEST-10-134-010",
        "ROCK NAME": "BASALT",
        "SIO2": "50.457",
        "_featureIndex": 1521
      },
      "geometry": {
        "type": "Point",
        "coordinates": [
          112.49,
          -50.295
        ]
      },
      "_featureIndex": 1521
    },
    {
      "type": "Feature",
      "properties": {
        "Name": "MELWEST-10-139-005",
        "ROCK NAME": "BASALT",
        "SIO2": "50.453",
        "_featureIndex": 1522
      },
      "geometry": {
        "type": "Point",
        "coordinates": [
          113.106,
          -50.2453
        ]
      },
      "_featureIndex": 1522
    },
    {
      "type": "Feature",
      "properties": {
        "Name": "MOA8801-022-013",
        "ROCK NAME": "BASALT",
        "SIO2": "50.45",
        "LA": "3.25",
        "_featureIndex": 1523
      },
      "geometry": {
        "type": "Point",
        "coordinates": [
          125.892,
          -49.68
        ]
      },
      "_featureIndex": 1523
    },
    {
      "type": "Feature",
      "properties": {
        "Name": "VEM0033-1-004-011",
        "ROCK NAME": "BASALT",
        "SIO2": "50.45",
        "_featureIndex": 1524
      },
      "geometry": {
        "type": "Point",
        "coordinates": [
          137.555,
          -50.215
        ]
      },
      "_featureIndex": 1524
    },
    {
      "type": "Feature",
      "properties": {
        "Name": "MELWEST-10-117-004",
        "ROCK NAME": "BASALT",
        "SIO2": "50.447",
        "_featureIndex": 1525
      },
      "geometry": {
        "type": "Point",
        "coordinates": [
          107.145,
          -48.348
        ]
      },
      "_featureIndex": 1525
    },
    {
      "type": "Feature",
      "properties": {
        "Name": "MELWEST-10-116-002",
        "SIO2": "50.44",
        "_featureIndex": 1526
      },
      "geometry": {
        "type": "Point",
        "coordinates": [
          106.494,
          -48.873
        ]
      },
      "_featureIndex": 1526
    },
    {
      "type": "Feature",
      "properties": {
        "Name": "MELWEST-10-067-013",
        "ROCK NAME": "BASALT",
        "SIO2": "50.436",
        "_featureIndex": 1527
      },
      "geometry": {
        "type": "Point",
        "coordinates": [
          89.1898,
          -41.8883
        ]
      },
      "_featureIndex": 1527
    },
    {
      "type": "Feature",
      "properties": {
        "Name": "MELWEST-10-144-001",
        "ROCK NAME": "BASALT",
        "SIO2": "50.435",
        "_featureIndex": 1528
      },
      "geometry": {
        "type": "Point",
        "coordinates": [
          115.212,
          -50.007
        ]
      },
      "_featureIndex": 1528
    },
    {
      "type": "Feature",
      "properties": {
        "Name": "MELWEST-10-083-024",
        "ROCK NAME": "BASALT",
        "SIO2": "50.434",
        "_featureIndex": 1529
      },
      "geometry": {
        "type": "Point",
        "coordinates": [
          95.76,
          -45.05
        ]
      },
      "_featureIndex": 1529
    },
    {
      "type": "Feature",
      "properties": {
        "Name": "MELWEST-10-083-016",
        "ROCK NAME": "BASALT",
        "SIO2": "50.431",
        "_featureIndex": 1530
      },
      "geometry": {
        "type": "Point",
        "coordinates": [
          95.76,
          -45.05
        ]
      },
      "_featureIndex": 1530
    },
    {
      "type": "Feature",
      "properties": {
        "Name": "MELWEST-10-114-024",
        "ROCK NAME": "BASALT",
        "SIO2": "50.431",
        "_featureIndex": 1531
      },
      "geometry": {
        "type": "Point",
        "coordinates": [
          105.588,
          -49.116
        ]
      },
      "_featureIndex": 1531
    },
    {
      "type": "Feature",
      "properties": {
        "Name": "VEM0033-1-003-008",
        "ROCK NAME": "BASALT",
        "SIO2": "50.43",
        "_featureIndex": 1532
      },
      "geometry": {
        "type": "Point",
        "coordinates": [
          135.09,
          -50.417
        ]
      },
      "_featureIndex": 1532
    },
    {
      "type": "Feature",
      "properties": {
        "Name": "MELWEST-10-094-006",
        "ROCK NAME": "BASALT",
        "SIO2": "50.427",
        "_featureIndex": 1533
      },
      "geometry": {
        "type": "Point",
        "coordinates": [
          99.2542,
          -47.7512
        ]
      },
      "_featureIndex": 1533
    },
    {
      "type": "Feature",
      "properties": {
        "Name": "MELWEST-10-119-006",
        "ROCK NAME": "BASALT",
        "SIO2": "50.423",
        "_featureIndex": 1534
      },
      "geometry": {
        "type": "Point",
        "coordinates": [
          107.504,
          -48.3487
        ]
      },
      "_featureIndex": 1534
    },
    {
      "type": "Feature",
      "properties": {
        "Name": "MELWEST-10-070-038",
        "ROCK NAME": "BASALT",
        "SIO2": "50.422",
        "_featureIndex": 1535
      },
      "geometry": {
        "type": "Point",
        "coordinates": [
          90.187,
          -42.57
        ]
      },
      "_featureIndex": 1535
    },
    {
      "type": "Feature",
      "properties": {
        "Name": "MOA8801-010-010",
        "ROCK NAME": "BASALT",
        "SIO2": "50.42",
        "LA": "5.92",
        "_featureIndex": 1536
      },
      "geometry": {
        "type": "Point",
        "coordinates": [
          127.59,
          -50.243
        ]
      },
      "_featureIndex": 1536
    },
    {
      "type": "Feature",
      "properties": {
        "Name": "VEM0033-2-010-003",
        "ROCK NAME": "BASALT",
        "SIO2": "50.42",
        "_featureIndex": 1537
      },
      "geometry": {
        "type": "Point",
        "coordinates": [
          115.375,
          -49.917
        ]
      },
      "_featureIndex": 1537
    },
    {
      "type": "Feature",
      "properties": {
        "Name": "MOA8801-017-003",
        "ROCK NAME": "BASALT",
        "SIO2": "50.42",
        "_featureIndex": 1538
      },
      "geometry": {
        "type": "Point",
        "coordinates": [
          127.417,
          -50.222
        ]
      },
      "_featureIndex": 1538
    },
    {
      "type": "Feature",
      "properties": {
        "Name": "VEM0033-002-015",
        "ROCK NAME": "BASALT",
        "SIO2": "50.42",
        "_featureIndex": 1539
      },
      "geometry": {
        "type": "Point",
        "coordinates": [
          132.55,
          -50.267
        ]
      },
      "_featureIndex": 1539
    },
    {
      "type": "Feature",
      "properties": {
        "Name": "MELWEST-10-070-007",
        "ROCK NAME": "BASALT",
        "SIO2": "50.417",
        "_featureIndex": 1540
      },
      "geometry": {
        "type": "Point",
        "coordinates": [
          90.187,
          -42.57
        ]
      },
      "_featureIndex": 1540
    },
    {
      "type": "Feature",
      "properties": {
        "Name": "MELWEST-10-139-001",
        "ROCK NAME": "BASALT",
        "SIO2": "50.412",
        "_featureIndex": 1541
      },
      "geometry": {
        "type": "Point",
        "coordinates": [
          113.106,
          -50.2453
        ]
      },
      "_featureIndex": 1541
    },
    {
      "type": "Feature",
      "properties": {
        "Name": "MELWEST-10-082-092",
        "ROCK NAME": "BASALT",
        "SIO2": "50.408",
        "_featureIndex": 1542
      },
      "geometry": {
        "type": "Point",
        "coordinates": [
          95.585,
          -45.185
        ]
      },
      "_featureIndex": 1542
    },
    {
      "type": "Feature",
      "properties": {
        "Name": "MELWEST-10-139-004",
        "ROCK NAME": "BASALT",
        "SIO2": "50.408",
        "_featureIndex": 1543
      },
      "geometry": {
        "type": "Point",
        "coordinates": [
          113.106,
          -50.2453
        ]
      },
      "_featureIndex": 1543
    },
    {
      "type": "Feature",
      "properties": {
        "Name": "MELWEST-10-065-005",
        "ROCK NAME": "BASALT",
        "SIO2": "50.407",
        "_featureIndex": 1544
      },
      "geometry": {
        "type": "Point",
        "coordinates": [
          91.095,
          -43.082
        ]
      },
      "_featureIndex": 1544
    },
    {
      "type": "Feature",
      "properties": {
        "Name": "MELWEST-10-089-109",
        "ROCK NAME": "BASALT",
        "SIO2": "50.404",
        "_featureIndex": 1545
      },
      "geometry": {
        "type": "Point",
        "coordinates": [
          97.512,
          -47.445
        ]
      },
      "_featureIndex": 1545
    },
    {
      "type": "Feature",
      "properties": {
        "Name": "MELWEST-10-128-021",
        "ROCK NAME": "BASALT",
        "SIO2": "50.403",
        "_featureIndex": 1546
      },
      "geometry": {
        "type": "Point",
        "coordinates": [
          110.412,
          -49.828
        ]
      },
      "_featureIndex": 1546
    },
    {
      "type": "Feature",
      "properties": {
        "Name": "MELWEST-10-087-047",
        "ROCK NAME": "BASALT",
        "SIO2": "50.401",
        "_featureIndex": 1547
      },
      "geometry": {
        "type": "Point",
        "coordinates": [
          96.368,
          -46.778
        ]
      },
      "_featureIndex": 1547
    },
    {
      "type": "Feature",
      "properties": {
        "Name": "VEM0033-1-002-015",
        "ROCK NAME": "BASALT",
        "SIO2": "50.4",
        "LA": "3.72",
        "_featureIndex": 1548
      },
      "geometry": {
        "type": "Point",
        "coordinates": [
          132.55,
          -50.267
        ]
      },
      "_featureIndex": 1548
    },
    {
      "type": "Feature",
      "properties": {
        "Name": "VEM0033-1-004-B",
        "ROCK NAME": "BASALT",
        "SIO2": "50.4",
        "_featureIndex": 1549
      },
      "geometry": {
        "type": "Point",
        "coordinates": [
          137.555,
          -50.215
        ]
      },
      "_featureIndex": 1549
    },
    {
      "type": "Feature",
      "properties": {
        "Name": "MELWEST-10-070-005",
        "ROCK NAME": "BASALT",
        "SIO2": "50.398",
        "_featureIndex": 1550
      },
      "geometry": {
        "type": "Point",
        "coordinates": [
          90.187,
          -42.57
        ]
      },
      "_featureIndex": 1550
    },
    {
      "type": "Feature",
      "properties": {
        "Name": "MELWEST-10-136-027",
        "ROCK NAME": "BASALT",
        "SIO2": "50.396",
        "_featureIndex": 1551
      },
      "geometry": {
        "type": "Point",
        "coordinates": [
          112.69,
          -50.32
        ]
      },
      "_featureIndex": 1551
    },
    {
      "type": "Feature",
      "properties": {
        "Name": "MELWEST-10-091-011",
        "ROCK NAME": "BASALT",
        "SIO2": "50.394",
        "_featureIndex": 1552
      },
      "geometry": {
        "type": "Point",
        "coordinates": [
          98.601,
          -47.909
        ]
      },
      "_featureIndex": 1552
    },
    {
      "type": "Feature",
      "properties": {
        "Name": "MELWEST-10-128-026",
        "ROCK NAME": "BASALT",
        "SIO2": "50.393",
        "_featureIndex": 1553
      },
      "geometry": {
        "type": "Point",
        "coordinates": [
          110.412,
          -49.828
        ]
      },
      "_featureIndex": 1553
    },
    {
      "type": "Feature",
      "properties": {
        "Name": "MELWEST-10-080-007",
        "ROCK NAME": "BASALT",
        "SIO2": "50.391",
        "_featureIndex": 1554
      },
      "geometry": {
        "type": "Point",
        "coordinates": [
          95.496,
          -45.1422
        ]
      },
      "_featureIndex": 1554
    },
    {
      "type": "Feature",
      "properties": {
        "Name": "MELBMRG-6-R045H",
        "ROCK NAME": "BASALT",
        "SIO2": "50.39",
        "_featureIndex": 1555
      },
      "geometry": {
        "type": "Point",
        "coordinates": [
          77.832,
          -37.716
        ]
      },
      "_featureIndex": 1555
    },
    {
      "type": "Feature",
      "properties": {
        "Name": "MELWEST-10-066-018",
        "ROCK NAME": "BASALT",
        "SIO2": "50.387",
        "_featureIndex": 1556
      },
      "geometry": {
        "type": "Point",
        "coordinates": [
          89.32,
          -41.72
        ]
      },
      "_featureIndex": 1556
    },
    {
      "type": "Feature",
      "properties": {
        "Name": "MELWEST-10-088-009",
        "ROCK NAME": "BASALT",
        "SIO2": "50.386",
        "_featureIndex": 1557
      },
      "geometry": {
        "type": "Point",
        "coordinates": [
          96.833,
          -47.076
        ]
      },
      "_featureIndex": 1557
    },
    {
      "type": "Feature",
      "properties": {
        "Name": "MELWEST-10-089-024",
        "ROCK NAME": "BASALT",
        "SIO2": "50.386",
        "_featureIndex": 1558
      },
      "geometry": {
        "type": "Point",
        "coordinates": [
          97.512,
          -47.445
        ]
      },
      "_featureIndex": 1558
    },
    {
      "type": "Feature",
      "properties": {
        "Name": "MELWEST-10-098-001a1",
        "ROCK NAME": "BASALT",
        "SIO2": "50.386",
        "_featureIndex": 1559
      },
      "geometry": {
        "type": "Point",
        "coordinates": [
          100.961,
          -47.458
        ]
      },
      "_featureIndex": 1559
    },
    {
      "type": "Feature",
      "properties": {
        "Name": "MELWEST-10-070-010",
        "ROCK NAME": "BASALT",
        "SIO2": "50.384",
        "_featureIndex": 1560
      },
      "geometry": {
        "type": "Point",
        "coordinates": [
          90.187,
          -42.57
        ]
      },
      "_featureIndex": 1560
    },
    {
      "type": "Feature",
      "properties": {
        "Name": "MELWEST-10-082-118",
        "ROCK NAME": "BASALT",
        "SIO2": "50.383",
        "_featureIndex": 1561
      },
      "geometry": {
        "type": "Point",
        "coordinates": [
          95.585,
          -45.185
        ]
      },
      "_featureIndex": 1561
    },
    {
      "type": "Feature",
      "properties": {
        "Name": "MELWEST-10-084-020a1",
        "ROCK NAME": "BASALT",
        "SIO2": "50.382",
        "_featureIndex": 1562
      },
      "geometry": {
        "type": "Point",
        "coordinates": [
          95.932,
          -45.111
        ]
      },
      "_featureIndex": 1562
    },
    {
      "type": "Feature",
      "properties": {
        "Name": "MELWEST-10-089-025",
        "ROCK NAME": "BASALT",
        "SIO2": "50.382",
        "_featureIndex": 1563
      },
      "geometry": {
        "type": "Point",
        "coordinates": [
          97.512,
          -47.445
        ]
      },
      "_featureIndex": 1563
    },
    {
      "type": "Feature",
      "properties": {
        "Name": "MOA8801-009-017",
        "ROCK NAME": "BASALT",
        "SIO2": "50.38",
        "LA": "3.67",
        "_featureIndex": 1564
      },
      "geometry": {
        "type": "Point",
        "coordinates": [
          127.063,
          -50.198
        ]
      },
      "_featureIndex": 1564
    },
    {
      "type": "Feature",
      "properties": {
        "Name": "MELWEST-10-067-004",
        "ROCK NAME": "BASALT",
        "SIO2": "50.375",
        "_featureIndex": 1565
      },
      "geometry": {
        "type": "Point",
        "coordinates": [
          89.1898,
          -41.8883
        ]
      },
      "_featureIndex": 1565
    },
    {
      "type": "Feature",
      "properties": {
        "Name": "MELWEST-10-105-010",
        "ROCK NAME": "BASALT",
        "SIO2": "50.373",
        "_featureIndex": 1566
      },
      "geometry": {
        "type": "Point",
        "coordinates": [
          103.04,
          -47.77
        ]
      },
      "_featureIndex": 1566
    },
    {
      "type": "Feature",
      "properties": {
        "Name": "MELWEST-10-105-011",
        "ROCK NAME": "BASALT",
        "SIO2": "50.373",
        "_featureIndex": 1567
      },
      "geometry": {
        "type": "Point",
        "coordinates": [
          103.04,
          -47.77
        ]
      },
      "_featureIndex": 1567
    },
    {
      "type": "Feature",
      "properties": {
        "Name": "MELWEST-10-070-003",
        "ROCK NAME": "BASALT",
        "SIO2": "50.372",
        "_featureIndex": 1568
      },
      "geometry": {
        "type": "Point",
        "coordinates": [
          90.187,
          -42.57
        ]
      },
      "_featureIndex": 1568
    },
    {
      "type": "Feature",
      "properties": {
        "Name": "VEM0033-2-010-005",
        "ROCK NAME": "BASALT",
        "SIO2": "50.37",
        "LA": "3.09",
        "_featureIndex": 1569
      },
      "geometry": {
        "type": "Point",
        "coordinates": [
          115.375,
          -49.917
        ]
      },
      "_featureIndex": 1569
    },
    {
      "type": "Feature",
      "properties": {
        "Name": "MELWEST-10-065-001",
        "ROCK NAME": "BASALT",
        "SIO2": "50.37",
        "_featureIndex": 1570
      },
      "geometry": {
        "type": "Point",
        "coordinates": [
          91.095,
          -43.082
        ]
      },
      "_featureIndex": 1570
    },
    {
      "type": "Feature",
      "properties": {
        "Name": "MELWEST-10-140-003",
        "ROCK NAME": "BASALT",
        "SIO2": "50.369",
        "_featureIndex": 1571
      },
      "geometry": {
        "type": "Point",
        "coordinates": [
          113.453,
          -50.3
        ]
      },
      "_featureIndex": 1571
    },
    {
      "type": "Feature",
      "properties": {
        "Name": "MELWEST-10-087-049",
        "ROCK NAME": "BASALT",
        "SIO2": "50.366",
        "_featureIndex": 1572
      },
      "geometry": {
        "type": "Point",
        "coordinates": [
          96.368,
          -46.778
        ]
      },
      "_featureIndex": 1572
    },
    {
      "type": "Feature",
      "properties": {
        "Name": "MELWEST-10-070-040",
        "ROCK NAME": "BASALT",
        "SIO2": "50.365",
        "_featureIndex": 1573
      },
      "geometry": {
        "type": "Point",
        "coordinates": [
          90.187,
          -42.57
        ]
      },
      "_featureIndex": 1573
    },
    {
      "type": "Feature",
      "properties": {
        "Name": "MELWEST-10-065-016",
        "ROCK NAME": "BASALT",
        "SIO2": "50.362",
        "_featureIndex": 1574
      },
      "geometry": {
        "type": "Point",
        "coordinates": [
          91.095,
          -43.082
        ]
      },
      "_featureIndex": 1574
    },
    {
      "type": "Feature",
      "properties": {
        "Name": "MELWEST-10-085-013",
        "ROCK NAME": "BASALT",
        "SIO2": "50.361",
        "_featureIndex": 1575
      },
      "geometry": {
        "type": "Point",
        "coordinates": [
          96.117,
          -45.2035
        ]
      },
      "_featureIndex": 1575
    },
    {
      "type": "Feature",
      "properties": {
        "Name": "MELWEST-10-068-007a.1",
        "ROCK NAME": "BASALT",
        "SIO2": "50.358",
        "LA": "4.04",
        "_featureIndex": 1576
      },
      "geometry": {
        "type": "Point",
        "coordinates": [
          88.5267,
          -41.8167
        ]
      },
      "_featureIndex": 1576
    },
    {
      "type": "Feature",
      "properties": {
        "Name": "MELWEST-10-128-001",
        "ROCK NAME": "BASALT",
        "SIO2": "50.355",
        "LA": "5.4",
        "_featureIndex": 1577
      },
      "geometry": {
        "type": "Point",
        "coordinates": [
          110.412,
          -49.828
        ]
      },
      "_featureIndex": 1577
    },
    {
      "type": "Feature",
      "properties": {
        "Name": "MELWEST-10-128-025",
        "ROCK NAME": "BASALT",
        "SIO2": "50.354",
        "_featureIndex": 1578
      },
      "geometry": {
        "type": "Point",
        "coordinates": [
          110.412,
          -49.828
        ]
      },
      "_featureIndex": 1578
    },
    {
      "type": "Feature",
      "properties": {
        "Name": "MELWEST-10-133-002",
        "ROCK NAME": "BASALT",
        "SIO2": "50.351",
        "_featureIndex": 1579
      },
      "geometry": {
        "type": "Point",
        "coordinates": [
          112.4,
          -50.32
        ]
      },
      "_featureIndex": 1579
    },
    {
      "type": "Feature",
      "properties": {
        "Name": "MELBMRG-6-R045F",
        "ROCK NAME": "BASALT",
        "SIO2": "50.35",
        "_featureIndex": 1580
      },
      "geometry": {
        "type": "Point",
        "coordinates": [
          77.832,
          -37.716
        ]
      },
      "_featureIndex": 1580
    },
    {
      "type": "Feature",
      "properties": {
        "Name": "MELWEST-10-082-091",
        "ROCK NAME": "BASALT",
        "SIO2": "50.348",
        "_featureIndex": 1581
      },
      "geometry": {
        "type": "Point",
        "coordinates": [
          95.585,
          -45.185
        ]
      },
      "_featureIndex": 1581
    },
    {
      "type": "Feature",
      "properties": {
        "Name": "MELWEST-10-104-011",
        "ROCK NAME": "BASALT",
        "SIO2": "50.348",
        "_featureIndex": 1582
      },
      "geometry": {
        "type": "Point",
        "coordinates": [
          103.079,
          -47.9224
        ]
      },
      "_featureIndex": 1582
    },
    {
      "type": "Feature",
      "properties": {
        "Name": "MELWEST-10-088-017",
        "ROCK NAME": "BASALT",
        "SIO2": "50.347",
        "_featureIndex": 1583
      },
      "geometry": {
        "type": "Point",
        "coordinates": [
          96.833,
          -47.076
        ]
      },
      "_featureIndex": 1583
    },
    {
      "type": "Feature",
      "properties": {
        "Name": "MELWEST-10-138-018",
        "ROCK NAME": "BASALT",
        "SIO2": "50.347",
        "_featureIndex": 1584
      },
      "geometry": {
        "type": "Point",
        "coordinates": [
          112.855,
          -50.187
        ]
      },
      "_featureIndex": 1584
    },
    {
      "type": "Feature",
      "properties": {
        "Name": "MELWEST-10-094-012",
        "ROCK NAME": "BASALT",
        "SIO2": "50.344",
        "_featureIndex": 1585
      },
      "geometry": {
        "type": "Point",
        "coordinates": [
          99.2542,
          -47.7512
        ]
      },
      "_featureIndex": 1585
    },
    {
      "type": "Feature",
      "properties": {
        "Name": "MELWEST-10-R066",
        "ROCK NAME": "BASALT",
        "SIO2": "50.344",
        "_featureIndex": 1586
      },
      "geometry": {
        "type": "Point",
        "coordinates": [
          117.84,
          -49.7833
        ]
      },
      "_featureIndex": 1586
    },
    {
      "type": "Feature",
      "properties": {
        "Name": "MOA8801-016-009",
        "ROCK NAME": "BASALT",
        "SIO2": "50.34",
        "LA": "2.87",
        "_featureIndex": 1587
      },
      "geometry": {
        "type": "Point",
        "coordinates": [
          127.577,
          -50.163
        ]
      },
      "_featureIndex": 1587
    },
    {
      "type": "Feature",
      "properties": {
        "Name": "MOA8801-017-046",
        "ROCK NAME": "BASALT",
        "SIO2": "50.34",
        "_featureIndex": 1588
      },
      "geometry": {
        "type": "Point",
        "coordinates": [
          127.417,
          -50.222
        ]
      },
      "_featureIndex": 1588
    },
    {
      "type": "Feature",
      "properties": {
        "Name": "MELWEST-10-089-029",
        "ROCK NAME": "BASALT",
        "SIO2": "50.339",
        "_featureIndex": 1589
      },
      "geometry": {
        "type": "Point",
        "coordinates": [
          97.512,
          -47.445
        ]
      },
      "_featureIndex": 1589
    },
    {
      "type": "Feature",
      "properties": {
        "Name": "MELWEST-10-065-012",
        "ROCK NAME": "BASALT",
        "SIO2": "50.338",
        "_featureIndex": 1590
      },
      "geometry": {
        "type": "Point",
        "coordinates": [
          91.095,
          -43.082
        ]
      },
      "_featureIndex": 1590
    },
    {
      "type": "Feature",
      "properties": {
        "Name": "MELWEST-10-095-009b1",
        "ROCK NAME": "BASALT",
        "SIO2": "50.334",
        "_featureIndex": 1591
      },
      "geometry": {
        "type": "Point",
        "coordinates": [
          99.4083,
          -47.5457
        ]
      },
      "_featureIndex": 1591
    },
    {
      "type": "Feature",
      "properties": {
        "Name": "MELWEST-10-084-023a1",
        "ROCK NAME": "BASALT",
        "SIO2": "50.333",
        "_featureIndex": 1592
      },
      "geometry": {
        "type": "Point",
        "coordinates": [
          95.932,
          -45.111
        ]
      },
      "_featureIndex": 1592
    },
    {
      "type": "Feature",
      "properties": {
        "Name": "MELWEST-10-078-011",
        "ROCK NAME": "BASALT",
        "SIO2": "50.329",
        "_featureIndex": 1593
      },
      "geometry": {
        "type": "Point",
        "coordinates": [
          94.833,
          -44.833
        ]
      },
      "_featureIndex": 1593
    },
    {
      "type": "Feature",
      "properties": {
        "Name": "MELWEST-10-085-002",
        "ROCK NAME": "BASALT",
        "SIO2": "50.326",
        "_featureIndex": 1594
      },
      "geometry": {
        "type": "Point",
        "coordinates": [
          96.117,
          -45.2035
        ]
      },
      "_featureIndex": 1594
    },
    {
      "type": "Feature",
      "properties": {
        "Name": "MELWEST-10-065-011",
        "ROCK NAME": "BASALT",
        "SIO2": "50.325",
        "_featureIndex": 1595
      },
      "geometry": {
        "type": "Point",
        "coordinates": [
          91.095,
          -43.082
        ]
      },
      "_featureIndex": 1595
    },
    {
      "type": "Feature",
      "properties": {
        "Name": "MELWEST-10-134-002",
        "ROCK NAME": "BASALT",
        "SIO2": "50.318",
        "_featureIndex": 1596
      },
      "geometry": {
        "type": "Point",
        "coordinates": [
          112.49,
          -50.295
        ]
      },
      "_featureIndex": 1596
    },
    {
      "type": "Feature",
      "properties": {
        "Name": "MELWEST-10-R042",
        "ROCK NAME": "BASALT",
        "SIO2": "50.314",
        "_featureIndex": 1597
      },
      "geometry": {
        "type": "Point",
        "coordinates": [
          90.075,
          -42.505
        ]
      },
      "_featureIndex": 1597
    },
    {
      "type": "Feature",
      "properties": {
        "Name": "MELWEST-10-088-005",
        "ROCK NAME": "BASALT",
        "SIO2": "50.313",
        "_featureIndex": 1598
      },
      "geometry": {
        "type": "Point",
        "coordinates": [
          96.833,
          -47.076
        ]
      },
      "_featureIndex": 1598
    },
    {
      "type": "Feature",
      "properties": {
        "Name": "MELWEST-10-116-007",
        "ROCK NAME": "BASALT",
        "SIO2": "50.313",
        "_featureIndex": 1599
      },
      "geometry": {
        "type": "Point",
        "coordinates": [
          106.494,
          -48.873
        ]
      },
      "_featureIndex": 1599
    },
    {
      "type": "Feature",
      "properties": {
        "Name": "VEM0033-002-016",
        "ROCK NAME": "BASALT",
        "SIO2": "50.31",
        "_featureIndex": 1600
      },
      "geometry": {
        "type": "Point",
        "coordinates": [
          132.55,
          -50.267
        ]
      },
      "_featureIndex": 1600
    },
    {
      "type": "Feature",
      "properties": {
        "Name": "VEM0033-1-004-007",
        "ROCK NAME": "BASALT",
        "SIO2": "50.31",
        "_featureIndex": 1601
      },
      "geometry": {
        "type": "Point",
        "coordinates": [
          137.555,
          -50.215
        ]
      },
      "_featureIndex": 1601
    },
    {
      "type": "Feature",
      "properties": {
        "Name": "MELWEST-10-116-013",
        "ROCK NAME": "BASALT",
        "SIO2": "50.308",
        "_featureIndex": 1602
      },
      "geometry": {
        "type": "Point",
        "coordinates": [
          106.494,
          -48.873
        ]
      },
      "_featureIndex": 1602
    },
    {
      "type": "Feature",
      "properties": {
        "Name": "MELWEST-10-067-010",
        "ROCK NAME": "BASALT",
        "SIO2": "50.306",
        "_featureIndex": 1603
      },
      "geometry": {
        "type": "Point",
        "coordinates": [
          89.1898,
          -41.8883
        ]
      },
      "_featureIndex": 1603
    },
    {
      "type": "Feature",
      "properties": {
        "Name": "MELWEST-10-089-098",
        "ROCK NAME": "BASALT",
        "SIO2": "50.303",
        "_featureIndex": 1604
      },
      "geometry": {
        "type": "Point",
        "coordinates": [
          97.512,
          -47.445
        ]
      },
      "_featureIndex": 1604
    },
    {
      "type": "Feature",
      "properties": {
        "Name": "MOA8801-027-058",
        "ROCK NAME": "BASALT",
        "SIO2": "50.3",
        "LA": "9.43",
        "_featureIndex": 1605
      },
      "geometry": {
        "type": "Point",
        "coordinates": [
          124.965,
          -49.062
        ]
      },
      "_featureIndex": 1605
    },
    {
      "type": "Feature",
      "properties": {
        "Name": "VEM0033-1-002-016",
        "ROCK NAME": "BASALT",
        "SIO2": "50.3",
        "LA": "3.89",
        "_featureIndex": 1606
      },
      "geometry": {
        "type": "Point",
        "coordinates": [
          132.55,
          -50.267
        ]
      },
      "_featureIndex": 1606
    },
    {
      "type": "Feature",
      "properties": {
        "Name": "VEM0033-1-004-009",
        "ROCK NAME": "BASALT",
        "SIO2": "50.3",
        "_featureIndex": 1607
      },
      "geometry": {
        "type": "Point",
        "coordinates": [
          137.555,
          -50.215
        ]
      },
      "_featureIndex": 1607
    },
    {
      "type": "Feature",
      "properties": {
        "Name": "MELWEST-10-082-093",
        "ROCK NAME": "BASALT",
        "SIO2": "50.299",
        "_featureIndex": 1608
      },
      "geometry": {
        "type": "Point",
        "coordinates": [
          95.585,
          -45.185
        ]
      },
      "_featureIndex": 1608
    },
    {
      "type": "Feature",
      "properties": {
        "Name": "MELWEST-10-081-003",
        "ROCK NAME": "BASALT",
        "SIO2": "50.294",
        "_featureIndex": 1609
      },
      "geometry": {
        "type": "Point",
        "coordinates": [
          95.59,
          -45.174
        ]
      },
      "_featureIndex": 1609
    },
    {
      "type": "Feature",
      "properties": {
        "Name": "MELWEST-10-136-030",
        "ROCK NAME": "BASALT",
        "SIO2": "50.292",
        "_featureIndex": 1610
      },
      "geometry": {
        "type": "Point",
        "coordinates": [
          112.69,
          -50.32
        ]
      },
      "_featureIndex": 1610
    },
    {
      "type": "Feature",
      "properties": {
        "Name": "MELWEST-10-083-014",
        "ROCK NAME": "BASALT",
        "SIO2": "50.291",
        "_featureIndex": 1611
      },
      "geometry": {
        "type": "Point",
        "coordinates": [
          95.76,
          -45.05
        ]
      },
      "_featureIndex": 1611
    },
    {
      "type": "Feature",
      "properties": {
        "Name": "MELBMRG-6-SP5B",
        "ROCK NAME": "BASALT",
        "SIO2": "50.29",
        "LA": "20.4",
        "_featureIndex": 1612
      },
      "geometry": {
        "type": "Point",
        "coordinates": [
          77.55,
          -38.72
        ]
      },
      "_featureIndex": 1612
    },
    {
      "type": "Feature",
      "properties": {
        "Name": "MELWEST-10-128-027",
        "ROCK NAME": "BASALT",
        "SIO2": "50.286",
        "_featureIndex": 1613
      },
      "geometry": {
        "type": "Point",
        "coordinates": [
          110.412,
          -49.828
        ]
      },
      "_featureIndex": 1613
    },
    {
      "type": "Feature",
      "properties": {
        "Name": "MELWEST-10-066-013",
        "ROCK NAME": "BASALT",
        "SIO2": "50.285",
        "_featureIndex": 1614
      },
      "geometry": {
        "type": "Point",
        "coordinates": [
          89.32,
          -41.72
        ]
      },
      "_featureIndex": 1614
    },
    {
      "type": "Feature",
      "properties": {
        "Name": "MELWEST-10-066-056",
        "ROCK NAME": "BASALT",
        "SIO2": "50.285",
        "_featureIndex": 1615
      },
      "geometry": {
        "type": "Point",
        "coordinates": [
          89.32,
          -41.72
        ]
      },
      "_featureIndex": 1615
    },
    {
      "type": "Feature",
      "properties": {
        "Name": "MELWEST-10-067-018",
        "ROCK NAME": "BASALT",
        "SIO2": "50.282",
        "_featureIndex": 1616
      },
      "geometry": {
        "type": "Point",
        "coordinates": [
          89.1898,
          -41.8883
        ]
      },
      "_featureIndex": 1616
    },
    {
      "type": "Feature",
      "properties": {
        "Name": "MELWEST-10-072-025",
        "ROCK NAME": "BASALT",
        "SIO2": "50.282",
        "_featureIndex": 1617
      },
      "geometry": {
        "type": "Point",
        "coordinates": [
          91.283,
          -43.417
        ]
      },
      "_featureIndex": 1617
    },
    {
      "type": "Feature",
      "properties": {
        "Name": "MELWEST-10-078-007",
        "ROCK NAME": "BASALT",
        "SIO2": "50.281",
        "_featureIndex": 1618
      },
      "geometry": {
        "type": "Point",
        "coordinates": [
          94.833,
          -44.833
        ]
      },
      "_featureIndex": 1618
    },
    {
      "type": "Feature",
      "properties": {
        "Name": "MELWEST-10-130-017",
        "ROCK NAME": "BASALT",
        "SIO2": "50.281",
        "_featureIndex": 1619
      },
      "geometry": {
        "type": "Point",
        "coordinates": [
          111.133,
          -49.775
        ]
      },
      "_featureIndex": 1619
    },
    {
      "type": "Feature",
      "properties": {
        "Name": "MELWEST-10-116-004",
        "ROCK NAME": "BASALT",
        "SIO2": "50.277",
        "_featureIndex": 1620
      },
      "geometry": {
        "type": "Point",
        "coordinates": [
          106.494,
          -48.873
        ]
      },
      "_featureIndex": 1620
    },
    {
      "type": "Feature",
      "properties": {
        "Name": "VEM0033-2-008-002",
        "ROCK NAME": "BASALT",
        "SIO2": "50.27",
        "SR87_SR86": "0.70612",
        "_featureIndex": 1621
      },
      "geometry": {
        "type": "Point",
        "coordinates": [
          121.033,
          -49.467
        ]
      },
      "_featureIndex": 1621
    },
    {
      "type": "Feature",
      "properties": {
        "Name": "MELWEST-10-071-019",
        "ROCK NAME": "BASALT",
        "SIO2": "50.27",
        "_featureIndex": 1622
      },
      "geometry": {
        "type": "Point",
        "coordinates": [
          90.795,
          -42.886
        ]
      },
      "_featureIndex": 1622
    },
    {
      "type": "Feature",
      "properties": {
        "Name": "MELWEST-10-074-001",
        "ROCK NAME": "BASALT",
        "SIO2": "50.269",
        "_featureIndex": 1623
      },
      "geometry": {
        "type": "Point",
        "coordinates": [
          92.33,
          -43.43
        ]
      },
      "_featureIndex": 1623
    },
    {
      "type": "Feature",
      "properties": {
        "Name": "MELWEST-10-136-034",
        "ROCK NAME": "BASALT",
        "SIO2": "50.268",
        "_featureIndex": 1624
      },
      "geometry": {
        "type": "Point",
        "coordinates": [
          112.69,
          -50.32
        ]
      },
      "_featureIndex": 1624
    },
    {
      "type": "Feature",
      "properties": {
        "Name": "MELWEST-10-117-001",
        "ROCK NAME": "BASALT",
        "SIO2": "50.267",
        "LA": "7.36",
        "_featureIndex": 1625
      },
      "geometry": {
        "type": "Point",
        "coordinates": [
          107.145,
          -48.348
        ]
      },
      "_featureIndex": 1625
    },
    {
      "type": "Feature",
      "properties": {
        "Name": "MELWEST-10-077-010",
        "ROCK NAME": "BASALT",
        "SIO2": "50.267",
        "_featureIndex": 1626
      },
      "geometry": {
        "type": "Point",
        "coordinates": [
          93.773,
          -44.117
        ]
      },
      "_featureIndex": 1626
    },
    {
      "type": "Feature",
      "properties": {
        "Name": "MELWEST-10-095-001",
        "ROCK NAME": "BASALT",
        "SIO2": "50.263",
        "_featureIndex": 1627
      },
      "geometry": {
        "type": "Point",
        "coordinates": [
          99.4083,
          -47.5457
        ]
      },
      "_featureIndex": 1627
    },
    {
      "type": "Feature",
      "properties": {
        "Name": "MELWEST-10-106-009",
        "ROCK NAME": "BASALT",
        "SIO2": "50.26",
        "_featureIndex": 1628
      },
      "geometry": {
        "type": "Point",
        "coordinates": [
          103.353,
          -47.878
        ]
      },
      "_featureIndex": 1628
    },
    {
      "type": "Feature",
      "properties": {
        "Name": "MELWEST-10-140-005",
        "ROCK NAME": "BASALT",
        "SIO2": "50.259",
        "LA": "5.54",
        "_featureIndex": 1629
      },
      "geometry": {
        "type": "Point",
        "coordinates": [
          113.453,
          -50.3
        ]
      },
      "_featureIndex": 1629
    },
    {
      "type": "Feature",
      "properties": {
        "Name": "MELWEST-10-116-006",
        "ROCK NAME": "BASALT",
        "SIO2": "50.259",
        "_featureIndex": 1630
      },
      "geometry": {
        "type": "Point",
        "coordinates": [
          106.494,
          -48.873
        ]
      },
      "_featureIndex": 1630
    },
    {
      "type": "Feature",
      "properties": {
        "Name": "MELWEST-10-066-010a",
        "ROCK NAME": "BASALT",
        "SIO2": "50.258",
        "_featureIndex": 1631
      },
      "geometry": {
        "type": "Point",
        "coordinates": [
          89.32,
          -41.72
        ]
      },
      "_featureIndex": 1631
    },
    {
      "type": "Feature",
      "properties": {
        "Name": "MELWEST-10-130-013",
        "ROCK NAME": "BASALT",
        "SIO2": "50.257",
        "_featureIndex": 1632
      },
      "geometry": {
        "type": "Point",
        "coordinates": [
          111.133,
          -49.775
        ]
      },
      "_featureIndex": 1632
    },
    {
      "type": "Feature",
      "properties": {
        "Name": "MELWEST-10-065-006",
        "ROCK NAME": "BASALT",
        "SIO2": "50.256",
        "_featureIndex": 1633
      },
      "geometry": {
        "type": "Point",
        "coordinates": [
          91.095,
          -43.082
        ]
      },
      "_featureIndex": 1633
    },
    {
      "type": "Feature",
      "properties": {
        "Name": "MELWEST-10-090-013",
        "ROCK NAME": "BASALT",
        "SIO2": "50.255",
        "_featureIndex": 1634
      },
      "geometry": {
        "type": "Point",
        "coordinates": [
          98.157,
          -47.711
        ]
      },
      "_featureIndex": 1634
    },
    {
      "type": "Feature",
      "properties": {
        "Name": "VEM0033-2-009-001",
        "ROCK NAME": "BASALT",
        "SIO2": "50.25",
        "_featureIndex": 1635
      },
      "geometry": {
        "type": "Point",
        "coordinates": [
          119.175,
          -49.808
        ]
      },
      "_featureIndex": 1635
    },
    {
      "type": "Feature",
      "properties": {
        "Name": "MELWEST-10-087-015",
        "ROCK NAME": "BASALT",
        "SIO2": "50.247",
        "_featureIndex": 1636
      },
      "geometry": {
        "type": "Point",
        "coordinates": [
          96.368,
          -46.778
        ]
      },
      "_featureIndex": 1636
    },
    {
      "type": "Feature",
      "properties": {
        "Name": "MELWEST-10-128-002",
        "ROCK NAME": "BASALT",
        "SIO2": "50.247",
        "_featureIndex": 1637
      },
      "geometry": {
        "type": "Point",
        "coordinates": [
          110.412,
          -49.828
        ]
      },
      "_featureIndex": 1637
    },
    {
      "type": "Feature",
      "properties": {
        "Name": "MELWEST-10-140-010",
        "ROCK NAME": "BASALT",
        "SIO2": "50.246",
        "_featureIndex": 1638
      },
      "geometry": {
        "type": "Point",
        "coordinates": [
          113.453,
          -50.3
        ]
      },
      "_featureIndex": 1638
    },
    {
      "type": "Feature",
      "properties": {
        "Name": "MELWEST-10-R048",
        "SIO2": "50.245",
        "_featureIndex": 1639
      },
      "geometry": {
        "type": "Point",
        "coordinates": [
          95.926,
          -46.09
        ]
      },
      "_featureIndex": 1639
    },
    {
      "type": "Feature",
      "properties": {
        "Name": "VEM0033-2-009-001",
        "ROCK NAME": "BASALT",
        "SIO2": "50.24",
        "LA": "3.68",
        "_featureIndex": 1640
      },
      "geometry": {
        "type": "Point",
        "coordinates": [
          119.175,
          -49.808
        ]
      },
      "_featureIndex": 1640
    },
    {
      "type": "Feature",
      "properties": {
        "Name": "MELWEST-10-116-005",
        "ROCK NAME": "BASALT",
        "SIO2": "50.24",
        "_featureIndex": 1641
      },
      "geometry": {
        "type": "Point",
        "coordinates": [
          106.494,
          -48.873
        ]
      },
      "_featureIndex": 1641
    },
    {
      "type": "Feature",
      "properties": {
        "Name": "MELWEST-10-083-003",
        "ROCK NAME": "BASALT",
        "SIO2": "50.239",
        "_featureIndex": 1642
      },
      "geometry": {
        "type": "Point",
        "coordinates": [
          95.76,
          -45.05
        ]
      },
      "_featureIndex": 1642
    },
    {
      "type": "Feature",
      "properties": {
        "Name": "MELWEST-10-144-013",
        "ROCK NAME": "BASALT",
        "SIO2": "50.238",
        "_featureIndex": 1643
      },
      "geometry": {
        "type": "Point",
        "coordinates": [
          115.212,
          -50.007
        ]
      },
      "_featureIndex": 1643
    },
    {
      "type": "Feature",
      "properties": {
        "Name": "MELWEST-10-079-013",
        "ROCK NAME": "BASALT",
        "SIO2": "50.232",
        "_featureIndex": 1644
      },
      "geometry": {
        "type": "Point",
        "coordinates": [
          95.41,
          -45.11
        ]
      },
      "_featureIndex": 1644
    },
    {
      "type": "Feature",
      "properties": {
        "Name": "MELWEST-10-087-044",
        "ROCK NAME": "BASALT",
        "SIO2": "50.23",
        "_featureIndex": 1645
      },
      "geometry": {
        "type": "Point",
        "coordinates": [
          96.368,
          -46.778
        ]
      },
      "_featureIndex": 1645
    },
    {
      "type": "Feature",
      "properties": {
        "Name": "MOA8801-027-046",
        "ROCK NAME": "BASALT",
        "SIO2": "50.23",
        "_featureIndex": 1646
      },
      "geometry": {
        "type": "Point",
        "coordinates": [
          124.965,
          -49.062
        ]
      },
      "_featureIndex": 1646
    },
    {
      "type": "Feature",
      "properties": {
        "Name": "VEM0033-1-001-001",
        "ROCK NAME": "BASALT",
        "SIO2": "50.23",
        "_featureIndex": 1647
      },
      "geometry": {
        "type": "Point",
        "coordinates": [
          131.005,
          -50.408
        ]
      },
      "_featureIndex": 1647
    },
    {
      "type": "Feature",
      "properties": {
        "Name": "MELWEST-10-067-006",
        "ROCK NAME": "BASALT",
        "SIO2": "50.228",
        "_featureIndex": 1648
      },
      "geometry": {
        "type": "Point",
        "coordinates": [
          89.1898,
          -41.8883
        ]
      },
      "_featureIndex": 1648
    },
    {
      "type": "Feature",
      "properties": {
        "Name": "MELWEST-10-085-006",
        "ROCK NAME": "BASALT",
        "SIO2": "50.227",
        "_featureIndex": 1649
      },
      "geometry": {
        "type": "Point",
        "coordinates": [
          96.117,
          -45.2035
        ]
      },
      "_featureIndex": 1649
    },
    {
      "type": "Feature",
      "properties": {
        "Name": "MELWEST-10-128-006",
        "ROCK NAME": "BASALT",
        "SIO2": "50.226",
        "_featureIndex": 1650
      },
      "geometry": {
        "type": "Point",
        "coordinates": [
          110.412,
          -49.828
        ]
      },
      "_featureIndex": 1650
    },
    {
      "type": "Feature",
      "properties": {
        "Name": "MELWEST-10-136-023",
        "ROCK NAME": "BASALT",
        "SIO2": "50.222",
        "_featureIndex": 1651
      },
      "geometry": {
        "type": "Point",
        "coordinates": [
          112.69,
          -50.32
        ]
      },
      "_featureIndex": 1651
    },
    {
      "type": "Feature",
      "properties": {
        "Name": "MELWEST-10-066-019",
        "ROCK NAME": "BASALT",
        "SIO2": "50.22",
        "_featureIndex": 1652
      },
      "geometry": {
        "type": "Point",
        "coordinates": [
          89.32,
          -41.72
        ]
      },
      "_featureIndex": 1652
    },
    {
      "type": "Feature",
      "properties": {
        "Name": "MELWEST-10-128-022",
        "ROCK NAME": "BASALT",
        "SIO2": "50.22",
        "_featureIndex": 1653
      },
      "geometry": {
        "type": "Point",
        "coordinates": [
          110.412,
          -49.828
        ]
      },
      "_featureIndex": 1653
    },
    {
      "type": "Feature",
      "properties": {
        "Name": "MELWEST-10-098-003",
        "ROCK NAME": "BASALT",
        "SIO2": "50.213",
        "LA": "5.39",
        "_featureIndex": 1654
      },
      "geometry": {
        "type": "Point",
        "coordinates": [
          100.961,
          -47.458
        ]
      },
      "_featureIndex": 1654
    },
    {
      "type": "Feature",
      "properties": {
        "Name": "MELWEST-10-073-009",
        "ROCK NAME": "BASALT",
        "SIO2": "50.212",
        "_featureIndex": 1655
      },
      "geometry": {
        "type": "Point",
        "coordinates": [
          91.684,
          -43.468
        ]
      },
      "_featureIndex": 1655
    },
    {
      "type": "Feature",
      "properties": {
        "Name": "MELWEST-10-073-010",
        "ROCK NAME": "BASALT",
        "SIO2": "50.211",
        "_featureIndex": 1656
      },
      "geometry": {
        "type": "Point",
        "coordinates": [
          91.684,
          -43.468
        ]
      },
      "_featureIndex": 1656
    },
    {
      "type": "Feature",
      "properties": {
        "Name": "MOA8801-013-020",
        "ROCK NAME": "BASALT",
        "SIO2": "50.21",
        "LA": "4.77",
        "_featureIndex": 1657
      },
      "geometry": {
        "type": "Point",
        "coordinates": [
          128.015,
          -50.147
        ]
      },
      "_featureIndex": 1657
    },
    {
      "type": "Feature",
      "properties": {
        "Name": "MELWEST-10-114-018",
        "ROCK NAME": "BASALT",
        "SIO2": "50.206",
        "_featureIndex": 1658
      },
      "geometry": {
        "type": "Point",
        "coordinates": [
          105.588,
          -49.116
        ]
      },
      "_featureIndex": 1658
    },
    {
      "type": "Feature",
      "properties": {
        "Name": "MELWEST-10-089-016",
        "ROCK NAME": "BASALT",
        "SIO2": "50.205",
        "_featureIndex": 1659
      },
      "geometry": {
        "type": "Point",
        "coordinates": [
          97.512,
          -47.445
        ]
      },
      "_featureIndex": 1659
    },
    {
      "type": "Feature",
      "properties": {
        "Name": "MELWEST-10-114-023",
        "ROCK NAME": "BASALT",
        "SIO2": "50.205",
        "_featureIndex": 1660
      },
      "geometry": {
        "type": "Point",
        "coordinates": [
          105.588,
          -49.116
        ]
      },
      "_featureIndex": 1660
    },
    {
      "type": "Feature",
      "properties": {
        "Name": "MELWEST-10-082-019",
        "ROCK NAME": "BASALT",
        "SIO2": "50.204",
        "_featureIndex": 1661
      },
      "geometry": {
        "type": "Point",
        "coordinates": [
          95.585,
          -45.185
        ]
      },
      "_featureIndex": 1661
    },
    {
      "type": "Feature",
      "properties": {
        "Name": "MELWEST-10-087-042",
        "ROCK NAME": "BASALT",
        "SIO2": "50.202",
        "_featureIndex": 1662
      },
      "geometry": {
        "type": "Point",
        "coordinates": [
          96.368,
          -46.778
        ]
      },
      "_featureIndex": 1662
    },
    {
      "type": "Feature",
      "properties": {
        "Name": "MELWEST-10-128-009",
        "ROCK NAME": "BASALT",
        "SIO2": "50.197",
        "_featureIndex": 1663
      },
      "geometry": {
        "type": "Point",
        "coordinates": [
          110.412,
          -49.828
        ]
      },
      "_featureIndex": 1663
    },
    {
      "type": "Feature",
      "properties": {
        "Name": "MELWEST-10-081-001",
        "ROCK NAME": "BASALT",
        "SIO2": "50.196",
        "LA": "3.02",
        "_featureIndex": 1664
      },
      "geometry": {
        "type": "Point",
        "coordinates": [
          95.59,
          -45.174
        ]
      },
      "_featureIndex": 1664
    },
    {
      "type": "Feature",
      "properties": {
        "Name": "MELWEST-10-130-016",
        "ROCK NAME": "BASALT",
        "SIO2": "50.196",
        "_featureIndex": 1665
      },
      "geometry": {
        "type": "Point",
        "coordinates": [
          111.133,
          -49.775
        ]
      },
      "_featureIndex": 1665
    },
    {
      "type": "Feature",
      "properties": {
        "Name": "MELWEST-10-070-028",
        "ROCK NAME": "BASALT",
        "SIO2": "50.193",
        "_featureIndex": 1666
      },
      "geometry": {
        "type": "Point",
        "coordinates": [
          90.187,
          -42.57
        ]
      },
      "_featureIndex": 1666
    },
    {
      "type": "Feature",
      "properties": {
        "Name": "MOA8801-005-001",
        "ROCK NAME": "BASALT",
        "SIO2": "50.19",
        "LA": "4.1",
        "_featureIndex": 1667
      },
      "geometry": {
        "type": "Point",
        "coordinates": [
          126.52,
          -48.68
        ]
      },
      "_featureIndex": 1667
    },
    {
      "type": "Feature",
      "properties": {
        "Name": "MELWEST-10-079-012",
        "ROCK NAME": "BASALT",
        "SIO2": "50.186",
        "_featureIndex": 1668
      },
      "geometry": {
        "type": "Point",
        "coordinates": [
          95.41,
          -45.11
        ]
      },
      "_featureIndex": 1668
    },
    {
      "type": "Feature",
      "properties": {
        "Name": "MELWEST-10-089-061",
        "ROCK NAME": "BASALT",
        "SIO2": "50.186",
        "_featureIndex": 1669
      },
      "geometry": {
        "type": "Point",
        "coordinates": [
          97.512,
          -47.445
        ]
      },
      "_featureIndex": 1669
    },
    {
      "type": "Feature",
      "properties": {
        "Name": "MELWEST-10-114-022",
        "ROCK NAME": "BASALT",
        "SIO2": "50.186",
        "_featureIndex": 1670
      },
      "geometry": {
        "type": "Point",
        "coordinates": [
          105.588,
          -49.116
        ]
      },
      "_featureIndex": 1670
    },
    {
      "type": "Feature",
      "properties": {
        "Name": "MELWEST-10-130-010",
        "ROCK NAME": "BASALT",
        "SIO2": "50.186",
        "_featureIndex": 1671
      },
      "geometry": {
        "type": "Point",
        "coordinates": [
          111.133,
          -49.775
        ]
      },
      "_featureIndex": 1671
    },
    {
      "type": "Feature",
      "properties": {
        "Name": "MELWEST-10-066-006d.2",
        "ROCK NAME": "BASALT",
        "SIO2": "50.185",
        "_featureIndex": 1672
      },
      "geometry": {
        "type": "Point",
        "coordinates": [
          89.32,
          -41.72
        ]
      },
      "_featureIndex": 1672
    },
    {
      "type": "Feature",
      "properties": {
        "Name": "MELWEST-10-128-003",
        "ROCK NAME": "BASALT",
        "SIO2": "50.184",
        "_featureIndex": 1673
      },
      "geometry": {
        "type": "Point",
        "coordinates": [
          110.412,
          -49.828
        ]
      },
      "_featureIndex": 1673
    },
    {
      "type": "Feature",
      "properties": {
        "Name": "VEM0033-1-003-010",
        "ROCK NAME": "BASALT",
        "SIO2": "50.18",
        "_featureIndex": 1674
      },
      "geometry": {
        "type": "Point",
        "coordinates": [
          135.09,
          -50.417
        ]
      },
      "_featureIndex": 1674
    },
    {
      "type": "Feature",
      "properties": {
        "Name": "MELWEST-10-073-011",
        "ROCK NAME": "BASALT",
        "SIO2": "50.179",
        "_featureIndex": 1675
      },
      "geometry": {
        "type": "Point",
        "coordinates": [
          91.684,
          -43.468
        ]
      },
      "_featureIndex": 1675
    },
    {
      "type": "Feature",
      "properties": {
        "Name": "MELWEST-10-070-039",
        "ROCK NAME": "BASALT",
        "SIO2": "50.177",
        "_featureIndex": 1676
      },
      "geometry": {
        "type": "Point",
        "coordinates": [
          90.187,
          -42.57
        ]
      },
      "_featureIndex": 1676
    },
    {
      "type": "Feature",
      "properties": {
        "Name": "MELWEST-10-128-004",
        "ROCK NAME": "BASALT",
        "SIO2": "50.176",
        "_featureIndex": 1677
      },
      "geometry": {
        "type": "Point",
        "coordinates": [
          110.412,
          -49.828
        ]
      },
      "_featureIndex": 1677
    },
    {
      "type": "Feature",
      "properties": {
        "Name": "MELWEST-10-138-010",
        "ROCK NAME": "BASALT",
        "SIO2": "50.171",
        "_featureIndex": 1678
      },
      "geometry": {
        "type": "Point",
        "coordinates": [
          112.855,
          -50.187
        ]
      },
      "_featureIndex": 1678
    },
    {
      "type": "Feature",
      "properties": {
        "Name": "CHRHYAM-003-003",
        "ROCK NAME": "BASALT",
        "SIO2": "50.17",
        "LA": "19",
        "_featureIndex": 1679
      },
      "geometry": {
        "type": "Point",
        "coordinates": [
          78.43,
          -37.52
        ]
      },
      "_featureIndex": 1679
    },
    {
      "type": "Feature",
      "properties": {
        "Name": "MOA8801-017-026",
        "ROCK NAME": "BASALT",
        "SIO2": "50.17",
        "LA": "1.9",
        "_featureIndex": 1680
      },
      "geometry": {
        "type": "Point",
        "coordinates": [
          127.417,
          -50.222
        ]
      },
      "_featureIndex": 1680
    },
    {
      "type": "Feature",
      "properties": {
        "Name": "VEM0033-1-004-003",
        "ROCK NAME": "BASALT",
        "SIO2": "50.17",
        "_featureIndex": 1681
      },
      "geometry": {
        "type": "Point",
        "coordinates": [
          137.555,
          -50.215
        ]
      },
      "_featureIndex": 1681
    },
    {
      "type": "Feature",
      "properties": {
        "Name": "MELWEST-10-087-045",
        "ROCK NAME": "BASALT",
        "SIO2": "50.167",
        "_featureIndex": 1682
      },
      "geometry": {
        "type": "Point",
        "coordinates": [
          96.368,
          -46.778
        ]
      },
      "_featureIndex": 1682
    },
    {
      "type": "Feature",
      "properties": {
        "Name": "MELWEST-10-066-011",
        "ROCK NAME": "BASALT",
        "SIO2": "50.163",
        "_featureIndex": 1683
      },
      "geometry": {
        "type": "Point",
        "coordinates": [
          89.32,
          -41.72
        ]
      },
      "_featureIndex": 1683
    },
    {
      "type": "Feature",
      "properties": {
        "Name": "VEM0033-1-005-005",
        "ROCK NAME": "BASALT",
        "SIO2": "50.16",
        "LA": "2.24",
        "_featureIndex": 1684
      },
      "geometry": {
        "type": "Point",
        "coordinates": [
          127.08,
          -48.738
        ]
      },
      "_featureIndex": 1684
    },
    {
      "type": "Feature",
      "properties": {
        "Name": "VEM0033-1-004-001",
        "ROCK NAME": "BASALT",
        "SIO2": "50.16",
        "_featureIndex": 1685
      },
      "geometry": {
        "type": "Point",
        "coordinates": [
          137.555,
          -50.215
        ]
      },
      "_featureIndex": 1685
    },
    {
      "type": "Feature",
      "properties": {
        "Name": "MELWEST-10-090-001",
        "ROCK NAME": "BASALT",
        "SIO2": "50.158",
        "LA": "3.74",
        "_featureIndex": 1686
      },
      "geometry": {
        "type": "Point",
        "coordinates": [
          98.157,
          -47.711
        ]
      },
      "_featureIndex": 1686
    },
    {
      "type": "Feature",
      "properties": {
        "Name": "MELWEST-10-089-064",
        "ROCK NAME": "BASALT",
        "SIO2": "50.156",
        "_featureIndex": 1687
      },
      "geometry": {
        "type": "Point",
        "coordinates": [
          97.512,
          -47.445
        ]
      },
      "_featureIndex": 1687
    },
    {
      "type": "Feature",
      "properties": {
        "Name": "MELWEST-10-098-011",
        "ROCK NAME": "BASALT",
        "SIO2": "50.156",
        "_featureIndex": 1688
      },
      "geometry": {
        "type": "Point",
        "coordinates": [
          100.961,
          -47.458
        ]
      },
      "_featureIndex": 1688
    },
    {
      "type": "Feature",
      "properties": {
        "Name": "MELWEST-10-067-014",
        "ROCK NAME": "BASALT",
        "SIO2": "50.153",
        "_featureIndex": 1689
      },
      "geometry": {
        "type": "Point",
        "coordinates": [
          89.1898,
          -41.8883
        ]
      },
      "_featureIndex": 1689
    },
    {
      "type": "Feature",
      "properties": {
        "Name": "CHRHYAM-004-043",
        "ROCK NAME": "BASALT",
        "SIO2": "50.15",
        "LA": "4.4",
        "_featureIndex": 1690
      },
      "geometry": {
        "type": "Point",
        "coordinates": [
          78.67,
          -34.91
        ]
      },
      "_featureIndex": 1690
    },
    {
      "type": "Feature",
      "properties": {
        "Name": "CHRHYAM-009-008",
        "ROCK NAME": "THOLEIITE",
        "SIO2": "50.15",
        "LA": "3.4",
        "_featureIndex": 1691
      },
      "geometry": {
        "type": "Point",
        "coordinates": [
          75.76,
          -30.33
        ]
      },
      "_featureIndex": 1691
    },
    {
      "type": "Feature",
      "properties": {
        "Name": "VEM0033-2-010-002",
        "ROCK NAME": "BASALT",
        "SIO2": "50.14",
        "_featureIndex": 1692
      },
      "geometry": {
        "type": "Point",
        "coordinates": [
          115.375,
          -49.917
        ]
      },
      "_featureIndex": 1692
    },
    {
      "type": "Feature",
      "properties": {
        "Name": "MELWEST-10-065-009",
        "SIO2": "50.137",
        "_featureIndex": 1693
      },
      "geometry": {
        "type": "Point",
        "coordinates": [
          91.095,
          -43.082
        ]
      },
      "_featureIndex": 1693
    },
    {
      "type": "Feature",
      "properties": {
        "Name": "MELWEST-10-078-009",
        "ROCK NAME": "BASALT",
        "SIO2": "50.133",
        "_featureIndex": 1694
      },
      "geometry": {
        "type": "Point",
        "coordinates": [
          94.833,
          -44.833
        ]
      },
      "_featureIndex": 1694
    },
    {
      "type": "Feature",
      "properties": {
        "Name": "MELWEST-10-089-026",
        "ROCK NAME": "BASALT",
        "SIO2": "50.133",
        "_featureIndex": 1695
      },
      "geometry": {
        "type": "Point",
        "coordinates": [
          97.512,
          -47.445
        ]
      },
      "_featureIndex": 1695
    },
    {
      "type": "Feature",
      "properties": {
        "Name": "MELWEST-10-083-023",
        "ROCK NAME": "BASALT",
        "SIO2": "50.131",
        "_featureIndex": 1696
      },
      "geometry": {
        "type": "Point",
        "coordinates": [
          95.76,
          -45.05
        ]
      },
      "_featureIndex": 1696
    },
    {
      "type": "Feature",
      "properties": {
        "Name": "MELBMRG-5-BA1-007B",
        "ROCK NAME": "BASALT",
        "SIO2": "50.13",
        "LA": "3.9",
        "_featureIndex": 1697
      },
      "geometry": {
        "type": "Point",
        "coordinates": [
          129.65,
          -48.13
        ]
      },
      "_featureIndex": 1697
    },
    {
      "type": "Feature",
      "properties": {
        "Name": "MELWEST-10-092-007",
        "ROCK NAME": "BASALT",
        "SIO2": "50.13",
        "_featureIndex": 1698
      },
      "geometry": {
        "type": "Point",
        "coordinates": [
          98.943,
          -48.101
        ]
      },
      "_featureIndex": 1698
    },
    {
      "type": "Feature",
      "properties": {
        "Name": "MELWEST-10-136-022",
        "ROCK NAME": "BASALT",
        "SIO2": "50.126",
        "_featureIndex": 1699
      },
      "geometry": {
        "type": "Point",
        "coordinates": [
          112.69,
          -50.32
        ]
      },
      "_featureIndex": 1699
    },
    {
      "type": "Feature",
      "properties": {
        "Name": "MELWEST-10-078-006",
        "ROCK NAME": "BASALT",
        "SIO2": "50.122",
        "_featureIndex": 1700
      },
      "geometry": {
        "type": "Point",
        "coordinates": [
          94.833,
          -44.833
        ]
      },
      "_featureIndex": 1700
    },
    {
      "type": "Feature",
      "properties": {
        "Name": "MELWEST-10-088-016",
        "ROCK NAME": "BASALT",
        "SIO2": "50.118",
        "_featureIndex": 1701
      },
      "geometry": {
        "type": "Point",
        "coordinates": [
          96.833,
          -47.076
        ]
      },
      "_featureIndex": 1701
    },
    {
      "type": "Feature",
      "properties": {
        "Name": "MELWEST-10-114-020",
        "ROCK NAME": "BASALT",
        "SIO2": "50.118",
        "_featureIndex": 1702
      },
      "geometry": {
        "type": "Point",
        "coordinates": [
          105.588,
          -49.116
        ]
      },
      "_featureIndex": 1702
    },
    {
      "type": "Feature",
      "properties": {
        "Name": "MELWEST-10-128-007",
        "ROCK NAME": "BASALT",
        "SIO2": "50.118",
        "_featureIndex": 1703
      },
      "geometry": {
        "type": "Point",
        "coordinates": [
          110.412,
          -49.828
        ]
      },
      "_featureIndex": 1703
    },
    {
      "type": "Feature",
      "properties": {
        "Name": "MELWEST-10-078-008",
        "ROCK NAME": "BASALT",
        "SIO2": "50.109",
        "_featureIndex": 1704
      },
      "geometry": {
        "type": "Point",
        "coordinates": [
          94.833,
          -44.833
        ]
      },
      "_featureIndex": 1704
    },
    {
      "type": "Feature",
      "properties": {
        "Name": "CHRHYAM-009-007",
        "ROCK NAME": "BASALT",
        "SIO2": "50.1",
        "LA": "3.5",
        "_featureIndex": 1705
      },
      "geometry": {
        "type": "Point",
        "coordinates": [
          75.76,
          -30.33
        ]
      },
      "_featureIndex": 1705
    },
    {
      "type": "Feature",
      "properties": {
        "Name": "VEM0033-2-009-002",
        "ROCK NAME": "BASALT",
        "SIO2": "50.1",
        "LA": "3.44",
        "_featureIndex": 1706
      },
      "geometry": {
        "type": "Point",
        "coordinates": [
          119.175,
          -49.808
        ]
      },
      "_featureIndex": 1706
    },
    {
      "type": "Feature",
      "properties": {
        "Name": "MOA8801-016-001",
        "ROCK NAME": "BASALT",
        "SIO2": "50.09",
        "LA": "2.81",
        "_featureIndex": 1707
      },
      "geometry": {
        "type": "Point",
        "coordinates": [
          127.577,
          -50.163
        ]
      },
      "_featureIndex": 1707
    },
    {
      "type": "Feature",
      "properties": {
        "Name": "VEM0033-2-008-003",
        "ROCK NAME": "BASALT",
        "SIO2": "50.09",
        "_featureIndex": 1708
      },
      "geometry": {
        "type": "Point",
        "coordinates": [
          121.033,
          -49.467
        ]
      },
      "_featureIndex": 1708
    },
    {
      "type": "Feature",
      "properties": {
        "Name": "VEM0033-1-003-012",
        "ROCK NAME": "BASALT",
        "SIO2": "50.09",
        "_featureIndex": 1709
      },
      "geometry": {
        "type": "Point",
        "coordinates": [
          135.09,
          -50.417
        ]
      },
      "_featureIndex": 1709
    },
    {
      "type": "Feature",
      "properties": {
        "Name": "MELWEST-10-077-009",
        "ROCK NAME": "BASALT",
        "SIO2": "50.087",
        "_featureIndex": 1710
      },
      "geometry": {
        "type": "Point",
        "coordinates": [
          93.773,
          -44.117
        ]
      },
      "_featureIndex": 1710
    },
    {
      "type": "Feature",
      "properties": {
        "Name": "MELWEST-10-066-012",
        "ROCK NAME": "BASALT",
        "SIO2": "50.08",
        "_featureIndex": 1711
      },
      "geometry": {
        "type": "Point",
        "coordinates": [
          89.32,
          -41.72
        ]
      },
      "_featureIndex": 1711
    },
    {
      "type": "Feature",
      "properties": {
        "Name": "VEM0033-1-002-019",
        "ROCK NAME": "BASALT",
        "SIO2": "50.08",
        "_featureIndex": 1712
      },
      "geometry": {
        "type": "Point",
        "coordinates": [
          132.55,
          -50.267
        ]
      },
      "_featureIndex": 1712
    },
    {
      "type": "Feature",
      "properties": {
        "Name": "MELWEST-10-114-019",
        "ROCK NAME": "BASALT",
        "SIO2": "50.079",
        "_featureIndex": 1713
      },
      "geometry": {
        "type": "Point",
        "coordinates": [
          105.588,
          -49.116
        ]
      },
      "_featureIndex": 1713
    },
    {
      "type": "Feature",
      "properties": {
        "Name": "MELWEST-10-136-021",
        "ROCK NAME": "BASALT",
        "SIO2": "50.078",
        "_featureIndex": 1714
      },
      "geometry": {
        "type": "Point",
        "coordinates": [
          112.69,
          -50.32
        ]
      },
      "_featureIndex": 1714
    },
    {
      "type": "Feature",
      "properties": {
        "Name": "MELWEST-10-072-023",
        "ROCK NAME": "BASALT",
        "SIO2": "50.072",
        "_featureIndex": 1715
      },
      "geometry": {
        "type": "Point",
        "coordinates": [
          91.283,
          -43.417
        ]
      },
      "_featureIndex": 1715
    },
    {
      "type": "Feature",
      "properties": {
        "Name": "VEM0033-1-002-018",
        "ROCK NAME": "BASALT",
        "SIO2": "50.07",
        "_featureIndex": 1716
      },
      "geometry": {
        "type": "Point",
        "coordinates": [
          132.55,
          -50.267
        ]
      },
      "_featureIndex": 1716
    },
    {
      "type": "Feature",
      "properties": {
        "Name": "MELWEST-10-114-021",
        "ROCK NAME": "BASALT",
        "SIO2": "50.069",
        "_featureIndex": 1717
      },
      "geometry": {
        "type": "Point",
        "coordinates": [
          105.588,
          -49.116
        ]
      },
      "_featureIndex": 1717
    },
    {
      "type": "Feature",
      "properties": {
        "Name": "MELWEST-10-065-042",
        "ROCK NAME": "BASALT",
        "SIO2": "50.066",
        "_featureIndex": 1718
      },
      "geometry": {
        "type": "Point",
        "coordinates": [
          91.095,
          -43.082
        ]
      },
      "_featureIndex": 1718
    },
    {
      "type": "Feature",
      "properties": {
        "Name": "MELWEST-10-066-016",
        "ROCK NAME": "BASALT",
        "SIO2": "50.063",
        "_featureIndex": 1719
      },
      "geometry": {
        "type": "Point",
        "coordinates": [
          89.32,
          -41.72
        ]
      },
      "_featureIndex": 1719
    },
    {
      "type": "Feature",
      "properties": {
        "Name": "MELWEST-10-116-019",
        "ROCK NAME": "BASALT",
        "SIO2": "50.063",
        "_featureIndex": 1720
      },
      "geometry": {
        "type": "Point",
        "coordinates": [
          106.494,
          -48.873
        ]
      },
      "_featureIndex": 1720
    },
    {
      "type": "Feature",
      "properties": {
        "Name": "MELWEST-10-071-006",
        "ROCK NAME": "BASALT",
        "SIO2": "50.062",
        "_featureIndex": 1721
      },
      "geometry": {
        "type": "Point",
        "coordinates": [
          90.795,
          -42.886
        ]
      },
      "_featureIndex": 1721
    },
    {
      "type": "Feature",
      "properties": {
        "Name": "MELWEST-10-071-005",
        "ROCK NAME": "BASALT",
        "SIO2": "50.061",
        "_featureIndex": 1722
      },
      "geometry": {
        "type": "Point",
        "coordinates": [
          90.795,
          -42.886
        ]
      },
      "_featureIndex": 1722
    },
    {
      "type": "Feature",
      "properties": {
        "Name": "MELWEST-10-079-015",
        "ROCK NAME": "BASALT",
        "SIO2": "50.061",
        "_featureIndex": 1723
      },
      "geometry": {
        "type": "Point",
        "coordinates": [
          95.41,
          -45.11
        ]
      },
      "_featureIndex": 1723
    },
    {
      "type": "Feature",
      "properties": {
        "Name": "MOA8801-016-012",
        "ROCK NAME": "BASALT",
        "SIO2": "50.06",
        "LA": "6.15",
        "_featureIndex": 1724
      },
      "geometry": {
        "type": "Point",
        "coordinates": [
          127.577,
          -50.163
        ]
      },
      "_featureIndex": 1724
    },
    {
      "type": "Feature",
      "properties": {
        "Name": "VEM0033-1-002-017",
        "ROCK NAME": "BASALT",
        "SIO2": "50.06",
        "_featureIndex": 1725
      },
      "geometry": {
        "type": "Point",
        "coordinates": [
          132.55,
          -50.267
        ]
      },
      "_featureIndex": 1725
    },
    {
      "type": "Feature",
      "properties": {
        "Name": "VEM0033-1-004-005",
        "ROCK NAME": "BASALT",
        "SIO2": "50.06",
        "_featureIndex": 1726
      },
      "geometry": {
        "type": "Point",
        "coordinates": [
          137.555,
          -50.215
        ]
      },
      "_featureIndex": 1726
    },
    {
      "type": "Feature",
      "properties": {
        "Name": "MELWEST-10-114-015",
        "ROCK NAME": "BASALT",
        "SIO2": "50.056",
        "_featureIndex": 1727
      },
      "geometry": {
        "type": "Point",
        "coordinates": [
          105.588,
          -49.116
        ]
      },
      "_featureIndex": 1727
    },
    {
      "type": "Feature",
      "properties": {
        "Name": "MOA8801-002-001",
        "ROCK NAME": "BASALT",
        "SIO2": "50.05",
        "LA": "3.75",
        "_featureIndex": 1728
      },
      "geometry": {
        "type": "Point",
        "coordinates": [
          129.533,
          -50.312
        ]
      },
      "_featureIndex": 1728
    },
    {
      "type": "Feature",
      "properties": {
        "Name": "VEM0033-2-010-007",
        "ROCK NAME": "BASALT",
        "SIO2": "50.05",
        "_featureIndex": 1729
      },
      "geometry": {
        "type": "Point",
        "coordinates": [
          115.375,
          -49.917
        ]
      },
      "_featureIndex": 1729
    },
    {
      "type": "Feature",
      "properties": {
        "Name": "MELWEST-10-094-011",
        "ROCK NAME": "BASALT",
        "SIO2": "50.043",
        "_featureIndex": 1730
      },
      "geometry": {
        "type": "Point",
        "coordinates": [
          99.2542,
          -47.7512
        ]
      },
      "_featureIndex": 1730
    },
    {
      "type": "Feature",
      "properties": {
        "Name": "ARGDODO-143-A",
        "ROCK NAME": "BASALT",
        "SIO2": "50.04",
        "_featureIndex": 1731
      },
      "geometry": {
        "type": "Point",
        "coordinates": [
          72.65,
          -24.767
        ]
      },
      "_featureIndex": 1731
    },
    {
      "type": "Feature",
      "properties": {
        "Name": "MELWEST-10-R065",
        "ROCK NAME": "BASALT",
        "SIO2": "50.04",
        "_featureIndex": 1732
      },
      "geometry": {
        "type": "Point",
        "coordinates": [
          113.719,
          -50.3755
        ]
      },
      "_featureIndex": 1732
    },
    {
      "type": "Feature",
      "properties": {
        "Name": "VEM0033-1-004-004",
        "ROCK NAME": "BASALT",
        "SIO2": "50.04",
        "_featureIndex": 1733
      },
      "geometry": {
        "type": "Point",
        "coordinates": [
          137.555,
          -50.215
        ]
      },
      "_featureIndex": 1733
    },
    {
      "type": "Feature",
      "properties": {
        "Name": "MOA8801-010-001",
        "ROCK NAME": "BASALT",
        "SIO2": "50.03",
        "LA": "6.52",
        "_featureIndex": 1734
      },
      "geometry": {
        "type": "Point",
        "coordinates": [
          127.59,
          -50.243
        ]
      },
      "_featureIndex": 1734
    },
    {
      "type": "Feature",
      "properties": {
        "Name": "MELWEST-10-066-020",
        "ROCK NAME": "BASALT",
        "SIO2": "50.028",
        "_featureIndex": 1735
      },
      "geometry": {
        "type": "Point",
        "coordinates": [
          89.32,
          -41.72
        ]
      },
      "_featureIndex": 1735
    },
    {
      "type": "Feature",
      "properties": {
        "Name": "MELWEST-10-072-021",
        "ROCK NAME": "BASALT",
        "SIO2": "50.023",
        "_featureIndex": 1736
      },
      "geometry": {
        "type": "Point",
        "coordinates": [
          91.283,
          -43.417
        ]
      },
      "_featureIndex": 1736
    },
    {
      "type": "Feature",
      "properties": {
        "Name": "MELWEST-10-093-023",
        "ROCK NAME": "BASALT",
        "SIO2": "50.023",
        "_featureIndex": 1737
      },
      "geometry": {
        "type": "Point",
        "coordinates": [
          99.1173,
          -47.9815
        ]
      },
      "_featureIndex": 1737
    },
    {
      "type": "Feature",
      "properties": {
        "Name": "MELWEST-10-139-012",
        "ROCK NAME": "BASALT",
        "SIO2": "50.022",
        "LA": "3.78",
        "_featureIndex": 1738
      },
      "geometry": {
        "type": "Point",
        "coordinates": [
          113.106,
          -50.2453
        ]
      },
      "_featureIndex": 1738
    },
    {
      "type": "Feature",
      "properties": {
        "Name": "MELWEST-10-090-004",
        "ROCK NAME": "BASALT",
        "SIO2": "50.022",
        "_featureIndex": 1739
      },
      "geometry": {
        "type": "Point",
        "coordinates": [
          98.157,
          -47.711
        ]
      },
      "_featureIndex": 1739
    },
    {
      "type": "Feature",
      "properties": {
        "Name": "MELWEST-10-072-022",
        "ROCK NAME": "BASALT",
        "SIO2": "50.021",
        "_featureIndex": 1740
      },
      "geometry": {
        "type": "Point",
        "coordinates": [
          91.283,
          -43.417
        ]
      },
      "_featureIndex": 1740
    },
    {
      "type": "Feature",
      "properties": {
        "Name": "MOA8801-017-048",
        "ROCK NAME": "BASALT",
        "SIO2": "50.02",
        "LA": "5.34",
        "_featureIndex": 1741
      },
      "geometry": {
        "type": "Point",
        "coordinates": [
          127.417,
          -50.222
        ]
      },
      "_featureIndex": 1741
    },
    {
      "type": "Feature",
      "properties": {
        "Name": "MELWEST-10-066-001",
        "ROCK NAME": "BASALT",
        "SIO2": "50.02",
        "_featureIndex": 1742
      },
      "geometry": {
        "type": "Point",
        "coordinates": [
          89.32,
          -41.72
        ]
      },
      "_featureIndex": 1742
    },
    {
      "type": "Feature",
      "properties": {
        "Name": "VEM0033-1-002-015",
        "ROCK NAME": "BASALT",
        "SIO2": "50.02",
        "_featureIndex": 1743
      },
      "geometry": {
        "type": "Point",
        "coordinates": [
          132.55,
          -50.267
        ]
      },
      "_featureIndex": 1743
    },
    {
      "type": "Feature",
      "properties": {
        "Name": "MOA8801-019-002",
        "ROCK NAME": "BASALT",
        "SIO2": "50.01",
        "LA": "5.71",
        "_featureIndex": 1744
      },
      "geometry": {
        "type": "Point",
        "coordinates": [
          127.017,
          -50.147
        ]
      },
      "_featureIndex": 1744
    },
    {
      "type": "Feature",
      "properties": {
        "Name": "MELWEST-10-066-057",
        "ROCK NAME": "BASALT",
        "SIO2": "50.01",
        "_featureIndex": 1745
      },
      "geometry": {
        "type": "Point",
        "coordinates": [
          89.32,
          -41.72
        ]
      },
      "_featureIndex": 1745
    },
    {
      "type": "Feature",
      "properties": {
        "Name": "VEM0033-1-005-014",
        "ROCK NAME": "BASALT",
        "SIO2": "50.01",
        "_featureIndex": 1746
      },
      "geometry": {
        "type": "Point",
        "coordinates": [
          127.08,
          -48.738
        ]
      },
      "_featureIndex": 1746
    },
    {
      "type": "Feature",
      "properties": {
        "Name": "VEM0033-1-002-016",
        "ROCK NAME": "BASALT",
        "SIO2": "50.01",
        "_featureIndex": 1747
      },
      "geometry": {
        "type": "Point",
        "coordinates": [
          132.55,
          -50.267
        ]
      },
      "_featureIndex": 1747
    },
    {
      "type": "Feature",
      "properties": {
        "Name": "MELWEST-10-094-009",
        "ROCK NAME": "BASALT",
        "SIO2": "50.005",
        "_featureIndex": 1748
      },
      "geometry": {
        "type": "Point",
        "coordinates": [
          99.2542,
          -47.7512
        ]
      },
      "_featureIndex": 1748
    },
    {
      "type": "Feature",
      "properties": {
        "Name": "CHRHYAM-007-002",
        "ROCK NAME": "BASALT",
        "SIO2": "50",
        "LA": "3.9",
        "_featureIndex": 1749
      },
      "geometry": {
        "type": "Point",
        "coordinates": [
          76.5,
          -31.26
        ]
      },
      "_featureIndex": 1749
    },
    {
      "type": "Feature",
      "properties": {
        "Name": "MELWEST-10-093-014",
        "ROCK NAME": "BASALT",
        "SIO2": "50",
        "_featureIndex": 1750
      },
      "geometry": {
        "type": "Point",
        "coordinates": [
          99.1173,
          -47.9815
        ]
      },
      "_featureIndex": 1750
    },
    {
      "type": "Feature",
      "properties": {
        "Name": "VEM0033-1-002-008",
        "ROCK NAME": "BASALT",
        "SIO2": "50",
        "_featureIndex": 1751
      },
      "geometry": {
        "type": "Point",
        "coordinates": [
          132.55,
          -50.267
        ]
      },
      "_featureIndex": 1751
    },
    {
      "type": "Feature",
      "properties": {
        "Name": "MELWEST-10-128-005",
        "ROCK NAME": "BASALT",
        "SIO2": "49.999",
        "_featureIndex": 1752
      },
      "geometry": {
        "type": "Point",
        "coordinates": [
          110.412,
          -49.828
        ]
      },
      "_featureIndex": 1752
    },
    {
      "type": "Feature",
      "properties": {
        "Name": "MELWEST-10-067-015",
        "ROCK NAME": "BASALT",
        "SIO2": "49.994",
        "_featureIndex": 1753
      },
      "geometry": {
        "type": "Point",
        "coordinates": [
          89.1898,
          -41.8883
        ]
      },
      "_featureIndex": 1753
    },
    {
      "type": "Feature",
      "properties": {
        "Name": "VEM0033-1-004-001",
        "ROCK NAME": "BASALT",
        "SIO2": "49.99",
        "SR87_SR86": "0.70297",
        "_featureIndex": 1754
      },
      "geometry": {
        "type": "Point",
        "coordinates": [
          137.555,
          -50.215
        ]
      },
      "_featureIndex": 1754
    },
    {
      "type": "Feature",
      "properties": {
        "Name": "MELWEST-10-090-008",
        "ROCK NAME": "BASALT",
        "SIO2": "49.985",
        "_featureIndex": 1755
      },
      "geometry": {
        "type": "Point",
        "coordinates": [
          98.157,
          -47.711
        ]
      },
      "_featureIndex": 1755
    },
    {
      "type": "Feature",
      "properties": {
        "Name": "MELWEST-10-090-011",
        "ROCK NAME": "BASALT",
        "SIO2": "49.984",
        "_featureIndex": 1756
      },
      "geometry": {
        "type": "Point",
        "coordinates": [
          98.157,
          -47.711
        ]
      },
      "_featureIndex": 1756
    },
    {
      "type": "Feature",
      "properties": {
        "Name": "MELWEST-10-134-022",
        "ROCK NAME": "BASALT",
        "SIO2": "49.981",
        "_featureIndex": 1757
      },
      "geometry": {
        "type": "Point",
        "coordinates": [
          112.49,
          -50.295
        ]
      },
      "_featureIndex": 1757
    },
    {
      "type": "Feature",
      "properties": {
        "Name": "ARGDODO-143-B",
        "ROCK NAME": "BASALT",
        "SIO2": "49.98",
        "_featureIndex": 1758
      },
      "geometry": {
        "type": "Point",
        "coordinates": [
          72.65,
          -24.767
        ]
      },
      "_featureIndex": 1758
    },
    {
      "type": "Feature",
      "properties": {
        "Name": "MOA8801-019-033",
        "ROCK NAME": "BASALT",
        "SIO2": "49.98",
        "_featureIndex": 1759
      },
      "geometry": {
        "type": "Point",
        "coordinates": [
          127.017,
          -50.147
        ]
      },
      "_featureIndex": 1759
    },
    {
      "type": "Feature",
      "properties": {
        "Name": "MELWEST-10-114-006",
        "ROCK NAME": "BASALT",
        "SIO2": "49.978",
        "_featureIndex": 1760
      },
      "geometry": {
        "type": "Point",
        "coordinates": [
          105.588,
          -49.116
        ]
      },
      "_featureIndex": 1760
    },
    {
      "type": "Feature",
      "properties": {
        "Name": "MELWEST-10-114-009",
        "ROCK NAME": "BASALT",
        "SIO2": "49.974",
        "_featureIndex": 1761
      },
      "geometry": {
        "type": "Point",
        "coordinates": [
          105.588,
          -49.116
        ]
      },
      "_featureIndex": 1761
    },
    {
      "type": "Feature",
      "properties": {
        "Name": "MOA8801-007-001",
        "ROCK NAME": "BASALT",
        "SIO2": "49.97",
        "LA": "3.85",
        "_featureIndex": 1762
      },
      "geometry": {
        "type": "Point",
        "coordinates": [
          127.657,
          -49.227
        ]
      },
      "_featureIndex": 1762
    },
    {
      "type": "Feature",
      "properties": {
        "Name": "MELWEST-10-089-001",
        "ROCK NAME": "BASALT",
        "SIO2": "49.964",
        "_featureIndex": 1763
      },
      "geometry": {
        "type": "Point",
        "coordinates": [
          97.512,
          -47.445
        ]
      },
      "_featureIndex": 1763
    },
    {
      "type": "Feature",
      "properties": {
        "Name": "MELWEST-10-136-024",
        "ROCK NAME": "BASALT",
        "SIO2": "49.96",
        "_featureIndex": 1764
      },
      "geometry": {
        "type": "Point",
        "coordinates": [
          112.69,
          -50.32
        ]
      },
      "_featureIndex": 1764
    },
    {
      "type": "Feature",
      "properties": {
        "Name": "MELWEST-10-130-009",
        "ROCK NAME": "BASALT",
        "SIO2": "49.956",
        "_featureIndex": 1765
      },
      "geometry": {
        "type": "Point",
        "coordinates": [
          111.133,
          -49.775
        ]
      },
      "_featureIndex": 1765
    },
    {
      "type": "Feature",
      "properties": {
        "Name": "MOA8801-009-041",
        "ROCK NAME": "BASALT",
        "SIO2": "49.95",
        "LA": "4.54",
        "_featureIndex": 1766
      },
      "geometry": {
        "type": "Point",
        "coordinates": [
          127.063,
          -50.198
        ]
      },
      "_featureIndex": 1766
    },
    {
      "type": "Feature",
      "properties": {
        "Name": "MELBMRG-5-BB4-000.8",
        "ROCK NAME": "BASALT",
        "SIO2": "49.95",
        "LA": "3",
        "_featureIndex": 1767
      },
      "geometry": {
        "type": "Point",
        "coordinates": [
          125.68,
          -49.41
        ]
      },
      "_featureIndex": 1767
    },
    {
      "type": "Feature",
      "properties": {
        "Name": "VEM0033-1-005-015",
        "ROCK NAME": "BASALT",
        "SIO2": "49.95",
        "_featureIndex": 1768
      },
      "geometry": {
        "type": "Point",
        "coordinates": [
          127.08,
          -48.738
        ]
      },
      "_featureIndex": 1768
    },
    {
      "type": "Feature",
      "properties": {
        "Name": "VEM0033-1-003-007",
        "ROCK NAME": "BASALT",
        "SIO2": "49.95",
        "_featureIndex": 1769
      },
      "geometry": {
        "type": "Point",
        "coordinates": [
          135.09,
          -50.417
        ]
      },
      "_featureIndex": 1769
    },
    {
      "type": "Feature",
      "properties": {
        "Name": "VEM0033-1-004-A",
        "ROCK NAME": "BASALT",
        "SIO2": "49.95",
        "_featureIndex": 1770
      },
      "geometry": {
        "type": "Point",
        "coordinates": [
          137.555,
          -50.215
        ]
      },
      "_featureIndex": 1770
    },
    {
      "type": "Feature",
      "properties": {
        "Name": "MELWEST-10-114-016",
        "ROCK NAME": "BASALT",
        "SIO2": "49.946",
        "_featureIndex": 1771
      },
      "geometry": {
        "type": "Point",
        "coordinates": [
          105.588,
          -49.116
        ]
      },
      "_featureIndex": 1771
    },
    {
      "type": "Feature",
      "properties": {
        "Name": "MELWEST-10-066-017",
        "ROCK NAME": "BASALT",
        "SIO2": "49.942",
        "_featureIndex": 1772
      },
      "geometry": {
        "type": "Point",
        "coordinates": [
          89.32,
          -41.72
        ]
      },
      "_featureIndex": 1772
    },
    {
      "type": "Feature",
      "properties": {
        "Name": "MELWEST-10-114-017",
        "ROCK NAME": "BASALT",
        "SIO2": "49.941",
        "_featureIndex": 1773
      },
      "geometry": {
        "type": "Point",
        "coordinates": [
          105.588,
          -49.116
        ]
      },
      "_featureIndex": 1773
    },
    {
      "type": "Feature",
      "properties": {
        "Name": "MELWEST-10-066-002",
        "ROCK NAME": "BASALT",
        "SIO2": "49.938",
        "_featureIndex": 1774
      },
      "geometry": {
        "type": "Point",
        "coordinates": [
          89.32,
          -41.72
        ]
      },
      "_featureIndex": 1774
    },
    {
      "type": "Feature",
      "properties": {
        "Name": "MELWEST-10-114-002",
        "ROCK NAME": "BASALT",
        "SIO2": "49.936",
        "_featureIndex": 1775
      },
      "geometry": {
        "type": "Point",
        "coordinates": [
          105.588,
          -49.116
        ]
      },
      "_featureIndex": 1775
    },
    {
      "type": "Feature",
      "properties": {
        "Name": "VEM0033-2-007-007",
        "ROCK NAME": "BASALT",
        "SIO2": "49.93",
        "LA": "3.5",
        "_featureIndex": 1776
      },
      "geometry": {
        "type": "Point",
        "coordinates": [
          124,
          -49.033
        ]
      },
      "_featureIndex": 1776
    },
    {
      "type": "Feature",
      "properties": {
        "Name": "VEM0033-1-005-009",
        "ROCK NAME": "BASALT",
        "SIO2": "49.93",
        "_featureIndex": 1777
      },
      "geometry": {
        "type": "Point",
        "coordinates": [
          127.08,
          -48.738
        ]
      },
      "_featureIndex": 1777
    },
    {
      "type": "Feature",
      "properties": {
        "Name": "VEM0033-1-003-005",
        "ROCK NAME": "BASALT",
        "SIO2": "49.93",
        "_featureIndex": 1778
      },
      "geometry": {
        "type": "Point",
        "coordinates": [
          135.09,
          -50.417
        ]
      },
      "_featureIndex": 1778
    },
    {
      "type": "Feature",
      "properties": {
        "Name": "MELWEST-10-066-009",
        "ROCK NAME": "BASALT",
        "SIO2": "49.923",
        "_featureIndex": 1779
      },
      "geometry": {
        "type": "Point",
        "coordinates": [
          89.32,
          -41.72
        ]
      },
      "_featureIndex": 1779
    },
    {
      "type": "Feature",
      "properties": {
        "Name": "MELWEST-10-136-025",
        "ROCK NAME": "BASALT",
        "SIO2": "49.921",
        "_featureIndex": 1780
      },
      "geometry": {
        "type": "Point",
        "coordinates": [
          112.69,
          -50.32
        ]
      },
      "_featureIndex": 1780
    },
    {
      "type": "Feature",
      "properties": {
        "Name": "VIT0036-5327-141A",
        "ROCK NAME": "BASALT",
        "SIO2": "49.92",
        "_featureIndex": 1781
      },
      "geometry": {
        "type": "Point",
        "coordinates": [
          77.943,
          -34.28
        ]
      },
      "_featureIndex": 1781
    },
    {
      "type": "Feature",
      "properties": {
        "Name": "VIT0036-5327-144A",
        "ROCK NAME": "BASALT",
        "SIO2": "49.92",
        "_featureIndex": 1782
      },
      "geometry": {
        "type": "Point",
        "coordinates": [
          77.943,
          -34.28
        ]
      },
      "_featureIndex": 1782
    },
    {
      "type": "Feature",
      "properties": {
        "Name": "MELWEST-10-144-012",
        "ROCK NAME": "BASALT",
        "SIO2": "49.909",
        "_featureIndex": 1783
      },
      "geometry": {
        "type": "Point",
        "coordinates": [
          115.212,
          -50.007
        ]
      },
      "_featureIndex": 1783
    },
    {
      "type": "Feature",
      "properties": {
        "Name": "CHRHYAM-006-025",
        "ROCK NAME": "BASALT",
        "SIO2": "49.9",
        "LA": "3.3",
        "_featureIndex": 1784
      },
      "geometry": {
        "type": "Point",
        "coordinates": [
          77.43,
          -32.51
        ]
      },
      "_featureIndex": 1784
    },
    {
      "type": "Feature",
      "properties": {
        "Name": "VIT0036-5327-149",
        "ROCK NAME": "BASALT",
        "SIO2": "49.9",
        "_featureIndex": 1785
      },
      "geometry": {
        "type": "Point",
        "coordinates": [
          77.943,
          -34.28
        ]
      },
      "_featureIndex": 1785
    },
    {
      "type": "Feature",
      "properties": {
        "Name": "MELWEST-10-093-012",
        "ROCK NAME": "BASALT",
        "SIO2": "49.9",
        "_featureIndex": 1786
      },
      "geometry": {
        "type": "Point",
        "coordinates": [
          99.1173,
          -47.9815
        ]
      },
      "_featureIndex": 1786
    },
    {
      "type": "Feature",
      "properties": {
        "Name": "MELWEST-10-093-015",
        "ROCK NAME": "BASALT",
        "SIO2": "49.9",
        "_featureIndex": 1787
      },
      "geometry": {
        "type": "Point",
        "coordinates": [
          99.1173,
          -47.9815
        ]
      },
      "_featureIndex": 1787
    },
    {
      "type": "Feature",
      "properties": {
        "Name": "MELWEST-10-066-058",
        "ROCK NAME": "BASALT",
        "SIO2": "49.899",
        "_featureIndex": 1788
      },
      "geometry": {
        "type": "Point",
        "coordinates": [
          89.32,
          -41.72
        ]
      },
      "_featureIndex": 1788
    },
    {
      "type": "Feature",
      "properties": {
        "Name": "MELWEST-10-090-014",
        "ROCK NAME": "BASALT",
        "SIO2": "49.892",
        "_featureIndex": 1789
      },
      "geometry": {
        "type": "Point",
        "coordinates": [
          98.157,
          -47.711
        ]
      },
      "_featureIndex": 1789
    },
    {
      "type": "Feature",
      "properties": {
        "Name": "MELWEST-10-136-029",
        "ROCK NAME": "BASALT",
        "SIO2": "49.892",
        "_featureIndex": 1790
      },
      "geometry": {
        "type": "Point",
        "coordinates": [
          112.69,
          -50.32
        ]
      },
      "_featureIndex": 1790
    },
    {
      "type": "Feature",
      "properties": {
        "Name": "MELWEST-10-066-007",
        "ROCK NAME": "BASALT",
        "SIO2": "49.891",
        "_featureIndex": 1791
      },
      "geometry": {
        "type": "Point",
        "coordinates": [
          89.32,
          -41.72
        ]
      },
      "_featureIndex": 1791
    },
    {
      "type": "Feature",
      "properties": {
        "Name": "VEM0033-2-010-011",
        "ROCK NAME": "BASALT",
        "SIO2": "49.89",
        "_featureIndex": 1792
      },
      "geometry": {
        "type": "Point",
        "coordinates": [
          115.375,
          -49.917
        ]
      },
      "_featureIndex": 1792
    },
    {
      "type": "Feature",
      "properties": {
        "Name": "VEM0033-1-005-002",
        "ROCK NAME": "BASALT",
        "SIO2": "49.89",
        "_featureIndex": 1793
      },
      "geometry": {
        "type": "Point",
        "coordinates": [
          127.08,
          -48.738
        ]
      },
      "_featureIndex": 1793
    },
    {
      "type": "Feature",
      "properties": {
        "Name": "MOA8801-001-015",
        "ROCK NAME": "BASALT",
        "SIO2": "49.89",
        "_featureIndex": 1794
      },
      "geometry": {
        "type": "Point",
        "coordinates": [
          128.54,
          -50.21
        ]
      },
      "_featureIndex": 1794
    },
    {
      "type": "Feature",
      "properties": {
        "Name": "MELWEST-10-089-028",
        "ROCK NAME": "BASALT",
        "SIO2": "49.884",
        "_featureIndex": 1795
      },
      "geometry": {
        "type": "Point",
        "coordinates": [
          97.512,
          -47.445
        ]
      },
      "_featureIndex": 1795
    },
    {
      "type": "Feature",
      "properties": {
        "Name": "MELWEST-10-066-059",
        "ROCK NAME": "BASALT",
        "SIO2": "49.883",
        "_featureIndex": 1796
      },
      "geometry": {
        "type": "Point",
        "coordinates": [
          89.32,
          -41.72
        ]
      },
      "_featureIndex": 1796
    },
    {
      "type": "Feature",
      "properties": {
        "Name": "MELWEST-10-114-008",
        "ROCK NAME": "BASALT",
        "SIO2": "49.883",
        "_featureIndex": 1797
      },
      "geometry": {
        "type": "Point",
        "coordinates": [
          105.588,
          -49.116
        ]
      },
      "_featureIndex": 1797
    },
    {
      "type": "Feature",
      "properties": {
        "Name": "MELWEST-10-093-010",
        "ROCK NAME": "BASALT",
        "SIO2": "49.882",
        "_featureIndex": 1798
      },
      "geometry": {
        "type": "Point",
        "coordinates": [
          99.1173,
          -47.9815
        ]
      },
      "_featureIndex": 1798
    },
    {
      "type": "Feature",
      "properties": {
        "Name": "VEM0033-1-003",
        "ROCK NAME": "BASALT",
        "SIO2": "49.88",
        "_featureIndex": 1799
      },
      "geometry": {
        "type": "Point",
        "coordinates": [
          135.09,
          -50.417
        ]
      },
      "_featureIndex": 1799
    },
    {
      "type": "Feature",
      "properties": {
        "Name": "MELWEST-10-094-010",
        "ROCK NAME": "BASALT",
        "SIO2": "49.871",
        "_featureIndex": 1800
      },
      "geometry": {
        "type": "Point",
        "coordinates": [
          99.2542,
          -47.7512
        ]
      },
      "_featureIndex": 1800
    },
    {
      "type": "Feature",
      "properties": {
        "Name": "MELWEST-10-079-014",
        "ROCK NAME": "BASALT",
        "SIO2": "49.867",
        "_featureIndex": 1801
      },
      "geometry": {
        "type": "Point",
        "coordinates": [
          95.41,
          -45.11
        ]
      },
      "_featureIndex": 1801
    },
    {
      "type": "Feature",
      "properties": {
        "Name": "MELWEST-10-066-010",
        "ROCK NAME": "BASALT",
        "SIO2": "49.864",
        "_featureIndex": 1802
      },
      "geometry": {
        "type": "Point",
        "coordinates": [
          89.32,
          -41.72
        ]
      },
      "_featureIndex": 1802
    },
    {
      "type": "Feature",
      "properties": {
        "Name": "MELWEST-10-093-016",
        "ROCK NAME": "BASALT",
        "SIO2": "49.864",
        "_featureIndex": 1803
      },
      "geometry": {
        "type": "Point",
        "coordinates": [
          99.1173,
          -47.9815
        ]
      },
      "_featureIndex": 1803
    },
    {
      "type": "Feature",
      "properties": {
        "Name": "MELWEST-10-066-014",
        "ROCK NAME": "BASALT",
        "SIO2": "49.863",
        "_featureIndex": 1804
      },
      "geometry": {
        "type": "Point",
        "coordinates": [
          89.32,
          -41.72
        ]
      },
      "_featureIndex": 1804
    },
    {
      "type": "Feature",
      "properties": {
        "Name": "MELWEST-10-093-013",
        "ROCK NAME": "BASALT",
        "SIO2": "49.862",
        "_featureIndex": 1805
      },
      "geometry": {
        "type": "Point",
        "coordinates": [
          99.1173,
          -47.9815
        ]
      },
      "_featureIndex": 1805
    },
    {
      "type": "Feature",
      "properties": {
        "Name": "VEM0033-2-010-A",
        "ROCK NAME": "BASALT",
        "SIO2": "49.86",
        "_featureIndex": 1806
      },
      "geometry": {
        "type": "Point",
        "coordinates": [
          115.375,
          -49.917
        ]
      },
      "_featureIndex": 1806
    },
    {
      "type": "Feature",
      "properties": {
        "Name": "MELWEST-10-066-003",
        "ROCK NAME": "BASALT",
        "SIO2": "49.857",
        "_featureIndex": 1807
      },
      "geometry": {
        "type": "Point",
        "coordinates": [
          89.32,
          -41.72
        ]
      },
      "_featureIndex": 1807
    },
    {
      "type": "Feature",
      "properties": {
        "Name": "MELWEST-10-066-006a.2",
        "ROCK NAME": "BASALT",
        "SIO2": "49.854",
        "_featureIndex": 1808
      },
      "geometry": {
        "type": "Point",
        "coordinates": [
          89.32,
          -41.72
        ]
      },
      "_featureIndex": 1808
    },
    {
      "type": "Feature",
      "properties": {
        "Name": "VEM0033-2-011-013",
        "ROCK NAME": "BASALT",
        "SIO2": "49.85",
        "_featureIndex": 1809
      },
      "geometry": {
        "type": "Point",
        "coordinates": [
          118,
          -49.858
        ]
      },
      "_featureIndex": 1809
    },
    {
      "type": "Feature",
      "properties": {
        "Name": "MELWEST-10-066-005",
        "ROCK NAME": "BASALT",
        "SIO2": "49.846",
        "_featureIndex": 1810
      },
      "geometry": {
        "type": "Point",
        "coordinates": [
          89.32,
          -41.72
        ]
      },
      "_featureIndex": 1810
    },
    {
      "type": "Feature",
      "properties": {
        "Name": "MOA8801-016-016",
        "ROCK NAME": "BASALT",
        "SIO2": "49.84",
        "LA": "4.32",
        "_featureIndex": 1811
      },
      "geometry": {
        "type": "Point",
        "coordinates": [
          127.577,
          -50.163
        ]
      },
      "_featureIndex": 1811
    },
    {
      "type": "Feature",
      "properties": {
        "Name": "MELWEST-10-087-003",
        "ROCK NAME": "BASALT",
        "SIO2": "49.832",
        "_featureIndex": 1812
      },
      "geometry": {
        "type": "Point",
        "coordinates": [
          96.368,
          -46.778
        ]
      },
      "_featureIndex": 1812
    },
    {
      "type": "Feature",
      "properties": {
        "Name": "MOA8801-020-001",
        "ROCK NAME": "BASALT",
        "SIO2": "49.83",
        "LA": "4.82",
        "_featureIndex": 1813
      },
      "geometry": {
        "type": "Point",
        "coordinates": [
          127.593,
          -49.522
        ]
      },
      "_featureIndex": 1813
    },
    {
      "type": "Feature",
      "properties": {
        "Name": "VEM0033-2-010-009",
        "ROCK NAME": "BASALT",
        "SIO2": "49.83",
        "_featureIndex": 1814
      },
      "geometry": {
        "type": "Point",
        "coordinates": [
          115.375,
          -49.917
        ]
      },
      "_featureIndex": 1814
    },
    {
      "type": "Feature",
      "properties": {
        "Name": "VEM0033-1-003-004",
        "ROCK NAME": "BASALT",
        "SIO2": "49.83",
        "_featureIndex": 1815
      },
      "geometry": {
        "type": "Point",
        "coordinates": [
          135.09,
          -50.417
        ]
      },
      "_featureIndex": 1815
    },
    {
      "type": "Feature",
      "properties": {
        "Name": "MELWEST-10-082-081",
        "ROCK NAME": "BASALT",
        "SIO2": "49.826",
        "_featureIndex": 1816
      },
      "geometry": {
        "type": "Point",
        "coordinates": [
          95.585,
          -45.185
        ]
      },
      "_featureIndex": 1816
    },
    {
      "type": "Feature",
      "properties": {
        "Name": "MELWEST-10-066-004",
        "ROCK NAME": "BASALT",
        "SIO2": "49.825",
        "_featureIndex": 1817
      },
      "geometry": {
        "type": "Point",
        "coordinates": [
          89.32,
          -41.72
        ]
      },
      "_featureIndex": 1817
    },
    {
      "type": "Feature",
      "properties": {
        "Name": "VEM0033-1-002-019",
        "ROCK NAME": "BASALT",
        "SIO2": "49.82",
        "LA": "4.27",
        "_featureIndex": 1818
      },
      "geometry": {
        "type": "Point",
        "coordinates": [
          132.55,
          -50.267
        ]
      },
      "_featureIndex": 1818
    },
    {
      "type": "Feature",
      "properties": {
        "Name": "MELWEST-10-066-022",
        "ROCK NAME": "BASALT",
        "SIO2": "49.817",
        "_featureIndex": 1819
      },
      "geometry": {
        "type": "Point",
        "coordinates": [
          89.32,
          -41.72
        ]
      },
      "_featureIndex": 1819
    },
    {
      "type": "Feature",
      "properties": {
        "Name": "VEM0033-2-011-002",
        "ROCK NAME": "BASALT",
        "SIO2": "49.81",
        "SR87_SR86": "0.71384",
        "_featureIndex": 1820
      },
      "geometry": {
        "type": "Point",
        "coordinates": [
          118,
          -49.858
        ]
      },
      "_featureIndex": 1820
    },
    {
      "type": "Feature",
      "properties": {
        "Name": "MOA8801-003-006",
        "ROCK NAME": "BASALT",
        "SIO2": "49.81",
        "LA": "6.26",
        "_featureIndex": 1821
      },
      "geometry": {
        "type": "Point",
        "coordinates": [
          127.962,
          -50.107
        ]
      },
      "_featureIndex": 1821
    },
    {
      "type": "Feature",
      "properties": {
        "Name": "MELWEST-10-066-008",
        "ROCK NAME": "BASALT",
        "SIO2": "49.802",
        "_featureIndex": 1822
      },
      "geometry": {
        "type": "Point",
        "coordinates": [
          89.32,
          -41.72
        ]
      },
      "_featureIndex": 1822
    },
    {
      "type": "Feature",
      "properties": {
        "Name": "MELWEST-10-114-012",
        "ROCK NAME": "BASALT",
        "SIO2": "49.802",
        "_featureIndex": 1823
      },
      "geometry": {
        "type": "Point",
        "coordinates": [
          105.588,
          -49.116
        ]
      },
      "_featureIndex": 1823
    },
    {
      "type": "Feature",
      "properties": {
        "Name": "MOA8801-004-001",
        "ROCK NAME": "BASALT",
        "SIO2": "49.8",
        "_featureIndex": 1824
      },
      "geometry": {
        "type": "Point",
        "coordinates": [
          127.36,
          -48.763
        ]
      },
      "_featureIndex": 1824
    },
    {
      "type": "Feature",
      "properties": {
        "Name": "VEM0033-1-006-007",
        "ROCK NAME": "BASALT",
        "SIO2": "49.8",
        "_featureIndex": 1825
      },
      "geometry": {
        "type": "Point",
        "coordinates": [
          130.417,
          -50.3
        ]
      },
      "_featureIndex": 1825
    },
    {
      "type": "Feature",
      "properties": {
        "Name": "VEM0033-1-003-006",
        "ROCK NAME": "BASALT",
        "SIO2": "49.8",
        "_featureIndex": 1826
      },
      "geometry": {
        "type": "Point",
        "coordinates": [
          135.09,
          -50.417
        ]
      },
      "_featureIndex": 1826
    },
    {
      "type": "Feature",
      "properties": {
        "Name": "MELWEST-10-114-004",
        "ROCK NAME": "BASALT",
        "SIO2": "49.796",
        "_featureIndex": 1827
      },
      "geometry": {
        "type": "Point",
        "coordinates": [
          105.588,
          -49.116
        ]
      },
      "_featureIndex": 1827
    },
    {
      "type": "Feature",
      "properties": {
        "Name": "MELWEST-10-131-019",
        "ROCK NAME": "BASALT",
        "SIO2": "49.796",
        "_featureIndex": 1828
      },
      "geometry": {
        "type": "Point",
        "coordinates": [
          111.34,
          -50.0633
        ]
      },
      "_featureIndex": 1828
    },
    {
      "type": "Feature",
      "properties": {
        "Name": "MELWEST-10-114-011",
        "ROCK NAME": "BASALT",
        "SIO2": "49.791",
        "_featureIndex": 1829
      },
      "geometry": {
        "type": "Point",
        "coordinates": [
          105.588,
          -49.116
        ]
      },
      "_featureIndex": 1829
    },
    {
      "type": "Feature",
      "properties": {
        "Name": "VEM0033-2-011-006",
        "ROCK NAME": "BASALT",
        "SIO2": "49.79",
        "_featureIndex": 1830
      },
      "geometry": {
        "type": "Point",
        "coordinates": [
          118,
          -49.858
        ]
      },
      "_featureIndex": 1830
    },
    {
      "type": "Feature",
      "properties": {
        "Name": "MELWEST-10-067-024",
        "ROCK NAME": "BASALT",
        "SIO2": "49.783",
        "_featureIndex": 1831
      },
      "geometry": {
        "type": "Point",
        "coordinates": [
          89.1898,
          -41.8883
        ]
      },
      "_featureIndex": 1831
    },
    {
      "type": "Feature",
      "properties": {
        "Name": "MELWEST-10-088-008",
        "ROCK NAME": "BASALT",
        "SIO2": "49.783",
        "_featureIndex": 1832
      },
      "geometry": {
        "type": "Point",
        "coordinates": [
          96.833,
          -47.076
        ]
      },
      "_featureIndex": 1832
    },
    {
      "type": "Feature",
      "properties": {
        "Name": "MELBMRG-5-BB5-002.5",
        "ROCK NAME": "BASALT",
        "SIO2": "49.78",
        "LA": "2",
        "_featureIndex": 1833
      },
      "geometry": {
        "type": "Point",
        "coordinates": [
          126.17,
          -49.77
        ]
      },
      "_featureIndex": 1833
    },
    {
      "type": "Feature",
      "properties": {
        "Name": "VEM0033-2-010-012",
        "ROCK NAME": "BASALT",
        "SIO2": "49.78",
        "_featureIndex": 1834
      },
      "geometry": {
        "type": "Point",
        "coordinates": [
          115.375,
          -49.917
        ]
      },
      "_featureIndex": 1834
    },
    {
      "type": "Feature",
      "properties": {
        "Name": "MELWEST-10-067-019",
        "ROCK NAME": "BASALT",
        "SIO2": "49.777",
        "_featureIndex": 1835
      },
      "geometry": {
        "type": "Point",
        "coordinates": [
          89.1898,
          -41.8883
        ]
      },
      "_featureIndex": 1835
    },
    {
      "type": "Feature",
      "properties": {
        "Name": "MELWEST-10-089-108",
        "ROCK NAME": "BASALT",
        "SIO2": "49.777",
        "_featureIndex": 1836
      },
      "geometry": {
        "type": "Point",
        "coordinates": [
          97.512,
          -47.445
        ]
      },
      "_featureIndex": 1836
    },
    {
      "type": "Feature",
      "properties": {
        "Name": "MOA8801-016-002",
        "ROCK NAME": "BASALT",
        "SIO2": "49.77",
        "LA": "5.97",
        "_featureIndex": 1837
      },
      "geometry": {
        "type": "Point",
        "coordinates": [
          127.577,
          -50.163
        ]
      },
      "_featureIndex": 1837
    },
    {
      "type": "Feature",
      "properties": {
        "Name": "VEM0033-2-010-004",
        "ROCK NAME": "BASALT",
        "SIO2": "49.77",
        "_featureIndex": 1838
      },
      "geometry": {
        "type": "Point",
        "coordinates": [
          115.375,
          -49.917
        ]
      },
      "_featureIndex": 1838
    },
    {
      "type": "Feature",
      "properties": {
        "Name": "VEM0033-1-005-002",
        "ROCK NAME": "BASALT",
        "SIO2": "49.77",
        "_featureIndex": 1839
      },
      "geometry": {
        "type": "Point",
        "coordinates": [
          127.08,
          -48.738
        ]
      },
      "_featureIndex": 1839
    },
    {
      "type": "Feature",
      "properties": {
        "Name": "VEM0033-1-003-003",
        "ROCK NAME": "BASALT",
        "SIO2": "49.77",
        "_featureIndex": 1840
      },
      "geometry": {
        "type": "Point",
        "coordinates": [
          135.09,
          -50.417
        ]
      },
      "_featureIndex": 1840
    },
    {
      "type": "Feature",
      "properties": {
        "Name": "MELWEST-10-066-006b.1",
        "ROCK NAME": "BASALT",
        "SIO2": "49.769",
        "_featureIndex": 1841
      },
      "geometry": {
        "type": "Point",
        "coordinates": [
          89.32,
          -41.72
        ]
      },
      "_featureIndex": 1841
    },
    {
      "type": "Feature",
      "properties": {
        "Name": "MELWEST-10-087-021",
        "ROCK NAME": "BASALT",
        "SIO2": "49.768",
        "_featureIndex": 1842
      },
      "geometry": {
        "type": "Point",
        "coordinates": [
          96.368,
          -46.778
        ]
      },
      "_featureIndex": 1842
    },
    {
      "type": "Feature",
      "properties": {
        "Name": "MELWEST-10-072-026",
        "ROCK NAME": "BASALT",
        "SIO2": "49.763",
        "_featureIndex": 1843
      },
      "geometry": {
        "type": "Point",
        "coordinates": [
          91.283,
          -43.417
        ]
      },
      "_featureIndex": 1843
    },
    {
      "type": "Feature",
      "properties": {
        "Name": "MELWEST-10-089-062",
        "ROCK NAME": "BASALT",
        "SIO2": "49.762",
        "_featureIndex": 1844
      },
      "geometry": {
        "type": "Point",
        "coordinates": [
          97.512,
          -47.445
        ]
      },
      "_featureIndex": 1844
    },
    {
      "type": "Feature",
      "properties": {
        "Name": "VEM0033-1-004-003-B",
        "ROCK NAME": "BASALT",
        "SIO2": "49.76",
        "LA": "4.35",
        "_featureIndex": 1845
      },
      "geometry": {
        "type": "Point",
        "coordinates": [
          137.555,
          -50.215
        ]
      },
      "_featureIndex": 1845
    },
    {
      "type": "Feature",
      "properties": {
        "Name": "MELWEST-10-066-006c.1",
        "ROCK NAME": "BASALT",
        "SIO2": "49.757",
        "_featureIndex": 1846
      },
      "geometry": {
        "type": "Point",
        "coordinates": [
          89.32,
          -41.72
        ]
      },
      "_featureIndex": 1846
    },
    {
      "type": "Feature",
      "properties": {
        "Name": "MELWEST-10-087-043",
        "ROCK NAME": "BASALT",
        "SIO2": "49.75",
        "_featureIndex": 1847
      },
      "geometry": {
        "type": "Point",
        "coordinates": [
          96.368,
          -46.778
        ]
      },
      "_featureIndex": 1847
    },
    {
      "type": "Feature",
      "properties": {
        "Name": "VEM0033-1-003-002",
        "ROCK NAME": "BASALT",
        "SIO2": "49.75",
        "_featureIndex": 1848
      },
      "geometry": {
        "type": "Point",
        "coordinates": [
          135.09,
          -50.417
        ]
      },
      "_featureIndex": 1848
    },
    {
      "type": "Feature",
      "properties": {
        "Name": "VEM0033-1-004-007",
        "ROCK NAME": "BASALT",
        "SIO2": "49.75",
        "_featureIndex": 1849
      },
      "geometry": {
        "type": "Point",
        "coordinates": [
          137.555,
          -50.215
        ]
      },
      "_featureIndex": 1849
    },
    {
      "type": "Feature",
      "properties": {
        "Name": "MELBMRG-5-BB4-007A",
        "ROCK NAME": "BASALT",
        "SIO2": "49.74",
        "LA": "4.8",
        "_featureIndex": 1850
      },
      "geometry": {
        "type": "Point",
        "coordinates": [
          126.18,
          -47.75
        ]
      },
      "_featureIndex": 1850
    },
    {
      "type": "Feature",
      "properties": {
        "Name": "MOA8801-011-017",
        "ROCK NAME": "BASALT",
        "SIO2": "49.74",
        "LA": "3.95",
        "_featureIndex": 1851
      },
      "geometry": {
        "type": "Point",
        "coordinates": [
          127.652,
          -50.152
        ]
      },
      "_featureIndex": 1851
    },
    {
      "type": "Feature",
      "properties": {
        "Name": "VEM0033-2-011-003",
        "ROCK NAME": "BASALT",
        "SIO2": "49.74",
        "_featureIndex": 1852
      },
      "geometry": {
        "type": "Point",
        "coordinates": [
          118,
          -49.858
        ]
      },
      "_featureIndex": 1852
    },
    {
      "type": "Feature",
      "properties": {
        "Name": "VEM0033-1-003-VG6609",
        "ROCK NAME": "BASALT",
        "SIO2": "49.74",
        "_featureIndex": 1853
      },
      "geometry": {
        "type": "Point",
        "coordinates": [
          135.09,
          -50.417
        ]
      },
      "_featureIndex": 1853
    },
    {
      "type": "Feature",
      "properties": {
        "Name": "MELWEST-10-136-033",
        "ROCK NAME": "BASALT",
        "SIO2": "49.734",
        "_featureIndex": 1854
      },
      "geometry": {
        "type": "Point",
        "coordinates": [
          112.69,
          -50.32
        ]
      },
      "_featureIndex": 1854
    },
    {
      "type": "Feature",
      "properties": {
        "Name": "MELWEST-10-066-007a.2",
        "ROCK NAME": "BASALT",
        "SIO2": "49.732",
        "_featureIndex": 1855
      },
      "geometry": {
        "type": "Point",
        "coordinates": [
          89.32,
          -41.72
        ]
      },
      "_featureIndex": 1855
    },
    {
      "type": "Feature",
      "properties": {
        "Name": "MELWEST-10-093-001",
        "ROCK NAME": "BASALT",
        "SIO2": "49.731",
        "_featureIndex": 1856
      },
      "geometry": {
        "type": "Point",
        "coordinates": [
          99.1173,
          -47.9815
        ]
      },
      "_featureIndex": 1856
    },
    {
      "type": "Feature",
      "properties": {
        "Name": "MOA8801-017-068",
        "ROCK NAME": "BASALT",
        "SIO2": "49.73",
        "LA": "4.27",
        "_featureIndex": 1857
      },
      "geometry": {
        "type": "Point",
        "coordinates": [
          127.417,
          -50.222
        ]
      },
      "_featureIndex": 1857
    },
    {
      "type": "Feature",
      "properties": {
        "Name": "VEM0033-1-002-005",
        "ROCK NAME": "BASALT",
        "SIO2": "49.73",
        "_featureIndex": 1858
      },
      "geometry": {
        "type": "Point",
        "coordinates": [
          132.55,
          -50.267
        ]
      },
      "_featureIndex": 1858
    },
    {
      "type": "Feature",
      "properties": {
        "Name": "VEM0033-1-003-013",
        "ROCK NAME": "BASALT",
        "SIO2": "49.73",
        "_featureIndex": 1859
      },
      "geometry": {
        "type": "Point",
        "coordinates": [
          135.09,
          -50.417
        ]
      },
      "_featureIndex": 1859
    },
    {
      "type": "Feature",
      "properties": {
        "Name": "MELWEST-10-066-015",
        "ROCK NAME": "BASALT",
        "SIO2": "49.728",
        "_featureIndex": 1860
      },
      "geometry": {
        "type": "Point",
        "coordinates": [
          89.32,
          -41.72
        ]
      },
      "_featureIndex": 1860
    },
    {
      "type": "Feature",
      "properties": {
        "Name": "MELWEST-10-083-006",
        "ROCK NAME": "BASALT",
        "SIO2": "49.723",
        "_featureIndex": 1861
      },
      "geometry": {
        "type": "Point",
        "coordinates": [
          95.76,
          -45.05
        ]
      },
      "_featureIndex": 1861
    },
    {
      "type": "Feature",
      "properties": {
        "Name": "VEM0033-2-011-007",
        "ROCK NAME": "BASALT",
        "SIO2": "49.72",
        "_featureIndex": 1862
      },
      "geometry": {
        "type": "Point",
        "coordinates": [
          118,
          -49.858
        ]
      },
      "_featureIndex": 1862
    },
    {
      "type": "Feature",
      "properties": {
        "Name": "VEM0033-1-001-001",
        "ROCK NAME": "BASALT",
        "SIO2": "49.72",
        "_featureIndex": 1863
      },
      "geometry": {
        "type": "Point",
        "coordinates": [
          131.005,
          -50.408
        ]
      },
      "_featureIndex": 1863
    },
    {
      "type": "Feature",
      "properties": {
        "Name": "MELWEST-10-079-016",
        "ROCK NAME": "BASALT",
        "SIO2": "49.718",
        "_featureIndex": 1864
      },
      "geometry": {
        "type": "Point",
        "coordinates": [
          95.41,
          -45.11
        ]
      },
      "_featureIndex": 1864
    },
    {
      "type": "Feature",
      "properties": {
        "Name": "VEM0033-2-010-003",
        "ROCK NAME": "BASALT",
        "SIO2": "49.71",
        "_featureIndex": 1865
      },
      "geometry": {
        "type": "Point",
        "coordinates": [
          115.375,
          -49.917
        ]
      },
      "_featureIndex": 1865
    },
    {
      "type": "Feature",
      "properties": {
        "Name": "VEM0033-2-011-004",
        "ROCK NAME": "BASALT",
        "SIO2": "49.71",
        "_featureIndex": 1866
      },
      "geometry": {
        "type": "Point",
        "coordinates": [
          118,
          -49.858
        ]
      },
      "_featureIndex": 1866
    },
    {
      "type": "Feature",
      "properties": {
        "Name": "MELWEST-10-079-017",
        "ROCK NAME": "BASALT",
        "SIO2": "49.709",
        "_featureIndex": 1867
      },
      "geometry": {
        "type": "Point",
        "coordinates": [
          95.41,
          -45.11
        ]
      },
      "_featureIndex": 1867
    },
    {
      "type": "Feature",
      "properties": {
        "Name": "MOA8801-017-013",
        "ROCK NAME": "BASALT",
        "SIO2": "49.7",
        "LA": "2.14",
        "_featureIndex": 1868
      },
      "geometry": {
        "type": "Point",
        "coordinates": [
          127.417,
          -50.222
        ]
      },
      "_featureIndex": 1868
    },
    {
      "type": "Feature",
      "properties": {
        "Name": "CHRHYAM-010-014",
        "ROCK NAME": "THOLEIITE",
        "SIO2": "49.7",
        "LA": "2",
        "_featureIndex": 1869
      },
      "geometry": {
        "type": "Point",
        "coordinates": [
          74.67,
          -28.9
        ]
      },
      "_featureIndex": 1869
    },
    {
      "type": "Feature",
      "properties": {
        "Name": "VEM0033-2-011-011",
        "ROCK NAME": "BASALT",
        "SIO2": "49.7",
        "_featureIndex": 1870
      },
      "geometry": {
        "type": "Point",
        "coordinates": [
          118,
          -49.858
        ]
      },
      "_featureIndex": 1870
    },
    {
      "type": "Feature",
      "properties": {
        "Name": "VEM0033-2-007-009",
        "ROCK NAME": "BASALT",
        "SIO2": "49.7",
        "_featureIndex": 1871
      },
      "geometry": {
        "type": "Point",
        "coordinates": [
          124,
          -49.033
        ]
      },
      "_featureIndex": 1871
    },
    {
      "type": "Feature",
      "properties": {
        "Name": "MOA8801-012-001",
        "ROCK NAME": "BASALT",
        "SIO2": "49.69",
        "LA": "7.61",
        "_featureIndex": 1872
      },
      "geometry": {
        "type": "Point",
        "coordinates": [
          127.833,
          -50.162
        ]
      },
      "_featureIndex": 1872
    },
    {
      "type": "Feature",
      "properties": {
        "Name": "VEM0033-1-004-001",
        "ROCK NAME": "BASALT",
        "SIO2": "49.69",
        "LA": "3",
        "_featureIndex": 1873
      },
      "geometry": {
        "type": "Point",
        "coordinates": [
          137.555,
          -50.215
        ]
      },
      "_featureIndex": 1873
    },
    {
      "type": "Feature",
      "properties": {
        "Name": "VEM0033-1-005-001",
        "ROCK NAME": "BASALT",
        "SIO2": "49.69",
        "_featureIndex": 1874
      },
      "geometry": {
        "type": "Point",
        "coordinates": [
          127.08,
          -48.738
        ]
      },
      "_featureIndex": 1874
    },
    {
      "type": "Feature",
      "properties": {
        "Name": "VEM0033-1-002-006",
        "ROCK NAME": "BASALT",
        "SIO2": "49.69",
        "_featureIndex": 1875
      },
      "geometry": {
        "type": "Point",
        "coordinates": [
          132.55,
          -50.267
        ]
      },
      "_featureIndex": 1875
    },
    {
      "type": "Feature",
      "properties": {
        "Name": "MOA8801-001-036",
        "ROCK NAME": "BASALT",
        "SIO2": "49.68",
        "LA": "6.79",
        "_featureIndex": 1876
      },
      "geometry": {
        "type": "Point",
        "coordinates": [
          128.54,
          -50.21
        ]
      },
      "_featureIndex": 1876
    },
    {
      "type": "Feature",
      "properties": {
        "Name": "VEM0033-2-011",
        "ROCK NAME": "BASALT",
        "SIO2": "49.68",
        "_featureIndex": 1877
      },
      "geometry": {
        "type": "Point",
        "coordinates": [
          118,
          -49.858
        ]
      },
      "_featureIndex": 1877
    },
    {
      "type": "Feature",
      "properties": {
        "Name": "VEM0033-1-003-011",
        "ROCK NAME": "BASALT",
        "SIO2": "49.68",
        "_featureIndex": 1878
      },
      "geometry": {
        "type": "Point",
        "coordinates": [
          135.09,
          -50.417
        ]
      },
      "_featureIndex": 1878
    },
    {
      "type": "Feature",
      "properties": {
        "Name": "MELWEST-10-066-007a.3",
        "ROCK NAME": "BASALT",
        "SIO2": "49.678",
        "_featureIndex": 1879
      },
      "geometry": {
        "type": "Point",
        "coordinates": [
          89.32,
          -41.72
        ]
      },
      "_featureIndex": 1879
    },
    {
      "type": "Feature",
      "properties": {
        "Name": "MELWEST-10-090-003",
        "ROCK NAME": "BASALT",
        "SIO2": "49.672",
        "_featureIndex": 1880
      },
      "geometry": {
        "type": "Point",
        "coordinates": [
          98.157,
          -47.711
        ]
      },
      "_featureIndex": 1880
    },
    {
      "type": "Feature",
      "properties": {
        "Name": "MELWEST-10-093-011",
        "ROCK NAME": "BASALT",
        "SIO2": "49.671",
        "_featureIndex": 1881
      },
      "geometry": {
        "type": "Point",
        "coordinates": [
          99.1173,
          -47.9815
        ]
      },
      "_featureIndex": 1881
    },
    {
      "type": "Feature",
      "properties": {
        "Name": "MOA8801-019-056",
        "ROCK NAME": "BASALT",
        "SIO2": "49.67",
        "LA": "5.71",
        "_featureIndex": 1882
      },
      "geometry": {
        "type": "Point",
        "coordinates": [
          127.017,
          -50.147
        ]
      },
      "_featureIndex": 1882
    },
    {
      "type": "Feature",
      "properties": {
        "Name": "VEM0033-2-009-002",
        "ROCK NAME": "BASALT",
        "SIO2": "49.67",
        "_featureIndex": 1883
      },
      "geometry": {
        "type": "Point",
        "coordinates": [
          119.175,
          -49.808
        ]
      },
      "_featureIndex": 1883
    },
    {
      "type": "Feature",
      "properties": {
        "Name": "MELWEST-10-090-002",
        "ROCK NAME": "BASALT",
        "SIO2": "49.668",
        "_featureIndex": 1884
      },
      "geometry": {
        "type": "Point",
        "coordinates": [
          98.157,
          -47.711
        ]
      },
      "_featureIndex": 1884
    },
    {
      "type": "Feature",
      "properties": {
        "Name": "MOA8801-013-047",
        "ROCK NAME": "BASALT",
        "SIO2": "49.66",
        "LA": "5.39",
        "_featureIndex": 1885
      },
      "geometry": {
        "type": "Point",
        "coordinates": [
          128.015,
          -50.147
        ]
      },
      "_featureIndex": 1885
    },
    {
      "type": "Feature",
      "properties": {
        "Name": "MELWEST-10-090-009",
        "ROCK NAME": "BASALT",
        "SIO2": "49.657",
        "_featureIndex": 1886
      },
      "geometry": {
        "type": "Point",
        "coordinates": [
          98.157,
          -47.711
        ]
      },
      "_featureIndex": 1886
    },
    {
      "type": "Feature",
      "properties": {
        "Name": "MELWEST-10-128-008",
        "ROCK NAME": "BASALT",
        "SIO2": "49.648",
        "_featureIndex": 1887
      },
      "geometry": {
        "type": "Point",
        "coordinates": [
          110.412,
          -49.828
        ]
      },
      "_featureIndex": 1887
    },
    {
      "type": "Feature",
      "properties": {
        "Name": "MOA8801-013-051",
        "ROCK NAME": "BASALT",
        "SIO2": "49.64",
        "LA": "5.27",
        "_featureIndex": 1888
      },
      "geometry": {
        "type": "Point",
        "coordinates": [
          128.015,
          -50.147
        ]
      },
      "_featureIndex": 1888
    },
    {
      "type": "Feature",
      "properties": {
        "Name": "VEM0033-2-011-010",
        "ROCK NAME": "BASALT",
        "SIO2": "49.64",
        "_featureIndex": 1889
      },
      "geometry": {
        "type": "Point",
        "coordinates": [
          118,
          -49.858
        ]
      },
      "_featureIndex": 1889
    },
    {
      "type": "Feature",
      "properties": {
        "Name": "MELWEST-10-114-010",
        "ROCK NAME": "BASALT",
        "SIO2": "49.635",
        "_featureIndex": 1890
      },
      "geometry": {
        "type": "Point",
        "coordinates": [
          105.588,
          -49.116
        ]
      },
      "_featureIndex": 1890
    },
    {
      "type": "Feature",
      "properties": {
        "Name": "MELWEST-10-066-006b.2",
        "ROCK NAME": "BASALT",
        "SIO2": "49.633",
        "_featureIndex": 1891
      },
      "geometry": {
        "type": "Point",
        "coordinates": [
          89.32,
          -41.72
        ]
      },
      "_featureIndex": 1891
    },
    {
      "type": "Feature",
      "properties": {
        "Name": "MELWEST-10-093-007",
        "ROCK NAME": "BASALT",
        "SIO2": "49.632",
        "_featureIndex": 1892
      },
      "geometry": {
        "type": "Point",
        "coordinates": [
          99.1173,
          -47.9815
        ]
      },
      "_featureIndex": 1892
    },
    {
      "type": "Feature",
      "properties": {
        "Name": "VEM0033-1-004-002",
        "ROCK NAME": "BASALT",
        "SIO2": "49.63",
        "_featureIndex": 1893
      },
      "geometry": {
        "type": "Point",
        "coordinates": [
          137.555,
          -50.215
        ]
      },
      "_featureIndex": 1893
    },
    {
      "type": "Feature",
      "properties": {
        "Name": "ARGDODO-143-P",
        "ROCK NAME": "BASALT",
        "SIO2": "49.62",
        "_featureIndex": 1894
      },
      "geometry": {
        "type": "Point",
        "coordinates": [
          72.65,
          -24.767
        ]
      },
      "_featureIndex": 1894
    },
    {
      "type": "Feature",
      "properties": {
        "Name": "MELWEST-10-094-007",
        "ROCK NAME": "BASALT",
        "SIO2": "49.61",
        "_featureIndex": 1895
      },
      "geometry": {
        "type": "Point",
        "coordinates": [
          99.2542,
          -47.7512
        ]
      },
      "_featureIndex": 1895
    },
    {
      "type": "Feature",
      "properties": {
        "Name": "CHRHYAM-001-005",
        "ROCK NAME": "THOLEIITE",
        "SIO2": "49.6",
        "LA": "1.8",
        "_featureIndex": 1896
      },
      "geometry": {
        "type": "Point",
        "coordinates": [
          78.65,
          -40.34
        ]
      },
      "_featureIndex": 1896
    },
    {
      "type": "Feature",
      "properties": {
        "Name": "MELWEST-10-090-005",
        "ROCK NAME": "BASALT",
        "SIO2": "49.598",
        "_featureIndex": 1897
      },
      "geometry": {
        "type": "Point",
        "coordinates": [
          98.157,
          -47.711
        ]
      },
      "_featureIndex": 1897
    },
    {
      "type": "Feature",
      "properties": {
        "Name": "VEM0033-1-002-010",
        "ROCK NAME": "BASALT",
        "SIO2": "49.59",
        "_featureIndex": 1898
      },
      "geometry": {
        "type": "Point",
        "coordinates": [
          132.55,
          -50.267
        ]
      },
      "_featureIndex": 1898
    },
    {
      "type": "Feature",
      "properties": {
        "Name": "MELWEST-10-093-009",
        "ROCK NAME": "BASALT",
        "SIO2": "49.585",
        "_featureIndex": 1899
      },
      "geometry": {
        "type": "Point",
        "coordinates": [
          99.1173,
          -47.9815
        ]
      },
      "_featureIndex": 1899
    },
    {
      "type": "Feature",
      "properties": {
        "Name": "MELWEST-10-066-025",
        "ROCK NAME": "BASALT",
        "SIO2": "49.584",
        "_featureIndex": 1900
      },
      "geometry": {
        "type": "Point",
        "coordinates": [
          89.32,
          -41.72
        ]
      },
      "_featureIndex": 1900
    },
    {
      "type": "Feature",
      "properties": {
        "Name": "VIT0036-5327-142",
        "ROCK NAME": "BASALT",
        "SIO2": "49.58",
        "_featureIndex": 1901
      },
      "geometry": {
        "type": "Point",
        "coordinates": [
          77.943,
          -34.28
        ]
      },
      "_featureIndex": 1901
    },
    {
      "type": "Feature",
      "properties": {
        "Name": "VIT0036-5327-142A",
        "ROCK NAME": "DOLERITE",
        "SIO2": "49.58",
        "_featureIndex": 1902
      },
      "geometry": {
        "type": "Point",
        "coordinates": [
          77.943,
          -34.28
        ]
      },
      "_featureIndex": 1902
    },
    {
      "type": "Feature",
      "properties": {
        "Name": "MELWEST-10-066-006d.1",
        "ROCK NAME": "BASALT",
        "SIO2": "49.577",
        "_featureIndex": 1903
      },
      "geometry": {
        "type": "Point",
        "coordinates": [
          89.32,
          -41.72
        ]
      },
      "_featureIndex": 1903
    },
    {
      "type": "Feature",
      "properties": {
        "Name": "VEM0033-1-005-005",
        "ROCK NAME": "BASALT",
        "SIO2": "49.57",
        "_featureIndex": 1904
      },
      "geometry": {
        "type": "Point",
        "coordinates": [
          127.08,
          -48.738
        ]
      },
      "_featureIndex": 1904
    },
    {
      "type": "Feature",
      "properties": {
        "Name": "VEM0033-1-002-011",
        "ROCK NAME": "BASALT",
        "SIO2": "49.57",
        "_featureIndex": 1905
      },
      "geometry": {
        "type": "Point",
        "coordinates": [
          132.55,
          -50.267
        ]
      },
      "_featureIndex": 1905
    },
    {
      "type": "Feature",
      "properties": {
        "Name": "VEM0033-1-003-014",
        "ROCK NAME": "BASALT",
        "SIO2": "49.57",
        "_featureIndex": 1906
      },
      "geometry": {
        "type": "Point",
        "coordinates": [
          135.09,
          -50.417
        ]
      },
      "_featureIndex": 1906
    },
    {
      "type": "Feature",
      "properties": {
        "Name": "VEM0033-2-011-008",
        "ROCK NAME": "BASALT",
        "SIO2": "49.56",
        "_featureIndex": 1907
      },
      "geometry": {
        "type": "Point",
        "coordinates": [
          118,
          -49.858
        ]
      },
      "_featureIndex": 1907
    },
    {
      "type": "Feature",
      "properties": {
        "Name": "MELWEST-10-114-007",
        "ROCK NAME": "BASALT",
        "SIO2": "49.549",
        "_featureIndex": 1908
      },
      "geometry": {
        "type": "Point",
        "coordinates": [
          105.588,
          -49.116
        ]
      },
      "_featureIndex": 1908
    },
    {
      "type": "Feature",
      "properties": {
        "Name": "MELWEST-10-093-008",
        "ROCK NAME": "BASALT",
        "SIO2": "49.537",
        "_featureIndex": 1909
      },
      "geometry": {
        "type": "Point",
        "coordinates": [
          99.1173,
          -47.9815
        ]
      },
      "_featureIndex": 1909
    },
    {
      "type": "Feature",
      "properties": {
        "Name": "MOA8801-009-007",
        "ROCK NAME": "BASALT",
        "SIO2": "49.53",
        "_featureIndex": 1910
      },
      "geometry": {
        "type": "Point",
        "coordinates": [
          127.063,
          -50.198
        ]
      },
      "_featureIndex": 1910
    },
    {
      "type": "Feature",
      "properties": {
        "Name": "VEM0033-1-006-006",
        "ROCK NAME": "BASALT",
        "SIO2": "49.53",
        "_featureIndex": 1911
      },
      "geometry": {
        "type": "Point",
        "coordinates": [
          130.417,
          -50.3
        ]
      },
      "_featureIndex": 1911
    },
    {
      "type": "Feature",
      "properties": {
        "Name": "MELWEST-10-089-023",
        "ROCK NAME": "BASALT",
        "SIO2": "49.528",
        "_featureIndex": 1912
      },
      "geometry": {
        "type": "Point",
        "coordinates": [
          97.512,
          -47.445
        ]
      },
      "_featureIndex": 1912
    },
    {
      "type": "Feature",
      "properties": {
        "Name": "MELWEST-10-114-014",
        "ROCK NAME": "BASALT",
        "SIO2": "49.523",
        "_featureIndex": 1913
      },
      "geometry": {
        "type": "Point",
        "coordinates": [
          105.588,
          -49.116
        ]
      },
      "_featureIndex": 1913
    },
    {
      "type": "Feature",
      "properties": {
        "Name": "VIT0036-5327-143",
        "ROCK NAME": "BASALT",
        "SIO2": "49.52",
        "_featureIndex": 1914
      },
      "geometry": {
        "type": "Point",
        "coordinates": [
          77.943,
          -34.28
        ]
      },
      "_featureIndex": 1914
    },
    {
      "type": "Feature",
      "properties": {
        "Name": "MELWEST-10-097-008",
        "ROCK NAME": "BASALT",
        "SIO2": "49.512",
        "LA": "3.52",
        "_featureIndex": 1915
      },
      "geometry": {
        "type": "Point",
        "coordinates": [
          100.86,
          -47.19
        ]
      },
      "_featureIndex": 1915
    },
    {
      "type": "Feature",
      "properties": {
        "Name": "VEM0033-1-001",
        "ROCK NAME": "BASALT",
        "SIO2": "49.51",
        "_featureIndex": 1916
      },
      "geometry": {
        "type": "Point",
        "coordinates": [
          131.005,
          -50.408
        ]
      },
      "_featureIndex": 1916
    },
    {
      "type": "Feature",
      "properties": {
        "Name": "MELWEST-10-069-003",
        "ROCK NAME": "BASALT",
        "SIO2": "49.507",
        "_featureIndex": 1917
      },
      "geometry": {
        "type": "Point",
        "coordinates": [
          88.922,
          -41.87
        ]
      },
      "_featureIndex": 1917
    },
    {
      "type": "Feature",
      "properties": {
        "Name": "MELWEST-10-090-010",
        "ROCK NAME": "BASALT",
        "SIO2": "49.507",
        "_featureIndex": 1918
      },
      "geometry": {
        "type": "Point",
        "coordinates": [
          98.157,
          -47.711
        ]
      },
      "_featureIndex": 1918
    },
    {
      "type": "Feature",
      "properties": {
        "Name": "MELWEST-10-066-061",
        "ROCK NAME": "BASALT",
        "SIO2": "49.505",
        "_featureIndex": 1919
      },
      "geometry": {
        "type": "Point",
        "coordinates": [
          89.32,
          -41.72
        ]
      },
      "_featureIndex": 1919
    },
    {
      "type": "Feature",
      "properties": {
        "Name": "VIT0036-5327-146",
        "ROCK NAME": "BASALT",
        "SIO2": "49.5",
        "_featureIndex": 1920
      },
      "geometry": {
        "type": "Point",
        "coordinates": [
          77.943,
          -34.28
        ]
      },
      "_featureIndex": 1920
    },
    {
      "type": "Feature",
      "properties": {
        "Name": "VEM0033-2-007-007",
        "ROCK NAME": "BASALT",
        "SIO2": "49.5",
        "_featureIndex": 1921
      },
      "geometry": {
        "type": "Point",
        "coordinates": [
          124,
          -49.033
        ]
      },
      "_featureIndex": 1921
    },
    {
      "type": "Feature",
      "properties": {
        "Name": "VEM0033-1-004-005",
        "ROCK NAME": "BASALT",
        "SIO2": "49.49",
        "_featureIndex": 1922
      },
      "geometry": {
        "type": "Point",
        "coordinates": [
          137.555,
          -50.215
        ]
      },
      "_featureIndex": 1922
    },
    {
      "type": "Feature",
      "properties": {
        "Name": "VIT0036-5327-141",
        "ROCK NAME": "BASALT",
        "SIO2": "49.48",
        "_featureIndex": 1923
      },
      "geometry": {
        "type": "Point",
        "coordinates": [
          77.943,
          -34.28
        ]
      },
      "_featureIndex": 1923
    },
    {
      "type": "Feature",
      "properties": {
        "Name": "VIT0036-5327-147",
        "ROCK NAME": "BASALT",
        "SIO2": "49.48",
        "_featureIndex": 1924
      },
      "geometry": {
        "type": "Point",
        "coordinates": [
          77.943,
          -34.28
        ]
      },
      "_featureIndex": 1924
    },
    {
      "type": "Feature",
      "properties": {
        "Name": "MELWEST-10-066-006c.2",
        "ROCK NAME": "BASALT",
        "SIO2": "49.479",
        "_featureIndex": 1925
      },
      "geometry": {
        "type": "Point",
        "coordinates": [
          89.32,
          -41.72
        ]
      },
      "_featureIndex": 1925
    },
    {
      "type": "Feature",
      "properties": {
        "Name": "MELWEST-10-066-007a.1",
        "ROCK NAME": "BASALT",
        "SIO2": "49.465",
        "_featureIndex": 1926
      },
      "geometry": {
        "type": "Point",
        "coordinates": [
          89.32,
          -41.72
        ]
      },
      "_featureIndex": 1926
    },
    {
      "type": "Feature",
      "properties": {
        "Name": "MELWEST-10-090-006",
        "ROCK NAME": "BASALT",
        "SIO2": "49.46",
        "_featureIndex": 1927
      },
      "geometry": {
        "type": "Point",
        "coordinates": [
          98.157,
          -47.711
        ]
      },
      "_featureIndex": 1927
    },
    {
      "type": "Feature",
      "properties": {
        "Name": "MELWEST-10-066-023",
        "ROCK NAME": "BASALT",
        "SIO2": "49.456",
        "_featureIndex": 1928
      },
      "geometry": {
        "type": "Point",
        "coordinates": [
          89.32,
          -41.72
        ]
      },
      "_featureIndex": 1928
    },
    {
      "type": "Feature",
      "properties": {
        "Name": "VEM0033-2-007-008",
        "ROCK NAME": "BASALT",
        "SIO2": "49.45",
        "_featureIndex": 1929
      },
      "geometry": {
        "type": "Point",
        "coordinates": [
          124,
          -49.033
        ]
      },
      "_featureIndex": 1929
    },
    {
      "type": "Feature",
      "properties": {
        "Name": "VEM0033-2-007-003",
        "ROCK NAME": "BASALT",
        "SIO2": "49.45",
        "_featureIndex": 1930
      },
      "geometry": {
        "type": "Point",
        "coordinates": [
          124,
          -49.033
        ]
      },
      "_featureIndex": 1930
    },
    {
      "type": "Feature",
      "properties": {
        "Name": "VEM0033-1-004-001",
        "ROCK NAME": "BASALT",
        "SIO2": "49.45",
        "_featureIndex": 1931
      },
      "geometry": {
        "type": "Point",
        "coordinates": [
          137.555,
          -50.215
        ]
      },
      "_featureIndex": 1931
    },
    {
      "type": "Feature",
      "properties": {
        "Name": "VEM0033-2-007-002",
        "ROCK NAME": "BASALT",
        "SIO2": "49.44",
        "_featureIndex": 1932
      },
      "geometry": {
        "type": "Point",
        "coordinates": [
          124,
          -49.033
        ]
      },
      "_featureIndex": 1932
    },
    {
      "type": "Feature",
      "properties": {
        "Name": "MELWEST-10-093-002",
        "ROCK NAME": "BASALT",
        "SIO2": "49.439",
        "_featureIndex": 1933
      },
      "geometry": {
        "type": "Point",
        "coordinates": [
          99.1173,
          -47.9815
        ]
      },
      "_featureIndex": 1933
    },
    {
      "type": "Feature",
      "properties": {
        "Name": "MOA8801-016-019",
        "ROCK NAME": "BASALT",
        "SIO2": "49.42",
        "LA": "5.34",
        "_featureIndex": 1934
      },
      "geometry": {
        "type": "Point",
        "coordinates": [
          127.577,
          -50.163
        ]
      },
      "_featureIndex": 1934
    },
    {
      "type": "Feature",
      "properties": {
        "Name": "VEM0033-2-007-004",
        "ROCK NAME": "BASALT",
        "SIO2": "49.42",
        "_featureIndex": 1935
      },
      "geometry": {
        "type": "Point",
        "coordinates": [
          124,
          -49.033
        ]
      },
      "_featureIndex": 1935
    },
    {
      "type": "Feature",
      "properties": {
        "Name": "MOA8801-013-007",
        "ROCK NAME": "BASALT",
        "SIO2": "49.42",
        "_featureIndex": 1936
      },
      "geometry": {
        "type": "Point",
        "coordinates": [
          128.015,
          -50.147
        ]
      },
      "_featureIndex": 1936
    },
    {
      "type": "Feature",
      "properties": {
        "Name": "VEM0033-1-002-007",
        "ROCK NAME": "BASALT",
        "SIO2": "49.42",
        "_featureIndex": 1937
      },
      "geometry": {
        "type": "Point",
        "coordinates": [
          132.55,
          -50.267
        ]
      },
      "_featureIndex": 1937
    },
    {
      "type": "Feature",
      "properties": {
        "Name": "MELWEST-10-087-026",
        "ROCK NAME": "BASALT",
        "SIO2": "49.413",
        "_featureIndex": 1938
      },
      "geometry": {
        "type": "Point",
        "coordinates": [
          96.368,
          -46.778
        ]
      },
      "_featureIndex": 1938
    },
    {
      "type": "Feature",
      "properties": {
        "Name": "MELWEST-10-066-024",
        "ROCK NAME": "BASALT",
        "SIO2": "49.409",
        "_featureIndex": 1939
      },
      "geometry": {
        "type": "Point",
        "coordinates": [
          89.32,
          -41.72
        ]
      },
      "_featureIndex": 1939
    },
    {
      "type": "Feature",
      "properties": {
        "Name": "MELWEST-10-114-001",
        "ROCK NAME": "BASALT",
        "SIO2": "49.395",
        "_featureIndex": 1940
      },
      "geometry": {
        "type": "Point",
        "coordinates": [
          105.588,
          -49.116
        ]
      },
      "_featureIndex": 1940
    },
    {
      "type": "Feature",
      "properties": {
        "Name": "MELWEST-10-090-007",
        "ROCK NAME": "BASALT",
        "SIO2": "49.39",
        "_featureIndex": 1941
      },
      "geometry": {
        "type": "Point",
        "coordinates": [
          98.157,
          -47.711
        ]
      },
      "_featureIndex": 1941
    },
    {
      "type": "Feature",
      "properties": {
        "Name": "VEM0033-2-011-005",
        "ROCK NAME": "BASALT",
        "SIO2": "49.39",
        "_featureIndex": 1942
      },
      "geometry": {
        "type": "Point",
        "coordinates": [
          118,
          -49.858
        ]
      },
      "_featureIndex": 1942
    },
    {
      "type": "Feature",
      "properties": {
        "Name": "MELWEST-10-069-001",
        "ROCK NAME": "BASALT",
        "SIO2": "49.381",
        "LA": "1.4",
        "_featureIndex": 1943
      },
      "geometry": {
        "type": "Point",
        "coordinates": [
          88.922,
          -41.87
        ]
      },
      "_featureIndex": 1943
    },
    {
      "type": "Feature",
      "properties": {
        "Name": "MELBMRG-5-BA1-007C",
        "ROCK NAME": "BASALT",
        "SIO2": "49.37",
        "LA": "6.4",
        "_featureIndex": 1944
      },
      "geometry": {
        "type": "Point",
        "coordinates": [
          129.65,
          -48.13
        ]
      },
      "_featureIndex": 1944
    },
    {
      "type": "Feature",
      "properties": {
        "Name": "MELWEST-10-097-015",
        "ROCK NAME": "BASALT",
        "SIO2": "49.359",
        "_featureIndex": 1945
      },
      "geometry": {
        "type": "Point",
        "coordinates": [
          100.86,
          -47.19
        ]
      },
      "_featureIndex": 1945
    },
    {
      "type": "Feature",
      "properties": {
        "Name": "MELWEST-10-066-029",
        "ROCK NAME": "BASALT",
        "SIO2": "49.352",
        "_featureIndex": 1946
      },
      "geometry": {
        "type": "Point",
        "coordinates": [
          89.32,
          -41.72
        ]
      },
      "_featureIndex": 1946
    },
    {
      "type": "Feature",
      "properties": {
        "Name": "VEM0033-1-002-009",
        "ROCK NAME": "BASALT",
        "SIO2": "49.35",
        "_featureIndex": 1947
      },
      "geometry": {
        "type": "Point",
        "coordinates": [
          132.55,
          -50.267
        ]
      },
      "_featureIndex": 1947
    },
    {
      "type": "Feature",
      "properties": {
        "Name": "MELWEST-10-097-009",
        "ROCK NAME": "BASALT",
        "SIO2": "49.349",
        "_featureIndex": 1948
      },
      "geometry": {
        "type": "Point",
        "coordinates": [
          100.86,
          -47.19
        ]
      },
      "_featureIndex": 1948
    },
    {
      "type": "Feature",
      "properties": {
        "Name": "MELWEST-10-066-027",
        "ROCK NAME": "BASALT",
        "SIO2": "49.34",
        "_featureIndex": 1949
      },
      "geometry": {
        "type": "Point",
        "coordinates": [
          89.32,
          -41.72
        ]
      },
      "_featureIndex": 1949
    },
    {
      "type": "Feature",
      "properties": {
        "Name": "MELWEST-10-097-006",
        "ROCK NAME": "BASALT",
        "SIO2": "49.336",
        "_featureIndex": 1950
      },
      "geometry": {
        "type": "Point",
        "coordinates": [
          100.86,
          -47.19
        ]
      },
      "_featureIndex": 1950
    },
    {
      "type": "Feature",
      "properties": {
        "Name": "VEM0033-1-004-002",
        "ROCK NAME": "BASALT",
        "SIO2": "49.33",
        "_featureIndex": 1951
      },
      "geometry": {
        "type": "Point",
        "coordinates": [
          137.555,
          -50.215
        ]
      },
      "_featureIndex": 1951
    },
    {
      "type": "Feature",
      "properties": {
        "Name": "VIT0036-5327-145",
        "ROCK NAME": "BASALT",
        "SIO2": "49.31",
        "_featureIndex": 1952
      },
      "geometry": {
        "type": "Point",
        "coordinates": [
          77.943,
          -34.28
        ]
      },
      "_featureIndex": 1952
    },
    {
      "type": "Feature",
      "properties": {
        "Name": "VEM0033-1-001-002",
        "ROCK NAME": "BASALT",
        "SIO2": "49.3",
        "_featureIndex": 1953
      },
      "geometry": {
        "type": "Point",
        "coordinates": [
          131.005,
          -50.408
        ]
      },
      "_featureIndex": 1953
    },
    {
      "type": "Feature",
      "properties": {
        "Name": "MELWEST-10-089-104",
        "ROCK NAME": "BASALT",
        "SIO2": "49.295",
        "_featureIndex": 1954
      },
      "geometry": {
        "type": "Point",
        "coordinates": [
          97.512,
          -47.445
        ]
      },
      "_featureIndex": 1954
    },
    {
      "type": "Feature",
      "properties": {
        "Name": "MOA8801-004-002",
        "ROCK NAME": "BASALT",
        "SIO2": "49.29",
        "LA": "3.97",
        "_featureIndex": 1955
      },
      "geometry": {
        "type": "Point",
        "coordinates": [
          127.36,
          -48.763
        ]
      },
      "_featureIndex": 1955
    },
    {
      "type": "Feature",
      "properties": {
        "Name": "MELWEST-10-114-013",
        "ROCK NAME": "BASALT",
        "SIO2": "49.29",
        "_featureIndex": 1956
      },
      "geometry": {
        "type": "Point",
        "coordinates": [
          105.588,
          -49.116
        ]
      },
      "_featureIndex": 1956
    },
    {
      "type": "Feature",
      "properties": {
        "Name": "MOA8801-001-037",
        "ROCK NAME": "BASALT",
        "SIO2": "49.29",
        "_featureIndex": 1957
      },
      "geometry": {
        "type": "Point",
        "coordinates": [
          128.54,
          -50.21
        ]
      },
      "_featureIndex": 1957
    },
    {
      "type": "Feature",
      "properties": {
        "Name": "MELWEST-10-114-025",
        "ROCK NAME": "BASALT",
        "SIO2": "49.279",
        "_featureIndex": 1958
      },
      "geometry": {
        "type": "Point",
        "coordinates": [
          105.588,
          -49.116
        ]
      },
      "_featureIndex": 1958
    },
    {
      "type": "Feature",
      "properties": {
        "Name": "MELWEST-10-066-026",
        "ROCK NAME": "BASALT",
        "SIO2": "49.212",
        "_featureIndex": 1959
      },
      "geometry": {
        "type": "Point",
        "coordinates": [
          89.32,
          -41.72
        ]
      },
      "_featureIndex": 1959
    },
    {
      "type": "Feature",
      "properties": {
        "Name": "MELWEST-10-066-036",
        "ROCK NAME": "BASALT",
        "SIO2": "49.207",
        "_featureIndex": 1960
      },
      "geometry": {
        "type": "Point",
        "coordinates": [
          89.32,
          -41.72
        ]
      },
      "_featureIndex": 1960
    },
    {
      "type": "Feature",
      "properties": {
        "Name": "VEM0033-2-009-003",
        "ROCK NAME": "BASALT",
        "SIO2": "49.2",
        "_featureIndex": 1961
      },
      "geometry": {
        "type": "Point",
        "coordinates": [
          119.175,
          -49.808
        ]
      },
      "_featureIndex": 1961
    },
    {
      "type": "Feature",
      "properties": {
        "Name": "VEM0033-1-002-012",
        "ROCK NAME": "BASALT",
        "SIO2": "49.2",
        "_featureIndex": 1962
      },
      "geometry": {
        "type": "Point",
        "coordinates": [
          132.55,
          -50.267
        ]
      },
      "_featureIndex": 1962
    },
    {
      "type": "Feature",
      "properties": {
        "Name": "MELWEST-10-114-005",
        "ROCK NAME": "BASALT",
        "SIO2": "49.196",
        "_featureIndex": 1963
      },
      "geometry": {
        "type": "Point",
        "coordinates": [
          105.588,
          -49.116
        ]
      },
      "_featureIndex": 1963
    },
    {
      "type": "Feature",
      "properties": {
        "Name": "VEM0033-1-003-001",
        "ROCK NAME": "BASALT",
        "SIO2": "49.17",
        "_featureIndex": 1964
      },
      "geometry": {
        "type": "Point",
        "coordinates": [
          135.09,
          -50.417
        ]
      },
      "_featureIndex": 1964
    },
    {
      "type": "Feature",
      "properties": {
        "Name": "MELWEST-10-114-003",
        "ROCK NAME": "BASALT",
        "SIO2": "49.165",
        "_featureIndex": 1965
      },
      "geometry": {
        "type": "Point",
        "coordinates": [
          105.588,
          -49.116
        ]
      },
      "_featureIndex": 1965
    },
    {
      "type": "Feature",
      "properties": {
        "Name": "MELWEST-10-090-015",
        "ROCK NAME": "BASALT",
        "SIO2": "49.159",
        "_featureIndex": 1966
      },
      "geometry": {
        "type": "Point",
        "coordinates": [
          98.157,
          -47.711
        ]
      },
      "_featureIndex": 1966
    },
    {
      "type": "Feature",
      "properties": {
        "Name": "MELWEST-10-097-010",
        "ROCK NAME": "BASALT",
        "SIO2": "49.124",
        "_featureIndex": 1967
      },
      "geometry": {
        "type": "Point",
        "coordinates": [
          100.86,
          -47.19
        ]
      },
      "_featureIndex": 1967
    },
    {
      "type": "Feature",
      "properties": {
        "Name": "MELWEST-10-066-028",
        "ROCK NAME": "BASALT",
        "SIO2": "49.087",
        "_featureIndex": 1968
      },
      "geometry": {
        "type": "Point",
        "coordinates": [
          89.32,
          -41.72
        ]
      },
      "_featureIndex": 1968
    },
    {
      "type": "Feature",
      "properties": {
        "Name": "VEM0033-1-003-006",
        "ROCK NAME": "BASALT",
        "SIO2": "49.08",
        "LA": "4.56",
        "_featureIndex": 1969
      },
      "geometry": {
        "type": "Point",
        "coordinates": [
          135.09,
          -50.417
        ]
      },
      "_featureIndex": 1969
    },
    {
      "type": "Feature",
      "properties": {
        "Name": "MELWEST-10-097-014",
        "ROCK NAME": "BASALT",
        "SIO2": "49.063",
        "_featureIndex": 1970
      },
      "geometry": {
        "type": "Point",
        "coordinates": [
          100.86,
          -47.19
        ]
      },
      "_featureIndex": 1970
    },
    {
      "type": "Feature",
      "properties": {
        "Name": "MELWEST-10-097-007",
        "ROCK NAME": "BASALT",
        "SIO2": "49.051",
        "_featureIndex": 1971
      },
      "geometry": {
        "type": "Point",
        "coordinates": [
          100.86,
          -47.19
        ]
      },
      "_featureIndex": 1971
    },
    {
      "type": "Feature",
      "properties": {
        "Name": "VEM0033-1-002-013",
        "ROCK NAME": "BASALT",
        "SIO2": "49.05",
        "_featureIndex": 1972
      },
      "geometry": {
        "type": "Point",
        "coordinates": [
          132.55,
          -50.267
        ]
      },
      "_featureIndex": 1972
    },
    {
      "type": "Feature",
      "properties": {
        "Name": "VEM0033-2-010-007",
        "ROCK NAME": "BASALT",
        "SIO2": "49.03",
        "_featureIndex": 1973
      },
      "geometry": {
        "type": "Point",
        "coordinates": [
          115.375,
          -49.917
        ]
      },
      "_featureIndex": 1973
    },
    {
      "type": "Feature",
      "properties": {
        "Name": "MELWEST-10-097-013",
        "ROCK NAME": "BASALT",
        "SIO2": "49.012",
        "_featureIndex": 1974
      },
      "geometry": {
        "type": "Point",
        "coordinates": [
          100.86,
          -47.19
        ]
      },
      "_featureIndex": 1974
    },
    {
      "type": "Feature",
      "properties": {
        "Name": "VEM0033-1-001-002",
        "ROCK NAME": "BASALT",
        "SIO2": "49",
        "LA": "8.15",
        "_featureIndex": 1975
      },
      "geometry": {
        "type": "Point",
        "coordinates": [
          131.005,
          -50.408
        ]
      },
      "_featureIndex": 1975
    },
    {
      "type": "Feature",
      "properties": {
        "Name": "VEM0033-2-010-003",
        "ROCK NAME": "BASALT",
        "SIO2": "48.99",
        "LA": "4.56",
        "_featureIndex": 1976
      },
      "geometry": {
        "type": "Point",
        "coordinates": [
          115.375,
          -49.917
        ]
      },
      "_featureIndex": 1976
    },
    {
      "type": "Feature",
      "properties": {
        "Name": "VEM0033-1-003-004",
        "ROCK NAME": "BASALT",
        "SIO2": "48.97",
        "_featureIndex": 1977
      },
      "geometry": {
        "type": "Point",
        "coordinates": [
          135.09,
          -50.417
        ]
      },
      "_featureIndex": 1977
    },
    {
      "type": "Feature",
      "properties": {
        "Name": "MELBMRG-5-BA1-007A",
        "ROCK NAME": "BASALT",
        "SIO2": "48.96",
        "LA": "4.8",
        "_featureIndex": 1978
      },
      "geometry": {
        "type": "Point",
        "coordinates": [
          129.65,
          -48.13
        ]
      },
      "_featureIndex": 1978
    },
    {
      "type": "Feature",
      "properties": {
        "Name": "MELWEST-10-093-005",
        "ROCK NAME": "BASALT",
        "SIO2": "48.949",
        "_featureIndex": 1979
      },
      "geometry": {
        "type": "Point",
        "coordinates": [
          99.1173,
          -47.9815
        ]
      },
      "_featureIndex": 1979
    },
    {
      "type": "Feature",
      "properties": {
        "Name": "VEM0033-1-003-009",
        "ROCK NAME": "BASALT",
        "SIO2": "48.9",
        "_featureIndex": 1980
      },
      "geometry": {
        "type": "Point",
        "coordinates": [
          135.09,
          -50.417
        ]
      },
      "_featureIndex": 1980
    },
    {
      "type": "Feature",
      "properties": {
        "Name": "VEM0033-1-003-003",
        "ROCK NAME": "BASALT",
        "SIO2": "48.87",
        "_featureIndex": 1981
      },
      "geometry": {
        "type": "Point",
        "coordinates": [
          135.09,
          -50.417
        ]
      },
      "_featureIndex": 1981
    },
    {
      "type": "Feature",
      "properties": {
        "Name": "MOA8801-016-012",
        "ROCK NAME": "BASALT",
        "SIO2": "48.85",
        "LA": "6.71",
        "_featureIndex": 1982
      },
      "geometry": {
        "type": "Point",
        "coordinates": [
          127.577,
          -50.163
        ]
      },
      "_featureIndex": 1982
    },
    {
      "type": "Feature",
      "properties": {
        "Name": "VEM0033-2-011-006",
        "ROCK NAME": "BASALT",
        "SIO2": "48.81",
        "LA": "2.6",
        "_featureIndex": 1983
      },
      "geometry": {
        "type": "Point",
        "coordinates": [
          118,
          -49.858
        ]
      },
      "_featureIndex": 1983
    },
    {
      "type": "Feature",
      "properties": {
        "Name": "MELWEST-10-090-019",
        "ROCK NAME": "BASALT",
        "SIO2": "48.798",
        "_featureIndex": 1984
      },
      "geometry": {
        "type": "Point",
        "coordinates": [
          98.157,
          -47.711
        ]
      },
      "_featureIndex": 1984
    },
    {
      "type": "Feature",
      "properties": {
        "Name": "VEM0033-2-011-006",
        "ROCK NAME": "BASALT",
        "SIO2": "48.77",
        "_featureIndex": 1985
      },
      "geometry": {
        "type": "Point",
        "coordinates": [
          118,
          -49.858
        ]
      },
      "_featureIndex": 1985
    },
    {
      "type": "Feature",
      "properties": {
        "Name": "VEM0033-1-003-005",
        "ROCK NAME": "BASALT",
        "SIO2": "48.77",
        "_featureIndex": 1986
      },
      "geometry": {
        "type": "Point",
        "coordinates": [
          135.09,
          -50.417
        ]
      },
      "_featureIndex": 1986
    },
    {
      "type": "Feature",
      "properties": {
        "Name": "MELWEST-10-097-011",
        "ROCK NAME": "BASALT",
        "SIO2": "48.769",
        "_featureIndex": 1987
      },
      "geometry": {
        "type": "Point",
        "coordinates": [
          100.86,
          -47.19
        ]
      },
      "_featureIndex": 1987
    },
    {
      "type": "Feature",
      "properties": {
        "Name": "MELWEST-10-069-002",
        "ROCK NAME": "BASALT",
        "SIO2": "48.751",
        "_featureIndex": 1988
      },
      "geometry": {
        "type": "Point",
        "coordinates": [
          88.922,
          -41.87
        ]
      },
      "_featureIndex": 1988
    },
    {
      "type": "Feature",
      "properties": {
        "Name": "VEM0033-1-004-002",
        "ROCK NAME": "BASALT",
        "SIO2": "48.75",
        "_featureIndex": 1989
      },
      "geometry": {
        "type": "Point",
        "coordinates": [
          137.555,
          -50.215
        ]
      },
      "_featureIndex": 1989
    },
    {
      "type": "Feature",
      "properties": {
        "Name": "VEM0033-1-003-004",
        "ROCK NAME": "BASALT",
        "SIO2": "48.73",
        "LA": "4.62",
        "_featureIndex": 1990
      },
      "geometry": {
        "type": "Point",
        "coordinates": [
          135.09,
          -50.417
        ]
      },
      "_featureIndex": 1990
    },
    {
      "type": "Feature",
      "properties": {
        "Name": "VEM0033-2-011-005",
        "ROCK NAME": "BASALT",
        "SIO2": "48.67",
        "_featureIndex": 1991
      },
      "geometry": {
        "type": "Point",
        "coordinates": [
          118,
          -49.858
        ]
      },
      "_featureIndex": 1991
    },
    {
      "type": "Feature",
      "properties": {
        "Name": "VEM0033-1-003-002",
        "ROCK NAME": "BASALT",
        "SIO2": "48.6",
        "SR87_SR86": "0.70492",
        "_featureIndex": 1992
      },
      "geometry": {
        "type": "Point",
        "coordinates": [
          135.09,
          -50.417
        ]
      },
      "_featureIndex": 1992
    },
    {
      "type": "Feature",
      "properties": {
        "Name": "CHRHYAM-005-001",
        "ROCK NAME": "BASALT",
        "SIO2": "48.6",
        "LA": "3",
        "_featureIndex": 1993
      },
      "geometry": {
        "type": "Point",
        "coordinates": [
          78.54,
          -34.96
        ]
      },
      "_featureIndex": 1993
    },
    {
      "type": "Feature",
      "properties": {
        "Name": "MELWEST-10-097-012",
        "ROCK NAME": "BASALT",
        "SIO2": "48.6",
        "_featureIndex": 1994
      },
      "geometry": {
        "type": "Point",
        "coordinates": [
          100.86,
          -47.19
        ]
      },
      "_featureIndex": 1994
    },
    {
      "type": "Feature",
      "properties": {
        "Name": "VEM0033-2-011-008",
        "ROCK NAME": "BASALT",
        "SIO2": "48.6",
        "_featureIndex": 1995
      },
      "geometry": {
        "type": "Point",
        "coordinates": [
          118,
          -49.858
        ]
      },
      "_featureIndex": 1995
    },
    {
      "type": "Feature",
      "properties": {
        "Name": "VEM0033-1-003-010",
        "ROCK NAME": "BASALT",
        "SIO2": "48.59",
        "_featureIndex": 1996
      },
      "geometry": {
        "type": "Point",
        "coordinates": [
          135.09,
          -50.417
        ]
      },
      "_featureIndex": 1996
    },
    {
      "type": "Feature",
      "properties": {
        "Name": "VIT0036-5327-144",
        "ROCK NAME": "DOLERITE",
        "SIO2": "48.55",
        "_featureIndex": 1997
      },
      "geometry": {
        "type": "Point",
        "coordinates": [
          77.943,
          -34.28
        ]
      },
      "_featureIndex": 1997
    },
    {
      "type": "Feature",
      "properties": {
        "Name": "VEM0033-2-007-001",
        "ROCK NAME": "BASALT",
        "SIO2": "48.55",
        "_featureIndex": 1998
      },
      "geometry": {
        "type": "Point",
        "coordinates": [
          124,
          -49.033
        ]
      },
      "_featureIndex": 1998
    },
    {
      "type": "Feature",
      "properties": {
        "Name": "VEM0033-1-001-002",
        "ROCK NAME": "BASALT",
        "SIO2": "48.52",
        "_featureIndex": 1999
      },
      "geometry": {
        "type": "Point",
        "coordinates": [
          131.005,
          -50.408
        ]
      },
      "_featureIndex": 1999
    },
    {
      "type": "Feature",
      "properties": {
        "Name": "VEM0033-1-001-001",
        "ROCK NAME": "BASALT",
        "SIO2": "48.44",
        "LA": "8.07",
        "_featureIndex": 2000
      },
      "geometry": {
        "type": "Point",
        "coordinates": [
          131.005,
          -50.408
        ]
      },
      "_featureIndex": 2000
    },
    {
      "type": "Feature",
      "properties": {
        "Name": "VEM0033-2-011-003",
        "ROCK NAME": "BASALT",
        "SIO2": "47.62",
        "_featureIndex": 2001
      },
      "geometry": {
        "type": "Point",
        "coordinates": [
          118,
          -49.858
        ]
      },
      "_featureIndex": 2001
    },
    {
      "type": "Feature",
      "properties": {
        "Name": "CHRHYAM-004-062",
        "ROCK NAME": "THOLEIITE",
        "SIO2": "47.12",
        "LA": "1",
        "_featureIndex": 2002
      },
      "geometry": {
        "type": "Point",
        "coordinates": [
          78.67,
          -34.91
        ]
      },
      "_featureIndex": 2002
    },
    {
      "type": "Feature",
      "properties": {
        "Name": "DUF0171-DR-B003-001",
        "ROCK NAME": "BASALT",
        "PB207_PB204": "15.5447",
        "PB206_PB204": "18.1151",
        "PB208_PB204": "38.0839",
        "_featureIndex": 2003
      },
      "geometry": {
        "type": "Point",
        "coordinates": [
          89.15,
          -41.96
        ]
      },
      "_featureIndex": 2003
    },
    {
      "type": "Feature",
      "properties": {
        "Name": "DUF0171-DR-B009-001",
        "ROCK NAME": "BASALT",
        "PB207_PB204": "15.5191",
        "PB206_PB204": "17.8974",
        "PB208_PB204": "37.628",
        "_featureIndex": 2004
      },
      "geometry": {
        "type": "Point",
        "coordinates": [
          93.02,
          -43.8
        ]
      },
      "_featureIndex": 2004
    },
    {
      "type": "Feature",
      "properties": {
        "Name": "DUF0171-DR-B009-002",
        "ROCK NAME": "BASALT",
        "PB207_PB204": "15.5181",
        "PB206_PB204": "17.8979",
        "PB208_PB204": "37.6259",
        "_featureIndex": 2005
      },
      "geometry": {
        "type": "Point",
        "coordinates": [
          93.02,
          -43.8
        ]
      },
      "_featureIndex": 2005
    },
    {
      "type": "Feature",
      "properties": {
        "Name": "DUF0171-DR-B014-001",
        "ROCK NAME": "BASALT",
        "PB207_PB204": "15.5157",
        "PB206_PB204": "18.488",
        "PB208_PB204": "38.2353",
        "_featureIndex": 2006
      },
      "geometry": {
        "type": "Point",
        "coordinates": [
          94.15,
          -44.27
        ]
      },
      "_featureIndex": 2006
    },
    {
      "type": "Feature",
      "properties": {
        "Name": "MOA8801-020-001",
        "ROCK NAME": "BASALT",
        "PB207_PB204": "15.507",
        "PB206_PB204": "18.622",
        "PB208_PB204": "38.175",
        "_featureIndex": 2007
      },
      "geometry": {
        "type": "Point",
        "coordinates": [
          127.593,
          -49.522
        ]
      },
      "_featureIndex": 2007
    },
    {
      "type": "Feature",
      "properties": {
        "Name": "MOA8801-003-006",
        "ROCK NAME": "BASALT",
        "PB207_PB204": "15.505",
        "PB206_PB204": "18.687",
        "PB208_PB204": "38.207",
        "_featureIndex": 2008
      },
      "geometry": {
        "type": "Point",
        "coordinates": [
          127.962,
          -50.107
        ]
      },
      "_featureIndex": 2008
    },
    {
      "type": "Feature",
      "properties": {
        "Name": "VEM0033-1-001-A",
        "ROCK NAME": "BASALT",
        "SR87_SR86": "0.7026",
        "PB207_PB204": "15.5",
        "PB206_PB204": "18.68",
        "PB208_PB204": "38.13",
        "_featureIndex": 2009
      },
      "geometry": {
        "type": "Point",
        "coordinates": [
          131.005,
          -50.408
        ]
      },
      "_featureIndex": 2009
    },
    {
      "type": "Feature",
      "properties": {
        "Name": "MOA8801-001-015",
        "ROCK NAME": "BASALT",
        "PB207_PB204": "15.5",
        "PB206_PB204": "18.699",
        "PB208_PB204": "38.21",
        "_featureIndex": 2010
      },
      "geometry": {
        "type": "Point",
        "coordinates": [
          128.54,
          -50.21
        ]
      },
      "_featureIndex": 2010
    },
    {
      "type": "Feature",
      "properties": {
        "Name": "DUF0171-WW10-083",
        "ROCK NAME": "BASALT",
        "PB207_PB204": "15.4992",
        "PB206_PB204": "18.1206",
        "PB208_PB204": "37.9203",
        "_featureIndex": 2011
      },
      "geometry": {
        "type": "Point",
        "coordinates": [
          95.76,
          -45.05
        ]
      },
      "_featureIndex": 2011
    },
    {
      "type": "Feature",
      "properties": {
        "Name": "MOA8801-007-001",
        "ROCK NAME": "BASALT",
        "PB207_PB204": "15.498",
        "PB206_PB204": "18.632",
        "PB208_PB204": "38.187",
        "_featureIndex": 2012
      },
      "geometry": {
        "type": "Point",
        "coordinates": [
          127.657,
          -49.227
        ]
      },
      "_featureIndex": 2012
    },
    {
      "type": "Feature",
      "properties": {
        "Name": "MOA8801-016-012",
        "ROCK NAME": "BASALT",
        "PB207_PB204": "15.497",
        "PB206_PB204": "18.787",
        "PB208_PB204": "38.279",
        "_featureIndex": 2013
      },
      "geometry": {
        "type": "Point",
        "coordinates": [
          127.577,
          -50.163
        ]
      },
      "_featureIndex": 2013
    },
    {
      "type": "Feature",
      "properties": {
        "Name": "DUF0171-WXC-C042",
        "ROCK NAME": "BASALT",
        "PB207_PB204": "15.4969",
        "PB206_PB204": "18.123",
        "PB208_PB204": "37.9258",
        "_featureIndex": 2014
      },
      "geometry": {
        "type": "Point",
        "coordinates": [
          96.12,
          -46.66
        ]
      },
      "_featureIndex": 2014
    },
    {
      "type": "Feature",
      "properties": {
        "Name": "DUF0171-WXC-B032",
        "ROCK NAME": "BASALT",
        "PB207_PB204": "15.4965",
        "PB206_PB204": "17.9028",
        "PB208_PB204": "37.5883",
        "_featureIndex": 2015
      },
      "geometry": {
        "type": "Point",
        "coordinates": [
          92.4,
          -43.44
        ]
      },
      "_featureIndex": 2015
    },
    {
      "type": "Feature",
      "properties": {
        "Name": "MOA8801-013-014",
        "ROCK NAME": "BASALT",
        "PB207_PB204": "15.496",
        "PB206_PB204": "18.657",
        "PB208_PB204": "38.172",
        "_featureIndex": 2016
      },
      "geometry": {
        "type": "Point",
        "coordinates": [
          128.015,
          -50.147
        ]
      },
      "_featureIndex": 2016
    },
    {
      "type": "Feature",
      "properties": {
        "Name": "DUF0171-DR-B002-009",
        "ROCK NAME": "BASALT",
        "PB207_PB204": "15.495",
        "PB206_PB204": "17.9629",
        "PB208_PB204": "37.6986",
        "_featureIndex": 2017
      },
      "geometry": {
        "type": "Point",
        "coordinates": [
          89.54,
          -42.23
        ]
      },
      "_featureIndex": 2017
    },
    {
      "type": "Feature",
      "properties": {
        "Name": "DUF0171-WW10-066-009",
        "ROCK NAME": "BASALT",
        "PB207_PB204": "15.4935",
        "PB206_PB204": "18.1688",
        "PB208_PB204": "38.0124",
        "_featureIndex": 2018
      },
      "geometry": {
        "type": "Point",
        "coordinates": [
          89.32,
          -41.72
        ]
      },
      "_featureIndex": 2018
    },
    {
      "type": "Feature",
      "properties": {
        "Name": "MOA8801-027-058",
        "ROCK NAME": "BASALT",
        "PB207_PB204": "15.491",
        "PB206_PB204": "17.888",
        "PB208_PB204": "37.857",
        "_featureIndex": 2019
      },
      "geometry": {
        "type": "Point",
        "coordinates": [
          124.965,
          -49.062
        ]
      },
      "_featureIndex": 2019
    },
    {
      "type": "Feature",
      "properties": {
        "Name": "MOA8801-011-017",
        "ROCK NAME": "BASALT",
        "PB207_PB204": "15.49",
        "PB206_PB204": "18.711",
        "PB208_PB204": "38.207",
        "_featureIndex": 2020
      },
      "geometry": {
        "type": "Point",
        "coordinates": [
          127.652,
          -50.152
        ]
      },
      "_featureIndex": 2020
    },
    {
      "type": "Feature",
      "properties": {
        "Name": "DUF0171-WXC-A002",
        "ROCK NAME": "BASALT",
        "PB207_PB204": "15.4899",
        "PB206_PB204": "17.8987",
        "PB208_PB204": "37.9453",
        "_featureIndex": 2021
      },
      "geometry": {
        "type": "Point",
        "coordinates": [
          87.72,
          -41.89
        ]
      },
      "_featureIndex": 2021
    },
    {
      "type": "Feature",
      "properties": {
        "Name": "MOA8801-012-001",
        "ROCK NAME": "BASALT",
        "PB207_PB204": "15.489",
        "PB206_PB204": "18.685",
        "PB208_PB204": "38.17",
        "_featureIndex": 2022
      },
      "geometry": {
        "type": "Point",
        "coordinates": [
          127.833,
          -50.162
        ]
      },
      "_featureIndex": 2022
    },
    {
      "type": "Feature",
      "properties": {
        "Name": "DUF0171-WXC-C012",
        "ROCK NAME": "BASALT",
        "PB207_PB204": "15.488",
        "PB206_PB204": "17.917",
        "PB208_PB204": "37.7427",
        "_featureIndex": 2023
      },
      "geometry": {
        "type": "Point",
        "coordinates": [
          98.03,
          -47.7
        ]
      },
      "_featureIndex": 2023
    },
    {
      "type": "Feature",
      "properties": {
        "Name": "MOA8801-019-056",
        "ROCK NAME": "BASALT",
        "PB207_PB204": "15.488",
        "PB206_PB204": "18.689",
        "PB208_PB204": "38.187",
        "_featureIndex": 2024
      },
      "geometry": {
        "type": "Point",
        "coordinates": [
          127.017,
          -50.147
        ]
      },
      "_featureIndex": 2024
    },
    {
      "type": "Feature",
      "properties": {
        "Name": "MOA8801-010-001",
        "ROCK NAME": "BASALT",
        "PB207_PB204": "15.488",
        "PB206_PB204": "18.657",
        "PB208_PB204": "38.169",
        "_featureIndex": 2025
      },
      "geometry": {
        "type": "Point",
        "coordinates": [
          127.59,
          -50.243
        ]
      },
      "_featureIndex": 2025
    },
    {
      "type": "Feature",
      "properties": {
        "Name": "DUF0171-WW10-079-019",
        "ROCK NAME": "BASALT",
        "PB207_PB204": "15.4879",
        "PB206_PB204": "17.8662",
        "PB208_PB204": "37.5548",
        "_featureIndex": 2026
      },
      "geometry": {
        "type": "Point",
        "coordinates": [
          95.41,
          -45.11
        ]
      },
      "_featureIndex": 2026
    },
    {
      "type": "Feature",
      "properties": {
        "Name": "DUF0171-WXC-B043",
        "ROCK NAME": "BASALT",
        "PB207_PB204": "15.4877",
        "PB206_PB204": "17.8877",
        "PB208_PB204": "37.634",
        "_featureIndex": 2027
      },
      "geometry": {
        "type": "Point",
        "coordinates": [
          94.77,
          -44.8
        ]
      },
      "_featureIndex": 2027
    },
    {
      "type": "Feature",
      "properties": {
        "Name": "DUF0171-DR-B010-002",
        "ROCK NAME": "BASALT",
        "PB207_PB204": "15.4864",
        "PB206_PB204": "17.8681",
        "PB208_PB204": "37.5861",
        "_featureIndex": 2028
      },
      "geometry": {
        "type": "Point",
        "coordinates": [
          92.23,
          -43.35
        ]
      },
      "_featureIndex": 2028
    },
    {
      "type": "Feature",
      "properties": {
        "Name": "DUF0171-WXC-B039",
        "ROCK NAME": "BASALT",
        "PB207_PB204": "15.4861",
        "PB206_PB204": "17.8609",
        "PB208_PB204": "37.5371",
        "_featureIndex": 2029
      },
      "geometry": {
        "type": "Point",
        "coordinates": [
          95.26,
          -45.04
        ]
      },
      "_featureIndex": 2029
    },
    {
      "type": "Feature",
      "properties": {
        "Name": "MOA8801-006-002",
        "ROCK NAME": "BASALT",
        "PB207_PB204": "15.486",
        "PB206_PB204": "18.405",
        "PB208_PB204": "38.052",
        "_featureIndex": 2030
      },
      "geometry": {
        "type": "Point",
        "coordinates": [
          126.883,
          -48.765
        ]
      },
      "_featureIndex": 2030
    },
    {
      "type": "Feature",
      "properties": {
        "Name": "MOA8801-013-051",
        "ROCK NAME": "BASALT",
        "PB207_PB204": "15.486",
        "PB206_PB204": "18.655",
        "PB208_PB204": "38.148",
        "_featureIndex": 2031
      },
      "geometry": {
        "type": "Point",
        "coordinates": [
          128.015,
          -50.147
        ]
      },
      "_featureIndex": 2031
    },
    {
      "type": "Feature",
      "properties": {
        "Name": "DUF0171-WXC-B005",
        "ROCK NAME": "BASALT",
        "PB207_PB204": "15.4859",
        "PB206_PB204": "18.0245",
        "PB208_PB204": "37.9059",
        "_featureIndex": 2032
      },
      "geometry": {
        "type": "Point",
        "coordinates": [
          89.06,
          -41.92
        ]
      },
      "_featureIndex": 2032
    },
    {
      "type": "Feature",
      "properties": {
        "Name": "DUF0171-WXC-B007",
        "ROCK NAME": "BASALT",
        "PB207_PB204": "15.4855",
        "PB206_PB204": "18.0498",
        "PB208_PB204": "37.9225",
        "_featureIndex": 2033
      },
      "geometry": {
        "type": "Point",
        "coordinates": [
          88.7,
          -41.7
        ]
      },
      "_featureIndex": 2033
    },
    {
      "type": "Feature",
      "properties": {
        "Name": "MOA8801-029-005",
        "ROCK NAME": "BASALT",
        "PB207_PB204": "15.485",
        "PB206_PB204": "17.954",
        "PB208_PB204": "37.754",
        "_featureIndex": 2034
      },
      "geometry": {
        "type": "Point",
        "coordinates": [
          124.468,
          -48.907
        ]
      },
      "_featureIndex": 2034
    },
    {
      "type": "Feature",
      "properties": {
        "Name": "MOA8801-016-001",
        "ROCK NAME": "BASALT",
        "PB207_PB204": "15.485",
        "PB206_PB204": "18.728",
        "PB208_PB204": "38.218",
        "_featureIndex": 2035
      },
      "geometry": {
        "type": "Point",
        "coordinates": [
          127.577,
          -50.163
        ]
      },
      "_featureIndex": 2035
    },
    {
      "type": "Feature",
      "properties": {
        "Name": "DUF0171-DR-B006-001",
        "ROCK NAME": "BASALT",
        "PB207_PB204": "15.4841",
        "PB206_PB204": "18.042",
        "PB208_PB204": "37.9118",
        "_featureIndex": 2036
      },
      "geometry": {
        "type": "Point",
        "coordinates": [
          90.95,
          -42.98
        ]
      },
      "_featureIndex": 2036
    },
    {
      "type": "Feature",
      "properties": {
        "Name": "MOA8801-002-001",
        "ROCK NAME": "BASALT",
        "PB207_PB204": "15.484",
        "PB206_PB204": "18.594",
        "PB208_PB204": "38.121",
        "_featureIndex": 2037
      },
      "geometry": {
        "type": "Point",
        "coordinates": [
          129.533,
          -50.312
        ]
      },
      "_featureIndex": 2037
    },
    {
      "type": "Feature",
      "properties": {
        "Name": "DUF0171-WXC-B044",
        "ROCK NAME": "BASALT",
        "PB207_PB204": "15.4838",
        "PB206_PB204": "17.8744",
        "PB208_PB204": "37.5225",
        "_featureIndex": 2038
      },
      "geometry": {
        "type": "Point",
        "coordinates": [
          94.68,
          -44.76
        ]
      },
      "_featureIndex": 2038
    },
    {
      "type": "Feature",
      "properties": {
        "Name": "DUF0171-WW10-067-013",
        "ROCK NAME": "BASALT",
        "PB207_PB204": "15.4837",
        "PB206_PB204": "18.0577",
        "PB208_PB204": "37.9078",
        "_featureIndex": 2039
      },
      "geometry": {
        "type": "Point",
        "coordinates": [
          89.19,
          -41.89
        ]
      },
      "_featureIndex": 2039
    },
    {
      "type": "Feature",
      "properties": {
        "Name": "DUF0171-WXC-B041",
        "ROCK NAME": "BASALT",
        "PB207_PB204": "15.4837",
        "PB206_PB204": "17.9117",
        "PB208_PB204": "37.58",
        "_featureIndex": 2040
      },
      "geometry": {
        "type": "Point",
        "coordinates": [
          95.01,
          -44.92
        ]
      },
      "_featureIndex": 2040
    },
    {
      "type": "Feature",
      "properties": {
        "Name": "DUF0171-WXC-B038",
        "ROCK NAME": "BASALT",
        "PB207_PB204": "15.4835",
        "PB206_PB204": "17.8725",
        "PB208_PB204": "37.5442",
        "_featureIndex": 2041
      },
      "geometry": {
        "type": "Point",
        "coordinates": [
          95.34,
          -45.08
        ]
      },
      "_featureIndex": 2041
    },
    {
      "type": "Feature",
      "properties": {
        "Name": "DUF0171-WXC-C010",
        "ROCK NAME": "BASALT",
        "PB207_PB204": "15.4835",
        "PB206_PB204": "17.9403",
        "PB208_PB204": "37.75",
        "_featureIndex": 2042
      },
      "geometry": {
        "type": "Point",
        "coordinates": [
          98.18,
          -47.75
        ]
      },
      "_featureIndex": 2042
    },
    {
      "type": "Feature",
      "properties": {
        "Name": "DUF0171-WXC-B030",
        "ROCK NAME": "BASALT",
        "PB207_PB204": "15.4834",
        "PB206_PB204": "17.8691",
        "PB208_PB204": "37.6052",
        "_featureIndex": 2043
      },
      "geometry": {
        "type": "Point",
        "coordinates": [
          92.63,
          -43.56
        ]
      },
      "_featureIndex": 2043
    },
    {
      "type": "Feature",
      "properties": {
        "Name": "DUF0171-WXC-C040",
        "ROCK NAME": "BASALT",
        "PB207_PB204": "15.483",
        "PB206_PB204": "17.7344",
        "PB208_PB204": "37.6739",
        "_featureIndex": 2044
      },
      "geometry": {
        "type": "Point",
        "coordinates": [
          96.18,
          -46.69
        ]
      },
      "_featureIndex": 2044
    },
    {
      "type": "Feature",
      "properties": {
        "Name": "DUF0171-WXC-B033",
        "ROCK NAME": "BASALT",
        "PB207_PB204": "15.4828",
        "PB206_PB204": "17.8379",
        "PB208_PB204": "37.5148",
        "_featureIndex": 2045
      },
      "geometry": {
        "type": "Point",
        "coordinates": [
          92.31,
          -43.39
        ]
      },
      "_featureIndex": 2045
    },
    {
      "type": "Feature",
      "properties": {
        "Name": "DUF0171-WXC-B045",
        "ROCK NAME": "BASALT",
        "PB207_PB204": "15.4824",
        "PB206_PB204": "17.8721",
        "PB208_PB204": "37.519",
        "_featureIndex": 2046
      },
      "geometry": {
        "type": "Point",
        "coordinates": [
          94.6,
          -44.72
        ]
      },
      "_featureIndex": 2046
    },
    {
      "type": "Feature",
      "properties": {
        "Name": "DUF0171-WXC-C013",
        "ROCK NAME": "BASALT",
        "PB207_PB204": "15.482",
        "PB206_PB204": "17.9935",
        "PB208_PB204": "37.7085",
        "_featureIndex": 2047
      },
      "geometry": {
        "type": "Point",
        "coordinates": [
          97.98,
          -47.68
        ]
      },
      "_featureIndex": 2047
    },
    {
      "type": "Feature",
      "properties": {
        "Name": "DUF0171-WXC-B027",
        "ROCK NAME": "BASALT",
        "PB207_PB204": "15.4814",
        "PB206_PB204": "17.8789",
        "PB208_PB204": "37.6216",
        "_featureIndex": 2048
      },
      "geometry": {
        "type": "Point",
        "coordinates": [
          92.93,
          -43.74
        ]
      },
      "_featureIndex": 2048
    },
    {
      "type": "Feature",
      "properties": {
        "Name": "DUF0171-WXC-C011",
        "ROCK NAME": "BASALT",
        "PB207_PB204": "15.4813",
        "PB206_PB204": "17.9219",
        "PB208_PB204": "37.663",
        "_featureIndex": 2049
      },
      "geometry": {
        "type": "Point",
        "coordinates": [
          98.09,
          -47.73
        ]
      },
      "_featureIndex": 2049
    },
    {
      "type": "Feature",
      "properties": {
        "Name": "DUF0171-WXC-C008",
        "ROCK NAME": "BASALT",
        "PB207_PB204": "15.4811",
        "PB206_PB204": "17.8979",
        "PB208_PB204": "37.6367",
        "_featureIndex": 2050
      },
      "geometry": {
        "type": "Point",
        "coordinates": [
          98.31,
          -47.82
        ]
      },
      "_featureIndex": 2050
    },
    {
      "type": "Feature",
      "properties": {
        "Name": "DUF0171-WXC-C023",
        "ROCK NAME": "BASALT",
        "PB207_PB204": "15.4807",
        "PB206_PB204": "17.9081",
        "PB208_PB204": "37.7278",
        "_featureIndex": 2051
      },
      "geometry": {
        "type": "Point",
        "coordinates": [
          97.32,
          -47.36
        ]
      },
      "_featureIndex": 2051
    },
    {
      "type": "Feature",
      "properties": {
        "Name": "DUF0171-WXC-B028",
        "ROCK NAME": "BASALT",
        "PB207_PB204": "15.4806",
        "PB206_PB204": "17.86",
        "PB208_PB204": "37.5811",
        "_featureIndex": 2052
      },
      "geometry": {
        "type": "Point",
        "coordinates": [
          92.85,
          -43.69
        ]
      },
      "_featureIndex": 2052
    },
    {
      "type": "Feature",
      "properties": {
        "Name": "DUF0171-WXC-C020",
        "ROCK NAME": "BASALT",
        "PB207_PB204": "15.4806",
        "PB206_PB204": "17.9202",
        "PB208_PB204": "37.6915",
        "_featureIndex": 2053
      },
      "geometry": {
        "type": "Point",
        "coordinates": [
          97.55,
          -47.48
        ]
      },
      "_featureIndex": 2053
    },
    {
      "type": "Feature",
      "properties": {
        "Name": "DUF0171-DR-C001-001",
        "ROCK NAME": "BASALT",
        "PB207_PB204": "15.4806",
        "PB206_PB204": "17.9164",
        "PB208_PB204": "37.6669",
        "_featureIndex": 2054
      },
      "geometry": {
        "type": "Point",
        "coordinates": [
          99.18,
          -48.13
        ]
      },
      "_featureIndex": 2054
    },
    {
      "type": "Feature",
      "properties": {
        "Name": "DUF0171-DR-C002-002",
        "ROCK NAME": "BASALT",
        "PB207_PB204": "15.4805",
        "PB206_PB204": "17.9041",
        "PB208_PB204": "37.6684",
        "_featureIndex": 2055
      },
      "geometry": {
        "type": "Point",
        "coordinates": [
          98.55,
          -47.9
        ]
      },
      "_featureIndex": 2055
    },
    {
      "type": "Feature",
      "properties": {
        "Name": "DUF0171-WXC-C039",
        "ROCK NAME": "BASALT",
        "PB207_PB204": "15.4804",
        "PB206_PB204": "17.7254",
        "PB208_PB204": "37.6508",
        "_featureIndex": 2056
      },
      "geometry": {
        "type": "Point",
        "coordinates": [
          96.24,
          -46.71
        ]
      },
      "_featureIndex": 2056
    },
    {
      "type": "Feature",
      "properties": {
        "Name": "DUF0171-WXC-C018",
        "ROCK NAME": "BASALT",
        "PB207_PB204": "15.4804",
        "PB206_PB204": "18.0536",
        "PB208_PB204": "37.7766",
        "_featureIndex": 2057
      },
      "geometry": {
        "type": "Point",
        "coordinates": [
          97.68,
          -47.53
        ]
      },
      "_featureIndex": 2057
    },
    {
      "type": "Feature",
      "properties": {
        "Name": "DUF0171-WXC-C005",
        "ROCK NAME": "BASALT",
        "PB207_PB204": "15.4804",
        "PB206_PB204": "17.8968",
        "PB208_PB204": "37.6867",
        "_featureIndex": 2058
      },
      "geometry": {
        "type": "Point",
        "coordinates": [
          98.77,
          -47.98
        ]
      },
      "_featureIndex": 2058
    },
    {
      "type": "Feature",
      "properties": {
        "Name": "DUF0171-WXC-B026",
        "ROCK NAME": "BASALT",
        "PB207_PB204": "15.4802",
        "PB206_PB204": "17.8554",
        "PB208_PB204": "37.5567",
        "_featureIndex": 2059
      },
      "geometry": {
        "type": "Point",
        "coordinates": [
          93.09,
          -43.83
        ]
      },
      "_featureIndex": 2059
    },
    {
      "type": "Feature",
      "properties": {
        "Name": "DUF0171-WXC-C022",
        "ROCK NAME": "BASALT",
        "PB207_PB204": "15.4801",
        "PB206_PB204": "17.918",
        "PB208_PB204": "37.7157",
        "_featureIndex": 2060
      },
      "geometry": {
        "type": "Point",
        "coordinates": [
          97.38,
          -47.38
        ]
      },
      "_featureIndex": 2060
    },
    {
      "type": "Feature",
      "properties": {
        "Name": "DUF0171-WXC-C024",
        "ROCK NAME": "BASALT",
        "PB207_PB204": "15.48",
        "PB206_PB204": "17.9048",
        "PB208_PB204": "37.7054",
        "_featureIndex": 2061
      },
      "geometry": {
        "type": "Point",
        "coordinates": [
          97.26,
          -47.31
        ]
      },
      "_featureIndex": 2061
    },
    {
      "type": "Feature",
      "properties": {
        "Name": "DUF0171-DR-C001-002",
        "ROCK NAME": "BASALT",
        "PB207_PB204": "15.48",
        "PB206_PB204": "17.9159",
        "PB208_PB204": "37.6644",
        "_featureIndex": 2062
      },
      "geometry": {
        "type": "Point",
        "coordinates": [
          99.18,
          -48.13
        ]
      },
      "_featureIndex": 2062
    },
    {
      "type": "Feature",
      "properties": {
        "Name": "MOA8801-005-001",
        "ROCK NAME": "BASALT",
        "PB207_PB204": "15.48",
        "PB206_PB204": "18.238",
        "PB208_PB204": "37.998",
        "_featureIndex": 2063
      },
      "geometry": {
        "type": "Point",
        "coordinates": [
          126.52,
          -48.68
        ]
      },
      "_featureIndex": 2063
    },
    {
      "type": "Feature",
      "properties": {
        "Name": "DUF0171-WXC-C026",
        "ROCK NAME": "BASALT",
        "PB207_PB204": "15.4798",
        "PB206_PB204": "17.9515",
        "PB208_PB204": "37.7547",
        "_featureIndex": 2064
      },
      "geometry": {
        "type": "Point",
        "coordinates": [
          97.16,
          -47.24
        ]
      },
      "_featureIndex": 2064
    },
    {
      "type": "Feature",
      "properties": {
        "Name": "DUF0171-WXC-C015",
        "ROCK NAME": "BASALT",
        "PB207_PB204": "15.4797",
        "PB206_PB204": "17.928",
        "PB208_PB204": "37.7114",
        "_featureIndex": 2065
      },
      "geometry": {
        "type": "Point",
        "coordinates": [
          97.86,
          -47.62
        ]
      },
      "_featureIndex": 2065
    },
    {
      "type": "Feature",
      "properties": {
        "Name": "DUF0171-WXC-C019",
        "ROCK NAME": "BASALT",
        "PB207_PB204": "15.4796",
        "PB206_PB204": "17.923",
        "PB208_PB204": "37.6938",
        "_featureIndex": 2066
      },
      "geometry": {
        "type": "Point",
        "coordinates": [
          97.61,
          -47.51
        ]
      },
      "_featureIndex": 2066
    },
    {
      "type": "Feature",
      "properties": {
        "Name": "DUF0171-DR-C003-004",
        "ROCK NAME": "BASALT",
        "PB207_PB204": "15.4794",
        "PB206_PB204": "17.8966",
        "PB208_PB204": "37.6981",
        "_featureIndex": 2067
      },
      "geometry": {
        "type": "Point",
        "coordinates": [
          98.42,
          -47.83
        ]
      },
      "_featureIndex": 2067
    },
    {
      "type": "Feature",
      "properties": {
        "Name": "DUF0171-WXC-C009",
        "ROCK NAME": "BASALT",
        "PB207_PB204": "15.4792",
        "PB206_PB204": "17.8993",
        "PB208_PB204": "37.6243",
        "_featureIndex": 2068
      },
      "geometry": {
        "type": "Point",
        "coordinates": [
          98.24,
          -47.79
        ]
      },
      "_featureIndex": 2068
    },
    {
      "type": "Feature",
      "properties": {
        "Name": "DUF0171-WXC-C006",
        "ROCK NAME": "BASALT",
        "PB207_PB204": "15.479",
        "PB206_PB204": "17.9378",
        "PB208_PB204": "37.6513",
        "_featureIndex": 2069
      },
      "geometry": {
        "type": "Point",
        "coordinates": [
          98.69,
          -47.95
        ]
      },
      "_featureIndex": 2069
    },
    {
      "type": "Feature",
      "properties": {
        "Name": "MELBMRG-5-BB5-001A",
        "ROCK NAME": "BASALT",
        "PB207_PB204": "15.479",
        "PB206_PB204": "18.439",
        "PB208_PB204": "38.056",
        "_featureIndex": 2070
      },
      "geometry": {
        "type": "Point",
        "coordinates": [
          126.66,
          -48.46
        ]
      },
      "_featureIndex": 2070
    },
    {
      "type": "Feature",
      "properties": {
        "Name": "MOA8801-009-041",
        "ROCK NAME": "BASALT",
        "PB207_PB204": "15.479",
        "PB206_PB204": "18.583",
        "PB208_PB204": "38.101",
        "_featureIndex": 2071
      },
      "geometry": {
        "type": "Point",
        "coordinates": [
          127.063,
          -50.198
        ]
      },
      "_featureIndex": 2071
    },
    {
      "type": "Feature",
      "properties": {
        "Name": "DUF0171-WXC-C004",
        "ROCK NAME": "BASALT",
        "PB207_PB204": "15.4789",
        "PB206_PB204": "17.9134",
        "PB208_PB204": "37.651",
        "_featureIndex": 2072
      },
      "geometry": {
        "type": "Point",
        "coordinates": [
          98.82,
          -48
        ]
      },
      "_featureIndex": 2072
    },
    {
      "type": "Feature",
      "properties": {
        "Name": "DUF0171-WXC-C029",
        "ROCK NAME": "BASALT",
        "PB207_PB204": "15.4784",
        "PB206_PB204": "17.8871",
        "PB208_PB204": "37.7149",
        "_featureIndex": 2073
      },
      "geometry": {
        "type": "Point",
        "coordinates": [
          96.95,
          -47.16
        ]
      },
      "_featureIndex": 2073
    },
    {
      "type": "Feature",
      "properties": {
        "Name": "DUF0171-WXC-C014",
        "ROCK NAME": "BASALT",
        "PB207_PB204": "15.4783",
        "PB206_PB204": "17.9141",
        "PB208_PB204": "37.6838",
        "_featureIndex": 2074
      },
      "geometry": {
        "type": "Point",
        "coordinates": [
          97.94,
          -47.63
        ]
      },
      "_featureIndex": 2074
    },
    {
      "type": "Feature",
      "properties": {
        "Name": "DUF0171-WXC-C002",
        "ROCK NAME": "BASALT",
        "PB207_PB204": "15.4783",
        "PB206_PB204": "17.9009",
        "PB208_PB204": "37.5939",
        "_featureIndex": 2075
      },
      "geometry": {
        "type": "Point",
        "coordinates": [
          99.12,
          -48.04
        ]
      },
      "_featureIndex": 2075
    },
    {
      "type": "Feature",
      "properties": {
        "Name": "DUF0171-WXC-C021",
        "ROCK NAME": "BASALT",
        "PB207_PB204": "15.478",
        "PB206_PB204": "17.908",
        "PB208_PB204": "37.7221",
        "_featureIndex": 2076
      },
      "geometry": {
        "type": "Point",
        "coordinates": [
          97.44,
          -47.41
        ]
      },
      "_featureIndex": 2076
    },
    {
      "type": "Feature",
      "properties": {
        "Name": "MELBMRG-5-BB5-004B",
        "ROCK NAME": "BASALT",
        "PB207_PB204": "15.478",
        "PB206_PB204": "18.081",
        "PB208_PB204": "37.904",
        "_featureIndex": 2077
      },
      "geometry": {
        "type": "Point",
        "coordinates": [
          127.6,
          -47.49
        ]
      },
      "_featureIndex": 2077
    },
    {
      "type": "Feature",
      "properties": {
        "Name": "DUF0171-WXC-C044",
        "ROCK NAME": "BASALT",
        "PB207_PB204": "15.4779",
        "PB206_PB204": "17.7171",
        "PB208_PB204": "37.6536",
        "_featureIndex": 2078
      },
      "geometry": {
        "type": "Point",
        "coordinates": [
          95.99,
          -46.6
        ]
      },
      "_featureIndex": 2078
    },
    {
      "type": "Feature",
      "properties": {
        "Name": "DUF0171-WXC-C038",
        "ROCK NAME": "BASALT",
        "PB207_PB204": "15.4779",
        "PB206_PB204": "17.7448",
        "PB208_PB204": "37.6538",
        "_featureIndex": 2079
      },
      "geometry": {
        "type": "Point",
        "coordinates": [
          96.3,
          -46.75
        ]
      },
      "_featureIndex": 2079
    },
    {
      "type": "Feature",
      "properties": {
        "Name": "DUF0171-WXC-B002",
        "ROCK NAME": "BASALT",
        "PB207_PB204": "15.4777",
        "PB206_PB204": "17.9807",
        "PB208_PB204": "37.7676",
        "_featureIndex": 2080
      },
      "geometry": {
        "type": "Point",
        "coordinates": [
          89.41,
          -42.17
        ]
      },
      "_featureIndex": 2080
    },
    {
      "type": "Feature",
      "properties": {
        "Name": "DUF0171-WXC-C028",
        "ROCK NAME": "BASALT",
        "PB207_PB204": "15.4777",
        "PB206_PB204": "17.8858",
        "PB208_PB204": "37.7044",
        "_featureIndex": 2081
      },
      "geometry": {
        "type": "Point",
        "coordinates": [
          97.01,
          -47.19
        ]
      },
      "_featureIndex": 2081
    },
    {
      "type": "Feature",
      "properties": {
        "Name": "DUF0171-WXC-C043",
        "ROCK NAME": "BASALT",
        "PB207_PB204": "15.4775",
        "PB206_PB204": "17.7245",
        "PB208_PB204": "37.6277",
        "_featureIndex": 2082
      },
      "geometry": {
        "type": "Point",
        "coordinates": [
          96.06,
          -46.62
        ]
      },
      "_featureIndex": 2082
    },
    {
      "type": "Feature",
      "properties": {
        "Name": "DUF0171-WXC-C030",
        "ROCK NAME": "BASALT",
        "PB207_PB204": "15.4775",
        "PB206_PB204": "17.8416",
        "PB208_PB204": "37.6817",
        "_featureIndex": 2083
      },
      "geometry": {
        "type": "Point",
        "coordinates": [
          96.89,
          -47.12
        ]
      },
      "_featureIndex": 2083
    },
    {
      "type": "Feature",
      "properties": {
        "Name": "DUF0171-WXC-B029",
        "ROCK NAME": "BASALT",
        "PB207_PB204": "15.4774",
        "PB206_PB204": "17.8674",
        "PB208_PB204": "37.5737",
        "_featureIndex": 2084
      },
      "geometry": {
        "type": "Point",
        "coordinates": [
          92.77,
          -43.63
        ]
      },
      "_featureIndex": 2084
    },
    {
      "type": "Feature",
      "properties": {
        "Name": "DUF0171-WXC-B040",
        "ROCK NAME": "BASALT",
        "PB207_PB204": "15.4774",
        "PB206_PB204": "17.858",
        "PB208_PB204": "37.5126",
        "_featureIndex": 2085
      },
      "geometry": {
        "type": "Point",
        "coordinates": [
          95.09,
          -44.96
        ]
      },
      "_featureIndex": 2085
    },
    {
      "type": "Feature",
      "properties": {
        "Name": "DUF0171-WXC-B025",
        "ROCK NAME": "BASALT",
        "PB207_PB204": "15.4772",
        "PB206_PB204": "17.8634",
        "PB208_PB204": "37.5731",
        "_featureIndex": 2086
      },
      "geometry": {
        "type": "Point",
        "coordinates": [
          93.23,
          -43.9
        ]
      },
      "_featureIndex": 2086
    },
    {
      "type": "Feature",
      "properties": {
        "Name": "DUF0171-WXC-B042",
        "ROCK NAME": "BASALT",
        "PB207_PB204": "15.4772",
        "PB206_PB204": "17.8648",
        "PB208_PB204": "37.5232",
        "_featureIndex": 2087
      },
      "geometry": {
        "type": "Point",
        "coordinates": [
          94.92,
          -44.89
        ]
      },
      "_featureIndex": 2087
    },
    {
      "type": "Feature",
      "properties": {
        "Name": "DUF0171-WXC-C003",
        "ROCK NAME": "BASALT",
        "PB207_PB204": "15.4772",
        "PB206_PB204": "17.898",
        "PB208_PB204": "37.6139",
        "_featureIndex": 2088
      },
      "geometry": {
        "type": "Point",
        "coordinates": [
          98.93,
          -48.06
        ]
      },
      "_featureIndex": 2088
    },
    {
      "type": "Feature",
      "properties": {
        "Name": "DUF0171-WXC-C035",
        "ROCK NAME": "BASALT",
        "PB207_PB204": "15.4768",
        "PB206_PB204": "17.7847",
        "PB208_PB204": "37.6341",
        "_featureIndex": 2089
      },
      "geometry": {
        "type": "Point",
        "coordinates": [
          96.51,
          -46.87
        ]
      },
      "_featureIndex": 2089
    },
    {
      "type": "Feature",
      "properties": {
        "Name": "DUF0171-DR-B013-002",
        "ROCK NAME": "BASALT",
        "PB207_PB204": "15.4764",
        "PB206_PB204": "17.8673",
        "PB208_PB204": "37.5159",
        "_featureIndex": 2090
      },
      "geometry": {
        "type": "Point",
        "coordinates": [
          94.43,
          -44.6
        ]
      },
      "_featureIndex": 2090
    },
    {
      "type": "Feature",
      "properties": {
        "Name": "DUF0171-WW10-090-016",
        "ROCK NAME": "BASALT",
        "PB207_PB204": "15.4762",
        "PB206_PB204": "17.8294",
        "PB208_PB204": "37.5683",
        "_featureIndex": 2091
      },
      "geometry": {
        "type": "Point",
        "coordinates": [
          98.16,
          -47.71
        ]
      },
      "_featureIndex": 2091
    },
    {
      "type": "Feature",
      "properties": {
        "Name": "DUF0171-WXC-C033",
        "ROCK NAME": "BASALT",
        "PB207_PB204": "15.476",
        "PB206_PB204": "17.7773",
        "PB208_PB204": "37.6161",
        "_featureIndex": 2092
      },
      "geometry": {
        "type": "Point",
        "coordinates": [
          96.63,
          -46.92
        ]
      },
      "_featureIndex": 2092
    },
    {
      "type": "Feature",
      "properties": {
        "Name": "MELBMRG-5-024-004",
        "ROCK NAME": "BASALT",
        "PB207_PB204": "15.476",
        "PB206_PB204": "18.539",
        "PB208_PB204": "38.078",
        "_featureIndex": 2093
      },
      "geometry": {
        "type": "Point",
        "coordinates": [
          127.479,
          -48.03
        ]
      },
      "_featureIndex": 2093
    },
    {
      "type": "Feature",
      "properties": {
        "Name": "DUF0171-WXC-C007",
        "ROCK NAME": "BASALT",
        "PB207_PB204": "15.4759",
        "PB206_PB204": "17.8748",
        "PB208_PB204": "37.5745",
        "_featureIndex": 2094
      },
      "geometry": {
        "type": "Point",
        "coordinates": [
          98.45,
          -47.88
        ]
      },
      "_featureIndex": 2094
    },
    {
      "type": "Feature",
      "properties": {
        "Name": "DUF0171-WXC-C034",
        "ROCK NAME": "BASALT",
        "PB207_PB204": "15.4755",
        "PB206_PB204": "17.7971",
        "PB208_PB204": "37.5986",
        "_featureIndex": 2095
      },
      "geometry": {
        "type": "Point",
        "coordinates": [
          96.57,
          -46.9
        ]
      },
      "_featureIndex": 2095
    },
    {
      "type": "Feature",
      "properties": {
        "Name": "DUF0171-WXC-C001",
        "ROCK NAME": "BASALT",
        "PB207_PB204": "15.4755",
        "PB206_PB204": "17.8925",
        "PB208_PB204": "37.6011",
        "_featureIndex": 2096
      },
      "geometry": {
        "type": "Point",
        "coordinates": [
          99.26,
          -48.16
        ]
      },
      "_featureIndex": 2096
    },
    {
      "type": "Feature",
      "properties": {
        "Name": "DUF0171-WXC-C016",
        "ROCK NAME": "BASALT",
        "PB207_PB204": "15.4753",
        "PB206_PB204": "18.0042",
        "PB208_PB204": "37.6288",
        "_featureIndex": 2097
      },
      "geometry": {
        "type": "Point",
        "coordinates": [
          97.8,
          -47.59
        ]
      },
      "_featureIndex": 2097
    },
    {
      "type": "Feature",
      "properties": {
        "Name": "DUF0171-WXC-B055",
        "ROCK NAME": "BASALT",
        "PB207_PB204": "15.4751",
        "PB206_PB204": "17.8807",
        "PB208_PB204": "37.6461",
        "_featureIndex": 2098
      },
      "geometry": {
        "type": "Point",
        "coordinates": [
          96.03,
          -45.16
        ]
      },
      "_featureIndex": 2098
    },
    {
      "type": "Feature",
      "properties": {
        "Name": "DUF0171-WW10-090-001",
        "ROCK NAME": "BASALT",
        "PB207_PB204": "15.4749",
        "PB206_PB204": "17.8328",
        "PB208_PB204": "37.5696",
        "_featureIndex": 2099
      },
      "geometry": {
        "type": "Point",
        "coordinates": [
          98.16,
          -47.71
        ]
      },
      "_featureIndex": 2099
    },
    {
      "type": "Feature",
      "properties": {
        "Name": "DUF0171-WXC-C036",
        "ROCK NAME": "BASALT",
        "PB207_PB204": "15.4747",
        "PB206_PB204": "17.8007",
        "PB208_PB204": "37.641",
        "_featureIndex": 2100
      },
      "geometry": {
        "type": "Point",
        "coordinates": [
          96.45,
          -46.83
        ]
      },
      "_featureIndex": 2100
    },
    {
      "type": "Feature",
      "properties": {
        "Name": "DUF0171-DR-B015-002",
        "ROCK NAME": "BASALT",
        "PB207_PB204": "15.4741",
        "PB206_PB204": "17.8446",
        "PB208_PB204": "37.5303",
        "_featureIndex": 2101
      },
      "geometry": {
        "type": "Point",
        "coordinates": [
          93.94,
          -44.19
        ]
      },
      "_featureIndex": 2101
    },
    {
      "type": "Feature",
      "properties": {
        "Name": "MOA8801-030-006",
        "ROCK NAME": "BASALT",
        "PB207_PB204": "15.474",
        "PB206_PB204": "17.93",
        "PB208_PB204": "37.775",
        "_featureIndex": 2102
      },
      "geometry": {
        "type": "Point",
        "coordinates": [
          124.282,
          -48.943
        ]
      },
      "_featureIndex": 2102
    },
    {
      "type": "Feature",
      "properties": {
        "Name": "DUF0171-DR-B008-001",
        "ROCK NAME": "BASALT",
        "PB207_PB204": "15.4734",
        "PB206_PB204": "17.9329",
        "PB208_PB204": "37.6412",
        "_featureIndex": 2103
      },
      "geometry": {
        "type": "Point",
        "coordinates": [
          90.17,
          -42.56
        ]
      },
      "_featureIndex": 2103
    },
    {
      "type": "Feature",
      "properties": {
        "Name": "DUF0171-DR-C004-001",
        "ROCK NAME": "BASALT",
        "PB207_PB204": "15.4731",
        "PB206_PB204": "17.8058",
        "PB208_PB204": "37.6371",
        "_featureIndex": 2104
      },
      "geometry": {
        "type": "Point",
        "coordinates": [
          96.69,
          -46.95
        ]
      },
      "_featureIndex": 2104
    },
    {
      "type": "Feature",
      "properties": {
        "Name": "DUF0171-WXC-C037",
        "ROCK NAME": "BASALT",
        "PB207_PB204": "15.4727",
        "PB206_PB204": "17.7303",
        "PB208_PB204": "37.5923",
        "_featureIndex": 2105
      },
      "geometry": {
        "type": "Point",
        "coordinates": [
          96.39,
          -46.8
        ]
      },
      "_featureIndex": 2105
    },
    {
      "type": "Feature",
      "properties": {
        "Name": "DUF0171-WXC-B021",
        "ROCK NAME": "BASALT",
        "PB207_PB204": "15.4723",
        "PB206_PB204": "17.9443",
        "PB208_PB204": "37.7076",
        "_featureIndex": 2106
      },
      "geometry": {
        "type": "Point",
        "coordinates": [
          89.8,
          -42.36
        ]
      },
      "_featureIndex": 2106
    },
    {
      "type": "Feature",
      "properties": {
        "Name": "DUF0171-WXC-C032",
        "ROCK NAME": "BASALT",
        "PB207_PB204": "15.4723",
        "PB206_PB204": "17.8152",
        "PB208_PB204": "37.6725",
        "_featureIndex": 2107
      },
      "geometry": {
        "type": "Point",
        "coordinates": [
          96.71,
          -47.02
        ]
      },
      "_featureIndex": 2107
    },
    {
      "type": "Feature",
      "properties": {
        "Name": "DUF0171-DR-B005-001",
        "ROCK NAME": "BASALT",
        "PB207_PB204": "15.4722",
        "PB206_PB204": "17.8894",
        "PB208_PB204": "37.5998",
        "_featureIndex": 2108
      },
      "geometry": {
        "type": "Point",
        "coordinates": [
          91.5,
          -43.34
        ]
      },
      "_featureIndex": 2108
    },
    {
      "type": "Feature",
      "properties": {
        "Name": "DUF0171-WW10-085",
        "ROCK NAME": "BASALT",
        "PB207_PB204": "15.4722",
        "PB206_PB204": "17.84",
        "PB208_PB204": "37.5927",
        "_featureIndex": 2109
      },
      "geometry": {
        "type": "Point",
        "coordinates": [
          96.12,
          -45.19
        ]
      },
      "_featureIndex": 2109
    },
    {
      "type": "Feature",
      "properties": {
        "Name": "MOA8801-018-004",
        "ROCK NAME": "BASALT",
        "PB207_PB204": "15.472",
        "PB206_PB204": "17.924",
        "PB208_PB204": "37.8",
        "_featureIndex": 2110
      },
      "geometry": {
        "type": "Point",
        "coordinates": [
          126.742,
          -50.042
        ]
      },
      "_featureIndex": 2110
    },
    {
      "type": "Feature",
      "properties": {
        "Name": "DUF0171-DR-B001-004",
        "ROCK NAME": "BASALT",
        "PB207_PB204": "15.4718",
        "PB206_PB204": "17.8959",
        "PB208_PB204": "37.6701",
        "_featureIndex": 2111
      },
      "geometry": {
        "type": "Point",
        "coordinates": [
          89.69,
          -42.33
        ]
      },
      "_featureIndex": 2111
    },
    {
      "type": "Feature",
      "properties": {
        "Name": "DUF0171-WXC-B020",
        "ROCK NAME": "BASALT",
        "PB207_PB204": "15.4713",
        "PB206_PB204": "17.9423",
        "PB208_PB204": "37.7055",
        "_featureIndex": 2112
      },
      "geometry": {
        "type": "Point",
        "coordinates": [
          89.88,
          -42.42
        ]
      },
      "_featureIndex": 2112
    },
    {
      "type": "Feature",
      "properties": {
        "Name": "DUF0171-WW10-072-002",
        "ROCK NAME": "BASALT",
        "PB207_PB204": "15.471",
        "PB206_PB204": "17.9653",
        "PB208_PB204": "37.6758",
        "_featureIndex": 2113
      },
      "geometry": {
        "type": "Point",
        "coordinates": [
          91.29,
          -43.42
        ]
      },
      "_featureIndex": 2113
    },
    {
      "type": "Feature",
      "properties": {
        "Name": "DUF0171-WXC-C027",
        "ROCK NAME": "BASALT",
        "PB207_PB204": "15.4709",
        "PB206_PB204": "17.7622",
        "PB208_PB204": "37.6068",
        "_featureIndex": 2114
      },
      "geometry": {
        "type": "Point",
        "coordinates": [
          97.09,
          -47.21
        ]
      },
      "_featureIndex": 2114
    },
    {
      "type": "Feature",
      "properties": {
        "Name": "DUF0171-WXC-C048",
        "ROCK NAME": "BASALT",
        "PB207_PB204": "15.4708",
        "PB206_PB204": "17.8852",
        "PB208_PB204": "37.5909",
        "_featureIndex": 2115
      },
      "geometry": {
        "type": "Point",
        "coordinates": [
          95.83,
          -46.05
        ]
      },
      "_featureIndex": 2115
    },
    {
      "type": "Feature",
      "properties": {
        "Name": "DUF0171-WXC-B53",
        "ROCK NAME": "BASALT",
        "PB207_PB204": "15.4708",
        "PB206_PB204": "17.7971",
        "PB208_PB204": "37.5518",
        "_featureIndex": 2116
      },
      "geometry": {
        "type": "Point",
        "coordinates": [
          96.31,
          -45.3
        ]
      },
      "_featureIndex": 2116
    },
    {
      "type": "Feature",
      "properties": {
        "Name": "DUF0171-WXC-C031",
        "ROCK NAME": "BASALT",
        "PB207_PB204": "15.4707",
        "PB206_PB204": "17.8703",
        "PB208_PB204": "37.7432",
        "_featureIndex": 2117
      },
      "geometry": {
        "type": "Point",
        "coordinates": [
          96.76,
          -47.05
        ]
      },
      "_featureIndex": 2117
    },
    {
      "type": "Feature",
      "properties": {
        "Name": "DUF0171-WXC-B054",
        "ROCK NAME": "BASALT",
        "PB207_PB204": "15.4705",
        "PB206_PB204": "17.8163",
        "PB208_PB204": "37.5781",
        "_featureIndex": 2118
      },
      "geometry": {
        "type": "Point",
        "coordinates": [
          96.11,
          -45.2
        ]
      },
      "_featureIndex": 2118
    },
    {
      "type": "Feature",
      "properties": {
        "Name": "DUF0171-DR-B011-002",
        "ROCK NAME": "BASALT",
        "PB207_PB204": "15.4703",
        "PB206_PB204": "17.8857",
        "PB208_PB204": "37.5957",
        "_featureIndex": 2119
      },
      "geometry": {
        "type": "Point",
        "coordinates": [
          91.86,
          -43.35
        ]
      },
      "_featureIndex": 2119
    },
    {
      "type": "Feature",
      "properties": {
        "Name": "DUF0171-DR-C006-002",
        "ROCK NAME": "BASALT",
        "PB207_PB204": "15.4703",
        "PB206_PB204": "17.8729",
        "PB208_PB204": "37.5551",
        "_featureIndex": 2120
      },
      "geometry": {
        "type": "Point",
        "coordinates": [
          95.73,
          -45.95
        ]
      },
      "_featureIndex": 2120
    },
    {
      "type": "Feature",
      "properties": {
        "Name": "DUF0171-WXC-C025",
        "ROCK NAME": "BASALT",
        "PB207_PB204": "15.4703",
        "PB206_PB204": "17.889",
        "PB208_PB204": "37.6584",
        "_featureIndex": 2121
      },
      "geometry": {
        "type": "Point",
        "coordinates": [
          97.23,
          -47.27
        ]
      },
      "_featureIndex": 2121
    },
    {
      "type": "Feature",
      "properties": {
        "Name": "DUF0171-DR-B011-001",
        "ROCK NAME": "BASALT",
        "PB207_PB204": "15.4699",
        "PB206_PB204": "17.8855",
        "PB208_PB204": "37.596",
        "_featureIndex": 2122
      },
      "geometry": {
        "type": "Point",
        "coordinates": [
          92.23,
          -43.35
        ]
      },
      "_featureIndex": 2122
    },
    {
      "type": "Feature",
      "properties": {
        "Name": "DUF0171-DR-B007-002",
        "ROCK NAME": "BASALT",
        "PB207_PB204": "15.4696",
        "PB206_PB204": "17.9065",
        "PB208_PB204": "37.62",
        "_featureIndex": 2123
      },
      "geometry": {
        "type": "Point",
        "coordinates": [
          90.34,
          -42.65
        ]
      },
      "_featureIndex": 2123
    },
    {
      "type": "Feature",
      "properties": {
        "Name": "DUF0171-DR-C005-012",
        "ROCK NAME": "BASALT",
        "PB207_PB204": "15.469",
        "PB206_PB204": "17.8229",
        "PB208_PB204": "37.4754",
        "_featureIndex": 2124
      },
      "geometry": {
        "type": "Point",
        "coordinates": [
          95.93,
          -46.09
        ]
      },
      "_featureIndex": 2124
    },
    {
      "type": "Feature",
      "properties": {
        "Name": "DUF0171-WXC-B019",
        "ROCK NAME": "BASALT",
        "PB207_PB204": "15.4685",
        "PB206_PB204": "17.9199",
        "PB208_PB204": "37.6191",
        "_featureIndex": 2125
      },
      "geometry": {
        "type": "Point",
        "coordinates": [
          89.97,
          -42.48
        ]
      },
      "_featureIndex": 2125
    },
    {
      "type": "Feature",
      "properties": {
        "Name": "DUF0171-DR-B012-001",
        "ROCK NAME": "BASALT",
        "PB207_PB204": "15.4681",
        "PB206_PB204": "17.8682",
        "PB208_PB204": "37.4612",
        "_featureIndex": 2126
      },
      "geometry": {
        "type": "Point",
        "coordinates": [
          93.65,
          -44.08
        ]
      },
      "_featureIndex": 2126
    },
    {
      "type": "Feature",
      "properties": {
        "Name": "DUF0171-DR-C006-006",
        "ROCK NAME": "BASALT",
        "PB207_PB204": "15.468",
        "PB206_PB204": "17.8785",
        "PB208_PB204": "37.559",
        "_featureIndex": 2127
      },
      "geometry": {
        "type": "Point",
        "coordinates": [
          95.73,
          -45.95
        ]
      },
      "_featureIndex": 2127
    },
    {
      "type": "Feature",
      "properties": {
        "Name": "DUF0171-WXC-B008",
        "ROCK NAME": "BASALT",
        "PB207_PB204": "15.4678",
        "PB206_PB204": "17.8527",
        "PB208_PB204": "37.5135",
        "_featureIndex": 2128
      },
      "geometry": {
        "type": "Point",
        "coordinates": [
          91.48,
          -43.27
        ]
      },
      "_featureIndex": 2128
    },
    {
      "type": "Feature",
      "properties": {
        "Name": "DUF0171-WXC-C046",
        "ROCK NAME": "BASALT",
        "PB207_PB204": "15.4675",
        "PB206_PB204": "17.8554",
        "PB208_PB204": "37.5352",
        "_featureIndex": 2129
      },
      "geometry": {
        "type": "Point",
        "coordinates": [
          96.11,
          -46.21
        ]
      },
      "_featureIndex": 2129
    },
    {
      "type": "Feature",
      "properties": {
        "Name": "DUF0171-WXC-B023",
        "ROCK NAME": "BASALT",
        "PB207_PB204": "15.4662",
        "PB206_PB204": "17.856",
        "PB208_PB204": "37.462",
        "_featureIndex": 2130
      },
      "geometry": {
        "type": "Point",
        "coordinates": [
          93.46,
          -43.98
        ]
      },
      "_featureIndex": 2130
    },
    {
      "type": "Feature",
      "properties": {
        "Name": "DUF0037-007-002",
        "ROCK NAME": "THOLEIITE",
        "PB207_PB204": "15.466",
        "PB206_PB204": "18.155",
        "PB208_PB204": "38.103",
        "_featureIndex": 2131
      },
      "geometry": {
        "type": "Point",
        "coordinates": [
          78.013,
          -34.385
        ]
      },
      "_featureIndex": 2131
    },
    {
      "type": "Feature",
      "properties": {
        "Name": "DUF0171-WXC-B047",
        "ROCK NAME": "BASALT",
        "PB207_PB204": "15.466",
        "PB206_PB204": "17.8647",
        "PB208_PB204": "37.4748",
        "_featureIndex": 2132
      },
      "geometry": {
        "type": "Point",
        "coordinates": [
          94.34,
          -44.57
        ]
      },
      "_featureIndex": 2132
    },
    {
      "type": "Feature",
      "properties": {
        "Name": "MOA8801-017-026",
        "ROCK NAME": "BASALT",
        "PB207_PB204": "15.466",
        "PB206_PB204": "18.613",
        "PB208_PB204": "38.09",
        "_featureIndex": 2133
      },
      "geometry": {
        "type": "Point",
        "coordinates": [
          127.417,
          -50.222
        ]
      },
      "_featureIndex": 2133
    },
    {
      "type": "Feature",
      "properties": {
        "Name": "DUF0171-WXC-C047",
        "ROCK NAME": "BASALT",
        "PB207_PB204": "15.4659",
        "PB206_PB204": "17.8451",
        "PB208_PB204": "37.4898",
        "_featureIndex": 2134
      },
      "geometry": {
        "type": "Point",
        "coordinates": [
          96,
          -46.16
        ]
      },
      "_featureIndex": 2134
    },
    {
      "type": "Feature",
      "properties": {
        "Name": "DUF0171-WXC-C049",
        "ROCK NAME": "BASALT",
        "PB207_PB204": "15.4655",
        "PB206_PB204": "17.8451",
        "PB208_PB204": "37.5186",
        "_featureIndex": 2135
      },
      "geometry": {
        "type": "Point",
        "coordinates": [
          95.77,
          -46.02
        ]
      },
      "_featureIndex": 2135
    },
    {
      "type": "Feature",
      "properties": {
        "Name": "DUF0171-WXC-B049",
        "ROCK NAME": "BASALT",
        "PB207_PB204": "15.4653",
        "PB206_PB204": "17.8194",
        "PB208_PB204": "37.4629",
        "_featureIndex": 2136
      },
      "geometry": {
        "type": "Point",
        "coordinates": [
          94.31,
          -44.41
        ]
      },
      "_featureIndex": 2136
    },
    {
      "type": "Feature",
      "properties": {
        "Name": "DUF0171-WXC-C045",
        "ROCK NAME": "BASALT",
        "PB207_PB204": "15.4652",
        "PB206_PB204": "17.843",
        "PB208_PB204": "37.5114",
        "_featureIndex": 2137
      },
      "geometry": {
        "type": "Point",
        "coordinates": [
          96.19,
          -46.26
        ]
      },
      "_featureIndex": 2137
    },
    {
      "type": "Feature",
      "properties": {
        "Name": "DUF0171-WXC-B018",
        "ROCK NAME": "BASALT",
        "PB207_PB204": "15.4646",
        "PB206_PB204": "17.8969",
        "PB208_PB204": "37.5682",
        "_featureIndex": 2138
      },
      "geometry": {
        "type": "Point",
        "coordinates": [
          90.24,
          -42.58
        ]
      },
      "_featureIndex": 2138
    },
    {
      "type": "Feature",
      "properties": {
        "Name": "DUF0171-WXC-B036",
        "ROCK NAME": "BASALT",
        "PB207_PB204": "15.4646",
        "PB206_PB204": "17.8685",
        "PB208_PB204": "37.5611",
        "_featureIndex": 2139
      },
      "geometry": {
        "type": "Point",
        "coordinates": [
          91.94,
          -43.5
        ]
      },
      "_featureIndex": 2139
    },
    {
      "type": "Feature",
      "properties": {
        "Name": "DUF0171-DR-C007-002",
        "ROCK NAME": "BASALT",
        "PB207_PB204": "15.4646",
        "PB206_PB204": "17.8533",
        "PB208_PB204": "37.5557",
        "_featureIndex": 2140
      },
      "geometry": {
        "type": "Point",
        "coordinates": [
          95.97,
          -46.18
        ]
      },
      "_featureIndex": 2140
    },
    {
      "type": "Feature",
      "properties": {
        "Name": "MOA8801-027-008",
        "ROCK NAME": "BASALT",
        "PB207_PB204": "15.464",
        "PB206_PB204": "17.885",
        "PB208_PB204": "37.705",
        "_featureIndex": 2141
      },
      "geometry": {
        "type": "Point",
        "coordinates": [
          124.965,
          -49.062
        ]
      },
      "_featureIndex": 2141
    },
    {
      "type": "Feature",
      "properties": {
        "Name": "MELBMRG-5-BB4-007A",
        "ROCK NAME": "BASALT",
        "PB207_PB204": "15.464",
        "PB206_PB204": "17.898",
        "PB208_PB204": "37.773",
        "_featureIndex": 2142
      },
      "geometry": {
        "type": "Point",
        "coordinates": [
          126.18,
          -47.75
        ]
      },
      "_featureIndex": 2142
    },
    {
      "type": "Feature",
      "properties": {
        "Name": "DUF0171-WXC-B016",
        "ROCK NAME": "BASALT",
        "PB207_PB204": "15.4635",
        "PB206_PB204": "17.8785",
        "PB208_PB204": "37.5556",
        "_featureIndex": 2143
      },
      "geometry": {
        "type": "Point",
        "coordinates": [
          90.51,
          -42.76
        ]
      },
      "_featureIndex": 2143
    },
    {
      "type": "Feature",
      "properties": {
        "Name": "DUF0171-WXC-B012",
        "ROCK NAME": "BASALT",
        "PB207_PB204": "15.4635",
        "PB206_PB204": "17.841",
        "PB208_PB204": "37.5114",
        "_featureIndex": 2144
      },
      "geometry": {
        "type": "Point",
        "coordinates": [
          91.04,
          -43.04
        ]
      },
      "_featureIndex": 2144
    },
    {
      "type": "Feature",
      "properties": {
        "Name": "DUF0171-WXC-B052",
        "ROCK NAME": "BASALT",
        "PB207_PB204": "15.4634",
        "PB206_PB204": "17.8109",
        "PB208_PB204": "37.4491",
        "_featureIndex": 2145
      },
      "geometry": {
        "type": "Point",
        "coordinates": [
          93.99,
          -44.22
        ]
      },
      "_featureIndex": 2145
    },
    {
      "type": "Feature",
      "properties": {
        "Name": "DUF0171-WXC-B013",
        "ROCK NAME": "BASALT",
        "PB207_PB204": "15.4633",
        "PB206_PB204": "17.8354",
        "PB208_PB204": "37.4884",
        "_featureIndex": 2146
      },
      "geometry": {
        "type": "Point",
        "coordinates": [
          90.84,
          -42.83
        ]
      },
      "_featureIndex": 2146
    },
    {
      "type": "Feature",
      "properties": {
        "Name": "MELBMRG-5-BB5-004A",
        "ROCK NAME": "BASALT",
        "PB207_PB204": "15.463",
        "PB206_PB204": "17.982",
        "PB208_PB204": "37.858",
        "_featureIndex": 2147
      },
      "geometry": {
        "type": "Point",
        "coordinates": [
          126.99,
          -47.72
        ]
      },
      "_featureIndex": 2147
    },
    {
      "type": "Feature",
      "properties": {
        "Name": "DUF0171-WXC-C017",
        "ROCK NAME": "BASALT",
        "PB207_PB204": "15.4624",
        "PB206_PB204": "17.9015",
        "PB208_PB204": "37.5348",
        "_featureIndex": 2148
      },
      "geometry": {
        "type": "Point",
        "coordinates": [
          97.74,
          -47.57
        ]
      },
      "_featureIndex": 2148
    },
    {
      "type": "Feature",
      "properties": {
        "Name": "MOA8801-027-071",
        "ROCK NAME": "BASALT",
        "SR87_SR86": "0.7029",
        "PB207_PB204": "15.462",
        "PB206_PB204": "17.843",
        "PB208_PB204": "37.614",
        "_featureIndex": 2149
      },
      "geometry": {
        "type": "Point",
        "coordinates": [
          124.965,
          -49.062
        ]
      },
      "_featureIndex": 2149
    },
    {
      "type": "Feature",
      "properties": {
        "Name": "MOA8801-028-001",
        "ROCK NAME": "BASALT",
        "PB207_PB204": "15.462",
        "PB206_PB204": "17.788",
        "PB208_PB204": "37.547",
        "_featureIndex": 2150
      },
      "geometry": {
        "type": "Point",
        "coordinates": [
          124.708,
          -48.99
        ]
      },
      "_featureIndex": 2150
    },
    {
      "type": "Feature",
      "properties": {
        "Name": "MOA8801-024-018",
        "ROCK NAME": "BASALT",
        "PB207_PB204": "15.462",
        "PB206_PB204": "17.955",
        "PB208_PB204": "37.858",
        "_featureIndex": 2151
      },
      "geometry": {
        "type": "Point",
        "coordinates": [
          126.167,
          -49.768
        ]
      },
      "_featureIndex": 2151
    },
    {
      "type": "Feature",
      "properties": {
        "Name": "DUF0171-WXC-B051",
        "ROCK NAME": "BASALT",
        "PB207_PB204": "15.4619",
        "PB206_PB204": "17.8284",
        "PB208_PB204": "37.4537",
        "_featureIndex": 2152
      },
      "geometry": {
        "type": "Point",
        "coordinates": [
          94.03,
          -44.22
        ]
      },
      "_featureIndex": 2152
    },
    {
      "type": "Feature",
      "properties": {
        "Name": "DUF0171-WXC-B015",
        "ROCK NAME": "BASALT",
        "PB207_PB204": "15.4608",
        "PB206_PB204": "17.8214",
        "PB208_PB204": "37.5029",
        "_featureIndex": 2153
      },
      "geometry": {
        "type": "Point",
        "coordinates": [
          90.6,
          -42.78
        ]
      },
      "_featureIndex": 2153
    },
    {
      "type": "Feature",
      "properties": {
        "Name": "DUF0171-DR-C007-003",
        "ROCK NAME": "BASALT",
        "PB207_PB204": "15.4605",
        "PB206_PB204": "17.8279",
        "PB208_PB204": "37.5359",
        "_featureIndex": 2154
      },
      "geometry": {
        "type": "Point",
        "coordinates": [
          95.97,
          -46.18
        ]
      },
      "_featureIndex": 2154
    },
    {
      "type": "Feature",
      "properties": {
        "Name": "MELBMRG-5-BB3",
        "ROCK NAME": "BASALT",
        "PB207_PB204": "15.46",
        "PB206_PB204": "17.867",
        "PB208_PB204": "37.648",
        "_featureIndex": 2155
      },
      "geometry": {
        "type": "Point",
        "coordinates": [
          124.9,
          -49.09
        ]
      },
      "_featureIndex": 2155
    },
    {
      "type": "Feature",
      "properties": {
        "Name": "MOA8801-027-071",
        "ROCK NAME": "BASALT",
        "PB207_PB204": "15.459",
        "PB206_PB204": "17.843",
        "PB208_PB204": "37.626",
        "_featureIndex": 2156
      },
      "geometry": {
        "type": "Point",
        "coordinates": [
          124.965,
          -49.062
        ]
      },
      "_featureIndex": 2156
    },
    {
      "type": "Feature",
      "properties": {
        "Name": "DUF0171-DR-C008-001",
        "ROCK NAME": "BASALT",
        "PB207_PB204": "15.4586",
        "PB206_PB204": "17.7729",
        "PB208_PB204": "37.3603",
        "_featureIndex": 2157
      },
      "geometry": {
        "type": "Point",
        "coordinates": [
          96.12,
          -45.83
        ]
      },
      "_featureIndex": 2157
    },
    {
      "type": "Feature",
      "properties": {
        "Name": "DUF0171-WXC-B022",
        "ROCK NAME": "BASALT",
        "PB207_PB204": "15.4584",
        "PB206_PB204": "17.7982",
        "PB208_PB204": "37.3963",
        "_featureIndex": 2158
      },
      "geometry": {
        "type": "Point",
        "coordinates": [
          93.55,
          -44.02
        ]
      },
      "_featureIndex": 2158
    },
    {
      "type": "Feature",
      "properties": {
        "Name": "MOA8801-004-002",
        "ROCK NAME": "BASALT",
        "PB207_PB204": "15.458",
        "PB206_PB204": "18.608",
        "PB208_PB204": "38.073",
        "_featureIndex": 2159
      },
      "geometry": {
        "type": "Point",
        "coordinates": [
          127.36,
          -48.763
        ]
      },
      "_featureIndex": 2159
    },
    {
      "type": "Feature",
      "properties": {
        "Name": "DUF0171-WXC-B014",
        "ROCK NAME": "BASALT",
        "PB207_PB204": "15.4573",
        "PB206_PB204": "17.7824",
        "PB208_PB204": "37.4902",
        "_featureIndex": 2160
      },
      "geometry": {
        "type": "Point",
        "coordinates": [
          90.68,
          -42.83
        ]
      },
      "_featureIndex": 2160
    },
    {
      "type": "Feature",
      "properties": {
        "Name": "MOA8801-026-001",
        "ROCK NAME": "BASALT",
        "PB207_PB204": "15.453",
        "PB206_PB204": "17.897",
        "PB208_PB204": "37.638",
        "_featureIndex": 2161
      },
      "geometry": {
        "type": "Point",
        "coordinates": [
          124.282,
          -48.943
        ]
      },
      "_featureIndex": 2161
    },
    {
      "type": "Feature",
      "properties": {
        "Name": "MELBMRG-5-BB5-001B",
        "ROCK NAME": "BASALT",
        "PB207_PB204": "15.451",
        "PB206_PB204": "18.638",
        "PB208_PB204": "38.098",
        "_featureIndex": 2162
      },
      "geometry": {
        "type": "Point",
        "coordinates": [
          127.23,
          -48.98
        ]
      },
      "_featureIndex": 2162
    },
    {
      "type": "Feature",
      "properties": {
        "Name": "DUF0171-WXC-B024",
        "ROCK NAME": "BASALT",
        "PB207_PB204": "15.4503",
        "PB206_PB204": "17.7708",
        "PB208_PB204": "37.3351",
        "_featureIndex": 2163
      },
      "geometry": {
        "type": "Point",
        "coordinates": [
          93.36,
          -43.92
        ]
      },
      "_featureIndex": 2163
    },
    {
      "type": "Feature",
      "properties": {
        "Name": "DUF0037-002-001",
        "ROCK NAME": "BASALT",
        "SR87_SR86": "0.70294",
        "PB207_PB204": "15.441",
        "PB206_PB204": "17.8",
        "PB208_PB204": "37.665",
        "_featureIndex": 2164
      },
      "geometry": {
        "type": "Point",
        "coordinates": [
          75.191,
          -29.7
        ]
      },
      "_featureIndex": 2164
    },
    {
      "type": "Feature",
      "properties": {
        "Name": "DUF0023-004",
        "ROCK NAME": "BASALT",
        "PB207_PB204": "15.434",
        "PB206_PB204": "17.79",
        "PB208_PB204": "37.55",
        "_featureIndex": 2165
      },
      "geometry": {
        "type": "Point",
        "coordinates": [
          70.323,
          -25.864
        ]
      },
      "_featureIndex": 2165
    },
    {
      "type": "Feature",
      "properties": {
        "Name": "MOA8801-022-013",
        "ROCK NAME": "BASALT",
        "PB207_PB204": "15.428",
        "PB206_PB204": "17.763",
        "PB208_PB204": "37.591",
        "_featureIndex": 2166
      },
      "geometry": {
        "type": "Point",
        "coordinates": [
          125.892,
          -49.68
        ]
      },
      "_featureIndex": 2166
    },
    {
      "type": "Feature",
      "properties": {
        "Name": "DUF0023-002",
        "ROCK NAME": "BASALT",
        "SR87_SR86": "0.70332",
        "PB207_PB204": "15.423",
        "PB206_PB204": "17.541",
        "PB208_PB204": "37.42",
        "_featureIndex": 2167
      },
      "geometry": {
        "type": "Point",
        "coordinates": [
          71.925,
          -26.521
        ]
      },
      "_featureIndex": 2167
    },
    {
      "type": "Feature",
      "properties": {
        "Name": "MELBMRG-5-BB4-000",
        "ROCK NAME": "BASALT",
        "PB207_PB204": "15.411",
        "PB206_PB204": "17.709",
        "PB208_PB204": "37.565",
        "_featureIndex": 2168
      },
      "geometry": {
        "type": "Point",
        "coordinates": [
          125.42,
          -49.7
        ]
      },
      "_featureIndex": 2168
    },
    {
      "type": "Feature",
      "properties": {
        "Name": "MOA8801-023-001",
        "ROCK NAME": "BASALT",
        "PB207_PB204": "15.4",
        "PB206_PB204": "17.779",
        "PB208_PB204": "37.6",
        "_featureIndex": 2169
      },
      "geometry": {
        "type": "Point",
        "coordinates": [
          125.658,
          -49.613
        ]
      },
      "_featureIndex": 2169
    },
    {
      "type": "Feature",
      "properties": {
        "Name": "MELBMRG-5-030-004",
        "ROCK NAME": "BASALT",
        "PB207_PB204": "15.387",
        "PB206_PB204": "17.479",
        "PB208_PB204": "37.28",
        "_featureIndex": 2170
      },
      "geometry": {
        "type": "Point",
        "coordinates": [
          125.677,
          -48.41
        ]
      },
      "_featureIndex": 2170
    },
    {
      "type": "Feature",
      "properties": {
        "Name": "ARGDODO-143",
        "ROCK NAME": "THOLEIITE",
        "SR87_SR86": "0.7035",
        "_featureIndex": 2171
      },
      "geometry": {
        "type": "Point",
        "coordinates": [
          72.65,
          -24.767
        ]
      },
      "_featureIndex": 2171
    },
    {
      "type": "Feature",
      "properties": {
        "Name": "PETDB-2871-ST PAUL-39",
        "ROCK NAME": "BASALT",
        "LA": "28.2",
        "_featureIndex": 2172
      },
      "geometry": {
        "type": "Point",
        "coordinates": [
          77.55,
          -38.72
        ]
      },
      "_featureIndex": 2172
    },
    {
      "type": "Feature",
      "properties": {
        "Name": "PETDB-2871-ST PAUL-38",
        "ROCK NAME": "BASALT",
        "LA": "13",
        "_featureIndex": 2173
      },
      "geometry": {
        "type": "Point",
        "coordinates": [
          77.55,
          -38.72
        ]
      },
      "_featureIndex": 2173
    },
    {
      "type": "Feature",
      "properties": {
        "Name": "MOA8801-027-058",
        "ROCK NAME": "BASALT",
        "LA": "8.785",
        "_featureIndex": 2174
      },
      "geometry": {
        "type": "Point",
        "coordinates": [
          124.965,
          -49.062
        ]
      },
      "_featureIndex": 2174
    },
    {
      "type": "Feature",
      "properties": {
        "Name": "VEM0033-1-001-002",
        "ROCK NAME": "BASALT",
        "LA": "8.127",
        "_featureIndex": 2175
      },
      "geometry": {
        "type": "Point",
        "coordinates": [
          131.005,
          -50.408
        ]
      },
      "_featureIndex": 2175
    },
    {
      "type": "Feature",
      "properties": {
        "Name": "DUF0037-006-003",
        "ROCK NAME": "THOLEIITE",
        "LA": "7.94",
        "_featureIndex": 2176
      },
      "geometry": {
        "type": "Point",
        "coordinates": [
          78.158,
          -38.957
        ]
      },
      "_featureIndex": 2176
    },
    {
      "type": "Feature",
      "properties": {
        "Name": "VEM0033-2-007-003",
        "ROCK NAME": "BASALT",
        "LA": "7.82",
        "_featureIndex": 2177
      },
      "geometry": {
        "type": "Point",
        "coordinates": [
          124,
          -49.033
        ]
      },
      "_featureIndex": 2177
    },
    {
      "type": "Feature",
      "properties": {
        "Name": "MELWEST-10-089-004",
        "ROCK NAME": "BASALT",
        "LA": "7.57",
        "_featureIndex": 2178
      },
      "geometry": {
        "type": "Point",
        "coordinates": [
          97.512,
          -47.445
        ]
      },
      "_featureIndex": 2178
    },
    {
      "type": "Feature",
      "properties": {
        "Name": "VEM0033-2-007-003",
        "ROCK NAME": "BASALT",
        "LA": "7.48",
        "_featureIndex": 2179
      },
      "geometry": {
        "type": "Point",
        "coordinates": [
          124,
          -49.033
        ]
      },
      "_featureIndex": 2179
    },
    {
      "type": "Feature",
      "properties": {
        "Name": "MOA8801-012-001",
        "ROCK NAME": "BASALT",
        "LA": "7.257",
        "_featureIndex": 2180
      },
      "geometry": {
        "type": "Point",
        "coordinates": [
          127.833,
          -50.162
        ]
      },
      "_featureIndex": 2180
    },
    {
      "type": "Feature",
      "properties": {
        "Name": "VEM0033-2-008-008",
        "ROCK NAME": "BASALT",
        "LA": "6.91",
        "_featureIndex": 2181
      },
      "geometry": {
        "type": "Point",
        "coordinates": [
          121.033,
          -49.467
        ]
      },
      "_featureIndex": 2181
    },
    {
      "type": "Feature",
      "properties": {
        "Name": "DUF0037-006-002",
        "ROCK NAME": "BASALT",
        "LA": "6.63",
        "_featureIndex": 2182
      },
      "geometry": {
        "type": "Point",
        "coordinates": [
          78.138,
          -38.978
        ]
      },
      "_featureIndex": 2182
    },
    {
      "type": "Feature",
      "properties": {
        "Name": "MOA8801-003-006",
        "ROCK NAME": "BASALT",
        "LA": "6.238",
        "_featureIndex": 2183
      },
      "geometry": {
        "type": "Point",
        "coordinates": [
          127.962,
          -50.107
        ]
      },
      "_featureIndex": 2183
    },
    {
      "type": "Feature",
      "properties": {
        "Name": "DUF0037-007-001",
        "LA": "6.08",
        "_featureIndex": 2184
      },
      "geometry": {
        "type": "Point",
        "coordinates": [
          78.023,
          -34.383
        ]
      },
      "_featureIndex": 2184
    },
    {
      "type": "Feature",
      "properties": {
        "Name": "MOA8801-016-012",
        "ROCK NAME": "BASALT",
        "LA": "6.033",
        "_featureIndex": 2185
      },
      "geometry": {
        "type": "Point",
        "coordinates": [
          127.577,
          -50.163
        ]
      },
      "_featureIndex": 2185
    },
    {
      "type": "Feature",
      "properties": {
        "Name": "MOA8801-010-001",
        "ROCK NAME": "BASALT",
        "LA": "5.942",
        "_featureIndex": 2186
      },
      "geometry": {
        "type": "Point",
        "coordinates": [
          127.59,
          -50.243
        ]
      },
      "_featureIndex": 2186
    },
    {
      "type": "Feature",
      "properties": {
        "Name": "MELWEST-10-096-001",
        "LA": "5.77",
        "_featureIndex": 2187
      },
      "geometry": {
        "type": "Point",
        "coordinates": [
          100.672,
          -47.335
        ]
      },
      "_featureIndex": 2187
    },
    {
      "type": "Feature",
      "properties": {
        "Name": "MOA8801-013-047",
        "ROCK NAME": "BASALT",
        "LA": "5.037",
        "_featureIndex": 2188
      },
      "geometry": {
        "type": "Point",
        "coordinates": [
          128.015,
          -50.147
        ]
      },
      "_featureIndex": 2188
    },
    {
      "type": "Feature",
      "properties": {
        "Name": "MOA8801-001-015",
        "ROCK NAME": "BASALT",
        "LA": "5.029",
        "_featureIndex": 2189
      },
      "geometry": {
        "type": "Point",
        "coordinates": [
          128.54,
          -50.21
        ]
      },
      "_featureIndex": 2189
    },
    {
      "type": "Feature",
      "properties": {
        "Name": "VEM0033-1-003-004",
        "ROCK NAME": "BASALT",
        "LA": "4.767",
        "_featureIndex": 2190
      },
      "geometry": {
        "type": "Point",
        "coordinates": [
          135.09,
          -50.417
        ]
      },
      "_featureIndex": 2190
    },
    {
      "type": "Feature",
      "properties": {
        "Name": "VEM0033-1-003-006",
        "ROCK NAME": "BASALT",
        "LA": "4.76",
        "_featureIndex": 2191
      },
      "geometry": {
        "type": "Point",
        "coordinates": [
          135.09,
          -50.417
        ]
      },
      "_featureIndex": 2191
    },
    {
      "type": "Feature",
      "properties": {
        "Name": "MELWEST-10-132-001",
        "LA": "4.38",
        "_featureIndex": 2192
      },
      "geometry": {
        "type": "Point",
        "coordinates": [
          111.78,
          -50.21
        ]
      },
      "_featureIndex": 2192
    },
    {
      "type": "Feature",
      "properties": {
        "Name": "MELWEST-10-077-007",
        "LA": "4.17",
        "_featureIndex": 2193
      },
      "geometry": {
        "type": "Point",
        "coordinates": [
          93.773,
          -44.117
        ]
      },
      "_featureIndex": 2193
    },
    {
      "type": "Feature",
      "properties": {
        "Name": "MOA8801-029-005",
        "ROCK NAME": "BASALT",
        "LA": "4.079",
        "_featureIndex": 2194
      },
      "geometry": {
        "type": "Point",
        "coordinates": [
          124.468,
          -48.907
        ]
      },
      "_featureIndex": 2194
    },
    {
      "type": "Feature",
      "properties": {
        "Name": "VEM0033-1-004-003",
        "ROCK NAME": "BASALT",
        "LA": "4",
        "_featureIndex": 2195
      },
      "geometry": {
        "type": "Point",
        "coordinates": [
          137.555,
          -50.215
        ]
      },
      "_featureIndex": 2195
    },
    {
      "type": "Feature",
      "properties": {
        "Name": "VEM0033-1-002-019",
        "ROCK NAME": "BASALT",
        "LA": "3.97",
        "_featureIndex": 2196
      },
      "geometry": {
        "type": "Point",
        "coordinates": [
          132.55,
          -50.267
        ]
      },
      "_featureIndex": 2196
    },
    {
      "type": "Feature",
      "properties": {
        "Name": "MOA8801-030-006",
        "ROCK NAME": "BASALT",
        "LA": "3.936",
        "_featureIndex": 2197
      },
      "geometry": {
        "type": "Point",
        "coordinates": [
          124.282,
          -48.943
        ]
      },
      "_featureIndex": 2197
    },
    {
      "type": "Feature",
      "properties": {
        "Name": "MOA8801-011-017",
        "ROCK NAME": "BASALT",
        "LA": "3.872",
        "_featureIndex": 2198
      },
      "geometry": {
        "type": "Point",
        "coordinates": [
          127.652,
          -50.152
        ]
      },
      "_featureIndex": 2198
    },
    {
      "type": "Feature",
      "properties": {
        "Name": "DUF0023-004",
        "ROCK NAME": "BASALT",
        "LA": "3.82",
        "_featureIndex": 2199
      },
      "geometry": {
        "type": "Point",
        "coordinates": [
          70.323,
          -25.864
        ]
      },
      "_featureIndex": 2199
    },
    {
      "type": "Feature",
      "properties": {
        "Name": "DUF0037-007-004-D1",
        "ROCK NAME": "BASALT",
        "LA": "3.74",
        "_featureIndex": 2200
      },
      "geometry": {
        "type": "Point",
        "coordinates": [
          77.596,
          -32.665
        ]
      },
      "_featureIndex": 2200
    },
    {
      "type": "Feature",
      "properties": {
        "Name": "VEM0033-2-010-010",
        "ROCK NAME": "BASALT",
        "LA": "3.6",
        "_featureIndex": 2201
      },
      "geometry": {
        "type": "Point",
        "coordinates": [
          115.375,
          -49.917
        ]
      },
      "_featureIndex": 2201
    },
    {
      "type": "Feature",
      "properties": {
        "Name": "MELWEST-10-090-016",
        "ROCK NAME": "BASALT",
        "LA": "3.58",
        "_featureIndex": 2202
      },
      "geometry": {
        "type": "Point",
        "coordinates": [
          98.157,
          -47.711
        ]
      },
      "_featureIndex": 2202
    },
    {
      "type": "Feature",
      "properties": {
        "Name": "DUF0023-004",
        "ROCK NAME": "BASALT",
        "LA": "3.574",
        "_featureIndex": 2203
      },
      "geometry": {
        "type": "Point",
        "coordinates": [
          70.323,
          -25.864
        ]
      },
      "_featureIndex": 2203
    },
    {
      "type": "Feature",
      "properties": {
        "Name": "DUF0037-007-004-D1",
        "ROCK NAME": "BASALT",
        "LA": "3.489",
        "_featureIndex": 2204
      },
      "geometry": {
        "type": "Point",
        "coordinates": [
          77.596,
          -32.665
        ]
      },
      "_featureIndex": 2204
    },
    {
      "type": "Feature",
      "properties": {
        "Name": "MOA8801-005-001",
        "ROCK NAME": "BASALT",
        "LA": "3.488",
        "_featureIndex": 2205
      },
      "geometry": {
        "type": "Point",
        "coordinates": [
          126.52,
          -48.68
        ]
      },
      "_featureIndex": 2205
    },
    {
      "type": "Feature",
      "properties": {
        "Name": "MOA8801-004-002",
        "ROCK NAME": "BASALT",
        "LA": "3.327",
        "_featureIndex": 2206
      },
      "geometry": {
        "type": "Point",
        "coordinates": [
          127.36,
          -48.763
        ]
      },
      "_featureIndex": 2206
    },
    {
      "type": "Feature",
      "properties": {
        "Name": "MELBMRG-6-033-001",
        "LA": "3.27",
        "_featureIndex": 2207
      },
      "geometry": {
        "type": "Point",
        "coordinates": [
          88.042,
          -42.115
        ]
      },
      "_featureIndex": 2207
    },
    {
      "type": "Feature",
      "properties": {
        "Name": "MOA8801-027-071",
        "ROCK NAME": "BASALT",
        "LA": "3.21",
        "_featureIndex": 2208
      },
      "geometry": {
        "type": "Point",
        "coordinates": [
          124.965,
          -49.062
        ]
      },
      "_featureIndex": 2208
    },
    {
      "type": "Feature",
      "properties": {
        "Name": "MOA8801-006-002",
        "ROCK NAME": "BASALT",
        "LA": "3.147",
        "_featureIndex": 2209
      },
      "geometry": {
        "type": "Point",
        "coordinates": [
          126.883,
          -48.765
        ]
      },
      "_featureIndex": 2209
    },
    {
      "type": "Feature",
      "properties": {
        "Name": "MOA8801-004-001",
        "ROCK NAME": "BASALT",
        "LA": "3.145",
        "_featureIndex": 2210
      },
      "geometry": {
        "type": "Point",
        "coordinates": [
          127.36,
          -48.763
        ]
      },
      "_featureIndex": 2210
    },
    {
      "type": "Feature",
      "properties": {
        "Name": "MOA8801-026-001",
        "ROCK NAME": "BASALT",
        "LA": "3.093",
        "_featureIndex": 2211
      },
      "geometry": {
        "type": "Point",
        "coordinates": [
          124.282,
          -48.943
        ]
      },
      "_featureIndex": 2211
    },
    {
      "type": "Feature",
      "properties": {
        "Name": "MOA8801-022-013",
        "ROCK NAME": "BASALT",
        "LA": "2.988",
        "_featureIndex": 2212
      },
      "geometry": {
        "type": "Point",
        "coordinates": [
          125.892,
          -49.68
        ]
      },
      "_featureIndex": 2212
    },
    {
      "type": "Feature",
      "properties": {
        "Name": "VEM0033-1-005-005",
        "ROCK NAME": "BASALT",
        "LA": "2.89",
        "_featureIndex": 2213
      },
      "geometry": {
        "type": "Point",
        "coordinates": [
          127.08,
          -48.738
        ]
      },
      "_featureIndex": 2213
    },
    {
      "type": "Feature",
      "properties": {
        "Name": "DUF0023-002",
        "ROCK NAME": "BASALT",
        "LA": "2.61",
        "_featureIndex": 2214
      },
      "geometry": {
        "type": "Point",
        "coordinates": [
          71.925,
          -26.521
        ]
      },
      "_featureIndex": 2214
    },
    {
      "type": "Feature",
      "properties": {
        "Name": "MOA8801-016-001",
        "ROCK NAME": "BASALT",
        "LA": "2.585",
        "_featureIndex": 2215
      },
      "geometry": {
        "type": "Point",
        "coordinates": [
          127.577,
          -50.163
        ]
      },
      "_featureIndex": 2215
    },
    {
      "type": "Feature",
      "properties": {
        "Name": "VEM0033-1-004-001",
        "ROCK NAME": "BASALT",
        "LA": "2.27",
        "_featureIndex": 2216
      },
      "geometry": {
        "type": "Point",
        "coordinates": [
          137.555,
          -50.215
        ]
      },
      "_featureIndex": 2216
    },
    {
      "type": "Feature",
      "properties": {
        "Name": "MOA8801-023-001",
        "ROCK NAME": "BASALT",
        "LA": "2.115",
        "_featureIndex": 2217
      },
      "geometry": {
        "type": "Point",
        "coordinates": [
          125.658,
          -49.613
        ]
      },
      "_featureIndex": 2217
    },
    {
      "type": "Feature",
      "properties": {
        "Name": "MOA8801-017-026",
        "ROCK NAME": "BASALT",
        "LA": "2.044",
        "_featureIndex": 2218
      },
      "geometry": {
        "type": "Point",
        "coordinates": [
          127.417,
          -50.222
        ]
      },
      "_featureIndex": 2218
    }
  ]
}