{
  "type": "FeatureCollection",
  "features": [
    {
      "type": "Feature",
      "properties": {
        "Name": "ODP0119-0738C-036R-001/140-144",
        "references": "ALIBERT, 1991",
        "ROCK NAME": "BASALT",
        "SR87_SR86": "0.709017",
        "ND143_ND144": "0.512196",
        "PB207_PB204": "15.712",
        "PB206_PB204": "17.735",
        "PB208_PB204": "38.86",
        "_featureIndex": 0
      },
      "geometry": {
        "type": "Point",
        "coordinates": [
          82.7875,
          -62.709
        ]
      },
      "_featureIndex": 0
    },
    {
      "type": "Feature",
      "properties": {
        "Name": "DUF0109-006-1-4",
        "references": "BORISOVA, 2014",
        "ROCK NAME": "BASALT",
        "PB207_PB204": "15.39",
        "PB206_PB204": "17.77",
        "PB208_PB204": "38.02",
        "_featureIndex": 1
      },
      "geometry": {
        "type": "Point",
        "coordinates": [
          71.0667,
          -51.0178
        ]
      },
      "_featureIndex": 1
    },
    {
      "type": "Feature",
      "properties": {
        "Name": "DUF0109-006-4-23",
        "references": "BORISOVA, 2014",
        "ROCK NAME": "BASALT",
        "PB207_PB204": "15.6",
        "PB206_PB204": "17.94",
        "PB208_PB204": "38.36",
        "_featureIndex": 2
      },
      "geometry": {
        "type": "Point",
        "coordinates": [
          71.0667,
          -51.0178
        ]
      },
      "_featureIndex": 2
    },
    {
      "type": "Feature",
      "properties": {
        "Name": "DUF0109-006-7-22",
        "references": "BORISOVA, 2014",
        "ROCK NAME": "BASALT",
        "PB207_PB204": "15.52",
        "PB206_PB204": "17.87",
        "PB208_PB204": "38.37",
        "_featureIndex": 3
      },
      "geometry": {
        "type": "Point",
        "coordinates": [
          71.0667,
          -51.0178
        ]
      },
      "_featureIndex": 3
    },
    {
      "type": "Feature",
      "properties": {
        "Name": "ODP0120-0747C-012R-004/045-046",
        "references": "SALTERS, 1992",
        "ROCK NAME": "THOLEIITE",
        "SR87_SR86": "0.705508",
        "ND143_ND144": "0.512435",
        "PB207_PB204": "15.461",
        "PB206_PB204": "17.466",
        "PB208_PB204": "37.977",
        "_featureIndex": 4
      },
      "geometry": {
        "type": "Point",
        "coordinates": [
          76.794,
          -54.811
        ]
      },
      "_featureIndex": 4
    },
    {
      "type": "Feature",
      "properties": {
        "Name": "ODP0120-0747C-012R-002/122-124",
        "references": "SALTERS, 1992",
        "ROCK NAME": "THOLEIITE",
        "SR87_SR86": "0.70566",
        "ND143_ND144": "0.512445",
        "_featureIndex": 5
      },
      "geometry": {
        "type": "Point",
        "coordinates": [
          76.794,
          -54.811
        ]
      },
      "_featureIndex": 5
    },
    {
      "type": "Feature",
      "properties": {
        "Name": "ODP0120-0747C-016R-002/081-084",
        "references": "SALTERS, 1992",
        "ROCK NAME": "THOLEIITE",
        "SR87_SR86": "0.705866",
        "ND143_ND144": "0.51241",
        "PB207_PB204": "15.508",
        "PB206_PB204": "17.608",
        "PB208_PB204": "38.072",
        "_featureIndex": 6
      },
      "geometry": {
        "type": "Point",
        "coordinates": [
          76.794,
          -54.811
        ]
      },
      "_featureIndex": 6
    },
    {
      "type": "Feature",
      "properties": {
        "Name": "ODP0120-0747C-016R-002/085-087",
        "references": "SALTERS, 1992",
        "ROCK NAME": "THOLEIITE",
        "SR87_SR86": "0.705895",
        "ND143_ND144": "0.512452",
        "PB207_PB204": "15.643",
        "PB206_PB204": "18.275",
        "PB208_PB204": "38.459",
        "_featureIndex": 7
      },
      "geometry": {
        "type": "Point",
        "coordinates": [
          76.794,
          -54.811
        ]
      },
      "_featureIndex": 7
    },
    {
      "type": "Feature",
      "properties": {
        "Name": "ODP0120-0750B-016R-003/134-136",
        "references": "SALTERS, 1992",
        "ROCK NAME": "THOLEIITE",
        "SR87_SR86": "0.705012",
        "ND143_ND144": "0.512902",
        "PB207_PB204": "15.585",
        "PB206_PB204": "18.112",
        "PB208_PB204": "38.405",
        "_featureIndex": 8
      },
      "geometry": {
        "type": "Point",
        "coordinates": [
          81.2395,
          -57.592
        ]
      },
      "_featureIndex": 8
    },
    {
      "type": "Feature",
      "properties": {
        "Name": "ODP0120-0750B-017R-003/026-030",
        "references": "SALTERS, 1992",
        "ROCK NAME": "THOLEIITE",
        "SR87_SR86": "0.7053",
        "_featureIndex": 9
      },
      "geometry": {
        "type": "Point",
        "coordinates": [
          81.2395,
          -57.592
        ]
      },
      "_featureIndex": 9
    },
    {
      "type": "Feature",
      "properties": {
        "Name": "ODP0120-0748C-079R-007/065-067",
        "references": "SALTERS, 1992",
        "ROCK NAME": "BASALT",
        "SR87_SR86": "0.705157",
        "ND143_ND144": "0.512491",
        "PB207_PB204": "15.613",
        "PB206_PB204": "18.305",
        "PB208_PB204": "38.495",
        "_featureIndex": 10
      },
      "geometry": {
        "type": "Point",
        "coordinates": [
          78.9981,
          -58.441
        ]
      },
      "_featureIndex": 10
    },
    {
      "type": "Feature",
      "properties": {
        "Name": "ODP0120-0749C-016R-007/107-109",
        "references": "SALTERS, 1992",
        "ROCK NAME": "THOLEIITE",
        "SR87_SR86": "0.703506",
        "PB207_PB204": "15.579",
        "PB206_PB204": "18.031",
        "PB208_PB204": "38.222",
        "_featureIndex": 11
      },
      "geometry": {
        "type": "Point",
        "coordinates": [
          76.4075,
          -58.717
        ]
      },
      "_featureIndex": 11
    },
    {
      "type": "Feature",
      "properties": {
        "Name": "ODP0120-0749C-016R-007/075-077",
        "references": "SALTERS, 1992",
        "ROCK NAME": "THOLEIITE",
        "SR87_SR86": "0.703531",
        "PB207_PB204": "15.574",
        "PB206_PB204": "18.065",
        "PB208_PB204": "38.028",
        "_featureIndex": 12
      },
      "geometry": {
        "type": "Point",
        "coordinates": [
          76.4075,
          -58.717
        ]
      },
      "_featureIndex": 12
    },
    {
      "type": "Feature",
      "properties": {
        "Name": "ODP0120-0749C-015R-002/035-037",
        "references": "SALTERS, 1992",
        "ROCK NAME": "THOLEIITE",
        "SR87_SR86": "0.704237",
        "ND143_ND144": "0.512763",
        "PB207_PB204": "15.625",
        "PB206_PB204": "18.2",
        "PB208_PB204": "38.435",
        "_featureIndex": 13
      },
      "geometry": {
        "type": "Point",
        "coordinates": [
          76.4075,
          -58.717
        ]
      },
      "_featureIndex": 13
    },
    {
      "type": "Feature",
      "properties": {
        "Name": "ODP0120-0749C-012R-004/144-148",
        "references": "SALTERS, 1992",
        "ROCK NAME": "THOLEIITE",
        "SR87_SR86": "0.704268",
        "PB207_PB204": "15.587",
        "PB206_PB204": "17.98",
        "PB208_PB204": "38.204",
        "_featureIndex": 14
      },
      "geometry": {
        "type": "Point",
        "coordinates": [
          76.4075,
          -58.717
        ]
      },
      "_featureIndex": 14
    },
    {
      "type": "Feature",
      "properties": {
        "Name": "ODP0120-0749C-015R-005/127-130",
        "references": "SALTERS, 1992",
        "ROCK NAME": "THOLEIITE",
        "SR87_SR86": "0.704306",
        "ND143_ND144": "0.512764",
        "PB207_PB204": "15.587",
        "PB206_PB204": "17.978",
        "PB208_PB204": "38.213",
        "_featureIndex": 15
      },
      "geometry": {
        "type": "Point",
        "coordinates": [
          76.4075,
          -58.717
        ]
      },
      "_featureIndex": 15
    },
    {
      "type": "Feature",
      "properties": {
        "Name": "ODP0183-1140-028R-003/029-032",
        "references": "WEIS, 2002",
        "ROCK NAME": "BASALT",
        "SR87_SR86": "0.70338",
        "ND143_ND144": "0.513008",
        "PB207_PB204": "15.54",
        "PB206_PB204": "18.237",
        "PB208_PB204": "38.45",
        "_featureIndex": 16
      },
      "geometry": {
        "type": "Point",
        "coordinates": [
          68.492,
          -46.277
        ]
      },
      "_featureIndex": 16
    },
    {
      "type": "Feature",
      "properties": {
        "Name": "ODP0183-1140-027R-002/000-005",
        "references": "WEIS, 2002",
        "ROCK NAME": "BASALT",
        "SR87_SR86": "0.70339",
        "ND143_ND144": "0.513013",
        "PB207_PB204": "15.532",
        "PB206_PB204": "18.219",
        "PB208_PB204": "38.38",
        "_featureIndex": 17
      },
      "geometry": {
        "type": "Point",
        "coordinates": [
          68.492,
          -46.277
        ]
      },
      "_featureIndex": 17
    },
    {
      "type": "Feature",
      "properties": {
        "Name": "ODP0183-1140-025R-006/051-058",
        "references": "WEIS, 2002",
        "ROCK NAME": "BASALT",
        "SR87_SR86": "0.70342",
        "ND143_ND144": "0.513025",
        "PB207_PB204": "15.502",
        "PB206_PB204": "18.231",
        "PB208_PB204": "38.4",
        "_featureIndex": 18
      },
      "geometry": {
        "type": "Point",
        "coordinates": [
          68.492,
          -46.277
        ]
      },
      "_featureIndex": 18
    },
    {
      "type": "Feature",
      "properties": {
        "Name": "ODP0183-1140-026R-001/007-010",
        "references": "WEIS, 2002",
        "ROCK NAME": "BASALT",
        "SR87_SR86": "0.70334",
        "ND143_ND144": "0.513001",
        "PB207_PB204": "15.531",
        "PB206_PB204": "18.172",
        "PB208_PB204": "38.28",
        "_featureIndex": 19
      },
      "geometry": {
        "type": "Point",
        "coordinates": [
          68.492,
          -46.277
        ]
      },
      "_featureIndex": 19
    },
    {
      "type": "Feature",
      "properties": {
        "Name": "ODP0183-1140-037R-004/023-032",
        "references": "WEIS, 2002",
        "ROCK NAME": "BASALT",
        "SR87_SR86": "0.70368",
        "ND143_ND144": "0.512961",
        "PB207_PB204": "15.526",
        "PB206_PB204": "18.387",
        "PB208_PB204": "38.57",
        "_featureIndex": 20
      },
      "geometry": {
        "type": "Point",
        "coordinates": [
          68.492,
          -46.277
        ]
      },
      "_featureIndex": 20
    },
    {
      "type": "Feature",
      "properties": {
        "Name": "ODP0183-1140-034R-006/033-039",
        "references": "WEIS, 2002",
        "ROCK NAME": "BASALT",
        "SR87_SR86": "0.70369",
        "ND143_ND144": "0.512949",
        "PB207_PB204": "15.533",
        "PB206_PB204": "18.383",
        "PB208_PB204": "38.55",
        "_featureIndex": 21
      },
      "geometry": {
        "type": "Point",
        "coordinates": [
          68.492,
          -46.277
        ]
      },
      "_featureIndex": 21
    },
    {
      "type": "Feature",
      "properties": {
        "Name": "ODP0183-1140-036R-003/097-118",
        "references": "WEIS, 2002",
        "ROCK NAME": "BASALT",
        "SR87_SR86": "0.70369",
        "ND143_ND144": "0.512958",
        "PB207_PB204": "15.527",
        "PB206_PB204": "18.386",
        "PB208_PB204": "38.58",
        "_featureIndex": 22
      },
      "geometry": {
        "type": "Point",
        "coordinates": [
          68.492,
          -46.277
        ]
      },
      "_featureIndex": 22
    },
    {
      "type": "Feature",
      "properties": {
        "Name": "ODP0183-1140-035R-004/050-052",
        "references": "WEIS, 2002",
        "ROCK NAME": "BASALT",
        "SR87_SR86": "0.70369",
        "ND143_ND144": "0.512942",
        "PB207_PB204": "15.543",
        "PB206_PB204": "18.421",
        "PB208_PB204": "38.61",
        "_featureIndex": 23
      },
      "geometry": {
        "type": "Point",
        "coordinates": [
          68.492,
          -46.277
        ]
      },
      "_featureIndex": 23
    },
    {
      "type": "Feature",
      "properties": {
        "Name": "ODP0183-1140-033R-002/078-081",
        "references": "WEIS, 2002",
        "ROCK NAME": "BASALT",
        "SR87_SR86": "0.70373",
        "ND143_ND144": "0.512924",
        "PB207_PB204": "15.539",
        "PB206_PB204": "18.386",
        "PB208_PB204": "38.6",
        "_featureIndex": 24
      },
      "geometry": {
        "type": "Point",
        "coordinates": [
          68.492,
          -46.277
        ]
      },
      "_featureIndex": 24
    },
    {
      "type": "Feature",
      "properties": {
        "Name": "ODP0183-1140-033R-003/019-024",
        "references": "WEIS, 2002",
        "ROCK NAME": "BASALT",
        "SR87_SR86": "0.70375",
        "ND143_ND144": "0.512952",
        "PB207_PB204": "15.553",
        "PB206_PB204": "18.413",
        "PB208_PB204": "38.67",
        "_featureIndex": 25
      },
      "geometry": {
        "type": "Point",
        "coordinates": [
          68.492,
          -46.277
        ]
      },
      "_featureIndex": 25
    },
    {
      "type": "Feature",
      "properties": {
        "Name": "ODP0183-1140-037R-003/104-108",
        "references": "WEIS, 2002",
        "ROCK NAME": "BASALT",
        "SR87_SR86": "0.70365",
        "ND143_ND144": "0.512937",
        "PB207_PB204": "15.561",
        "PB206_PB204": "18.477",
        "PB208_PB204": "38.7",
        "_featureIndex": 26
      },
      "geometry": {
        "type": "Point",
        "coordinates": [
          68.492,
          -46.277
        ]
      },
      "_featureIndex": 26
    },
    {
      "type": "Feature",
      "properties": {
        "Name": "ODP0183-1140-032R-004/000-006",
        "references": "WEIS, 2002",
        "ROCK NAME": "BASALT",
        "SR87_SR86": "0.7037",
        "ND143_ND144": "0.512945",
        "PB207_PB204": "15.551",
        "PB206_PB204": "18.574",
        "PB208_PB204": "38.63",
        "_featureIndex": 27
      },
      "geometry": {
        "type": "Point",
        "coordinates": [
          68.492,
          -46.277
        ]
      },
      "_featureIndex": 27
    },
    {
      "type": "Feature",
      "properties": {
        "Name": "ODP0183-1140-033R-001/122-126",
        "references": "WEIS, 2002",
        "ROCK NAME": "BASALT",
        "SR87_SR86": "0.70369",
        "ND143_ND144": "0.51295",
        "PB207_PB204": "15.535",
        "PB206_PB204": "18.416",
        "PB208_PB204": "38.6",
        "_featureIndex": 28
      },
      "geometry": {
        "type": "Point",
        "coordinates": [
          68.492,
          -46.277
        ]
      },
      "_featureIndex": 28
    },
    {
      "type": "Feature",
      "properties": {
        "Name": "ODP0183-1140-031R-001/095-105",
        "references": "WEIS, 2002",
        "ROCK NAME": "BASALT",
        "SR87_SR86": "0.70422",
        "ND143_ND144": "0.512815",
        "PB207_PB204": "15.555",
        "PB206_PB204": "18.512",
        "PB208_PB204": "38.83",
        "_featureIndex": 29
      },
      "geometry": {
        "type": "Point",
        "coordinates": [
          68.492,
          -46.277
        ]
      },
      "_featureIndex": 29
    },
    {
      "type": "Feature",
      "properties": {
        "Name": "ODP0183-1140-031R-001/053-057",
        "references": "WEIS, 2002",
        "ROCK NAME": "BASALT",
        "SR87_SR86": "0.7042",
        "ND143_ND144": "0.512812",
        "PB207_PB204": "15.564",
        "PB206_PB204": "18.524",
        "PB208_PB204": "38.87",
        "_featureIndex": 30
      },
      "geometry": {
        "type": "Point",
        "coordinates": [
          68.492,
          -46.277
        ]
      },
      "_featureIndex": 30
    },
    {
      "type": "Feature",
      "properties": {
        "Name": "ODP0183-1140-031R-001/057-061",
        "references": "WEIS, 2002",
        "ROCK NAME": "BASALT",
        "SR87_SR86": "0.70425",
        "ND143_ND144": "0.512829",
        "PB207_PB204": "15.575",
        "PB206_PB204": "18.544",
        "PB208_PB204": "38.91",
        "_featureIndex": 31
      },
      "geometry": {
        "type": "Point",
        "coordinates": [
          68.492,
          -46.277
        ]
      },
      "_featureIndex": 31
    },
    {
      "type": "Feature",
      "properties": {
        "Name": "ODP0183-1140-032R-001/055-057",
        "references": "WEIS, 2002",
        "ROCK NAME": "BASALT",
        "SR87_SR86": "0.70439",
        "ND143_ND144": "0.512767",
        "PB207_PB204": "15.577",
        "PB206_PB204": "18.605",
        "PB208_PB204": "39.01",
        "_featureIndex": 32
      },
      "geometry": {
        "type": "Point",
        "coordinates": [
          68.492,
          -46.277
        ]
      },
      "_featureIndex": 32
    },
    {
      "type": "Feature",
      "properties": {
        "Name": "ODP0183-1140-032R-002/045-050",
        "references": "WEIS, 2002",
        "ROCK NAME": "BASALT",
        "SR87_SR86": "0.7044",
        "ND143_ND144": "0.512785",
        "PB207_PB204": "15.589",
        "PB206_PB204": "18.61",
        "PB208_PB204": "39.02",
        "_featureIndex": 33
      },
      "geometry": {
        "type": "Point",
        "coordinates": [
          68.492,
          -46.277
        ]
      },
      "_featureIndex": 33
    },
    {
      "type": "Feature",
      "properties": {
        "Name": "ODP0183-1140-031R-002/020-024",
        "references": "WEIS, 2002",
        "ROCK NAME": "BASALT",
        "SR87_SR86": "0.70443",
        "ND143_ND144": "0.512783",
        "PB207_PB204": "15.576",
        "PB206_PB204": "18.59",
        "PB208_PB204": "38.97",
        "_featureIndex": 34
      },
      "geometry": {
        "type": "Point",
        "coordinates": [
          68.492,
          -46.277
        ]
      },
      "_featureIndex": 34
    },
    {
      "type": "Feature",
      "properties": {
        "Name": "ODP0183-1140-032R-001/126-131",
        "references": "WEIS, 2002",
        "ROCK NAME": "BASALT",
        "SR87_SR86": "0.70443",
        "ND143_ND144": "0.512791",
        "PB207_PB204": "15.567",
        "PB206_PB204": "18.608",
        "PB208_PB204": "39",
        "_featureIndex": 35
      },
      "geometry": {
        "type": "Point",
        "coordinates": [
          68.492,
          -46.277
        ]
      },
      "_featureIndex": 35
    },
    {
      "type": "Feature",
      "properties": {
        "Name": "CON2708-008-E1A",
        "references": "GEOCHEMICAL CHARACTERISTICS OF LAVAS FROM BROKEN RIDGE, THE NATURALISTE PLATEAU AND SOUTHERNMOST KERGUELEN PLATEAU: CRETACEOUS PLATEAU VOLCANISM IN THE SOUTHEAST INDIAN OCEAN",
        "ROCK NAME": "BASALT",
        "SR87_SR86": "0.70709",
        "PB207_PB204": "15.65",
        "PB206_PB204": "17.997",
        "PB208_PB204": "39.273",
        "_featureIndex": 36
      },
      "geometry": {
        "type": "Point",
        "coordinates": [
          98.3409,
          -32.4066
        ]
      },
      "_featureIndex": 36
    },
    {
      "type": "Feature",
      "properties": {
        "Name": "D8-E-1A_UNLEACHED",
        "references": "GEOCHEMICAL CHARACTERISTICS OF LAVAS FROM BROKEN RIDGE, THE NATURALISTE PLATEAU AND SOUTHERNMOST KERGUELEN PLATEAU: CRETACEOUS PLATEAU VOLCANISM IN THE SOUTHEAST INDIAN OCEAN",
        "ROCK NAME": "BASALT",
        "PB207_PB204": "15.65",
        "PB206_PB204": "17.997",
        "PB208_PB204": "39.273",
        "_featureIndex": 37
      },
      "geometry": {
        "type": "Point",
        "coordinates": [
          98.33,
          -32.4
        ]
      },
      "_featureIndex": 37
    },
    {
      "type": "Feature",
      "properties": {
        "Name": "CON2708-008-001",
        "references": "GEOCHEMICAL CHARACTERISTICS OF LAVAS FROM BROKEN RIDGE, THE NATURALISTE PLATEAU AND SOUTHERNMOST KERGUELEN PLATEAU: CRETACEOUS PLATEAU VOLCANISM IN THE SOUTHEAST INDIAN OCEAN",
        "ROCK NAME": "BASALT",
        "SR87_SR86": "0.70734",
        "PB207_PB204": "15.625",
        "PB206_PB204": "17.982",
        "PB208_PB204": "39.059",
        "_featureIndex": 38
      },
      "geometry": {
        "type": "Point",
        "coordinates": [
          98.3409,
          -32.4066
        ]
      },
      "_featureIndex": 38
    },
    {
      "type": "Feature",
      "properties": {
        "Name": "ODP0183-1142A-09R-003/091-094",
        "references": "MANTLE SOURCES AND THE HIGHLY VARIABLE ROLE OF CONTINENTAL LITHOSPHERE IN BASALT PETROGENESIS OF THE KERGUELEN PLATEAU AND BROKEN RIDGE LIP: RESULTS FROM ODP LEG 183",
        "ROCK NAME": "ALKALI BASALT",
        "SR87_SR86": "0.70591",
        "ND143_ND144": "0.512675",
        "PB207_PB204": "15.625",
        "PB206_PB204": "17.998",
        "PB208_PB204": "38.97",
        "_featureIndex": 39
      },
      "geometry": {
        "type": "Point",
        "coordinates": [
          97.1255,
          -32.2324
        ]
      },
      "_featureIndex": 39
    },
    {
      "type": "Feature",
      "properties": {
        "Name": "183-1142A9R3,91-94_LEACHED",
        "references": "MANTLE SOURCES AND THE HIGHLY VARIABLE ROLE OF CONTINENTAL LITHOSPHERE IN BASALT PETROGENESIS OF THE KERGUELEN PLATEAU AND BROKEN RIDGE LIP: RESULTS FROM ODP LEG 183",
        "ROCK NAME": "BASALT",
        "SR87_SR86": "0.70591",
        "ND143_ND144": "0.512675",
        "PB207_PB204": "15.625",
        "PB206_PB204": "17.998",
        "PB208_PB204": "38.97",
        "_featureIndex": 40
      },
      "geometry": {
        "type": "Point",
        "coordinates": [
          97.125,
          -32.2317
        ]
      },
      "_featureIndex": 40
    },
    {
      "type": "Feature",
      "properties": {
        "Name": "M-D8-1_LEACHED",
        "references": "GEOCHEMICAL CHARACTERISTICS OF LAVAS FROM BROKEN RIDGE, THE NATURALISTE PLATEAU AND SOUTHERNMOST KERGUELEN PLATEAU: CRETACEOUS PLATEAU VOLCANISM IN THE SOUTHEAST INDIAN OCEAN",
        "ROCK NAME": "BASALT",
        "PB207_PB204": "15.625",
        "PB206_PB204": "17.982",
        "PB208_PB204": "39.059",
        "_featureIndex": 41
      },
      "geometry": {
        "type": "Point",
        "coordinates": [
          98.33,
          -32.4
        ]
      },
      "_featureIndex": 41
    },
    {
      "type": "Feature",
      "properties": {
        "Name": "ODP0183-1141A-018R-002-01",
        "references": "MANTLE SOURCES AND THE HIGHLY VARIABLE ROLE OF CONTINENTAL LITHOSPHERE IN BASALT PETROGENESIS OF THE KERGUELEN PLATEAU AND BROKEN RIDGE LIP: RESULTS FROM ODP LEG 183",
        "ROCK NAME": "ALKALI BASALT",
        "SR87_SR86": "0.70563",
        "ND143_ND144": "0.512646",
        "PB207_PB204": "15.616",
        "PB206_PB204": "18.101",
        "PB208_PB204": "38.873",
        "_featureIndex": 42
      },
      "geometry": {
        "type": "Point",
        "coordinates": [
          97.1282,
          -32.2266
        ]
      },
      "_featureIndex": 42
    },
    {
      "type": "Feature",
      "properties": {
        "Name": "183-1141A-18R2,1",
        "references": "MANTLE SOURCES AND THE HIGHLY VARIABLE ROLE OF CONTINENTAL LITHOSPHERE IN BASALT PETROGENESIS OF THE KERGUELEN PLATEAU AND BROKEN RIDGE LIP: RESULTS FROM ODP LEG 183",
        "ROCK NAME": "BASALT",
        "PB207_PB204": "15.616",
        "PB206_PB204": "18.101",
        "PB208_PB204": "38.873",
        "_featureIndex": 43
      },
      "geometry": {
        "type": "Point",
        "coordinates": [
          97.1283,
          -32.2267
        ]
      },
      "_featureIndex": 43
    },
    {
      "type": "Feature",
      "properties": {
        "Name": "183-1141A-18R2,1",
        "references": "MANTLE SOURCES AND THE HIGHLY VARIABLE ROLE OF CONTINENTAL LITHOSPHERE IN BASALT PETROGENESIS OF THE KERGUELEN PLATEAU AND BROKEN RIDGE LIP: RESULTS FROM ODP LEG 183",
        "ROCK NAME": "BASALT",
        "SR87_SR86": "0.70563",
        "ND143_ND144": "0.512646",
        "PB207_PB204": "15.615",
        "PB206_PB204": "18.1",
        "PB208_PB204": "38.88",
        "_featureIndex": 44
      },
      "geometry": {
        "type": "Point",
        "coordinates": [
          97.1283,
          -32.2267
        ]
      },
      "_featureIndex": 44
    },
    {
      "type": "Feature",
      "properties": {
        "Name": "CON2708-010-003",
        "references": "GEOCHEMICAL CHARACTERISTICS OF LAVAS FROM BROKEN RIDGE, THE NATURALISTE PLATEAU AND SOUTHERNMOST KERGUELEN PLATEAU: CRETACEOUS PLATEAU VOLCANISM IN THE SOUTHEAST INDIAN OCEAN",
        "ROCK NAME": "BASALT",
        "SR87_SR86": "0.70557",
        "PB207_PB204": "15.614",
        "PB206_PB204": "18.473",
        "PB208_PB204": "39.223",
        "_featureIndex": 45
      },
      "geometry": {
        "type": "Point",
        "coordinates": [
          93.7016,
          -31.2416
        ]
      },
      "_featureIndex": 45
    },
    {
      "type": "Feature",
      "properties": {
        "Name": "M-D10-3",
        "references": "GEOCHEMICAL CHARACTERISTICS OF LAVAS FROM BROKEN RIDGE, THE NATURALISTE PLATEAU AND SOUTHERNMOST KERGUELEN PLATEAU: CRETACEOUS PLATEAU VOLCANISM IN THE SOUTHEAST INDIAN OCEAN",
        "ROCK NAME": "BASALT",
        "PB207_PB204": "15.614",
        "PB206_PB204": "18.473",
        "PB208_PB204": "39.223",
        "_featureIndex": 46
      },
      "geometry": {
        "type": "Point",
        "coordinates": [
          93.7,
          -31.23
        ]
      },
      "_featureIndex": 46
    },
    {
      "type": "Feature",
      "properties": {
        "Name": "ODP0183-1141A-023R-004-02",
        "references": "MANTLE SOURCES AND THE HIGHLY VARIABLE ROLE OF CONTINENTAL LITHOSPHERE IN BASALT PETROGENESIS OF THE KERGUELEN PLATEAU AND BROKEN RIDGE LIP: RESULTS FROM ODP LEG 183",
        "ROCK NAME": "ALKALI BASALT",
        "SR87_SR86": "0.70551",
        "ND143_ND144": "0.512629",
        "PB207_PB204": "15.604",
        "PB206_PB204": "18.125",
        "PB208_PB204": "38.8",
        "_featureIndex": 47
      },
      "geometry": {
        "type": "Point",
        "coordinates": [
          97.1282,
          -32.2266
        ]
      },
      "_featureIndex": 47
    },
    {
      "type": "Feature",
      "properties": {
        "Name": "183-1141A-23R4,2",
        "references": "MANTLE SOURCES AND THE HIGHLY VARIABLE ROLE OF CONTINENTAL LITHOSPHERE IN BASALT PETROGENESIS OF THE KERGUELEN PLATEAU AND BROKEN RIDGE LIP: RESULTS FROM ODP LEG 183",
        "ROCK NAME": "BASALT",
        "SR87_SR86": "0.70551",
        "ND143_ND144": "0.512629",
        "PB207_PB204": "15.604",
        "PB206_PB204": "18.125",
        "PB208_PB204": "38.8",
        "_featureIndex": 48
      },
      "geometry": {
        "type": "Point",
        "coordinates": [
          97.1283,
          -32.2267
        ]
      },
      "_featureIndex": 48
    },
    {
      "type": "Feature",
      "properties": {
        "Name": "ODP0183-1141A-013R-001-01",
        "references": "MANTLE SOURCES AND THE HIGHLY VARIABLE ROLE OF CONTINENTAL LITHOSPHERE IN BASALT PETROGENESIS OF THE KERGUELEN PLATEAU AND BROKEN RIDGE LIP: RESULTS FROM ODP LEG 183",
        "ROCK NAME": "ALKALI BASALT",
        "SR87_SR86": "0.70545",
        "ND143_ND144": "0.512656",
        "PB207_PB204": "15.598",
        "PB206_PB204": "18.092",
        "PB208_PB204": "38.732",
        "_featureIndex": 49
      },
      "geometry": {
        "type": "Point",
        "coordinates": [
          97.1282,
          -32.2266
        ]
      },
      "_featureIndex": 49
    },
    {
      "type": "Feature",
      "properties": {
        "Name": "183-1141A-13R1,1_LEACHED",
        "references": "MANTLE SOURCES AND THE HIGHLY VARIABLE ROLE OF CONTINENTAL LITHOSPHERE IN BASALT PETROGENESIS OF THE KERGUELEN PLATEAU AND BROKEN RIDGE LIP: RESULTS FROM ODP LEG 183",
        "ROCK NAME": "BASALT",
        "SR87_SR86": "0.70545",
        "ND143_ND144": "0.512656",
        "PB207_PB204": "15.598",
        "PB206_PB204": "18.092",
        "PB208_PB204": "38.732",
        "_featureIndex": 50
      },
      "geometry": {
        "type": "Point",
        "coordinates": [
          97.1283,
          -32.2267
        ]
      },
      "_featureIndex": 50
    },
    {
      "type": "Feature",
      "properties": {
        "Name": "ODP0183-1142A-02R-001-02A",
        "references": "MANTLE SOURCES AND THE HIGHLY VARIABLE ROLE OF CONTINENTAL LITHOSPHERE IN BASALT PETROGENESIS OF THE KERGUELEN PLATEAU AND BROKEN RIDGE LIP: RESULTS FROM ODP LEG 183",
        "ROCK NAME": "ALKALI BASALT",
        "SR87_SR86": "0.70548",
        "ND143_ND144": "0.51262",
        "PB207_PB204": "15.596",
        "PB206_PB204": "18.104",
        "PB208_PB204": "38.78",
        "_featureIndex": 51
      },
      "geometry": {
        "type": "Point",
        "coordinates": [
          97.1255,
          -32.2324
        ]
      },
      "_featureIndex": 51
    },
    {
      "type": "Feature",
      "properties": {
        "Name": "183-1142A2R1,2A",
        "references": "MANTLE SOURCES AND THE HIGHLY VARIABLE ROLE OF CONTINENTAL LITHOSPHERE IN BASALT PETROGENESIS OF THE KERGUELEN PLATEAU AND BROKEN RIDGE LIP: RESULTS FROM ODP LEG 183",
        "ROCK NAME": "BASALT",
        "SR87_SR86": "0.70548",
        "ND143_ND144": "0.51262",
        "PB207_PB204": "15.596",
        "PB206_PB204": "18.104",
        "PB208_PB204": "38.78",
        "_featureIndex": 52
      },
      "geometry": {
        "type": "Point",
        "coordinates": [
          97.125,
          -32.2317
        ]
      },
      "_featureIndex": 52
    },
    {
      "type": "Feature",
      "properties": {
        "Name": "183-1141A-23R4,2_LEACHED",
        "references": "MANTLE SOURCES AND THE HIGHLY VARIABLE ROLE OF CONTINENTAL LITHOSPHERE IN BASALT PETROGENESIS OF THE KERGUELEN PLATEAU AND BROKEN RIDGE LIP: RESULTS FROM ODP LEG 183",
        "ROCK NAME": "BASALT",
        "SR87_SR86": "0.70549",
        "ND143_ND144": "0.51265",
        "PB207_PB204": "15.592",
        "PB206_PB204": "18.1",
        "PB208_PB204": "38.716",
        "_featureIndex": 53
      },
      "geometry": {
        "type": "Point",
        "coordinates": [
          97.1283,
          -32.2267
        ]
      },
      "_featureIndex": 53
    },
    {
      "type": "Feature",
      "properties": {
        "Name": "183-1141A-23R4,2_LEACHED",
        "references": "MANTLE SOURCES AND THE HIGHLY VARIABLE ROLE OF CONTINENTAL LITHOSPHERE IN BASALT PETROGENESIS OF THE KERGUELEN PLATEAU AND BROKEN RIDGE LIP: RESULTS FROM ODP LEG 183",
        "ROCK NAME": "BASALT",
        "PB207_PB204": "15.591",
        "PB206_PB204": "18.1",
        "PB208_PB204": "38.709",
        "_featureIndex": 54
      },
      "geometry": {
        "type": "Point",
        "coordinates": [
          97.1283,
          -32.2267
        ]
      },
      "_featureIndex": 54
    },
    {
      "type": "Feature",
      "properties": {
        "Name": "183-1142A2R1,2A_LEACHED",
        "references": "MANTLE SOURCES AND THE HIGHLY VARIABLE ROLE OF CONTINENTAL LITHOSPHERE IN BASALT PETROGENESIS OF THE KERGUELEN PLATEAU AND BROKEN RIDGE LIP: RESULTS FROM ODP LEG 183",
        "ROCK NAME": "BASALT",
        "SR87_SR86": "0.70545",
        "ND143_ND144": "0.512647",
        "PB207_PB204": "15.59",
        "PB206_PB204": "18.085",
        "PB208_PB204": "38.722",
        "_featureIndex": 55
      },
      "geometry": {
        "type": "Point",
        "coordinates": [
          97.125,
          -32.2317
        ]
      },
      "_featureIndex": 55
    },
    {
      "type": "Feature",
      "properties": {
        "Name": "CON2708-010-001",
        "references": "GEOCHEMICAL CHARACTERISTICS OF LAVAS FROM BROKEN RIDGE, THE NATURALISTE PLATEAU AND SOUTHERNMOST KERGUELEN PLATEAU: CRETACEOUS PLATEAU VOLCANISM IN THE SOUTHEAST INDIAN OCEAN",
        "ROCK NAME": "BASALT",
        "SR87_SR86": "0.70588",
        "PB207_PB204": "15.543",
        "PB206_PB204": "18.002",
        "PB208_PB204": "38.879",
        "_featureIndex": 56
      },
      "geometry": {
        "type": "Point",
        "coordinates": [
          93.7016,
          -31.2416
        ]
      },
      "_featureIndex": 56
    },
    {
      "type": "Feature",
      "properties": {
        "Name": "M-D10-1_LEACHED",
        "references": "GEOCHEMICAL CHARACTERISTICS OF LAVAS FROM BROKEN RIDGE, THE NATURALISTE PLATEAU AND SOUTHERNMOST KERGUELEN PLATEAU: CRETACEOUS PLATEAU VOLCANISM IN THE SOUTHEAST INDIAN OCEAN",
        "ROCK NAME": "BASALT",
        "PB207_PB204": "15.543",
        "PB206_PB204": "18.002",
        "PB208_PB204": "38.879",
        "_featureIndex": 57
      },
      "geometry": {
        "type": "Point",
        "coordinates": [
          93.7,
          -31.23
        ]
      },
      "_featureIndex": 57
    },
    {
      "type": "Feature",
      "properties": {
        "Name": "CON2708-009-003",
        "references": "GEOCHEMICAL CHARACTERISTICS OF LAVAS FROM BROKEN RIDGE, THE NATURALISTE PLATEAU AND SOUTHERNMOST KERGUELEN PLATEAU: CRETACEOUS PLATEAU VOLCANISM IN THE SOUTHEAST INDIAN OCEAN",
        "ROCK NAME": "BASALT",
        "SR87_SR86": "0.70461",
        "PB207_PB204": "15.513",
        "PB206_PB204": "18.128",
        "PB208_PB204": "38.453",
        "_featureIndex": 58
      },
      "geometry": {
        "type": "Point",
        "coordinates": [
          93.7066,
          -31.265
        ]
      },
      "_featureIndex": 58
    },
    {
      "type": "Feature",
      "properties": {
        "Name": "M-D9-3_LEACHED",
        "references": "GEOCHEMICAL CHARACTERISTICS OF LAVAS FROM BROKEN RIDGE, THE NATURALISTE PLATEAU AND SOUTHERNMOST KERGUELEN PLATEAU: CRETACEOUS PLATEAU VOLCANISM IN THE SOUTHEAST INDIAN OCEAN",
        "ROCK NAME": "BASALT",
        "PB207_PB204": "15.513",
        "PB206_PB204": "18.128",
        "PB208_PB204": "38.453",
        "_featureIndex": 59
      },
      "geometry": {
        "type": "Point",
        "coordinates": [
          93.33,
          -31.4
        ]
      },
      "_featureIndex": 59
    },
    {
      "type": "Feature",
      "properties": {
        "Name": "CON2708-002",
        "references": "GEOCHEMICAL CHARACTERISTICS OF LAVAS FROM BROKEN RIDGE, THE NATURALISTE PLATEAU AND SOUTHERNMOST KERGUELEN PLATEAU: CRETACEOUS PLATEAU VOLCANISM IN THE SOUTHEAST INDIAN OCEAN",
        "ROCK NAME": "BASALT",
        "SR87_SR86": "0.70399",
        "PB207_PB204": "15.498",
        "PB206_PB204": "18.249",
        "PB208_PB204": "38.398",
        "_featureIndex": 60
      },
      "geometry": {
        "type": "Point",
        "coordinates": [
          93.7016,
          -31.2416
        ]
      },
      "_featureIndex": 60
    },
    {
      "type": "Feature",
      "properties": {
        "Name": "M-D-2_UNLEACHED",
        "references": "GEOCHEMICAL CHARACTERISTICS OF LAVAS FROM BROKEN RIDGE, THE NATURALISTE PLATEAU AND SOUTHERNMOST KERGUELEN PLATEAU: CRETACEOUS PLATEAU VOLCANISM IN THE SOUTHEAST INDIAN OCEAN",
        "ROCK NAME": "BASALT",
        "PB207_PB204": "15.498",
        "PB206_PB204": "18.249",
        "PB208_PB204": "38.398",
        "_featureIndex": 61
      },
      "geometry": {
        "type": "Point",
        "coordinates": [
          93.7,
          -31.23
        ]
      },
      "_featureIndex": 61
    },
    {
      "type": "Feature",
      "properties": {
        "Name": "RRKNOX06-D17-30",
        "references": "DEPLETED COMPONENTS IN THE SOURCE OF HOTSPOT MAGMAS: EVIDENCE FROM TEH NINETYEAST RIDGE(KERGUELEN)",
        "ROCK NAME": "BASALT",
        "ND143_ND144": "0.51305",
        "_featureIndex": 62
      },
      "geometry": {
        "type": "Point",
        "coordinates": [
          89.35,
          -11.27
        ]
      },
      "_featureIndex": 62
    },
    {
      "type": "Feature",
      "properties": {
        "Name": "RRKNOX06-D26-71",
        "references": "DEPLETED COMPONENTS IN THE SOURCE OF HOTSPOT MAGMAS: EVIDENCE FROM TEH NINETYEAST RIDGE(KERGUELEN)",
        "ROCK NAME": "BASALT",
        "ND143_ND144": "0.513034",
        "_featureIndex": 63
      },
      "geometry": {
        "type": "Point",
        "coordinates": [
          88.7582,
          -17.9853
        ]
      },
      "_featureIndex": 63
    },
    {
      "type": "Feature",
      "properties": {
        "Name": "ODP0121-0756D-006R-003/000-008",
        "references": "CHEMICAL AND ISOTOPIC CONSTRAINTS ON THE ORIGIN OF BASALT FROM NINETYEAST RIDGE, INDIAN OCEAN: RESULTS FROM DSDP LEGS 22 AND 26 AND ODP LEG 121",
        "ROCK NAME": "THOLEIITE",
        "PB207_PB204": "15.524",
        "PB206_PB204": "18.633",
        "PB208_PB204": "38.883",
        "_featureIndex": 64
      },
      "geometry": {
        "type": "Point",
        "coordinates": [
          87.597,
          -27.355
        ]
      },
      "_featureIndex": 64
    },
    {
      "type": "Feature",
      "properties": {
        "Name": "RRKNOX06-D26-36",
        "references": "DEPLETED COMPONENTS IN THE SOURCE OF HOTSPOT MAGMAS: EVIDENCE FROM TEH NINETYEAST RIDGE(KERGUELEN)",
        "ROCK NAME": "BASALT",
        "ND143_ND144": "0.513026",
        "_featureIndex": 65
      },
      "geometry": {
        "type": "Point",
        "coordinates": [
          88.7582,
          -17.9853
        ]
      },
      "_featureIndex": 65
    },
    {
      "type": "Feature",
      "properties": {
        "Name": "ODP0121-0757C-012R-001/104-110",
        "references": "CHEMICAL AND ISOTOPIC CONSTRAINTS ON THE ORIGIN OF BASALT FROM NINETYEAST RIDGE, INDIAN OCEAN: RESULTS FROM DSDP LEGS 22 AND 26 AND ODP LEG 121",
        "ROCK NAME": "THOLEIITE",
        "SR87_SR86": "0.7047",
        "ND143_ND144": "0.512765",
        "PB207_PB204": "15.565",
        "PB206_PB204": "18.82",
        "PB208_PB204": "39.029",
        "_featureIndex": 66
      },
      "geometry": {
        "type": "Point",
        "coordinates": [
          88.18,
          -17.023
        ]
      },
      "_featureIndex": 66
    },
    {
      "type": "Feature",
      "properties": {
        "Name": "RRKNOX06-D17-53",
        "references": "DEPLETED COMPONENTS IN THE SOURCE OF HOTSPOT MAGMAS: EVIDENCE FROM TEH NINETYEAST RIDGE(KERGUELEN)",
        "ROCK NAME": "BASALT",
        "ND143_ND144": "0.513016",
        "_featureIndex": 67
      },
      "geometry": {
        "type": "Point",
        "coordinates": [
          89.35,
          -11.27
        ]
      },
      "_featureIndex": 67
    },
    {
      "type": "Feature",
      "properties": {
        "Name": "ODP0121-0757C-009R-002/000-010",
        "references": "CHEMICAL AND ISOTOPIC CONSTRAINTS ON THE ORIGIN OF BASALT FROM NINETYEAST RIDGE, INDIAN OCEAN: RESULTS FROM DSDP LEGS 22 AND 26 AND ODP LEG 121",
        "ROCK NAME": "THOLEIITE",
        "SR87_SR86": "0.70445",
        "_featureIndex": 68
      },
      "geometry": {
        "type": "Point",
        "coordinates": [
          88.18,
          -17.023
        ]
      },
      "_featureIndex": 68
    },
    {
      "type": "Feature",
      "properties": {
        "Name": "RRKNOX06-D17-24",
        "references": "DEPLETED COMPONENTS IN THE SOURCE OF HOTSPOT MAGMAS: EVIDENCE FROM TEH NINETYEAST RIDGE(KERGUELEN)",
        "ROCK NAME": "BASALT",
        "ND143_ND144": "0.512997",
        "_featureIndex": 69
      },
      "geometry": {
        "type": "Point",
        "coordinates": [
          89.35,
          -11.27
        ]
      },
      "_featureIndex": 69
    },
    {
      "type": "Feature",
      "properties": {
        "Name": "RRKNOX06-D33-09",
        "references": "DEPLETED COMPONENTS IN THE SOURCE OF HOTSPOT MAGMAS: EVIDENCE FROM TEH NINETYEAST RIDGE(KERGUELEN)",
        "ROCK NAME": "BASALT",
        "ND143_ND144": "0.512977",
        "_featureIndex": 70
      },
      "geometry": {
        "type": "Point",
        "coordinates": [
          88.67,
          -25.79
        ]
      },
      "_featureIndex": 70
    },
    {
      "type": "Feature",
      "properties": {
        "Name": "RRKNOX06-D26-41",
        "references": "DEPLETED COMPONENTS IN THE SOURCE OF HOTSPOT MAGMAS: EVIDENCE FROM TEH NINETYEAST RIDGE(KERGUELEN)",
        "ROCK NAME": "BASALT",
        "ND143_ND144": "0.512957",
        "_featureIndex": 71
      },
      "geometry": {
        "type": "Point",
        "coordinates": [
          88.7582,
          -17.9853
        ]
      },
      "_featureIndex": 71
    },
    {
      "type": "Feature",
      "properties": {
        "Name": "RRKNOX06-D26-53G",
        "references": "DEPLETED COMPONENTS IN THE SOURCE OF HOTSPOT MAGMAS: EVIDENCE FROM TEH NINETYEAST RIDGE(KERGUELEN)",
        "ROCK NAME": "BASALT",
        "ND143_ND144": "0.512914",
        "_featureIndex": 72
      },
      "geometry": {
        "type": "Point",
        "coordinates": [
          88.7582,
          -17.9853
        ]
      },
      "_featureIndex": 72
    },
    {
      "type": "Feature",
      "properties": {
        "Name": "RRKNOX06-D03-026",
        "references": "DEPLETED COMPONENTS IN THE SOURCE OF HOTSPOT MAGMAS: EVIDENCE FROM TEH NINETYEAST RIDGE(KERGUELEN)",
        "ROCK NAME": "BASALT",
        "ND143_ND144": "0.512912",
        "_featureIndex": 73
      },
      "geometry": {
        "type": "Point",
        "coordinates": [
          90.71,
          1.41
        ]
      },
      "_featureIndex": 73
    },
    {
      "type": "Feature",
      "properties": {
        "Name": "ODP0121-0756C-010N-002/047-050",
        "references": "CHEMICAL AND ISOTOPIC CONSTRAINTS ON THE ORIGIN OF BASALT FROM NINETYEAST RIDGE, INDIAN OCEAN: RESULTS FROM DSDP LEGS 22 AND 26 AND ODP LEG 121",
        "ROCK NAME": "THOLEIITE",
        "SR87_SR86": "0.70411",
        "ND143_ND144": "0.512881",
        "PB207_PB204": "15.516",
        "PB206_PB204": "18.667",
        "PB208_PB204": "38.926",
        "_featureIndex": 74
      },
      "geometry": {
        "type": "Point",
        "coordinates": [
          87.598,
          -27.354
        ]
      },
      "_featureIndex": 74
    },
    {
      "type": "Feature",
      "properties": {
        "Name": "ODP0121-0756D-004R-001/043-046",
        "references": "CHEMICAL AND ISOTOPIC CONSTRAINTS ON THE ORIGIN OF BASALT FROM NINETYEAST RIDGE, INDIAN OCEAN: RESULTS FROM DSDP LEGS 22 AND 26 AND ODP LEG 121",
        "ROCK NAME": "THOLEIITE",
        "SR87_SR86": "0.70417",
        "PB207_PB204": "15.521",
        "PB206_PB204": "18.754",
        "PB208_PB204": "38.906",
        "_featureIndex": 75
      },
      "geometry": {
        "type": "Point",
        "coordinates": [
          87.597,
          -27.355
        ]
      },
      "_featureIndex": 75
    },
    {
      "type": "Feature",
      "properties": {
        "Name": "ODP0121-0756D-007R-002/134-137",
        "references": "CHEMICAL AND ISOTOPIC CONSTRAINTS ON THE ORIGIN OF BASALT FROM NINETYEAST RIDGE, INDIAN OCEAN: RESULTS FROM DSDP LEGS 22 AND 26 AND ODP LEG 121",
        "ROCK NAME": "THOLEIITE",
        "SR87_SR86": "0.70417",
        "ND143_ND144": "0.512829",
        "PB207_PB204": "15.521",
        "PB206_PB204": "18.768",
        "PB208_PB204": "38.944",
        "_featureIndex": 76
      },
      "geometry": {
        "type": "Point",
        "coordinates": [
          87.597,
          -27.355
        ]
      },
      "_featureIndex": 76
    },
    {
      "type": "Feature",
      "properties": {
        "Name": "ODP0121-0757C-010R-003/115-115",
        "references": "CHEMICAL AND ISOTOPIC CONSTRAINTS ON THE ORIGIN OF BASALT FROM NINETYEAST RIDGE, INDIAN OCEAN: RESULTS FROM DSDP LEGS 22 AND 26 AND ODP LEG 121",
        "ROCK NAME": "THOLEIITE",
        "SR87_SR86": "0.70546",
        "PB207_PB204": "15.574",
        "PB206_PB204": "18.968",
        "PB208_PB204": "38.93",
        "_featureIndex": 77
      },
      "geometry": {
        "type": "Point",
        "coordinates": [
          88.18,
          -17.023
        ]
      },
      "_featureIndex": 77
    },
    {
      "type": "Feature",
      "properties": {
        "Name": "ODP0121-0757C-012R-003/032-037",
        "references": "CHEMICAL AND ISOTOPIC CONSTRAINTS ON THE ORIGIN OF BASALT FROM NINETYEAST RIDGE, INDIAN OCEAN: RESULTS FROM DSDP LEGS 22 AND 26 AND ODP LEG 121",
        "ROCK NAME": "THOLEIITE",
        "SR87_SR86": "0.70485",
        "PB207_PB204": "15.554",
        "PB206_PB204": "18.679",
        "PB208_PB204": "38.99",
        "_featureIndex": 78
      },
      "geometry": {
        "type": "Point",
        "coordinates": [
          88.18,
          -17.023
        ]
      },
      "_featureIndex": 78
    },
    {
      "type": "Feature",
      "properties": {
        "Name": "ODP0121-0757C-009R-002/088-092",
        "references": "CHEMICAL AND ISOTOPIC CONSTRAINTS ON THE ORIGIN OF BASALT FROM NINETYEAST RIDGE, INDIAN OCEAN: RESULTS FROM DSDP LEGS 22 AND 26 AND ODP LEG 121",
        "ROCK NAME": "THOLEIITE",
        "PB207_PB204": "15.561",
        "PB206_PB204": "18.662",
        "PB208_PB204": "38.876",
        "_featureIndex": 79
      },
      "geometry": {
        "type": "Point",
        "coordinates": [
          88.18,
          -17.023
        ]
      },
      "_featureIndex": 79
    },
    {
      "type": "Feature",
      "properties": {
        "Name": "ODP0121-0757C-009R-006/012-015",
        "references": "CHEMICAL AND ISOTOPIC CONSTRAINTS ON THE ORIGIN OF BASALT FROM NINETYEAST RIDGE, INDIAN OCEAN: RESULTS FROM DSDP LEGS 22 AND 26 AND ODP LEG 121",
        "ROCK NAME": "THOLEIITE",
        "SR87_SR86": "0.70567",
        "ND143_ND144": "0.512737",
        "_featureIndex": 80
      },
      "geometry": {
        "type": "Point",
        "coordinates": [
          88.18,
          -17.023
        ]
      },
      "_featureIndex": 80
    },
    {
      "type": "Feature",
      "properties": {
        "Name": "ODP0121-0758A-055R-005/092-096",
        "references": "CHEMICAL AND ISOTOPIC CONSTRAINTS ON THE ORIGIN OF BASALT FROM NINETYEAST RIDGE, INDIAN OCEAN: RESULTS FROM DSDP LEGS 22 AND 26 AND ODP LEG 121",
        "ROCK NAME": "THOLEIITE",
        "SR87_SR86": "0.70474",
        "ND143_ND144": "0.512881",
        "PB207_PB204": "15.521",
        "PB206_PB204": "18.778",
        "PB208_PB204": "38.879",
        "_featureIndex": 81
      },
      "geometry": {
        "type": "Point",
        "coordinates": [
          90.361,
          5.384
        ]
      },
      "_featureIndex": 81
    },
    {
      "type": "Feature",
      "properties": {
        "Name": "ODP0121-0758A-058R-005/045-049",
        "references": "CHEMICAL AND ISOTOPIC CONSTRAINTS ON THE ORIGIN OF BASALT FROM NINETYEAST RIDGE, INDIAN OCEAN: RESULTS FROM DSDP LEGS 22 AND 26 AND ODP LEG 121",
        "ROCK NAME": "THOLEIITE",
        "SR87_SR86": "0.70496",
        "ND143_ND144": "0.512831",
        "PB207_PB204": "15.528",
        "PB206_PB204": "18.269",
        "PB208_PB204": "38.484",
        "_featureIndex": 82
      },
      "geometry": {
        "type": "Point",
        "coordinates": [
          90.361,
          5.384
        ]
      },
      "_featureIndex": 82
    },
    {
      "type": "Feature",
      "properties": {
        "Name": "ODP0121-0758A-060R-007/017-021",
        "references": "CHEMICAL AND ISOTOPIC CONSTRAINTS ON THE ORIGIN OF BASALT FROM NINETYEAST RIDGE, INDIAN OCEAN: RESULTS FROM DSDP LEGS 22 AND 26 AND ODP LEG 121",
        "ROCK NAME": "THOLEIITE",
        "SR87_SR86": "0.70473",
        "ND143_ND144": "0.5128",
        "PB207_PB204": "15.589",
        "PB206_PB204": "18.842",
        "PB208_PB204": "38.882",
        "_featureIndex": 83
      },
      "geometry": {
        "type": "Point",
        "coordinates": [
          90.361,
          5.384
        ]
      },
      "_featureIndex": 83
    },
    {
      "type": "Feature",
      "properties": {
        "Name": "ODP0121-0758A-063R-001/054-057",
        "references": "CHEMICAL AND ISOTOPIC CONSTRAINTS ON THE ORIGIN OF BASALT FROM NINETYEAST RIDGE, INDIAN OCEAN: RESULTS FROM DSDP LEGS 22 AND 26 AND ODP LEG 121",
        "ROCK NAME": "THOLEIITE",
        "SR87_SR86": "0.70458",
        "ND143_ND144": "0.512765",
        "_featureIndex": 84
      },
      "geometry": {
        "type": "Point",
        "coordinates": [
          90.361,
          5.384
        ]
      },
      "_featureIndex": 84
    },
    {
      "type": "Feature",
      "properties": {
        "Name": "ODP0121-0758A-073R-001/133-135",
        "references": "CHEMICAL AND ISOTOPIC CONSTRAINTS ON THE ORIGIN OF BASALT FROM NINETYEAST RIDGE, INDIAN OCEAN: RESULTS FROM DSDP LEGS 22 AND 26 AND ODP LEG 121",
        "ROCK NAME": "THOLEIITE",
        "SR87_SR86": "0.70463",
        "ND143_ND144": "0.512852",
        "PB207_PB204": "15.547",
        "PB206_PB204": "18.478",
        "PB208_PB204": "38.705",
        "_featureIndex": 85
      },
      "geometry": {
        "type": "Point",
        "coordinates": [
          90.361,
          5.384
        ]
      },
      "_featureIndex": 85
    },
    {
      "type": "Feature",
      "properties": {
        "Name": "DSDP022-0214-048-001/055-057",
        "references": "CHEMICAL AND ISOTOPIC CONSTRAINTS ON THE ORIGIN OF BASALT FROM NINETYEAST RIDGE, INDIAN OCEAN: RESULTS FROM DSDP LEGS 22 AND 26 AND ODP LEG 121",
        "ROCK NAME": "THOLEIITE",
        "SR87_SR86": "0.70508",
        "PB207_PB204": "15.579",
        "PB206_PB204": "18.346",
        "PB208_PB204": "38.75",
        "_featureIndex": 86
      },
      "geometry": {
        "type": "Point",
        "coordinates": [
          88.718,
          -11.3368
        ]
      },
      "_featureIndex": 86
    },
    {
      "type": "Feature",
      "properties": {
        "Name": "DSDP022-0214-051-001/122-125",
        "references": "CHEMICAL AND ISOTOPIC CONSTRAINTS ON THE ORIGIN OF BASALT FROM NINETYEAST RIDGE, INDIAN OCEAN: RESULTS FROM DSDP LEGS 22 AND 26 AND ODP LEG 121",
        "ROCK NAME": "THOLEIITE",
        "SR87_SR86": "0.70486",
        "ND143_ND144": "0.512833",
        "PB207_PB204": "15.566",
        "PB206_PB204": "18.343",
        "PB208_PB204": "38.722",
        "_featureIndex": 87
      },
      "geometry": {
        "type": "Point",
        "coordinates": [
          88.718,
          -11.3368
        ]
      },
      "_featureIndex": 87
    },
    {
      "type": "Feature",
      "properties": {
        "Name": "DSDP022-0216-037-001/023-025",
        "references": "CHEMICAL AND ISOTOPIC CONSTRAINTS ON THE ORIGIN OF BASALT FROM NINETYEAST RIDGE, INDIAN OCEAN: RESULTS FROM DSDP LEGS 22 AND 26 AND ODP LEG 121",
        "ROCK NAME": "THOLEIITE",
        "ND143_ND144": "0.512629",
        "PB207_PB204": "15.561",
        "PB206_PB204": "18.08",
        "PB208_PB204": "38.805",
        "_featureIndex": 88
      },
      "geometry": {
        "type": "Point",
        "coordinates": [
          90.208,
          1.4627
        ]
      },
      "_featureIndex": 88
    },
    {
      "type": "Feature",
      "properties": {
        "Name": "DSDP022-0216-038-001/053-055",
        "references": "CHEMICAL AND ISOTOPIC CONSTRAINTS ON THE ORIGIN OF BASALT FROM NINETYEAST RIDGE, INDIAN OCEAN: RESULTS FROM DSDP LEGS 22 AND 26 AND ODP LEG 121",
        "ROCK NAME": "THOLEIITE",
        "PB207_PB204": "15.541",
        "PB206_PB204": "18.132",
        "PB208_PB204": "38.686",
        "_featureIndex": 89
      },
      "geometry": {
        "type": "Point",
        "coordinates": [
          90.208,
          1.4627
        ]
      },
      "_featureIndex": 89
    },
    {
      "type": "Feature",
      "properties": {
        "Name": "DSDP026-0254-031-001/100-103",
        "references": "CHEMICAL AND ISOTOPIC CONSTRAINTS ON THE ORIGIN OF BASALT FROM NINETYEAST RIDGE, INDIAN OCEAN: RESULTS FROM DSDP LEGS 22 AND 26 AND ODP LEG 121",
        "ROCK NAME": "THOLEIITE",
        "SR87_SR86": "0.70465",
        "ND143_ND144": "0.512759",
        "PB207_PB204": "15.501",
        "PB206_PB204": "18.03",
        "PB208_PB204": "38.55",
        "_featureIndex": 90
      },
      "geometry": {
        "type": "Point",
        "coordinates": [
          87.8953,
          -30.9692
        ]
      },
      "_featureIndex": 90
    },
    {
      "type": "Feature",
      "properties": {
        "Name": "DSDP026-0254-038-001/117-119",
        "references": "CHEMICAL AND ISOTOPIC CONSTRAINTS ON THE ORIGIN OF BASALT FROM NINETYEAST RIDGE, INDIAN OCEAN: RESULTS FROM DSDP LEGS 22 AND 26 AND ODP LEG 121",
        "ROCK NAME": "THOLEIITE",
        "ND143_ND144": "0.512785",
        "PB207_PB204": "15.511",
        "PB206_PB204": "18.079",
        "PB208_PB204": "38.623",
        "_featureIndex": 91
      },
      "geometry": {
        "type": "Point",
        "coordinates": [
          87.8953,
          -30.9692
        ]
      },
      "_featureIndex": 91
    },
    {
      "type": "Feature",
      "properties": {
        "Name": "RRKNOX06-D28-42",
        "references": "DEPLETED COMPONENTS IN THE SOURCE OF HOTSPOT MAGMAS: EVIDENCE FROM TEH NINETYEAST RIDGE(KERGUELEN)",
        "ROCK NAME": "BASALT",
        "ND143_ND144": "0.5129",
        "_featureIndex": 92
      },
      "geometry": {
        "type": "Point",
        "coordinates": [
          88.66,
          -19.64
        ]
      },
      "_featureIndex": 92
    },
    {
      "type": "Feature",
      "properties": {
        "Name": "RRKNOX06-D04-008",
        "references": "DEPLETED COMPONENTS IN THE SOURCE OF HOTSPOT MAGMAS: EVIDENCE FROM TEH NINETYEAST RIDGE(KERGUELEN)",
        "ROCK NAME": "BASALT",
        "ND143_ND144": "0.5129",
        "_featureIndex": 93
      },
      "geometry": {
        "type": "Point",
        "coordinates": [
          90.5015,
          0.9083
        ]
      },
      "_featureIndex": 93
    },
    {
      "type": "Feature",
      "properties": {
        "Name": "RRKNOX06-D32-38",
        "references": "DEPLETED COMPONENTS IN THE SOURCE OF HOTSPOT MAGMAS: EVIDENCE FROM TEH NINETYEAST RIDGE(KERGUELEN)",
        "ROCK NAME": "BASALT",
        "ND143_ND144": "0.512888",
        "_featureIndex": 94
      },
      "geometry": {
        "type": "Point",
        "coordinates": [
          87.9,
          -25.76
        ]
      },
      "_featureIndex": 94
    },
    {
      "type": "Feature",
      "properties": {
        "Name": "DSDP026-0253-024-001/084-085",
        "references": "CHEMICAL AND ISOTOPIC CONSTRAINTS ON THE ORIGIN OF BASALT FROM NINETYEAST RIDGE, INDIAN OCEAN: RESULTS FROM DSDP LEGS 22 AND 26 AND ODP LEG 121",
        "ROCK NAME": "BASALT",
        "ND143_ND144": "0.512873",
        "PB207_PB204": "15.552",
        "PB206_PB204": "18.709",
        "PB208_PB204": "38.549",
        "_featureIndex": 95
      },
      "geometry": {
        "type": "Point",
        "coordinates": [
          87.3662,
          -24.8775
        ]
      },
      "_featureIndex": 95
    },
    {
      "type": "Feature",
      "properties": {
        "Name": "RRKNOX06-D25-30",
        "references": "DEPLETED COMPONENTS IN THE SOURCE OF HOTSPOT MAGMAS: EVIDENCE FROM TEH NINETYEAST RIDGE(KERGUELEN)",
        "ROCK NAME": "BASALT",
        "ND143_ND144": "0.512884",
        "_featureIndex": 96
      },
      "geometry": {
        "type": "Point",
        "coordinates": [
          88.7692,
          -16.7517
        ]
      },
      "_featureIndex": 96
    },
    {
      "type": "Feature",
      "properties": {
        "Name": "RRKNOX06-D28-03",
        "references": "DEPLETED COMPONENTS IN THE SOURCE OF HOTSPOT MAGMAS: EVIDENCE FROM TEH NINETYEAST RIDGE(KERGUELEN)",
        "ROCK NAME": "BASALT",
        "ND143_ND144": "0.512882",
        "_featureIndex": 97
      },
      "geometry": {
        "type": "Point",
        "coordinates": [
          88.66,
          -19.64
        ]
      },
      "_featureIndex": 97
    },
    {
      "type": "Feature",
      "properties": {
        "Name": "RRKNOX06-D30-24",
        "references": "DEPLETED COMPONENTS IN THE SOURCE OF HOTSPOT MAGMAS: EVIDENCE FROM TEH NINETYEAST RIDGE(KERGUELEN)",
        "ROCK NAME": "BASALT",
        "ND143_ND144": "0.51288",
        "_featureIndex": 98
      },
      "geometry": {
        "type": "Point",
        "coordinates": [
          87.04,
          -22.38
        ]
      },
      "_featureIndex": 98
    },
    {
      "type": "Feature",
      "properties": {
        "Name": "RRKNOX06-D24-52",
        "references": "DEPLETED COMPONENTS IN THE SOURCE OF HOTSPOT MAGMAS: EVIDENCE FROM TEH NINETYEAST RIDGE(KERGUELEN)",
        "ROCK NAME": "BASALT",
        "ND143_ND144": "0.512879",
        "_featureIndex": 99
      },
      "geometry": {
        "type": "Point",
        "coordinates": [
          88.7,
          -17
        ]
      },
      "_featureIndex": 99
    },
    {
      "type": "Feature",
      "properties": {
        "Name": "RRKNOX06-D03-021",
        "references": "DEPLETED COMPONENTS IN THE SOURCE OF HOTSPOT MAGMAS: EVIDENCE FROM TEH NINETYEAST RIDGE(KERGUELEN)",
        "ROCK NAME": "BASALT",
        "ND143_ND144": "0.512879",
        "_featureIndex": 100
      },
      "geometry": {
        "type": "Point",
        "coordinates": [
          90.71,
          1.41
        ]
      },
      "_featureIndex": 100
    },
    {
      "type": "Feature",
      "properties": {
        "Name": "RRKNOX06-D14-03",
        "references": "DEPLETED COMPONENTS IN THE SOURCE OF HOTSPOT MAGMAS: EVIDENCE FROM TEH NINETYEAST RIDGE(KERGUELEN)",
        "ROCK NAME": "BASALT",
        "ND143_ND144": "0.512875",
        "_featureIndex": 101
      },
      "geometry": {
        "type": "Point",
        "coordinates": [
          89,
          -7.11
        ]
      },
      "_featureIndex": 101
    },
    {
      "type": "Feature",
      "properties": {
        "Name": "RRKNOX06-D13-20",
        "references": "DEPLETED COMPONENTS IN THE SOURCE OF HOTSPOT MAGMAS: EVIDENCE FROM TEH NINETYEAST RIDGE(KERGUELEN)",
        "ROCK NAME": "BASALT",
        "ND143_ND144": "0.512873",
        "_featureIndex": 102
      },
      "geometry": {
        "type": "Point",
        "coordinates": [
          88.98,
          -7.03
        ]
      },
      "_featureIndex": 102
    },
    {
      "type": "Feature",
      "properties": {
        "Name": "RRKNOX06-D15-51I",
        "references": "DEPLETED COMPONENTS IN THE SOURCE OF HOTSPOT MAGMAS: EVIDENCE FROM TEH NINETYEAST RIDGE(KERGUELEN)",
        "ROCK NAME": "BASALT",
        "ND143_ND144": "0.512873",
        "_featureIndex": 103
      },
      "geometry": {
        "type": "Point",
        "coordinates": [
          88.6717,
          -8.3733
        ]
      },
      "_featureIndex": 103
    },
    {
      "type": "Feature",
      "properties": {
        "Name": "RRKNOX06-D16-31",
        "references": "DEPLETED COMPONENTS IN THE SOURCE OF HOTSPOT MAGMAS: EVIDENCE FROM TEH NINETYEAST RIDGE(KERGUELEN)",
        "ROCK NAME": "BASALT",
        "ND143_ND144": "0.512871",
        "_featureIndex": 104
      },
      "geometry": {
        "type": "Point",
        "coordinates": [
          88.54,
          -9.48
        ]
      },
      "_featureIndex": 104
    },
    {
      "type": "Feature",
      "properties": {
        "Name": "RRKNOX06-D25-22",
        "references": "DEPLETED COMPONENTS IN THE SOURCE OF HOTSPOT MAGMAS: EVIDENCE FROM TEH NINETYEAST RIDGE(KERGUELEN)",
        "ROCK NAME": "BASALT",
        "ND143_ND144": "0.512868",
        "_featureIndex": 105
      },
      "geometry": {
        "type": "Point",
        "coordinates": [
          88.7692,
          -16.7517
        ]
      },
      "_featureIndex": 105
    },
    {
      "type": "Feature",
      "properties": {
        "Name": "RRKNOX06-D32-45",
        "references": "DEPLETED COMPONENTS IN THE SOURCE OF HOTSPOT MAGMAS: EVIDENCE FROM TEH NINETYEAST RIDGE(KERGUELEN)",
        "ROCK NAME": "BASALT",
        "ND143_ND144": "0.512867",
        "_featureIndex": 106
      },
      "geometry": {
        "type": "Point",
        "coordinates": [
          87.9,
          -25.76
        ]
      },
      "_featureIndex": 106
    },
    {
      "type": "Feature",
      "properties": {
        "Name": "DSDP022-0214-053-001/030-035",
        "references": "LARGE ION LITHOPHILE ELEMENTS AND SR AND PB ISOTOPIC VARIATIONS IN VOLCANIC ROCKS FROM THE INDIAN OCEAN",
        "ROCK NAME": "BASALT",
        "SR87_SR86": "0.705",
        "_featureIndex": 107
      },
      "geometry": {
        "type": "Point",
        "coordinates": [
          88.718,
          -11.3368
        ]
      },
      "_featureIndex": 107
    },
    {
      "type": "Feature",
      "properties": {
        "Name": "RRKNOX06-D25-01",
        "references": "DEPLETED COMPONENTS IN THE SOURCE OF HOTSPOT MAGMAS: EVIDENCE FROM TEH NINETYEAST RIDGE(KERGUELEN)",
        "ROCK NAME": "BASALT",
        "ND143_ND144": "0.512862",
        "_featureIndex": 108
      },
      "geometry": {
        "type": "Point",
        "coordinates": [
          88.7692,
          -16.7517
        ]
      },
      "_featureIndex": 108
    },
    {
      "type": "Feature",
      "properties": {
        "Name": "RRKNOX06-D16-19",
        "references": "DEPLETED COMPONENTS IN THE SOURCE OF HOTSPOT MAGMAS: EVIDENCE FROM TEH NINETYEAST RIDGE(KERGUELEN)",
        "ROCK NAME": "BASALT",
        "ND143_ND144": "0.512859",
        "_featureIndex": 109
      },
      "geometry": {
        "type": "Point",
        "coordinates": [
          88.54,
          -9.48
        ]
      },
      "_featureIndex": 109
    },
    {
      "type": "Feature",
      "properties": {
        "Name": "RRKNOX06-D14-02",
        "references": "DEPLETED COMPONENTS IN THE SOURCE OF HOTSPOT MAGMAS: EVIDENCE FROM TEH NINETYEAST RIDGE(KERGUELEN)",
        "ROCK NAME": "BASALT",
        "ND143_ND144": "0.512858",
        "_featureIndex": 110
      },
      "geometry": {
        "type": "Point",
        "coordinates": [
          89,
          -7.11
        ]
      },
      "_featureIndex": 110
    },
    {
      "type": "Feature",
      "properties": {
        "Name": "RRKNOX06-D33-12",
        "references": "DEPLETED COMPONENTS IN THE SOURCE OF HOTSPOT MAGMAS: EVIDENCE FROM TEH NINETYEAST RIDGE(KERGUELEN)",
        "ROCK NAME": "BASALT",
        "ND143_ND144": "0.512856",
        "_featureIndex": 111
      },
      "geometry": {
        "type": "Point",
        "coordinates": [
          88.67,
          -25.79
        ]
      },
      "_featureIndex": 111
    },
    {
      "type": "Feature",
      "properties": {
        "Name": "RRKNOX06-D04-001",
        "references": "DEPLETED COMPONENTS IN THE SOURCE OF HOTSPOT MAGMAS: EVIDENCE FROM TEH NINETYEAST RIDGE(KERGUELEN)",
        "ROCK NAME": "BASALT",
        "ND143_ND144": "0.512846",
        "_featureIndex": 112
      },
      "geometry": {
        "type": "Point",
        "coordinates": [
          90.5015,
          0.9083
        ]
      },
      "_featureIndex": 112
    },
    {
      "type": "Feature",
      "properties": {
        "Name": "RRKNOX06-D02-015",
        "references": "DEPLETED COMPONENTS IN THE SOURCE OF HOTSPOT MAGMAS: EVIDENCE FROM TEH NINETYEAST RIDGE(KERGUELEN)",
        "ROCK NAME": "BASALT",
        "ND143_ND144": "0.512845",
        "_featureIndex": 113
      },
      "geometry": {
        "type": "Point",
        "coordinates": [
          90.57,
          3.25
        ]
      },
      "_featureIndex": 113
    },
    {
      "type": "Feature",
      "properties": {
        "Name": "RRKNOX06-D28-33",
        "references": "DEPLETED COMPONENTS IN THE SOURCE OF HOTSPOT MAGMAS: EVIDENCE FROM TEH NINETYEAST RIDGE(KERGUELEN)",
        "ROCK NAME": "BASALT",
        "ND143_ND144": "0.512844",
        "_featureIndex": 114
      },
      "geometry": {
        "type": "Point",
        "coordinates": [
          88.66,
          -19.64
        ]
      },
      "_featureIndex": 114
    },
    {
      "type": "Feature",
      "properties": {
        "Name": "RRKNOX06-D24-33",
        "references": "DEPLETED COMPONENTS IN THE SOURCE OF HOTSPOT MAGMAS: EVIDENCE FROM TEH NINETYEAST RIDGE(KERGUELEN)",
        "ROCK NAME": "BASALT",
        "ND143_ND144": "0.512833",
        "_featureIndex": 115
      },
      "geometry": {
        "type": "Point",
        "coordinates": [
          88.7,
          -17
        ]
      },
      "_featureIndex": 115
    },
    {
      "type": "Feature",
      "properties": {
        "Name": "RRKNOX06-D32-54",
        "references": "DEPLETED COMPONENTS IN THE SOURCE OF HOTSPOT MAGMAS: EVIDENCE FROM TEH NINETYEAST RIDGE(KERGUELEN)",
        "ROCK NAME": "BASALT",
        "ND143_ND144": "0.51283",
        "_featureIndex": 116
      },
      "geometry": {
        "type": "Point",
        "coordinates": [
          87.9,
          -25.76
        ]
      },
      "_featureIndex": 116
    },
    {
      "type": "Feature",
      "properties": {
        "Name": "RRKNOX06-D02-009",
        "references": "DEPLETED COMPONENTS IN THE SOURCE OF HOTSPOT MAGMAS: EVIDENCE FROM TEH NINETYEAST RIDGE(KERGUELEN)",
        "ROCK NAME": "BASALT",
        "ND143_ND144": "0.512805",
        "_featureIndex": 117
      },
      "geometry": {
        "type": "Point",
        "coordinates": [
          90.57,
          3.25
        ]
      },
      "_featureIndex": 117
    },
    {
      "type": "Feature",
      "properties": {
        "Name": "RRKNOX06-D24-55",
        "references": "DEPLETED COMPONENTS IN THE SOURCE OF HOTSPOT MAGMAS: EVIDENCE FROM TEH NINETYEAST RIDGE(KERGUELEN)",
        "ROCK NAME": "BASALT",
        "ND143_ND144": "0.512803",
        "_featureIndex": 118
      },
      "geometry": {
        "type": "Point",
        "coordinates": [
          88.7,
          -17
        ]
      },
      "_featureIndex": 118
    },
    {
      "type": "Feature",
      "properties": {
        "Name": "RRKNOX06-D16-45",
        "references": "DEPLETED COMPONENTS IN THE SOURCE OF HOTSPOT MAGMAS: EVIDENCE FROM TEH NINETYEAST RIDGE(KERGUELEN)",
        "ROCK NAME": "BASALT",
        "ND143_ND144": "0.512793",
        "_featureIndex": 119
      },
      "geometry": {
        "type": "Point",
        "coordinates": [
          88.54,
          -9.48
        ]
      },
      "_featureIndex": 119
    },
    {
      "type": "Feature",
      "properties": {
        "Name": "RRKNOX06-D07-70",
        "references": "DEPLETED COMPONENTS IN THE SOURCE OF HOTSPOT MAGMAS: EVIDENCE FROM TEH NINETYEAST RIDGE(KERGUELEN)",
        "ROCK NAME": "BASALT",
        "ND143_ND144": "0.512792",
        "_featureIndex": 120
      },
      "geometry": {
        "type": "Point",
        "coordinates": [
          89.04,
          -2.22
        ]
      },
      "_featureIndex": 120
    },
    {
      "type": "Feature",
      "properties": {
        "Name": "RRKNOX06-D07-20",
        "references": "DEPLETED COMPONENTS IN THE SOURCE OF HOTSPOT MAGMAS: EVIDENCE FROM TEH NINETYEAST RIDGE(KERGUELEN)",
        "ROCK NAME": "BASALT",
        "ND143_ND144": "0.512791",
        "_featureIndex": 121
      },
      "geometry": {
        "type": "Point",
        "coordinates": [
          89.04,
          -2.22
        ]
      },
      "_featureIndex": 121
    },
    {
      "type": "Feature",
      "properties": {
        "Name": "RRKNOX06-D33-33",
        "references": "DEPLETED COMPONENTS IN THE SOURCE OF HOTSPOT MAGMAS: EVIDENCE FROM TEH NINETYEAST RIDGE(KERGUELEN)",
        "ROCK NAME": "BASALT",
        "ND143_ND144": "0.512786",
        "_featureIndex": 122
      },
      "geometry": {
        "type": "Point",
        "coordinates": [
          88.67,
          -25.79
        ]
      },
      "_featureIndex": 122
    },
    {
      "type": "Feature",
      "properties": {
        "Name": "RRKNOX06-D22-18",
        "references": "DEPLETED COMPONENTS IN THE SOURCE OF HOTSPOT MAGMAS: EVIDENCE FROM TEH NINETYEAST RIDGE(KERGUELEN)",
        "ROCK NAME": "BASALT",
        "ND143_ND144": "0.51278",
        "_featureIndex": 123
      },
      "geometry": {
        "type": "Point",
        "coordinates": [
          87.99,
          -15.1
        ]
      },
      "_featureIndex": 123
    },
    {
      "type": "Feature",
      "properties": {
        "Name": "RRKNOX06-D22-20",
        "references": "DEPLETED COMPONENTS IN THE SOURCE OF HOTSPOT MAGMAS: EVIDENCE FROM TEH NINETYEAST RIDGE(KERGUELEN)",
        "ROCK NAME": "BASALT",
        "ND143_ND144": "0.512774",
        "_featureIndex": 124
      },
      "geometry": {
        "type": "Point",
        "coordinates": [
          87.99,
          -15.1
        ]
      },
      "_featureIndex": 124
    },
    {
      "type": "Feature",
      "properties": {
        "Name": "RRKNOX06-D30-09",
        "references": "DEPLETED COMPONENTS IN THE SOURCE OF HOTSPOT MAGMAS: EVIDENCE FROM TEH NINETYEAST RIDGE(KERGUELEN)",
        "ROCK NAME": "BASALT",
        "ND143_ND144": "0.512768",
        "_featureIndex": 125
      },
      "geometry": {
        "type": "Point",
        "coordinates": [
          87.04,
          -22.38
        ]
      },
      "_featureIndex": 125
    },
    {
      "type": "Feature",
      "properties": {
        "Name": "RRKNOX06-D27-69",
        "references": "DEPLETED COMPONENTS IN THE SOURCE OF HOTSPOT MAGMAS: EVIDENCE FROM TEH NINETYEAST RIDGE(KERGUELEN)",
        "ROCK NAME": "BASALT",
        "ND143_ND144": "0.512761",
        "_featureIndex": 126
      },
      "geometry": {
        "type": "Point",
        "coordinates": [
          88.7327,
          -19.342
        ]
      },
      "_featureIndex": 126
    },
    {
      "type": "Feature",
      "properties": {
        "Name": "RRKNOX06-D22-05",
        "references": "DEPLETED COMPONENTS IN THE SOURCE OF HOTSPOT MAGMAS: EVIDENCE FROM TEH NINETYEAST RIDGE(KERGUELEN)",
        "ROCK NAME": "BASALT",
        "ND143_ND144": "0.512758",
        "_featureIndex": 127
      },
      "geometry": {
        "type": "Point",
        "coordinates": [
          87.99,
          -15.1
        ]
      },
      "_featureIndex": 127
    },
    {
      "type": "Feature",
      "properties": {
        "Name": "RRKNOX06-D06-041",
        "references": "DEPLETED COMPONENTS IN THE SOURCE OF HOTSPOT MAGMAS: EVIDENCE FROM TEH NINETYEAST RIDGE(KERGUELEN)",
        "ROCK NAME": "BASALT",
        "ND143_ND144": "0.512756",
        "_featureIndex": 128
      },
      "geometry": {
        "type": "Point",
        "coordinates": [
          89.48,
          -2.03
        ]
      },
      "_featureIndex": 128
    },
    {
      "type": "Feature",
      "properties": {
        "Name": "RRKNOX06-D07-07",
        "references": "DEPLETED COMPONENTS IN THE SOURCE OF HOTSPOT MAGMAS: EVIDENCE FROM TEH NINETYEAST RIDGE(KERGUELEN)",
        "ROCK NAME": "BASALT",
        "ND143_ND144": "0.512753",
        "_featureIndex": 129
      },
      "geometry": {
        "type": "Point",
        "coordinates": [
          89.04,
          -2.22
        ]
      },
      "_featureIndex": 129
    },
    {
      "type": "Feature",
      "properties": {
        "Name": "RRKNOX06-D27-100",
        "references": "DEPLETED COMPONENTS IN THE SOURCE OF HOTSPOT MAGMAS: EVIDENCE FROM TEH NINETYEAST RIDGE(KERGUELEN)",
        "ROCK NAME": "BASALT",
        "ND143_ND144": "0.512749",
        "_featureIndex": 130
      },
      "geometry": {
        "type": "Point",
        "coordinates": [
          88.7327,
          -19.342
        ]
      },
      "_featureIndex": 130
    },
    {
      "type": "Feature",
      "properties": {
        "Name": "RRKNOX06-D27-108",
        "references": "DEPLETED COMPONENTS IN THE SOURCE OF HOTSPOT MAGMAS: EVIDENCE FROM TEH NINETYEAST RIDGE(KERGUELEN)",
        "ROCK NAME": "BASALT",
        "ND143_ND144": "0.512744",
        "_featureIndex": 131
      },
      "geometry": {
        "type": "Point",
        "coordinates": [
          88.7327,
          -19.342
        ]
      },
      "_featureIndex": 131
    },
    {
      "type": "Feature",
      "properties": {
        "Name": "RRKNOX06-D27-37",
        "references": "DEPLETED COMPONENTS IN THE SOURCE OF HOTSPOT MAGMAS: EVIDENCE FROM TEH NINETYEAST RIDGE(KERGUELEN)",
        "ROCK NAME": "BASALT",
        "ND143_ND144": "0.512742",
        "_featureIndex": 132
      },
      "geometry": {
        "type": "Point",
        "coordinates": [
          88.7327,
          -19.342
        ]
      },
      "_featureIndex": 132
    },
    {
      "type": "Feature",
      "properties": {
        "Name": "RRKNOX06-D31-06",
        "references": "DEPLETED COMPONENTS IN THE SOURCE OF HOTSPOT MAGMAS: EVIDENCE FROM TEH NINETYEAST RIDGE(KERGUELEN)",
        "ROCK NAME": "BASALT",
        "ND143_ND144": "0.512736",
        "_featureIndex": 133
      },
      "geometry": {
        "type": "Point",
        "coordinates": [
          86.82,
          -23.76
        ]
      },
      "_featureIndex": 133
    },
    {
      "type": "Feature",
      "properties": {
        "Name": "RRKNOX06-D30-04",
        "references": "DEPLETED COMPONENTS IN THE SOURCE OF HOTSPOT MAGMAS: EVIDENCE FROM TEH NINETYEAST RIDGE(KERGUELEN)",
        "ROCK NAME": "BASALT",
        "ND143_ND144": "0.512727",
        "_featureIndex": 134
      },
      "geometry": {
        "type": "Point",
        "coordinates": [
          87.04,
          -22.38
        ]
      },
      "_featureIndex": 134
    },
    {
      "type": "Feature",
      "properties": {
        "Name": "RRKNOX06-D16-14",
        "references": "DEPLETED COMPONENTS IN THE SOURCE OF HOTSPOT MAGMAS: EVIDENCE FROM TEH NINETYEAST RIDGE(KERGUELEN)",
        "ROCK NAME": "BASALT",
        "ND143_ND144": "0.512724",
        "_featureIndex": 135
      },
      "geometry": {
        "type": "Point",
        "coordinates": [
          88.54,
          -9.48
        ]
      },
      "_featureIndex": 135
    },
    {
      "type": "Feature",
      "properties": {
        "Name": "RRKNOX06-D16-46",
        "references": "DEPLETED COMPONENTS IN THE SOURCE OF HOTSPOT MAGMAS: EVIDENCE FROM TEH NINETYEAST RIDGE(KERGUELEN)",
        "ROCK NAME": "BASALT",
        "ND143_ND144": "0.512721",
        "_featureIndex": 136
      },
      "geometry": {
        "type": "Point",
        "coordinates": [
          88.54,
          -9.48
        ]
      },
      "_featureIndex": 136
    },
    {
      "type": "Feature",
      "properties": {
        "Name": "RRKNOX06-D14-26",
        "references": "DEPLETED COMPONENTS IN THE SOURCE OF HOTSPOT MAGMAS: EVIDENCE FROM TEH NINETYEAST RIDGE(KERGUELEN)",
        "ROCK NAME": "BASALT",
        "ND143_ND144": "0.51272",
        "_featureIndex": 137
      },
      "geometry": {
        "type": "Point",
        "coordinates": [
          89,
          -7.11
        ]
      },
      "_featureIndex": 137
    },
    {
      "type": "Feature",
      "properties": {
        "Name": "RRKNOX06-D11-04",
        "references": "DEPLETED COMPONENTS IN THE SOURCE OF HOTSPOT MAGMAS: EVIDENCE FROM TEH NINETYEAST RIDGE(KERGUELEN)",
        "ROCK NAME": "BASALT",
        "ND143_ND144": "0.512714",
        "_featureIndex": 138
      },
      "geometry": {
        "type": "Point",
        "coordinates": [
          88.65,
          -6.71
        ]
      },
      "_featureIndex": 138
    },
    {
      "type": "Feature",
      "properties": {
        "Name": "RRKNOX06-D06-036",
        "references": "DEPLETED COMPONENTS IN THE SOURCE OF HOTSPOT MAGMAS: EVIDENCE FROM TEH NINETYEAST RIDGE(KERGUELEN)",
        "ROCK NAME": "BASALT",
        "ND143_ND144": "0.512702",
        "_featureIndex": 139
      },
      "geometry": {
        "type": "Point",
        "coordinates": [
          89.48,
          -2.03
        ]
      },
      "_featureIndex": 139
    },
    {
      "type": "Feature",
      "properties": {
        "Name": "ODP0121-0756C-010N-001/032-036",
        "references": "THE NINETYEAST RIDGE AND ITS RELATION TO THE KERGUELEN, AMSTERDAM AND ST. PAUL HOTSPOTS IN THE INDIAN OCEAN",
        "ROCK NAME": "BASALT",
        "SR87_SR86": "0.703858",
        "ND143_ND144": "0.512894",
        "PB207_PB204": "15.5468",
        "PB206_PB204": "18.6697",
        "PB208_PB204": "38.9793",
        "_featureIndex": 140
      },
      "geometry": {
        "type": "Point",
        "coordinates": [
          87.598,
          -27.354
        ]
      },
      "_featureIndex": 140
    },
    {
      "type": "Feature",
      "properties": {
        "Name": "RRKNOX06-D04-005",
        "references": "DEPLETED COMPONENTS IN THE SOURCE OF HOTSPOT MAGMAS: EVIDENCE FROM TEH NINETYEAST RIDGE(KERGUELEN)",
        "ROCK NAME": "BASALT",
        "ND143_ND144": "0.512695",
        "_featureIndex": 141
      },
      "geometry": {
        "type": "Point",
        "coordinates": [
          90.5015,
          0.9083
        ]
      },
      "_featureIndex": 141
    },
    {
      "type": "Feature",
      "properties": {
        "Name": "ODP0121-0756C-010N-001/032-036",
        "references": "ISOTOPE GEOCHEMISTRY OF NINETYEAST RIDGE BASEMENT BASALTS: SR, ND, AND PB EVIDENCE FOR INVOLVEMENT OF THE KERGUELEN HOT SPOT",
        "ROCK NAME": "BASALT",
        "SR87_SR86": "0.70426",
        "ND143_ND144": "0.51291",
        "PB207_PB204": "15.577",
        "PB206_PB204": "18.672",
        "PB208_PB204": "39.03",
        "_featureIndex": 142
      },
      "geometry": {
        "type": "Point",
        "coordinates": [
          87.598,
          -27.354
        ]
      },
      "_featureIndex": 142
    },
    {
      "type": "Feature",
      "properties": {
        "Name": "ODP0121-0756D-010R-001/099-103",
        "references": "THE NINETYEAST RIDGE AND ITS RELATION TO THE KERGUELEN, AMSTERDAM AND ST. PAUL HOTSPOTS IN THE INDIAN OCEAN",
        "ROCK NAME": "BASALT",
        "SR87_SR86": "0.703891",
        "ND143_ND144": "0.51289",
        "PB207_PB204": "15.5481",
        "PB206_PB204": "18.6924",
        "PB208_PB204": "38.9941",
        "_featureIndex": 143
      },
      "geometry": {
        "type": "Point",
        "coordinates": [
          87.597,
          -27.355
        ]
      },
      "_featureIndex": 143
    },
    {
      "type": "Feature",
      "properties": {
        "Name": "RRKNOX06-D33-42",
        "references": "DEPLETED COMPONENTS IN THE SOURCE OF HOTSPOT MAGMAS: EVIDENCE FROM TEH NINETYEAST RIDGE(KERGUELEN)",
        "ROCK NAME": "BASALT",
        "ND143_ND144": "0.512688",
        "_featureIndex": 144
      },
      "geometry": {
        "type": "Point",
        "coordinates": [
          88.67,
          -25.79
        ]
      },
      "_featureIndex": 144
    },
    {
      "type": "Feature",
      "properties": {
        "Name": "ODP0121-0756D-010R-001/099-103",
        "references": "ISOTOPE GEOCHEMISTRY OF NINETYEAST RIDGE BASEMENT BASALTS: SR, ND, AND PB EVIDENCE FOR INVOLVEMENT OF THE KERGUELEN HOT SPOT",
        "ROCK NAME": "BASALT",
        "SR87_SR86": "0.70394",
        "PB207_PB204": "15.583",
        "PB206_PB204": "18.817",
        "PB208_PB204": "39.02",
        "_featureIndex": 145
      },
      "geometry": {
        "type": "Point",
        "coordinates": [
          87.597,
          -27.355
        ]
      },
      "_featureIndex": 145
    },
    {
      "type": "Feature",
      "properties": {
        "Name": "RRKNOX06-D14-58",
        "references": "DEPLETED COMPONENTS IN THE SOURCE OF HOTSPOT MAGMAS: EVIDENCE FROM TEH NINETYEAST RIDGE(KERGUELEN)",
        "ROCK NAME": "BASALT",
        "ND143_ND144": "0.512668",
        "_featureIndex": 146
      },
      "geometry": {
        "type": "Point",
        "coordinates": [
          89,
          -7.11
        ]
      },
      "_featureIndex": 146
    },
    {
      "type": "Feature",
      "properties": {
        "Name": "RRKNOX06-D05-004",
        "references": "DEPLETED COMPONENTS IN THE SOURCE OF HOTSPOT MAGMAS: EVIDENCE FROM TEH NINETYEAST RIDGE(KERGUELEN)",
        "ROCK NAME": "BASALT",
        "ND143_ND144": "0.512588",
        "_featureIndex": 147
      },
      "geometry": {
        "type": "Point",
        "coordinates": [
          89.49,
          -0.45
        ]
      },
      "_featureIndex": 147
    },
    {
      "type": "Feature",
      "properties": {
        "Name": "ODP0121-0756D-012R-003/139-143",
        "references": "THE NINETYEAST RIDGE AND ITS RELATION TO THE KERGUELEN, AMSTERDAM AND ST. PAUL HOTSPOTS IN THE INDIAN OCEAN",
        "ROCK NAME": "BASALT",
        "SR87_SR86": "0.703813",
        "PB207_PB204": "15.5444",
        "PB206_PB204": "18.6626",
        "PB208_PB204": "38.9423",
        "_featureIndex": 148
      },
      "geometry": {
        "type": "Point",
        "coordinates": [
          87.597,
          -27.355
        ]
      },
      "_featureIndex": 148
    },
    {
      "type": "Feature",
      "properties": {
        "Name": "ODP0121-0756D-012R-003/139-143",
        "references": "ISOTOPE GEOCHEMISTRY OF NINETYEAST RIDGE BASEMENT BASALTS: SR, ND, AND PB EVIDENCE FOR INVOLVEMENT OF THE KERGUELEN HOT SPOT",
        "ROCK NAME": "BASALT",
        "SR87_SR86": "0.70382",
        "ND143_ND144": "0.51285",
        "PB207_PB204": "15.565",
        "PB206_PB204": "18.702",
        "PB208_PB204": "38.96",
        "_featureIndex": 149
      },
      "geometry": {
        "type": "Point",
        "coordinates": [
          87.597,
          -27.355
        ]
      },
      "_featureIndex": 149
    },
    {
      "type": "Feature",
      "properties": {
        "Name": "ODP0121-0756D-004R-001/035-039",
        "references": "THE NINETYEAST RIDGE AND ITS RELATION TO THE KERGUELEN, AMSTERDAM AND ST. PAUL HOTSPOTS IN THE INDIAN OCEAN",
        "ROCK NAME": "BASALT",
        "SR87_SR86": "0.703916",
        "ND143_ND144": "0.512896",
        "PB207_PB204": "15.5529",
        "PB206_PB204": "18.7138",
        "PB208_PB204": "38.9813",
        "_featureIndex": 150
      },
      "geometry": {
        "type": "Point",
        "coordinates": [
          87.597,
          -27.355
        ]
      },
      "_featureIndex": 150
    },
    {
      "type": "Feature",
      "properties": {
        "Name": "ODP0121-0756D-004R-001/035-039",
        "references": "ISOTOPE GEOCHEMISTRY OF NINETYEAST RIDGE BASEMENT BASALTS: SR, ND, AND PB EVIDENCE FOR INVOLVEMENT OF THE KERGUELEN HOT SPOT",
        "ROCK NAME": "BASALT",
        "SR87_SR86": "0.70396",
        "PB207_PB204": "15.548",
        "PB206_PB204": "18.705",
        "PB208_PB204": "38.93",
        "_featureIndex": 151
      },
      "geometry": {
        "type": "Point",
        "coordinates": [
          87.597,
          -27.355
        ]
      },
      "_featureIndex": 151
    },
    {
      "type": "Feature",
      "properties": {
        "Name": "ODP0121-0756D-004R-001/085-089",
        "references": "THE NINETYEAST RIDGE AND ITS RELATION TO THE KERGUELEN, AMSTERDAM AND ST. PAUL HOTSPOTS IN THE INDIAN OCEAN",
        "ROCK NAME": "BASALT",
        "SR87_SR86": "0.703899",
        "ND143_ND144": "0.512902",
        "PB207_PB204": "15.5457",
        "PB206_PB204": "18.6918",
        "PB208_PB204": "38.9691",
        "_featureIndex": 152
      },
      "geometry": {
        "type": "Point",
        "coordinates": [
          87.597,
          -27.355
        ]
      },
      "_featureIndex": 152
    },
    {
      "type": "Feature",
      "properties": {
        "Name": "ODP0121-0756D-004R-001/085-089",
        "references": "ISOTOPE GEOCHEMISTRY OF NINETYEAST RIDGE BASEMENT BASALTS: SR, ND, AND PB EVIDENCE FOR INVOLVEMENT OF THE KERGUELEN HOT SPOT",
        "ROCK NAME": "BASALT",
        "SR87_SR86": "0.70389",
        "PB207_PB204": "15.548",
        "PB206_PB204": "18.682",
        "PB208_PB204": "38.95",
        "_featureIndex": 153
      },
      "geometry": {
        "type": "Point",
        "coordinates": [
          87.597,
          -27.355
        ]
      },
      "_featureIndex": 153
    },
    {
      "type": "Feature",
      "properties": {
        "Name": "ODP0121-0756D-006R-001/006-010",
        "references": "THE NINETYEAST RIDGE AND ITS RELATION TO THE KERGUELEN, AMSTERDAM AND ST. PAUL HOTSPOTS IN THE INDIAN OCEAN",
        "ROCK NAME": "BASALT",
        "SR87_SR86": "0.703864",
        "ND143_ND144": "0.512904",
        "PB207_PB204": "15.5544",
        "PB206_PB204": "18.663",
        "PB208_PB204": "38.9636",
        "_featureIndex": 154
      },
      "geometry": {
        "type": "Point",
        "coordinates": [
          87.597,
          -27.355
        ]
      },
      "_featureIndex": 154
    },
    {
      "type": "Feature",
      "properties": {
        "Name": "ODP0121-0756D-006R-001/006-010",
        "references": "ISOTOPE GEOCHEMISTRY OF NINETYEAST RIDGE BASEMENT BASALTS: SR, ND, AND PB EVIDENCE FOR INVOLVEMENT OF THE KERGUELEN HOT SPOT",
        "ROCK NAME": "BASALT",
        "SR87_SR86": "0.70385",
        "PB207_PB204": "15.553",
        "PB206_PB204": "18.673",
        "PB208_PB204": "38.99",
        "_featureIndex": 155
      },
      "geometry": {
        "type": "Point",
        "coordinates": [
          87.597,
          -27.355
        ]
      },
      "_featureIndex": 155
    },
    {
      "type": "Feature",
      "properties": {
        "Name": "ODP0121-0756D-006R-002/013-017",
        "references": "THE NINETYEAST RIDGE AND ITS RELATION TO THE KERGUELEN, AMSTERDAM AND ST. PAUL HOTSPOTS IN THE INDIAN OCEAN",
        "ROCK NAME": "BASALT",
        "SR87_SR86": "0.703896",
        "ND143_ND144": "0.512896",
        "PB207_PB204": "15.5506",
        "PB206_PB204": "18.6958",
        "PB208_PB204": "39.0284",
        "_featureIndex": 156
      },
      "geometry": {
        "type": "Point",
        "coordinates": [
          87.597,
          -27.355
        ]
      },
      "_featureIndex": 156
    },
    {
      "type": "Feature",
      "properties": {
        "Name": "ODP0121-0756D-006R-002/013-017",
        "references": "ISOTOPE GEOCHEMISTRY OF NINETYEAST RIDGE BASEMENT BASALTS: SR, ND, AND PB EVIDENCE FOR INVOLVEMENT OF THE KERGUELEN HOT SPOT",
        "ROCK NAME": "BASALT",
        "SR87_SR86": "0.70389",
        "PB207_PB204": "15.556",
        "PB206_PB204": "18.71",
        "PB208_PB204": "39.03",
        "_featureIndex": 157
      },
      "geometry": {
        "type": "Point",
        "coordinates": [
          87.597,
          -27.355
        ]
      },
      "_featureIndex": 157
    },
    {
      "type": "Feature",
      "properties": {
        "Name": "ODP0121-0756D-006R-002/009-013",
        "references": "THE NINETYEAST RIDGE AND ITS RELATION TO THE KERGUELEN, AMSTERDAM AND ST. PAUL HOTSPOTS IN THE INDIAN OCEAN",
        "ROCK NAME": "BASALT",
        "SR87_SR86": "0.703895",
        "ND143_ND144": "0.512893",
        "PB207_PB204": "15.5522",
        "PB206_PB204": "18.6972",
        "PB208_PB204": "39.0394",
        "_featureIndex": 158
      },
      "geometry": {
        "type": "Point",
        "coordinates": [
          87.597,
          -27.355
        ]
      },
      "_featureIndex": 158
    },
    {
      "type": "Feature",
      "properties": {
        "Name": "ODP0121-0756D-006R-002/009-013",
        "references": "ISOTOPE GEOCHEMISTRY OF NINETYEAST RIDGE BASEMENT BASALTS: SR, ND, AND PB EVIDENCE FOR INVOLVEMENT OF THE KERGUELEN HOT SPOT",
        "ROCK NAME": "BASALT",
        "SR87_SR86": "0.70393",
        "PB207_PB204": "15.56",
        "PB206_PB204": "18.696",
        "PB208_PB204": "39.04",
        "_featureIndex": 159
      },
      "geometry": {
        "type": "Point",
        "coordinates": [
          87.597,
          -27.355
        ]
      },
      "_featureIndex": 159
    },
    {
      "type": "Feature",
      "properties": {
        "Name": "ODP0121-0756D-007R-001/100-104",
        "references": "THE NINETYEAST RIDGE AND ITS RELATION TO THE KERGUELEN, AMSTERDAM AND ST. PAUL HOTSPOTS IN THE INDIAN OCEAN",
        "ROCK NAME": "BASALT",
        "SR87_SR86": "0.703951",
        "ND143_ND144": "0.512878",
        "PB207_PB204": "15.5536",
        "PB206_PB204": "18.6859",
        "PB208_PB204": "38.9931",
        "_featureIndex": 160
      },
      "geometry": {
        "type": "Point",
        "coordinates": [
          87.597,
          -27.355
        ]
      },
      "_featureIndex": 160
    },
    {
      "type": "Feature",
      "properties": {
        "Name": "ODP0121-0756D-007R-001/100-104",
        "references": "ISOTOPE GEOCHEMISTRY OF NINETYEAST RIDGE BASEMENT BASALTS: SR, ND, AND PB EVIDENCE FOR INVOLVEMENT OF THE KERGUELEN HOT SPOT",
        "ROCK NAME": "BASALT",
        "SR87_SR86": "0.70395",
        "ND143_ND144": "0.51291",
        "PB207_PB204": "15.567",
        "PB206_PB204": "18.745",
        "PB208_PB204": "39.05",
        "_featureIndex": 161
      },
      "geometry": {
        "type": "Point",
        "coordinates": [
          87.597,
          -27.355
        ]
      },
      "_featureIndex": 161
    },
    {
      "type": "Feature",
      "properties": {
        "Name": "ODP0121-0756D-008R-001/020-023",
        "references": "THE NINETYEAST RIDGE AND ITS RELATION TO THE KERGUELEN, AMSTERDAM AND ST. PAUL HOTSPOTS IN THE INDIAN OCEAN",
        "ROCK NAME": "BASALT",
        "SR87_SR86": "0.704379",
        "ND143_ND144": "0.51282",
        "PB207_PB204": "15.5756",
        "PB206_PB204": "18.7232",
        "PB208_PB204": "39.2427",
        "_featureIndex": 162
      },
      "geometry": {
        "type": "Point",
        "coordinates": [
          87.597,
          -27.355
        ]
      },
      "_featureIndex": 162
    },
    {
      "type": "Feature",
      "properties": {
        "Name": "ODP0121-0756D-008R-001/020-023",
        "references": "ISOTOPE GEOCHEMISTRY OF NINETYEAST RIDGE BASEMENT BASALTS: SR, ND, AND PB EVIDENCE FOR INVOLVEMENT OF THE KERGUELEN HOT SPOT",
        "ROCK NAME": "BASALT",
        "SR87_SR86": "0.70442",
        "PB207_PB204": "15.587",
        "PB206_PB204": "18.735",
        "PB208_PB204": "39.21",
        "_featureIndex": 163
      },
      "geometry": {
        "type": "Point",
        "coordinates": [
          87.597,
          -27.355
        ]
      },
      "_featureIndex": 163
    },
    {
      "type": "Feature",
      "properties": {
        "Name": "ODP0121-0757C-010R-001/086-090",
        "references": "THE NINETYEAST RIDGE AND ITS RELATION TO THE KERGUELEN, AMSTERDAM AND ST. PAUL HOTSPOTS IN THE INDIAN OCEAN",
        "ROCK NAME": "BASALT",
        "SR87_SR86": "0.704707",
        "ND143_ND144": "0.512802",
        "PB207_PB204": "15.5921",
        "PB206_PB204": "18.7946",
        "PB208_PB204": "38.982",
        "_featureIndex": 164
      },
      "geometry": {
        "type": "Point",
        "coordinates": [
          88.18,
          -17.023
        ]
      },
      "_featureIndex": 164
    },
    {
      "type": "Feature",
      "properties": {
        "Name": "ODP0121-0757C-010R-001/086-090",
        "references": "ISOTOPE GEOCHEMISTRY OF NINETYEAST RIDGE BASEMENT BASALTS: SR, ND, AND PB EVIDENCE FOR INVOLVEMENT OF THE KERGUELEN HOT SPOT",
        "ROCK NAME": "BASALT",
        "SR87_SR86": "0.70467",
        "PB207_PB204": "15.614",
        "PB206_PB204": "18.82",
        "PB208_PB204": "38.97",
        "_featureIndex": 165
      },
      "geometry": {
        "type": "Point",
        "coordinates": [
          88.18,
          -17.023
        ]
      },
      "_featureIndex": 165
    },
    {
      "type": "Feature",
      "properties": {
        "Name": "ODP0121-0757C-010R-003/002-006",
        "references": "THE NINETYEAST RIDGE AND ITS RELATION TO THE KERGUELEN, AMSTERDAM AND ST. PAUL HOTSPOTS IN THE INDIAN OCEAN",
        "ROCK NAME": "BASALT",
        "SR87_SR86": "0.705775",
        "ND143_ND144": "0.512799",
        "PB207_PB204": "15.6122",
        "PB206_PB204": "19.1841",
        "PB208_PB204": "39.1105",
        "_featureIndex": 166
      },
      "geometry": {
        "type": "Point",
        "coordinates": [
          88.18,
          -17.023
        ]
      },
      "_featureIndex": 166
    },
    {
      "type": "Feature",
      "properties": {
        "Name": "ODP0121-0757C-010R-003/002-006",
        "references": "ISOTOPE GEOCHEMISTRY OF NINETYEAST RIDGE BASEMENT BASALTS: SR, ND, AND PB EVIDENCE FOR INVOLVEMENT OF THE KERGUELEN HOT SPOT",
        "ROCK NAME": "BASALT",
        "SR87_SR86": "0.7056",
        "PB207_PB204": "15.611",
        "PB206_PB204": "18.901",
        "PB208_PB204": "39",
        "_featureIndex": 167
      },
      "geometry": {
        "type": "Point",
        "coordinates": [
          88.18,
          -17.023
        ]
      },
      "_featureIndex": 167
    },
    {
      "type": "Feature",
      "properties": {
        "Name": "ODP0121-0757C-011R-002/010-014",
        "references": "THE NINETYEAST RIDGE AND ITS RELATION TO THE KERGUELEN, AMSTERDAM AND ST. PAUL HOTSPOTS IN THE INDIAN OCEAN",
        "ROCK NAME": "BASALT",
        "SR87_SR86": "0.704776",
        "ND143_ND144": "0.512808",
        "PB207_PB204": "15.5898",
        "PB206_PB204": "18.7584",
        "PB208_PB204": "39.0155",
        "_featureIndex": 168
      },
      "geometry": {
        "type": "Point",
        "coordinates": [
          88.18,
          -17.023
        ]
      },
      "_featureIndex": 168
    },
    {
      "type": "Feature",
      "properties": {
        "Name": "ODP0121-0757C-011R-002/010-014",
        "references": "ISOTOPE GEOCHEMISTRY OF NINETYEAST RIDGE BASEMENT BASALTS: SR, ND, AND PB EVIDENCE FOR INVOLVEMENT OF THE KERGUELEN HOT SPOT",
        "ROCK NAME": "BASALT",
        "SR87_SR86": "0.70469",
        "ND143_ND144": "0.51281",
        "PB207_PB204": "15.593",
        "PB206_PB204": "18.715",
        "PB208_PB204": "38.98",
        "_featureIndex": 169
      },
      "geometry": {
        "type": "Point",
        "coordinates": [
          88.18,
          -17.023
        ]
      },
      "_featureIndex": 169
    },
    {
      "type": "Feature",
      "properties": {
        "Name": "ODP0121-0757C-011R-002/051-056",
        "references": "THE NINETYEAST RIDGE AND ITS RELATION TO THE KERGUELEN, AMSTERDAM AND ST. PAUL HOTSPOTS IN THE INDIAN OCEAN",
        "ROCK NAME": "BASALT",
        "SR87_SR86": "0.705589",
        "ND143_ND144": "0.512811",
        "PB207_PB204": "15.5906",
        "PB206_PB204": "18.9097",
        "PB208_PB204": "39.022",
        "_featureIndex": 170
      },
      "geometry": {
        "type": "Point",
        "coordinates": [
          88.18,
          -17.023
        ]
      },
      "_featureIndex": 170
    },
    {
      "type": "Feature",
      "properties": {
        "Name": "ODP0121-0757C-011R-002/051-056",
        "references": "ISOTOPE GEOCHEMISTRY OF NINETYEAST RIDGE BASEMENT BASALTS: SR, ND, AND PB EVIDENCE FOR INVOLVEMENT OF THE KERGUELEN HOT SPOT",
        "ROCK NAME": "BASALT",
        "SR87_SR86": "0.70541",
        "PB207_PB204": "15.596",
        "PB206_PB204": "18.684",
        "PB208_PB204": "38.94",
        "_featureIndex": 171
      },
      "geometry": {
        "type": "Point",
        "coordinates": [
          88.18,
          -17.023
        ]
      },
      "_featureIndex": 171
    },
    {
      "type": "Feature",
      "properties": {
        "Name": "ODP0121-0757C-012R-001/100-104",
        "references": "THE NINETYEAST RIDGE AND ITS RELATION TO THE KERGUELEN, AMSTERDAM AND ST. PAUL HOTSPOTS IN THE INDIAN OCEAN",
        "ROCK NAME": "BASALT",
        "SR87_SR86": "0.704427",
        "ND143_ND144": "0.512818",
        "PB207_PB204": "15.5774",
        "PB206_PB204": "18.8259",
        "PB208_PB204": "39.0713",
        "_featureIndex": 172
      },
      "geometry": {
        "type": "Point",
        "coordinates": [
          88.18,
          -17.023
        ]
      },
      "_featureIndex": 172
    },
    {
      "type": "Feature",
      "properties": {
        "Name": "ODP0121-0757C-012R-001/100-104",
        "references": "ISOTOPE GEOCHEMISTRY OF NINETYEAST RIDGE BASEMENT BASALTS: SR, ND, AND PB EVIDENCE FOR INVOLVEMENT OF THE KERGUELEN HOT SPOT",
        "ROCK NAME": "BASALT",
        "SR87_SR86": "0.70443",
        "PB207_PB204": "15.584",
        "PB206_PB204": "18.825",
        "PB208_PB204": "39.07",
        "_featureIndex": 173
      },
      "geometry": {
        "type": "Point",
        "coordinates": [
          88.18,
          -17.023
        ]
      },
      "_featureIndex": 173
    },
    {
      "type": "Feature",
      "properties": {
        "Name": "ODP0121-0757C-012R-002/000-005",
        "references": "THE NINETYEAST RIDGE AND ITS RELATION TO THE KERGUELEN, AMSTERDAM AND ST. PAUL HOTSPOTS IN THE INDIAN OCEAN",
        "ROCK NAME": "BASALT",
        "SR87_SR86": "0.704526",
        "ND143_ND144": "0.512822",
        "PB207_PB204": "15.5687",
        "PB206_PB204": "18.7548",
        "PB208_PB204": "38.0489",
        "_featureIndex": 174
      },
      "geometry": {
        "type": "Point",
        "coordinates": [
          88.18,
          -17.023
        ]
      },
      "_featureIndex": 174
    },
    {
      "type": "Feature",
      "properties": {
        "Name": "ODP0121-0757C-012R-002/000-005",
        "references": "ISOTOPE GEOCHEMISTRY OF NINETYEAST RIDGE BASEMENT BASALTS: SR, ND, AND PB EVIDENCE FOR INVOLVEMENT OF THE KERGUELEN HOT SPOT",
        "ROCK NAME": "BASALT",
        "SR87_SR86": "0.70449",
        "PB207_PB204": "15.583",
        "PB206_PB204": "18.732",
        "PB208_PB204": "39.05",
        "_featureIndex": 175
      },
      "geometry": {
        "type": "Point",
        "coordinates": [
          88.18,
          -17.023
        ]
      },
      "_featureIndex": 175
    },
    {
      "type": "Feature",
      "properties": {
        "Name": "ODP0121-0757C-012R-004/024-029",
        "references": "THE NINETYEAST RIDGE AND ITS RELATION TO THE KERGUELEN, AMSTERDAM AND ST. PAUL HOTSPOTS IN THE INDIAN OCEAN",
        "ROCK NAME": "BASALT",
        "SR87_SR86": "0.704878",
        "ND143_ND144": "0.512809",
        "PB207_PB204": "15.5744",
        "PB206_PB204": "18.8101",
        "PB208_PB204": "39.1964",
        "_featureIndex": 176
      },
      "geometry": {
        "type": "Point",
        "coordinates": [
          88.18,
          -17.023
        ]
      },
      "_featureIndex": 176
    },
    {
      "type": "Feature",
      "properties": {
        "Name": "ODP0121-0757C-012R-004/024-029",
        "references": "ISOTOPE GEOCHEMISTRY OF NINETYEAST RIDGE BASEMENT BASALTS: SR, ND, AND PB EVIDENCE FOR INVOLVEMENT OF THE KERGUELEN HOT SPOT",
        "ROCK NAME": "BASALT",
        "SR87_SR86": "0.70481",
        "ND143_ND144": "0.51276",
        "PB207_PB204": "15.569",
        "PB206_PB204": "18.621",
        "PB208_PB204": "38.92",
        "_featureIndex": 177
      },
      "geometry": {
        "type": "Point",
        "coordinates": [
          88.18,
          -17.023
        ]
      },
      "_featureIndex": 177
    },
    {
      "type": "Feature",
      "properties": {
        "Name": "ODP0121-0757C-009R-001/105-109",
        "references": "THE NINETYEAST RIDGE AND ITS RELATION TO THE KERGUELEN, AMSTERDAM AND ST. PAUL HOTSPOTS IN THE INDIAN OCEAN",
        "ROCK NAME": "BASALT",
        "SR87_SR86": "0.704396",
        "ND143_ND144": "0.512799",
        "PB207_PB204": "15.5904",
        "PB206_PB204": "18.7011",
        "PB208_PB204": "38.9499",
        "_featureIndex": 178
      },
      "geometry": {
        "type": "Point",
        "coordinates": [
          88.18,
          -17.023
        ]
      },
      "_featureIndex": 178
    },
    {
      "type": "Feature",
      "properties": {
        "Name": "ODP0121-0757C-009R-001/105-109",
        "references": "ISOTOPE GEOCHEMISTRY OF NINETYEAST RIDGE BASEMENT BASALTS: SR, ND, AND PB EVIDENCE FOR INVOLVEMENT OF THE KERGUELEN HOT SPOT",
        "ROCK NAME": "BASALT",
        "SR87_SR86": "0.70435",
        "ND143_ND144": "0.51282",
        "PB207_PB204": "15.598",
        "PB206_PB204": "18.717",
        "PB208_PB204": "38.99",
        "_featureIndex": 179
      },
      "geometry": {
        "type": "Point",
        "coordinates": [
          88.18,
          -17.023
        ]
      },
      "_featureIndex": 179
    },
    {
      "type": "Feature",
      "properties": {
        "Name": "ODP0121-0757C-009R-005/034-038",
        "references": "THE NINETYEAST RIDGE AND ITS RELATION TO THE KERGUELEN, AMSTERDAM AND ST. PAUL HOTSPOTS IN THE INDIAN OCEAN",
        "ROCK NAME": "BASALT",
        "SR87_SR86": "0.704525",
        "ND143_ND144": "0.512792",
        "PB207_PB204": "15.5965",
        "PB206_PB204": "18.7749",
        "PB208_PB204": "38.9921",
        "_featureIndex": 180
      },
      "geometry": {
        "type": "Point",
        "coordinates": [
          88.18,
          -17.023
        ]
      },
      "_featureIndex": 180
    },
    {
      "type": "Feature",
      "properties": {
        "Name": "ODP0121-0757C-009R-005/034-038",
        "references": "ISOTOPE GEOCHEMISTRY OF NINETYEAST RIDGE BASEMENT BASALTS: SR, ND, AND PB EVIDENCE FOR INVOLVEMENT OF THE KERGUELEN HOT SPOT",
        "ROCK NAME": "BASALT",
        "SR87_SR86": "0.70466",
        "PB207_PB204": "15.592",
        "PB206_PB204": "18.809",
        "PB208_PB204": "38.96",
        "_featureIndex": 181
      },
      "geometry": {
        "type": "Point",
        "coordinates": [
          88.18,
          -17.023
        ]
      },
      "_featureIndex": 181
    },
    {
      "type": "Feature",
      "properties": {
        "Name": "ODP0121-0757C-009R-006/102-105",
        "references": "THE NINETYEAST RIDGE AND ITS RELATION TO THE KERGUELEN, AMSTERDAM AND ST. PAUL HOTSPOTS IN THE INDIAN OCEAN",
        "ROCK NAME": "BASALT",
        "SR87_SR86": "0.704654",
        "PB207_PB204": "15.5798",
        "PB206_PB204": "18.7213",
        "PB208_PB204": "38.9177",
        "_featureIndex": 182
      },
      "geometry": {
        "type": "Point",
        "coordinates": [
          88.18,
          -17.023
        ]
      },
      "_featureIndex": 182
    },
    {
      "type": "Feature",
      "properties": {
        "Name": "ODP0121-0757C-009R-006/102-105",
        "references": "ISOTOPE GEOCHEMISTRY OF NINETYEAST RIDGE BASEMENT BASALTS: SR, ND, AND PB EVIDENCE FOR INVOLVEMENT OF THE KERGUELEN HOT SPOT",
        "ROCK NAME": "BASALT",
        "SR87_SR86": "0.70465",
        "PB207_PB204": "15.656",
        "PB206_PB204": "19.111",
        "PB208_PB204": "39.08",
        "_featureIndex": 183
      },
      "geometry": {
        "type": "Point",
        "coordinates": [
          88.18,
          -17.023
        ]
      },
      "_featureIndex": 183
    },
    {
      "type": "Feature",
      "properties": {
        "Name": "ODP0121-0757C-009R-007/078-082",
        "references": "THE NINETYEAST RIDGE AND ITS RELATION TO THE KERGUELEN, AMSTERDAM AND ST. PAUL HOTSPOTS IN THE INDIAN OCEAN",
        "ROCK NAME": "BASALT",
        "SR87_SR86": "0.704501",
        "ND143_ND144": "0.512794",
        "PB207_PB204": "15.5809",
        "PB206_PB204": "18.7155",
        "PB208_PB204": "38.9496",
        "_featureIndex": 184
      },
      "geometry": {
        "type": "Point",
        "coordinates": [
          88.18,
          -17.023
        ]
      },
      "_featureIndex": 184
    },
    {
      "type": "Feature",
      "properties": {
        "Name": "ODP0121-0757C-009R-007/078-082",
        "references": "ISOTOPE GEOCHEMISTRY OF NINETYEAST RIDGE BASEMENT BASALTS: SR, ND, AND PB EVIDENCE FOR INVOLVEMENT OF THE KERGUELEN HOT SPOT",
        "ROCK NAME": "BASALT",
        "SR87_SR86": "0.70447",
        "ND143_ND144": "0.51279",
        "PB207_PB204": "15.606",
        "PB206_PB204": "18.828",
        "PB208_PB204": "38.98",
        "_featureIndex": 185
      },
      "geometry": {
        "type": "Point",
        "coordinates": [
          88.18,
          -17.023
        ]
      },
      "_featureIndex": 185
    },
    {
      "type": "Feature",
      "properties": {
        "Name": "ODP0121-0757C-009R-008/054-059",
        "references": "THE NINETYEAST RIDGE AND ITS RELATION TO THE KERGUELEN, AMSTERDAM AND ST. PAUL HOTSPOTS IN THE INDIAN OCEAN",
        "ROCK NAME": "BASALT",
        "SR87_SR86": "0.704653",
        "ND143_ND144": "0.512788",
        "PB207_PB204": "15.5785",
        "PB206_PB204": "18.6941",
        "PB208_PB204": "38.9295",
        "_featureIndex": 186
      },
      "geometry": {
        "type": "Point",
        "coordinates": [
          88.18,
          -17.023
        ]
      },
      "_featureIndex": 186
    },
    {
      "type": "Feature",
      "properties": {
        "Name": "ODP0121-0757C-009R-008/054-059",
        "references": "ISOTOPE GEOCHEMISTRY OF NINETYEAST RIDGE BASEMENT BASALTS: SR, ND, AND PB EVIDENCE FOR INVOLVEMENT OF THE KERGUELEN HOT SPOT",
        "ROCK NAME": "BASALT",
        "SR87_SR86": "0.70459",
        "ND143_ND144": "0.51279",
        "PB207_PB204": "15.604",
        "PB206_PB204": "18.767",
        "PB208_PB204": "38.96",
        "_featureIndex": 187
      },
      "geometry": {
        "type": "Point",
        "coordinates": [
          88.18,
          -17.023
        ]
      },
      "_featureIndex": 187
    },
    {
      "type": "Feature",
      "properties": {
        "Name": "ODP0121-0758A-054R-002/073-076",
        "references": "ISOTOPE GEOCHEMISTRY OF NINETYEAST RIDGE BASEMENT BASALTS: SR, ND, AND PB EVIDENCE FOR INVOLVEMENT OF THE KERGUELEN HOT SPOT",
        "ROCK NAME": "BASALT",
        "SR87_SR86": "0.70443",
        "ND143_ND144": "0.51288",
        "PB207_PB204": "15.582",
        "PB206_PB204": "18.627",
        "PB208_PB204": "38.79",
        "_featureIndex": 188
      },
      "geometry": {
        "type": "Point",
        "coordinates": [
          90.361,
          5.384
        ]
      },
      "_featureIndex": 188
    },
    {
      "type": "Feature",
      "properties": {
        "Name": "ODP0121-0758A-055R-005/082-086",
        "references": "THE NINETYEAST RIDGE AND ITS RELATION TO THE KERGUELEN, AMSTERDAM AND ST. PAUL HOTSPOTS IN THE INDIAN OCEAN",
        "ROCK NAME": "BASALT",
        "SR87_SR86": "0.704405",
        "ND143_ND144": "0.512888",
        "PB207_PB204": "15.5421",
        "PB206_PB204": "18.4879",
        "PB208_PB204": "38.729",
        "_featureIndex": 189
      },
      "geometry": {
        "type": "Point",
        "coordinates": [
          90.361,
          5.384
        ]
      },
      "_featureIndex": 189
    },
    {
      "type": "Feature",
      "properties": {
        "Name": "ODP0121-0758A-055R-005/082-086",
        "references": "ISOTOPE GEOCHEMISTRY OF NINETYEAST RIDGE BASEMENT BASALTS: SR, ND, AND PB EVIDENCE FOR INVOLVEMENT OF THE KERGUELEN HOT SPOT",
        "ROCK NAME": "BASALT",
        "SR87_SR86": "0.70438",
        "PB207_PB204": "15.572",
        "PB206_PB204": "18.738",
        "PB208_PB204": "38.89",
        "_featureIndex": 190
      },
      "geometry": {
        "type": "Point",
        "coordinates": [
          90.361,
          5.384
        ]
      },
      "_featureIndex": 190
    },
    {
      "type": "Feature",
      "properties": {
        "Name": "ODP0121-0758A-056R-001/064-068",
        "references": "THE NINETYEAST RIDGE AND ITS RELATION TO THE KERGUELEN, AMSTERDAM AND ST. PAUL HOTSPOTS IN THE INDIAN OCEAN",
        "ROCK NAME": "BASALT",
        "SR87_SR86": "0.704416",
        "ND143_ND144": "0.512876",
        "PB207_PB204": "15.5467",
        "PB206_PB204": "18.4691",
        "PB208_PB204": "38.6945",
        "_featureIndex": 191
      },
      "geometry": {
        "type": "Point",
        "coordinates": [
          90.361,
          5.384
        ]
      },
      "_featureIndex": 191
    },
    {
      "type": "Feature",
      "properties": {
        "Name": "ODP0121-0758A-056R-001/064-068",
        "references": "ISOTOPE GEOCHEMISTRY OF NINETYEAST RIDGE BASEMENT BASALTS: SR, ND, AND PB EVIDENCE FOR INVOLVEMENT OF THE KERGUELEN HOT SPOT",
        "ROCK NAME": "BASALT",
        "SR87_SR86": "0.70448",
        "ND143_ND144": "0.51289",
        "PB207_PB204": "15.59",
        "PB206_PB204": "18.707",
        "PB208_PB204": "38.84",
        "_featureIndex": 192
      },
      "geometry": {
        "type": "Point",
        "coordinates": [
          90.361,
          5.384
        ]
      },
      "_featureIndex": 192
    },
    {
      "type": "Feature",
      "properties": {
        "Name": "ODP0121-0758A-058R-006/021-025",
        "references": "THE NINETYEAST RIDGE AND ITS RELATION TO THE KERGUELEN, AMSTERDAM AND ST. PAUL HOTSPOTS IN THE INDIAN OCEAN",
        "ROCK NAME": "BASALT",
        "SR87_SR86": "0.704426",
        "PB207_PB204": "15.5689",
        "PB206_PB204": "18.3261",
        "PB208_PB204": "38.6178",
        "_featureIndex": 193
      },
      "geometry": {
        "type": "Point",
        "coordinates": [
          90.361,
          5.384
        ]
      },
      "_featureIndex": 193
    },
    {
      "type": "Feature",
      "properties": {
        "Name": "ODP0121-0758A-058R-006/021-025",
        "references": "ISOTOPE GEOCHEMISTRY OF NINETYEAST RIDGE BASEMENT BASALTS: SR, ND, AND PB EVIDENCE FOR INVOLVEMENT OF THE KERGUELEN HOT SPOT",
        "ROCK NAME": "BASALT",
        "SR87_SR86": "0.70442",
        "ND143_ND144": "0.51291",
        "PB207_PB204": "15.588",
        "PB206_PB204": "18.325",
        "PB208_PB204": "38.65",
        "_featureIndex": 194
      },
      "geometry": {
        "type": "Point",
        "coordinates": [
          90.361,
          5.384
        ]
      },
      "_featureIndex": 194
    },
    {
      "type": "Feature",
      "properties": {
        "Name": "ODP0121-0758A-059R-002/058-062",
        "references": "THE NINETYEAST RIDGE AND ITS RELATION TO THE KERGUELEN, AMSTERDAM AND ST. PAUL HOTSPOTS IN THE INDIAN OCEAN",
        "ROCK NAME": "BASALT",
        "SR87_SR86": "0.704425",
        "ND143_ND144": "0.512854",
        "PB207_PB204": "15.5688",
        "PB206_PB204": "18.3307",
        "PB208_PB204": "38.6269",
        "_featureIndex": 195
      },
      "geometry": {
        "type": "Point",
        "coordinates": [
          90.361,
          5.384
        ]
      },
      "_featureIndex": 195
    },
    {
      "type": "Feature",
      "properties": {
        "Name": "ODP0121-0758A-059R-002/058-062",
        "references": "ISOTOPE GEOCHEMISTRY OF NINETYEAST RIDGE BASEMENT BASALTS: SR, ND, AND PB EVIDENCE FOR INVOLVEMENT OF THE KERGUELEN HOT SPOT",
        "ROCK NAME": "BASALT",
        "SR87_SR86": "0.70433",
        "ND143_ND144": "0.51284",
        "_featureIndex": 196
      },
      "geometry": {
        "type": "Point",
        "coordinates": [
          90.361,
          5.384
        ]
      },
      "_featureIndex": 196
    },
    {
      "type": "Feature",
      "properties": {
        "Name": "ODP0121-0758A-060R-001/122-126",
        "references": "THE NINETYEAST RIDGE AND ITS RELATION TO THE KERGUELEN, AMSTERDAM AND ST. PAUL HOTSPOTS IN THE INDIAN OCEAN",
        "ROCK NAME": "BASALT",
        "SR87_SR86": "0.704481",
        "ND143_ND144": "0.512857",
        "PB207_PB204": "15.5852",
        "PB206_PB204": "18.6862",
        "PB208_PB204": "38.9741",
        "_featureIndex": 197
      },
      "geometry": {
        "type": "Point",
        "coordinates": [
          90.361,
          5.384
        ]
      },
      "_featureIndex": 197
    },
    {
      "type": "Feature",
      "properties": {
        "Name": "ODP0121-0758A-060R-001/122-126",
        "references": "ISOTOPE GEOCHEMISTRY OF NINETYEAST RIDGE BASEMENT BASALTS: SR, ND, AND PB EVIDENCE FOR INVOLVEMENT OF THE KERGUELEN HOT SPOT",
        "ROCK NAME": "BASALT",
        "SR87_SR86": "0.70447",
        "PB207_PB204": "15.573",
        "PB206_PB204": "18.329",
        "PB208_PB204": "38.54",
        "_featureIndex": 198
      },
      "geometry": {
        "type": "Point",
        "coordinates": [
          90.361,
          5.384
        ]
      },
      "_featureIndex": 198
    },
    {
      "type": "Feature",
      "properties": {
        "Name": "ODP0121-0758A-062R-001/130-134",
        "references": "THE NINETYEAST RIDGE AND ITS RELATION TO THE KERGUELEN, AMSTERDAM AND ST. PAUL HOTSPOTS IN THE INDIAN OCEAN",
        "ROCK NAME": "BASALT",
        "SR87_SR86": "0.704475",
        "PB207_PB204": "15.5706",
        "PB206_PB204": "18.6421",
        "PB208_PB204": "38.9323",
        "_featureIndex": 199
      },
      "geometry": {
        "type": "Point",
        "coordinates": [
          90.361,
          5.384
        ]
      },
      "_featureIndex": 199
    },
    {
      "type": "Feature",
      "properties": {
        "Name": "ODP0121-0758A-062R-001/130-134",
        "references": "ISOTOPE GEOCHEMISTRY OF NINETYEAST RIDGE BASEMENT BASALTS: SR, ND, AND PB EVIDENCE FOR INVOLVEMENT OF THE KERGUELEN HOT SPOT",
        "ROCK NAME": "BASALT",
        "SR87_SR86": "0.7045",
        "PB207_PB204": "15.578",
        "PB206_PB204": "18.752",
        "PB208_PB204": "39.04",
        "_featureIndex": 200
      },
      "geometry": {
        "type": "Point",
        "coordinates": [
          90.361,
          5.384
        ]
      },
      "_featureIndex": 200
    },
    {
      "type": "Feature",
      "properties": {
        "Name": "ODP0121-0758A-062R-003/080-084",
        "references": "THE NINETYEAST RIDGE AND ITS RELATION TO THE KERGUELEN, AMSTERDAM AND ST. PAUL HOTSPOTS IN THE INDIAN OCEAN",
        "ROCK NAME": "BASALT",
        "SR87_SR86": "0.704502",
        "ND143_ND144": "0.512865",
        "PB207_PB204": "15.5729",
        "PB206_PB204": "18.6334",
        "PB208_PB204": "38.8938",
        "_featureIndex": 201
      },
      "geometry": {
        "type": "Point",
        "coordinates": [
          90.361,
          5.384
        ]
      },
      "_featureIndex": 201
    },
    {
      "type": "Feature",
      "properties": {
        "Name": "ODP0121-0758A-062R-003/080-084",
        "references": "ISOTOPE GEOCHEMISTRY OF NINETYEAST RIDGE BASEMENT BASALTS: SR, ND, AND PB EVIDENCE FOR INVOLVEMENT OF THE KERGUELEN HOT SPOT",
        "ROCK NAME": "BASALT",
        "SR87_SR86": "0.70447",
        "PB207_PB204": "15.588",
        "PB206_PB204": "18.65",
        "PB208_PB204": "38.82",
        "_featureIndex": 202
      },
      "geometry": {
        "type": "Point",
        "coordinates": [
          90.361,
          5.384
        ]
      },
      "_featureIndex": 202
    },
    {
      "type": "Feature",
      "properties": {
        "Name": "ODP0121-0758A-065R-001/051-055",
        "references": "THE NINETYEAST RIDGE AND ITS RELATION TO THE KERGUELEN, AMSTERDAM AND ST. PAUL HOTSPOTS IN THE INDIAN OCEAN",
        "ROCK NAME": "BASALT",
        "SR87_SR86": "0.704425",
        "ND143_ND144": "0.512871",
        "PB207_PB204": "15.5635",
        "PB206_PB204": "18.5804",
        "PB208_PB204": "38.871",
        "_featureIndex": 203
      },
      "geometry": {
        "type": "Point",
        "coordinates": [
          90.361,
          5.384
        ]
      },
      "_featureIndex": 203
    },
    {
      "type": "Feature",
      "properties": {
        "Name": "ODP0121-0758A-065R-001/051-055",
        "references": "ISOTOPE GEOCHEMISTRY OF NINETYEAST RIDGE BASEMENT BASALTS: SR, ND, AND PB EVIDENCE FOR INVOLVEMENT OF THE KERGUELEN HOT SPOT",
        "ROCK NAME": "BASALT",
        "SR87_SR86": "0.70443",
        "PB207_PB204": "15.602",
        "PB206_PB204": "18.729",
        "PB208_PB204": "39",
        "_featureIndex": 204
      },
      "geometry": {
        "type": "Point",
        "coordinates": [
          90.361,
          5.384
        ]
      },
      "_featureIndex": 204
    },
    {
      "type": "Feature",
      "properties": {
        "Name": "ODP0121-0758A-067R-004/031-035",
        "references": "THE NINETYEAST RIDGE AND ITS RELATION TO THE KERGUELEN, AMSTERDAM AND ST. PAUL HOTSPOTS IN THE INDIAN OCEAN",
        "ROCK NAME": "BASALT",
        "SR87_SR86": "0.70444",
        "PB207_PB204": "15.5535",
        "PB206_PB204": "18.4967",
        "PB208_PB204": "38.7987",
        "_featureIndex": 205
      },
      "geometry": {
        "type": "Point",
        "coordinates": [
          90.361,
          5.384
        ]
      },
      "_featureIndex": 205
    },
    {
      "type": "Feature",
      "properties": {
        "Name": "ODP0121-0758A-067R-004/031-035",
        "references": "ISOTOPE GEOCHEMISTRY OF NINETYEAST RIDGE BASEMENT BASALTS: SR, ND, AND PB EVIDENCE FOR INVOLVEMENT OF THE KERGUELEN HOT SPOT",
        "ROCK NAME": "BASALT",
        "SR87_SR86": "0.70445",
        "PB207_PB204": "15.59",
        "PB206_PB204": "18.749",
        "PB208_PB204": "39.03",
        "_featureIndex": 206
      },
      "geometry": {
        "type": "Point",
        "coordinates": [
          90.361,
          5.384
        ]
      },
      "_featureIndex": 206
    },
    {
      "type": "Feature",
      "properties": {
        "Name": "ODP0121-0758A-069R-003/053-057",
        "references": "THE NINETYEAST RIDGE AND ITS RELATION TO THE KERGUELEN, AMSTERDAM AND ST. PAUL HOTSPOTS IN THE INDIAN OCEAN",
        "ROCK NAME": "BASALT",
        "SR87_SR86": "0.70439",
        "ND143_ND144": "0.512871",
        "PB207_PB204": "15.5598",
        "PB206_PB204": "18.5748",
        "PB208_PB204": "38.8016",
        "_featureIndex": 207
      },
      "geometry": {
        "type": "Point",
        "coordinates": [
          90.361,
          5.384
        ]
      },
      "_featureIndex": 207
    },
    {
      "type": "Feature",
      "properties": {
        "Name": "ODP0121-0758A-069R-003/053-057",
        "references": "ISOTOPE GEOCHEMISTRY OF NINETYEAST RIDGE BASEMENT BASALTS: SR, ND, AND PB EVIDENCE FOR INVOLVEMENT OF THE KERGUELEN HOT SPOT",
        "ROCK NAME": "BASALT",
        "SR87_SR86": "0.70443",
        "ND143_ND144": "0.51287",
        "PB207_PB204": "15.548",
        "PB206_PB204": "18.505",
        "PB208_PB204": "38.76",
        "_featureIndex": 208
      },
      "geometry": {
        "type": "Point",
        "coordinates": [
          90.361,
          5.384
        ]
      },
      "_featureIndex": 208
    },
    {
      "type": "Feature",
      "properties": {
        "Name": "ODP0121-0758A-070R-001/071-075",
        "references": "THE NINETYEAST RIDGE AND ITS RELATION TO THE KERGUELEN, AMSTERDAM AND ST. PAUL HOTSPOTS IN THE INDIAN OCEAN",
        "ROCK NAME": "BASALT",
        "SR87_SR86": "0.704425",
        "PB207_PB204": "15.562",
        "PB206_PB204": "18.5264",
        "PB208_PB204": "38.8358",
        "_featureIndex": 209
      },
      "geometry": {
        "type": "Point",
        "coordinates": [
          90.361,
          5.384
        ]
      },
      "_featureIndex": 209
    },
    {
      "type": "Feature",
      "properties": {
        "Name": "ODP0121-0758A-070R-001/071-075",
        "references": "ISOTOPE GEOCHEMISTRY OF NINETYEAST RIDGE BASEMENT BASALTS: SR, ND, AND PB EVIDENCE FOR INVOLVEMENT OF THE KERGUELEN HOT SPOT",
        "ROCK NAME": "BASALT",
        "SR87_SR86": "0.70484",
        "PB207_PB204": "15.603",
        "PB206_PB204": "18.622",
        "PB208_PB204": "38.98",
        "_featureIndex": 210
      },
      "geometry": {
        "type": "Point",
        "coordinates": [
          90.361,
          5.384
        ]
      },
      "_featureIndex": 210
    },
    {
      "type": "Feature",
      "properties": {
        "Name": "ODP0121-0758A-070R-002/129-133",
        "references": "THE NINETYEAST RIDGE AND ITS RELATION TO THE KERGUELEN, AMSTERDAM AND ST. PAUL HOTSPOTS IN THE INDIAN OCEAN",
        "ROCK NAME": "BASALT",
        "SR87_SR86": "0.704351",
        "PB207_PB204": "15.5652",
        "PB206_PB204": "18.4821",
        "PB208_PB204": "38.7936",
        "_featureIndex": 211
      },
      "geometry": {
        "type": "Point",
        "coordinates": [
          90.361,
          5.384
        ]
      },
      "_featureIndex": 211
    },
    {
      "type": "Feature",
      "properties": {
        "Name": "ODP0121-0758A-071R-001/127-131",
        "references": "THE NINETYEAST RIDGE AND ITS RELATION TO THE KERGUELEN, AMSTERDAM AND ST. PAUL HOTSPOTS IN THE INDIAN OCEAN",
        "ROCK NAME": "BASALT",
        "SR87_SR86": "0.704345",
        "ND143_ND144": "0.512867",
        "PB207_PB204": "15.5721",
        "PB206_PB204": "18.524",
        "PB208_PB204": "38.8112",
        "_featureIndex": 212
      },
      "geometry": {
        "type": "Point",
        "coordinates": [
          90.361,
          5.384
        ]
      },
      "_featureIndex": 212
    },
    {
      "type": "Feature",
      "properties": {
        "Name": "ODP0121-0758A-071R-001/127-131",
        "references": "ISOTOPE GEOCHEMISTRY OF NINETYEAST RIDGE BASEMENT BASALTS: SR, ND, AND PB EVIDENCE FOR INVOLVEMENT OF THE KERGUELEN HOT SPOT",
        "ROCK NAME": "BASALT",
        "SR87_SR86": "0.70481",
        "PB207_PB204": "15.57",
        "PB206_PB204": "18.635",
        "PB208_PB204": "38.88",
        "_featureIndex": 213
      },
      "geometry": {
        "type": "Point",
        "coordinates": [
          90.361,
          5.384
        ]
      },
      "_featureIndex": 213
    },
    {
      "type": "Feature",
      "properties": {
        "Name": "ODP0121-0758A-071R-003/064-068",
        "references": "THE NINETYEAST RIDGE AND ITS RELATION TO THE KERGUELEN, AMSTERDAM AND ST. PAUL HOTSPOTS IN THE INDIAN OCEAN",
        "ROCK NAME": "BASALT",
        "SR87_SR86": "0.704335",
        "ND143_ND144": "0.512886",
        "PB207_PB204": "15.5659",
        "PB206_PB204": "18.4952",
        "PB208_PB204": "38.8528",
        "_featureIndex": 214
      },
      "geometry": {
        "type": "Point",
        "coordinates": [
          90.361,
          5.384
        ]
      },
      "_featureIndex": 214
    },
    {
      "type": "Feature",
      "properties": {
        "Name": "ODP0121-0758A-071R-003/064-068",
        "references": "ISOTOPE GEOCHEMISTRY OF NINETYEAST RIDGE BASEMENT BASALTS: SR, ND, AND PB EVIDENCE FOR INVOLVEMENT OF THE KERGUELEN HOT SPOT",
        "ROCK NAME": "BASALT",
        "SR87_SR86": "0.7043",
        "PB207_PB204": "15.561",
        "PB206_PB204": "18.504",
        "PB208_PB204": "38.81",
        "_featureIndex": 215
      },
      "geometry": {
        "type": "Point",
        "coordinates": [
          90.361,
          5.384
        ]
      },
      "_featureIndex": 215
    },
    {
      "type": "Feature",
      "properties": {
        "Name": "ODP0121-0758A-073R-003/050-054",
        "references": "ISOTOPE GEOCHEMISTRY OF NINETYEAST RIDGE BASEMENT BASALTS: SR, ND, AND PB EVIDENCE FOR INVOLVEMENT OF THE KERGUELEN HOT SPOT",
        "ROCK NAME": "BASALT",
        "SR87_SR86": "0.70425",
        "PB207_PB204": "15.588",
        "PB206_PB204": "18.547",
        "PB208_PB204": "38.88",
        "_featureIndex": 216
      },
      "geometry": {
        "type": "Point",
        "coordinates": [
          90.361,
          5.384
        ]
      },
      "_featureIndex": 216
    },
    {
      "type": "Feature",
      "properties": {
        "Name": "ODP0121-0758A-073R-004/105-109",
        "references": "THE NINETYEAST RIDGE AND ITS RELATION TO THE KERGUELEN, AMSTERDAM AND ST. PAUL HOTSPOTS IN THE INDIAN OCEAN",
        "ROCK NAME": "BASALT",
        "SR87_SR86": "0.704343",
        "ND143_ND144": "0.512876",
        "PB207_PB204": "15.5591",
        "PB206_PB204": "18.5943",
        "PB208_PB204": "38.8064",
        "_featureIndex": 217
      },
      "geometry": {
        "type": "Point",
        "coordinates": [
          90.361,
          5.384
        ]
      },
      "_featureIndex": 217
    },
    {
      "type": "Feature",
      "properties": {
        "Name": "ODP0121-0758A-073R-004/105-109",
        "references": "ISOTOPE GEOCHEMISTRY OF NINETYEAST RIDGE BASEMENT BASALTS: SR, ND, AND PB EVIDENCE FOR INVOLVEMENT OF THE KERGUELEN HOT SPOT",
        "ROCK NAME": "BASALT",
        "SR87_SR86": "0.70431",
        "PB207_PB204": "15.586",
        "PB206_PB204": "18.503",
        "PB208_PB204": "38.79",
        "_featureIndex": 218
      },
      "geometry": {
        "type": "Point",
        "coordinates": [
          90.361,
          5.384
        ]
      },
      "_featureIndex": 218
    },
    {
      "type": "Feature",
      "properties": {
        "Name": "ODP0121-0758A-070R-002/129-130",
        "references": "ISOTOPE GEOCHEMISTRY OF NINETYEAST RIDGE BASEMENT BASALTS: SR, ND, AND PB EVIDENCE FOR INVOLVEMENT OF THE KERGUELEN HOT SPOT",
        "ROCK NAME": "BASALT",
        "SR87_SR86": "0.70432",
        "ND143_ND144": "0.51277",
        "PB207_PB204": "15.588",
        "PB206_PB204": "18.629",
        "PB208_PB204": "38.95",
        "_featureIndex": 219
      },
      "geometry": {
        "type": "Point",
        "coordinates": [
          90.361,
          5.384
        ]
      },
      "_featureIndex": 219
    },
    {
      "type": "Feature",
      "properties": {
        "Name": "ODP0121-0758A-073R-001/082-086",
        "references": "THE NINETYEAST RIDGE AND ITS RELATION TO THE KERGUELEN, AMSTERDAM AND ST. PAUL HOTSPOTS IN THE INDIAN OCEAN",
        "ROCK NAME": "BASALT",
        "SR87_SR86": "0.704318",
        "ND143_ND144": "0.512886",
        "PB207_PB204": "15.5626",
        "PB206_PB204": "18.5197",
        "PB208_PB204": "38.7785",
        "_featureIndex": 220
      },
      "geometry": {
        "type": "Point",
        "coordinates": [
          90.361,
          5.384
        ]
      },
      "_featureIndex": 220
    },
    {
      "type": "Feature",
      "properties": {
        "Name": "ODP0121-0758A-073R-001/082-086",
        "references": "ISOTOPE GEOCHEMISTRY OF NINETYEAST RIDGE BASEMENT BASALTS: SR, ND, AND PB EVIDENCE FOR INVOLVEMENT OF THE KERGUELEN HOT SPOT",
        "ROCK NAME": "BASALT",
        "SR87_SR86": "0.70428",
        "ND143_ND144": "0.51283",
        "PB207_PB204": "15.576",
        "PB206_PB204": "18.606",
        "PB208_PB204": "38.85",
        "_featureIndex": 221
      },
      "geometry": {
        "type": "Point",
        "coordinates": [
          90.361,
          5.384
        ]
      },
      "_featureIndex": 221
    },
    {
      "type": "Feature",
      "properties": {
        "Name": "DSDP026-0253-058-0CC",
        "references": "CHEMICAL AND ISOTOPIC CONSTRAINTS ON THE ORIGIN OF BASALT FROM NINETYEAST RIDGE, INDIAN OCEAN: RESULTS FROM DSDP LEGS 22 AND 26 AND ODP LEG 121",
        "ROCK NAME": "BASALT",
        "ND143_ND144": "0.512787",
        "PB207_PB204": "15.588",
        "PB206_PB204": "18.768",
        "PB208_PB204": "38.659",
        "_featureIndex": 222
      },
      "geometry": {
        "type": "Point",
        "coordinates": [
          87.3662,
          -24.8775
        ]
      },
      "_featureIndex": 222
    },
    {
      "type": "Feature",
      "properties": {
        "Name": "DSDP022-0214-049R-002/000-007",
        "references": "GEOCHEMISTRY OF VOLCANICS FROM THE NINETYEAST RIDGE AND ITS VICINITY IN THE INDIAN OCEAN",
        "ROCK NAME": "BASALT",
        "SR87_SR86": "0.7049",
        "_featureIndex": 223
      },
      "geometry": {
        "type": "Point",
        "coordinates": [
          88.718,
          -11.3368
        ]
      },
      "_featureIndex": 223
    },
    {
      "type": "Feature",
      "properties": {
        "Name": "DSDP022-0214-053R-001/030-035",
        "references": "TEMPORAL EVOLUTION OF THE KERGUELEN PLUME: GEOCHEMICAL EVIDENCE FROM 38 TO 82 MA LAVAS FORMING THE NINETYEAST RIDGE",
        "ROCK NAME": "BASALT",
        "SR87_SR86": "0.705454",
        "ND143_ND144": "0.512811",
        "_featureIndex": 224
      },
      "geometry": {
        "type": "Point",
        "coordinates": [
          88.718,
          -11.3368
        ]
      },
      "_featureIndex": 224
    },
    {
      "type": "Feature",
      "properties": {
        "Name": "DSDP022-0216-037R-002/080",
        "references": "TEMPORAL EVOLUTION OF THE KERGUELEN PLUME: GEOCHEMICAL EVIDENCE FROM 38 TO 82 MA LAVAS FORMING THE NINETYEAST RIDGE",
        "ROCK NAME": "BASALT",
        "SR87_SR86": "0.705649",
        "ND143_ND144": "0.512652",
        "PB207_PB204": "15.588",
        "PB206_PB204": "18.07",
        "PB208_PB204": "38.85",
        "_featureIndex": 225
      },
      "geometry": {
        "type": "Point",
        "coordinates": [
          90.208,
          1.4627
        ]
      },
      "_featureIndex": 225
    },
    {
      "type": "Feature",
      "properties": {
        "Name": "DSDP022-0216-038R-002/143-150",
        "references": "TEMPORAL EVOLUTION OF THE KERGUELEN PLUME: GEOCHEMICAL EVIDENCE FROM 38 TO 82 MA LAVAS FORMING THE NINETYEAST RIDGE",
        "ROCK NAME": "BASALT",
        "SR87_SR86": "0.70365",
        "ND143_ND144": "0.51289",
        "PB207_PB204": "15.561",
        "PB206_PB204": "18.75",
        "PB208_PB204": "38.9",
        "_featureIndex": 226
      },
      "geometry": {
        "type": "Point",
        "coordinates": [
          90.208,
          1.4627
        ]
      },
      "_featureIndex": 226
    },
    {
      "type": "Feature",
      "properties": {
        "Name": "DSDP026-0254-031R-001/088-090",
        "references": "TEMPORAL EVOLUTION OF THE KERGUELEN PLUME: GEOCHEMICAL EVIDENCE FROM 38 TO 82 MA LAVAS FORMING THE NINETYEAST RIDGE",
        "ROCK NAME": "BASALT",
        "SR87_SR86": "0.703675",
        "PB207_PB204": "15.593",
        "PB206_PB204": "18.61",
        "PB208_PB204": "38.76",
        "_featureIndex": 227
      },
      "geometry": {
        "type": "Point",
        "coordinates": [
          87.8953,
          -30.9692
        ]
      },
      "_featureIndex": 227
    },
    {
      "type": "Feature",
      "properties": {
        "Name": "DSDP022-0214-053R-001/026-030",
        "references": "GEOCHEMISTRY OF VOLCANICS FROM THE NINETYEAST RIDGE AND ITS VICINITY IN THE INDIAN OCEAN",
        "ROCK NAME": "BASALT",
        "SR87_SR86": "0.7046",
        "_featureIndex": 228
      },
      "geometry": {
        "type": "Point",
        "coordinates": [
          88.718,
          -11.3368
        ]
      },
      "_featureIndex": 228
    },
    {
      "type": "Feature",
      "properties": {
        "Name": "DSDP022-0214-054R-002/028-030",
        "references": "GEOCHEMISTRY OF VOLCANICS FROM THE NINETYEAST RIDGE AND ITS VICINITY IN THE INDIAN OCEAN",
        "ROCK NAME": "BASALT",
        "SR87_SR86": "0.7043",
        "_featureIndex": 229
      },
      "geometry": {
        "type": "Point",
        "coordinates": [
          88.718,
          -11.3368
        ]
      },
      "_featureIndex": 229
    },
    {
      "type": "Feature",
      "properties": {
        "Name": "DSDP022-0214-053R-001/032-035",
        "references": "GEOCHEMISTRY OF VOLCANICS FROM THE NINETYEAST RIDGE AND ITS VICINITY IN THE INDIAN OCEAN",
        "ROCK NAME": "BASALT",
        "SR87_SR86": "0.7048",
        "_featureIndex": 230
      },
      "geometry": {
        "type": "Point",
        "coordinates": [
          88.718,
          -11.3368
        ]
      },
      "_featureIndex": 230
    },
    {
      "type": "Feature",
      "properties": {
        "Name": "DSDP022-0214-050R-001/130",
        "references": "KERGUELEN HOTSPOT SOURCE FOR RAJMAHAL TRAPS AND NINETYEAST RIDGE?",
        "ROCK NAME": "BASALT",
        "SR87_SR86": "0.7045",
        "_featureIndex": 231
      },
      "geometry": {
        "type": "Point",
        "coordinates": [
          88.718,
          -11.3368
        ]
      },
      "_featureIndex": 231
    },
    {
      "type": "Feature",
      "properties": {
        "Name": "DSDP022-0214-053R-001/095",
        "references": "KERGUELEN HOTSPOT SOURCE FOR RAJMAHAL TRAPS AND NINETYEAST RIDGE?",
        "ROCK NAME": "BASALT",
        "SR87_SR86": "0.70466",
        "_featureIndex": 232
      },
      "geometry": {
        "type": "Point",
        "coordinates": [
          88.718,
          -11.3368
        ]
      },
      "_featureIndex": 232
    },
    {
      "type": "Feature",
      "properties": {
        "Name": "DSDP022-0216-037R-002/118",
        "references": "KERGUELEN HOTSPOT SOURCE FOR RAJMAHAL TRAPS AND NINETYEAST RIDGE?",
        "ROCK NAME": "BASALT",
        "SR87_SR86": "0.70556",
        "_featureIndex": 233
      },
      "geometry": {
        "type": "Point",
        "coordinates": [
          90.208,
          1.4627
        ]
      },
      "_featureIndex": 233
    },
    {
      "type": "Feature",
      "properties": {
        "Name": "DSDP022-0216-038R-002/132",
        "references": "KERGUELEN HOTSPOT SOURCE FOR RAJMAHAL TRAPS AND NINETYEAST RIDGE?",
        "ROCK NAME": "BASALT",
        "SR87_SR86": "0.70552",
        "_featureIndex": 234
      },
      "geometry": {
        "type": "Point",
        "coordinates": [
          90.208,
          1.4627
        ]
      },
      "_featureIndex": 234
    },
    {
      "type": "Feature",
      "properties": {
        "Name": "DSDP026-0253-058R-0CC",
        "references": "KERGUELEN HOTSPOT SOURCE FOR RAJMAHAL TRAPS AND NINETYEAST RIDGE?",
        "ROCK NAME": "BASALT",
        "SR87_SR86": "0.70533",
        "_featureIndex": 235
      },
      "geometry": {
        "type": "Point",
        "coordinates": [
          87.3662,
          -24.8775
        ]
      },
      "_featureIndex": 235
    },
    {
      "type": "Feature",
      "properties": {
        "Name": "DSDP026-0254-036R-003/115",
        "references": "KERGUELEN HOTSPOT SOURCE FOR RAJMAHAL TRAPS AND NINETYEAST RIDGE?",
        "ROCK NAME": "BASALT",
        "SR87_SR86": "0.70473",
        "_featureIndex": 236
      },
      "geometry": {
        "type": "Point",
        "coordinates": [
          87.8953,
          -30.9692
        ]
      },
      "_featureIndex": 236
    },
    {
      "type": "Feature",
      "properties": {
        "Name": "DSDP022-0214-048R-002/009-013",
        "references": "TEMPORAL EVOLUTION OF THE KERGUELEN PLUME: GEOCHEMICAL EVIDENCE FROM 38 TO 82 MA LAVAS FORMING THE NINETYEAST RIDGE",
        "ROCK NAME": "ANDESITE",
        "SR87_SR86": "0.704725",
        "ND143_ND144": "0.512798",
        "PB207_PB204": "15.543",
        "PB206_PB204": "18.3",
        "PB208_PB204": "38.57",
        "_featureIndex": 237
      },
      "geometry": {
        "type": "Point",
        "coordinates": [
          88.718,
          -11.3368
        ]
      },
      "_featureIndex": 237
    },
    {
      "type": "Feature",
      "properties": {
        "Name": "DSDP022-0214-050R-001/145-150",
        "references": "TEMPORAL EVOLUTION OF THE KERGUELEN PLUME: GEOCHEMICAL EVIDENCE FROM 38 TO 82 MA LAVAS FORMING THE NINETYEAST RIDGE",
        "ROCK NAME": "ANDESITE",
        "SR87_SR86": "0.705467",
        "ND143_ND144": "0.512652",
        "PB207_PB204": "15.585",
        "PB206_PB204": "18.09",
        "PB208_PB204": "38.81",
        "_featureIndex": 238
      },
      "geometry": {
        "type": "Point",
        "coordinates": [
          88.718,
          -11.3368
        ]
      },
      "_featureIndex": 238
    },
    {
      "type": "Feature",
      "properties": {
        "Name": "DSDP022-0214-048R-001/076-083",
        "references": "GEOCHEMISTRY OF VOLCANICS FROM THE NINETYEAST RIDGE AND ITS VICINITY IN THE INDIAN OCEAN",
        "ROCK NAME": "ANDESITE",
        "SR87_SR86": "0.7049",
        "_featureIndex": 239
      },
      "geometry": {
        "type": "Point",
        "coordinates": [
          88.718,
          -11.3368
        ]
      },
      "_featureIndex": 239
    },
    {
      "type": "Feature",
      "properties": {
        "Name": "DSDP028-0264-015-CC",
        "references": "GEOCHEMISTRY AND GEOCHRONOLOGY OF ANCIENT SOUTHEAST PACIFIC SEAFLOOR",
        "ROCK NAME": "ANDESITE",
        "SR87_SR86": "0.713434",
        "ND143_ND144": "0.511934",
        "PB207_PB204": "15.715",
        "PB206_PB204": "18.105",
        "PB208_PB204": "39.3",
        "_featureIndex": 240
      },
      "geometry": {
        "type": "Point",
        "coordinates": [
          112.045,
          -34.9688
        ]
      },
      "_featureIndex": 240
    },
    {
      "type": "Feature",
      "properties": {
        "Name": "DSDP264-15CC_LEACHED",
        "references": "GEOCHEMICAL CHARACTERISTICS OF LAVAS FROM BROKEN RIDGE, THE NATURALISTE PLATEAU AND SOUTHERNMOST KERGUELEN PLATEAU: CRETACEOUS PLATEAU VOLCANISM IN THE SOUTHEAST INDIAN OCEAN",
        "ROCK NAME": "ANDESITE",
        "SR87_SR86": "0.71298",
        "ND143_ND144": "0.51198",
        "PB207_PB204": "15.701",
        "PB206_PB204": "18.087",
        "PB208_PB204": "39.22",
        "_featureIndex": 241
      },
      "geometry": {
        "type": "Point",
        "coordinates": [
          112.32,
          -34.84
        ]
      },
      "_featureIndex": 241
    },
    {
      "type": "Feature",
      "properties": {
        "Name": "EL5512-7",
        "references": "GEOCHEMICAL CHARACTERISTICS OF LAVAS FROM BROKEN RIDGE, THE NATURALISTE PLATEAU AND SOUTHERNMOST KERGUELEN PLATEAU: CRETACEOUS PLATEAU VOLCANISM IN THE SOUTHEAST INDIAN OCEAN",
        "ROCK NAME": "THOLEIITE",
        "SR87_SR86": "0.70984",
        "ND143_ND144": "0.512225",
        "PB207_PB204": "15.64",
        "PB206_PB204": "17.97",
        "PB208_PB204": "38.574",
        "_featureIndex": 242
      },
      "geometry": {
        "type": "Point",
        "coordinates": [
          110.81,
          -32.95
        ]
      },
      "_featureIndex": 242
    },
    {
      "type": "Feature",
      "properties": {
        "Name": "EL55-12-7_LEACHED",
        "references": "GEOCHEMICAL CHARACTERISTICS OF LAVAS FROM BROKEN RIDGE, THE NATURALISTE PLATEAU AND SOUTHERNMOST KERGUELEN PLATEAU: CRETACEOUS PLATEAU VOLCANISM IN THE SOUTHEAST INDIAN OCEAN",
        "ROCK NAME": "THOLEIITE",
        "SR87_SR86": "0.70995",
        "ND143_ND144": "0.512225",
        "PB207_PB204": "15.635",
        "PB206_PB204": "17.914",
        "PB208_PB204": "38.477",
        "_featureIndex": 243
      },
      "geometry": {
        "type": "Point",
        "coordinates": [
          110.81,
          -32.95
        ]
      },
      "_featureIndex": 243
    },
    {
      "type": "Feature",
      "properties": {
        "Name": "EL55-12-8_UNLEACHED",
        "references": "GEOCHEMICAL CHARACTERISTICS OF LAVAS FROM BROKEN RIDGE, THE NATURALISTE PLATEAU AND SOUTHERNMOST KERGUELEN PLATEAU: CRETACEOUS PLATEAU VOLCANISM IN THE SOUTHEAST INDIAN OCEAN",
        "ROCK NAME": "THOLEIITE",
        "SR87_SR86": "0.70981",
        "ND143_ND144": "0.51227",
        "PB207_PB204": "15.626",
        "PB206_PB204": "17.95",
        "PB208_PB204": "38.51",
        "_featureIndex": 244
      },
      "geometry": {
        "type": "Point",
        "coordinates": [
          110.81,
          -32.95
        ]
      },
      "_featureIndex": 244
    },
    {
      "type": "Feature",
      "properties": {
        "Name": "EL55-12-2_LEACHED",
        "references": "GEOCHEMICAL CHARACTERISTICS OF LAVAS FROM BROKEN RIDGE, THE NATURALISTE PLATEAU AND SOUTHERNMOST KERGUELEN PLATEAU: CRETACEOUS PLATEAU VOLCANISM IN THE SOUTHEAST INDIAN OCEAN",
        "ROCK NAME": "THOLEIITE",
        "SR87_SR86": "0.71302",
        "ND143_ND144": "0.51198",
        "PB207_PB204": "15.616",
        "PB206_PB204": "17.787",
        "PB208_PB204": "38.629",
        "_featureIndex": 245
      },
      "geometry": {
        "type": "Point",
        "coordinates": [
          110.81,
          -32.95
        ]
      },
      "_featureIndex": 245
    },
    {
      "type": "Feature",
      "properties": {
        "Name": "EL55-12-8_LEACHED",
        "references": "GEOCHEMICAL CHARACTERISTICS OF LAVAS FROM BROKEN RIDGE, THE NATURALISTE PLATEAU AND SOUTHERNMOST KERGUELEN PLATEAU: CRETACEOUS PLATEAU VOLCANISM IN THE SOUTHEAST INDIAN OCEAN",
        "ROCK NAME": "THOLEIITE",
        "SR87_SR86": "0.70992",
        "ND143_ND144": "0.51227",
        "PB207_PB204": "15.609",
        "PB206_PB204": "17.909",
        "PB208_PB204": "38.433",
        "_featureIndex": 246
      },
      "geometry": {
        "type": "Point",
        "coordinates": [
          110.81,
          -32.95
        ]
      },
      "_featureIndex": 246
    },
    {
      "type": "Feature",
      "properties": {
        "Name": "EL55-12-21_UNLEACHED",
        "references": "GEOCHEMICAL CHARACTERISTICS OF LAVAS FROM BROKEN RIDGE, THE NATURALISTE PLATEAU AND SOUTHERNMOST KERGUELEN PLATEAU: CRETACEOUS PLATEAU VOLCANISM IN THE SOUTHEAST INDIAN OCEAN",
        "ROCK NAME": "THOLEIITE",
        "SR87_SR86": "0.70442",
        "ND143_ND144": "0.51284",
        "PB207_PB204": "15.53",
        "PB206_PB204": "17.982",
        "PB208_PB204": "37.757",
        "_featureIndex": 247
      },
      "geometry": {
        "type": "Point",
        "coordinates": [
          110.81,
          -32.95
        ]
      },
      "_featureIndex": 247
    },
    {
      "type": "Feature",
      "properties": {
        "Name": "EL55-12-21_LEACHED",
        "references": "GEOCHEMICAL CHARACTERISTICS OF LAVAS FROM BROKEN RIDGE, THE NATURALISTE PLATEAU AND SOUTHERNMOST KERGUELEN PLATEAU: CRETACEOUS PLATEAU VOLCANISM IN THE SOUTHEAST INDIAN OCEAN",
        "ROCK NAME": "THOLEIITE",
        "SR87_SR86": "0.704",
        "ND143_ND144": "0.51286",
        "PB207_PB204": "15.517",
        "PB206_PB204": "17.96",
        "PB208_PB204": "37.694",
        "_featureIndex": 248
      },
      "geometry": {
        "type": "Point",
        "coordinates": [
          110.81,
          -32.95
        ]
      },
      "_featureIndex": 248
    },
    {
      "type": "Feature",
      "properties": {
        "Name": "EL55-12-24_LEACHED",
        "references": "GEOCHEMICAL CHARACTERISTICS OF LAVAS FROM BROKEN RIDGE, THE NATURALISTE PLATEAU AND SOUTHERNMOST KERGUELEN PLATEAU: CRETACEOUS PLATEAU VOLCANISM IN THE SOUTHEAST INDIAN OCEAN",
        "ROCK NAME": "THOLEIITE",
        "SR87_SR86": "0.70393",
        "ND143_ND144": "0.51284",
        "PB207_PB204": "15.513",
        "PB206_PB204": "17.849",
        "PB208_PB204": "37.674",
        "_featureIndex": 249
      },
      "geometry": {
        "type": "Point",
        "coordinates": [
          110.81,
          -32.95
        ]
      },
      "_featureIndex": 249
    },
    {
      "type": "Feature",
      "properties": {
        "Name": "EL55-12-25_LEACHED",
        "references": "GEOCHEMICAL CHARACTERISTICS OF LAVAS FROM BROKEN RIDGE, THE NATURALISTE PLATEAU AND SOUTHERNMOST KERGUELEN PLATEAU: CRETACEOUS PLATEAU VOLCANISM IN THE SOUTHEAST INDIAN OCEAN",
        "ROCK NAME": "THOLEIITE",
        "SR87_SR86": "0.70397",
        "ND143_ND144": "0.51289",
        "PB207_PB204": "15.502",
        "PB206_PB204": "17.817",
        "PB208_PB204": "37.654",
        "_featureIndex": 250
      },
      "geometry": {
        "type": "Point",
        "coordinates": [
          110.81,
          -32.95
        ]
      },
      "_featureIndex": 250
    },
    {
      "type": "Feature",
      "properties": {
        "Name": "SOGA2476-55-004A",
        "references": "MULTIPLE SOURCES FOR VOLCANIC ROCKS DREDGED FROM THE WESTERN AUSTRALIAN RIFTED MARGIN",
        "ROCK NAME": "BASALT",
        "SR87_SR86": "0.70641",
        "ND143_ND144": "0.512424",
        "_featureIndex": 251
      },
      "geometry": {
        "type": "Point",
        "coordinates": [
          107.817,
          -24.365
        ]
      },
      "_featureIndex": 251
    },
    {
      "type": "Feature",
      "properties": {
        "Name": "SOGA2476-55-004B",
        "references": "MULTIPLE SOURCES FOR VOLCANIC ROCKS DREDGED FROM THE WESTERN AUSTRALIAN RIFTED MARGIN",
        "ROCK NAME": "BASALT",
        "SR87_SR86": "0.70658",
        "ND143_ND144": "0.512424",
        "_featureIndex": 252
      },
      "geometry": {
        "type": "Point",
        "coordinates": [
          107.817,
          -24.365
        ]
      },
      "_featureIndex": 252
    },
    {
      "type": "Feature",
      "properties": {
        "Name": "SOGA2476-56-049B1",
        "references": "MULTIPLE SOURCES FOR VOLCANIC ROCKS DREDGED FROM THE WESTERN AUSTRALIAN RIFTED MARGIN",
        "ROCK NAME": "BASALT",
        "SR87_SR86": "0.70543",
        "ND143_ND144": "0.512656",
        "_featureIndex": 253
      },
      "geometry": {
        "type": "Point",
        "coordinates": [
          109.199,
          -24.0194
        ]
      },
      "_featureIndex": 253
    },
    {
      "type": "Feature",
      "properties": {
        "Name": "SOGA2476-56-049B2",
        "references": "MULTIPLE SOURCES FOR VOLCANIC ROCKS DREDGED FROM THE WESTERN AUSTRALIAN RIFTED MARGIN",
        "ROCK NAME": "BASALT",
        "SR87_SR86": "0.705115",
        "ND143_ND144": "0.512661",
        "_featureIndex": 254
      },
      "geometry": {
        "type": "Point",
        "coordinates": [
          109.199,
          -24.0194
        ]
      },
      "_featureIndex": 254
    },
    {
      "type": "Feature",
      "properties": {
        "Name": "SOGA2476-56-28EB1",
        "references": "MULTIPLE SOURCES FOR VOLCANIC ROCKS DREDGED FROM THE WESTERN AUSTRALIAN RIFTED MARGIN",
        "ROCK NAME": "BASALT",
        "SR87_SR86": "0.704516",
        "ND143_ND144": "0.512676",
        "_featureIndex": 255
      },
      "geometry": {
        "type": "Point",
        "coordinates": [
          109.199,
          -24.0194
        ]
      },
      "_featureIndex": 255
    },
    {
      "type": "Feature",
      "properties": {
        "Name": "SOGA2476-56-28EB2",
        "references": "MULTIPLE SOURCES FOR VOLCANIC ROCKS DREDGED FROM THE WESTERN AUSTRALIAN RIFTED MARGIN",
        "ROCK NAME": "BASALT",
        "SR87_SR86": "0.704421",
        "ND143_ND144": "0.512765",
        "_featureIndex": 256
      },
      "geometry": {
        "type": "Point",
        "coordinates": [
          109.199,
          -24.0194
        ]
      },
      "_featureIndex": 256
    },
    {
      "type": "Feature",
      "properties": {
        "Name": "SOGA2476-57-051A",
        "references": "MULTIPLE SOURCES FOR VOLCANIC ROCKS DREDGED FROM THE WESTERN AUSTRALIAN RIFTED MARGIN",
        "ROCK NAME": "BASALT",
        "SR87_SR86": "0.70662",
        "ND143_ND144": "0.512447",
        "_featureIndex": 257
      },
      "geometry": {
        "type": "Point",
        "coordinates": [
          109.799,
          -23.5
        ]
      },
      "_featureIndex": 257
    },
    {
      "type": "Feature",
      "properties": {
        "Name": "SOGA2476-61-053D",
        "references": "MULTIPLE SOURCES FOR VOLCANIC ROCKS DREDGED FROM THE WESTERN AUSTRALIAN RIFTED MARGIN",
        "ROCK NAME": "BASALT",
        "SR87_SR86": "0.70581",
        "ND143_ND144": "0.512641",
        "_featureIndex": 258
      },
      "geometry": {
        "type": "Point",
        "coordinates": [
          108.534,
          -25.5415
        ]
      },
      "_featureIndex": 258
    }
  ]
}